#category	term ID	term description	observed gene count	background gene count	strength	signal	false discovery rate	matching proteins in your network (IDs)	matching proteins in your network (labels)
GO Process	GO:0043087	Regulation of GTPase activity	26	283	0.6	0.79	6.97e-05	8049.ENSGMOP00000000191,8049.ENSGMOP00000000394,8049.ENSGMOP00000002031,8049.ENSGMOP00000003911,8049.ENSGMOP00000004951,8049.ENSGMOP00000006539,8049.ENSGMOP00000008306,8049.ENSGMOP00000009057,8049.ENSGMOP00000009658,8049.ENSGMOP00000011506,8049.ENSGMOP00000011775,8049.ENSGMOP00000012049,8049.ENSGMOP00000013289,8049.ENSGMOP00000013735,8049.ENSGMOP00000014701,8049.ENSGMOP00000014864,8049.ENSGMOP00000016338,8049.ENSGMOP00000016574,8049.ENSGMOP00000016837,8049.ENSGMOP00000018142,8049.ENSGMOP00000018508,8049.ENSGMOP00000018619,8049.ENSGMOP00000019575,8049.ENSGMOP00000019879,8049.ENSGMOP00000020184,8049.ENSGMOP00000021060	ENSGMOP00000000191,ENSGMOP00000000394,ENSGMOP00000002031,ENSGMOP00000003911,ENSGMOP00000004951,ENSGMOP00000006539,DOCK9,ENSGMOP00000009057,ENSGMOP00000009658,ENSGMOP00000011506,ENSGMOP00000011775,ENSGMOP00000012049,ENSGMOP00000013289,ENSGMOP00000013735,ENSGMOP00000014701,ARHGEF26,ENSGMOP00000016338,ENSGMOP00000016574,ENSGMOP00000016837,ENSGMOP00000018142,ENSGMOP00000018508,ARAP1,dock7,ENSGMOP00000019879,ENSGMOP00000020184,ENSGMOP00000021060
GO Process	GO:0050790	Regulation of catalytic activity	69	1611	0.27	0.46	0.0018	8049.ENSGMOP00000000161,8049.ENSGMOP00000000191,8049.ENSGMOP00000000192,8049.ENSGMOP00000000294,8049.ENSGMOP00000000394,8049.ENSGMOP00000000409,8049.ENSGMOP00000001807,8049.ENSGMOP00000002031,8049.ENSGMOP00000002229,8049.ENSGMOP00000002237,8049.ENSGMOP00000002422,8049.ENSGMOP00000002747,8049.ENSGMOP00000002866,8049.ENSGMOP00000003479,8049.ENSGMOP00000003547,8049.ENSGMOP00000003697,8049.ENSGMOP00000003911,8049.ENSGMOP00000004779,8049.ENSGMOP00000004951,8049.ENSGMOP00000005303,8049.ENSGMOP00000006350,8049.ENSGMOP00000006539,8049.ENSGMOP00000006699,8049.ENSGMOP00000008306,8049.ENSGMOP00000008308,8049.ENSGMOP00000008467,8049.ENSGMOP00000008938,8049.ENSGMOP00000009057,8049.ENSGMOP00000009658,8049.ENSGMOP00000010033,8049.ENSGMOP00000010611,8049.ENSGMOP00000011506,8049.ENSGMOP00000011626,8049.ENSGMOP00000011775,8049.ENSGMOP00000012049,8049.ENSGMOP00000012157,8049.ENSGMOP00000012747,8049.ENSGMOP00000012990,8049.ENSGMOP00000013237,8049.ENSGMOP00000013289,8049.ENSGMOP00000013403,8049.ENSGMOP00000013735,8049.ENSGMOP00000014701,8049.ENSGMOP00000014864,8049.ENSGMOP00000016338,8049.ENSGMOP00000016370,8049.ENSGMOP00000016451,8049.ENSGMOP00000016574,8049.ENSGMOP00000016798,8049.ENSGMOP00000016837,8049.ENSGMOP00000017345,8049.ENSGMOP00000017702,8049.ENSGMOP00000017831,8049.ENSGMOP00000017996,8049.ENSGMOP00000018142,8049.ENSGMOP00000018313,8049.ENSGMOP00000018508,8049.ENSGMOP00000018619,8049.ENSGMOP00000018651,8049.ENSGMOP00000018876,8049.ENSGMOP00000019065,8049.ENSGMOP00000019575,8049.ENSGMOP00000019803,8049.ENSGMOP00000019806,8049.ENSGMOP00000019879,8049.ENSGMOP00000020136,8049.ENSGMOP00000020184,8049.ENSGMOP00000020316,8049.ENSGMOP00000021060	ENSGMOP00000000161,ENSGMOP00000000191,ENSGMOP00000000192,ENSGMOP00000000294,ENSGMOP00000000394,ENSGMOP00000000409,ENSGMOP00000001807,ENSGMOP00000002031,ENSGMOP00000002229,FGD6,ENSGMOP00000002422,ENSGMOP00000002747,ENSGMOP00000002866,ENSGMOP00000003479,ENSGMOP00000003547,ENSGMOP00000003697,ENSGMOP00000003911,ENSGMOP00000004779,ENSGMOP00000004951,ENSGMOP00000005303,ENSGMOP00000006350,ENSGMOP00000006539,ENSGMOP00000006699,DOCK9,ENSGMOP00000008308,ENSGMOP00000008467,ENSGMOP00000008938,ENSGMOP00000009057,ENSGMOP00000009658,ENSGMOP00000010033,ENSGMOP00000010611,ENSGMOP00000011506,ARHGEF17,ENSGMOP00000011775,ENSGMOP00000012049,ENSGMOP00000012157,ENSGMOP00000012747,ENSGMOP00000012990,ENSGMOP00000013237,ENSGMOP00000013289,ENSGMOP00000013403,ENSGMOP00000013735,ENSGMOP00000014701,ARHGEF26,ENSGMOP00000016338,ENSGMOP00000016370,ENSGMOP00000016451,ENSGMOP00000016574,ENSGMOP00000016798,ENSGMOP00000016837,traf4,EPHA7,ENSGMOP00000017831,PLEKHG4B,ENSGMOP00000018142,IQSEC1,ENSGMOP00000018508,ARAP1,ENSGMOP00000018651,ENSGMOP00000018876,ENSGMOP00000019065,dock7,ENSGMOP00000019803,ENSGMOP00000019806,ENSGMOP00000019879,ENSGMOP00000020136,ENSGMOP00000020184,ENSGMOP00000020316,ENSGMOP00000021060
GO Process	GO:0007155	Cell adhesion	36	702	0.35	0.37	0.0147	8049.ENSGMOP00000000637,8049.ENSGMOP00000000860,8049.ENSGMOP00000001366,8049.ENSGMOP00000001688,8049.ENSGMOP00000002791,8049.ENSGMOP00000002985,8049.ENSGMOP00000003483,8049.ENSGMOP00000003929,8049.ENSGMOP00000004711,8049.ENSGMOP00000004825,8049.ENSGMOP00000005232,8049.ENSGMOP00000005306,8049.ENSGMOP00000006532,8049.ENSGMOP00000006686,8049.ENSGMOP00000006782,8049.ENSGMOP00000006898,8049.ENSGMOP00000007415,8049.ENSGMOP00000008778,8049.ENSGMOP00000009025,8049.ENSGMOP00000010518,8049.ENSGMOP00000010993,8049.ENSGMOP00000012838,8049.ENSGMOP00000014551,8049.ENSGMOP00000014931,8049.ENSGMOP00000015595,8049.ENSGMOP00000015608,8049.ENSGMOP00000016347,8049.ENSGMOP00000016695,8049.ENSGMOP00000016798,8049.ENSGMOP00000016804,8049.ENSGMOP00000017385,8049.ENSGMOP00000017523,8049.ENSGMOP00000018897,8049.ENSGMOP00000019958,8049.ENSGMOP00000021061,8049.ENSGMOP00000021130	ENSGMOP00000000637,ENSGMOP00000000860,ENSGMOP00000001366,ENSGMOP00000001688,ENSGMOP00000002791,ENSGMOP00000002985,LAMA3,ENSGMOP00000003929,ENSGMOP00000004711,ENSGMOP00000004825,ENSGMOP00000005232,ENSGMOP00000005306,ENSGMOP00000006532,LPP,ENSGMOP00000006782,ENSGMOP00000006898,ENSGMOP00000007415,ENSGMOP00000008778,ENSGMOP00000009025,ENSGMOP00000010518,ENSGMOP00000010993,ENSGMOP00000012838,ENSGMOP00000014551,ENSGMOP00000014931,ENSGMOP00000015595,ENSGMOP00000015608,ENSGMOP00000016347,ENSGMOP00000016695,ENSGMOP00000016798,ENSGMOP00000016804,ENSGMOP00000017385,ENSGMOP00000017523,ENSGMOP00000018897,ENSGMOP00000019958,CTNND1,ENSGMOP00000021130
GO Process	GO:0009653	Anatomical structure morphogenesis	69	1765	0.23	0.34	0.0147	8049.ENSGMOP00000000161,8049.ENSGMOP00000000295,8049.ENSGMOP00000000320,8049.ENSGMOP00000001090,8049.ENSGMOP00000001366,8049.ENSGMOP00000001688,8049.ENSGMOP00000002428,8049.ENSGMOP00000002791,8049.ENSGMOP00000002912,8049.ENSGMOP00000003073,8049.ENSGMOP00000003547,8049.ENSGMOP00000003929,8049.ENSGMOP00000005232,8049.ENSGMOP00000006071,8049.ENSGMOP00000006144,8049.ENSGMOP00000006481,8049.ENSGMOP00000006664,8049.ENSGMOP00000006782,8049.ENSGMOP00000007129,8049.ENSGMOP00000007415,8049.ENSGMOP00000007617,8049.ENSGMOP00000007826,8049.ENSGMOP00000008308,8049.ENSGMOP00000008316,8049.ENSGMOP00000008382,8049.ENSGMOP00000009025,8049.ENSGMOP00000009057,8049.ENSGMOP00000009927,8049.ENSGMOP00000010218,8049.ENSGMOP00000010519,8049.ENSGMOP00000010949,8049.ENSGMOP00000010993,8049.ENSGMOP00000011071,8049.ENSGMOP00000011999,8049.ENSGMOP00000012028,8049.ENSGMOP00000012148,8049.ENSGMOP00000012157,8049.ENSGMOP00000012470,8049.ENSGMOP00000013414,8049.ENSGMOP00000013421,8049.ENSGMOP00000013488,8049.ENSGMOP00000013595,8049.ENSGMOP00000013735,8049.ENSGMOP00000014411,8049.ENSGMOP00000014786,8049.ENSGMOP00000014864,8049.ENSGMOP00000015608,8049.ENSGMOP00000016347,8049.ENSGMOP00000016537,8049.ENSGMOP00000016574,8049.ENSGMOP00000016695,8049.ENSGMOP00000016798,8049.ENSGMOP00000016804,8049.ENSGMOP00000017190,8049.ENSGMOP00000017401,8049.ENSGMOP00000017472,8049.ENSGMOP00000017587,8049.ENSGMOP00000017702,8049.ENSGMOP00000017800,8049.ENSGMOP00000018508,8049.ENSGMOP00000018651,8049.ENSGMOP00000019698,8049.ENSGMOP00000019803,8049.ENSGMOP00000019958,8049.ENSGMOP00000020209,8049.ENSGMOP00000020316,8049.ENSGMOP00000020324,8049.ENSGMOP00000020356,8049.ENSGMOP00000021060	ENSGMOP00000000161,ENSGMOP00000000295,ENSGMOP00000000320,ENSGMOP00000001090,ENSGMOP00000001366,ENSGMOP00000001688,ENSGMOP00000002428,ENSGMOP00000002791,ENSGMOP00000002912,ENSGMOP00000003073,ENSGMOP00000003547,ENSGMOP00000003929,ENSGMOP00000005232,ENSGMOP00000006071,ENSGMOP00000006144,ENSGMOP00000006481,ENSGMOP00000006664,ENSGMOP00000006782,ENSGMOP00000007129,ENSGMOP00000007415,ENSGMOP00000007617,SEMA6A,ENSGMOP00000008308,ENSGMOP00000008316,ENSGMOP00000008382,ENSGMOP00000009025,ENSGMOP00000009057,ENSGMOP00000009927,ENSGMOP00000010218,ENSGMOP00000010519,ENSGMOP00000010949,ENSGMOP00000010993,ENSGMOP00000011071,ENSGMOP00000011999,ENSGMOP00000012028,EIF2AK4,ENSGMOP00000012157,ENSGMOP00000012470,ENSGMOP00000013414,ENSGMOP00000013421,ENSGMOP00000013488,MYO1D,ENSGMOP00000013735,ENSGMOP00000014411,ENSGMOP00000014786,ARHGEF26,ENSGMOP00000015608,ENSGMOP00000016347,ENSGMOP00000016537,ENSGMOP00000016574,ENSGMOP00000016695,ENSGMOP00000016798,ENSGMOP00000016804,ENSGMOP00000017190,ENSGMOP00000017401,ENSGMOP00000017472,ENSGMOP00000017587,EPHA7,ENSGMOP00000017800,ENSGMOP00000018508,ENSGMOP00000018651,ENSGMOP00000019698,ENSGMOP00000019803,ENSGMOP00000019958,ENSGMOP00000020209,ENSGMOP00000020316,ENSGMOP00000020324,ENSGMOP00000020356,ENSGMOP00000021060
GO Process	GO:0009987	Cellular process	389	15342	0.04	0.29	0.0147	8049.ENSGMOP00000000029,8049.ENSGMOP00000000041,8049.ENSGMOP00000000084,8049.ENSGMOP00000000116,8049.ENSGMOP00000000161,8049.ENSGMOP00000000191,8049.ENSGMOP00000000192,8049.ENSGMOP00000000276,8049.ENSGMOP00000000294,8049.ENSGMOP00000000295,8049.ENSGMOP00000000386,8049.ENSGMOP00000000391,8049.ENSGMOP00000000394,8049.ENSGMOP00000000409,8049.ENSGMOP00000000421,8049.ENSGMOP00000000455,8049.ENSGMOP00000000507,8049.ENSGMOP00000000608,8049.ENSGMOP00000000637,8049.ENSGMOP00000000641,8049.ENSGMOP00000000655,8049.ENSGMOP00000000692,8049.ENSGMOP00000000734,8049.ENSGMOP00000000741,8049.ENSGMOP00000000797,8049.ENSGMOP00000000858,8049.ENSGMOP00000000860,8049.ENSGMOP00000000993,8049.ENSGMOP00000001058,8049.ENSGMOP00000001078,8049.ENSGMOP00000001090,8049.ENSGMOP00000001118,8049.ENSGMOP00000001366,8049.ENSGMOP00000001588,8049.ENSGMOP00000001688,8049.ENSGMOP00000001807,8049.ENSGMOP00000002031,8049.ENSGMOP00000002137,8049.ENSGMOP00000002159,8049.ENSGMOP00000002229,8049.ENSGMOP00000002269,8049.ENSGMOP00000002293,8049.ENSGMOP00000002422,8049.ENSGMOP00000002428,8049.ENSGMOP00000002433,8049.ENSGMOP00000002564,8049.ENSGMOP00000002624,8049.ENSGMOP00000002701,8049.ENSGMOP00000002747,8049.ENSGMOP00000002791,8049.ENSGMOP00000002898,8049.ENSGMOP00000002912,8049.ENSGMOP00000002934,8049.ENSGMOP00000002960,8049.ENSGMOP00000002985,8049.ENSGMOP00000003073,8049.ENSGMOP00000003196,8049.ENSGMOP00000003229,8049.ENSGMOP00000003331,8049.ENSGMOP00000003381,8049.ENSGMOP00000003437,8049.ENSGMOP00000003483,8049.ENSGMOP00000003514,8049.ENSGMOP00000003547,8049.ENSGMOP00000003590,8049.ENSGMOP00000003697,8049.ENSGMOP00000003809,8049.ENSGMOP00000003813,8049.ENSGMOP00000003815,8049.ENSGMOP00000003911,8049.ENSGMOP00000003929,8049.ENSGMOP00000003952,8049.ENSGMOP00000004080,8049.ENSGMOP00000004084,8049.ENSGMOP00000004505,8049.ENSGMOP00000004711,8049.ENSGMOP00000004726,8049.ENSGMOP00000004735,8049.ENSGMOP00000004762,8049.ENSGMOP00000004779,8049.ENSGMOP00000004815,8049.ENSGMOP00000004825,8049.ENSGMOP00000004932,8049.ENSGMOP00000005024,8049.ENSGMOP00000005043,8049.ENSGMOP00000005051,8049.ENSGMOP00000005232,8049.ENSGMOP00000005256,8049.ENSGMOP00000005303,8049.ENSGMOP00000005306,8049.ENSGMOP00000005486,8049.ENSGMOP00000005627,8049.ENSGMOP00000005714,8049.ENSGMOP00000005743,8049.ENSGMOP00000005762,8049.ENSGMOP00000005835,8049.ENSGMOP00000006045,8049.ENSGMOP00000006065,8049.ENSGMOP00000006071,8049.ENSGMOP00000006144,8049.ENSGMOP00000006247,8049.ENSGMOP00000006307,8049.ENSGMOP00000006350,8049.ENSGMOP00000006407,8049.ENSGMOP00000006445,8049.ENSGMOP00000006446,8049.ENSGMOP00000006481,8049.ENSGMOP00000006487,8049.ENSGMOP00000006501,8049.ENSGMOP00000006532,8049.ENSGMOP00000006535,8049.ENSGMOP00000006558,8049.ENSGMOP00000006563,8049.ENSGMOP00000006578,8049.ENSGMOP00000006608,8049.ENSGMOP00000006664,8049.ENSGMOP00000006686,8049.ENSGMOP00000006699,8049.ENSGMOP00000006782,8049.ENSGMOP00000006819,8049.ENSGMOP00000006851,8049.ENSGMOP00000006863,8049.ENSGMOP00000006898,8049.ENSGMOP00000006909,8049.ENSGMOP00000007000,8049.ENSGMOP00000007001,8049.ENSGMOP00000007129,8049.ENSGMOP00000007135,8049.ENSGMOP00000007249,8049.ENSGMOP00000007415,8049.ENSGMOP00000007440,8049.ENSGMOP00000007501,8049.ENSGMOP00000007568,8049.ENSGMOP00000007573,8049.ENSGMOP00000007617,8049.ENSGMOP00000007702,8049.ENSGMOP00000007826,8049.ENSGMOP00000007853,8049.ENSGMOP00000007861,8049.ENSGMOP00000007870,8049.ENSGMOP00000007903,8049.ENSGMOP00000007919,8049.ENSGMOP00000008148,8049.ENSGMOP00000008306,8049.ENSGMOP00000008308,8049.ENSGMOP00000008316,8049.ENSGMOP00000008329,8049.ENSGMOP00000008382,8049.ENSGMOP00000008467,8049.ENSGMOP00000008500,8049.ENSGMOP00000008547,8049.ENSGMOP00000008653,8049.ENSGMOP00000008706,8049.ENSGMOP00000008778,8049.ENSGMOP00000008869,8049.ENSGMOP00000008916,8049.ENSGMOP00000009009,8049.ENSGMOP00000009025,8049.ENSGMOP00000009057,8049.ENSGMOP00000009058,8049.ENSGMOP00000009077,8049.ENSGMOP00000009093,8049.ENSGMOP00000009306,8049.ENSGMOP00000009422,8049.ENSGMOP00000009437,8049.ENSGMOP00000009548,8049.ENSGMOP00000009574,8049.ENSGMOP00000009591,8049.ENSGMOP00000009620,8049.ENSGMOP00000009663,8049.ENSGMOP00000009693,8049.ENSGMOP00000009796,8049.ENSGMOP00000009830,8049.ENSGMOP00000009903,8049.ENSGMOP00000009927,8049.ENSGMOP00000010006,8049.ENSGMOP00000010021,8049.ENSGMOP00000010033,8049.ENSGMOP00000010153,8049.ENSGMOP00000010218,8049.ENSGMOP00000010407,8049.ENSGMOP00000010432,8049.ENSGMOP00000010490,8049.ENSGMOP00000010518,8049.ENSGMOP00000010519,8049.ENSGMOP00000010611,8049.ENSGMOP00000010644,8049.ENSGMOP00000010690,8049.ENSGMOP00000010761,8049.ENSGMOP00000010783,8049.ENSGMOP00000010898,8049.ENSGMOP00000010925,8049.ENSGMOP00000010933,8049.ENSGMOP00000010949,8049.ENSGMOP00000010955,8049.ENSGMOP00000010993,8049.ENSGMOP00000011013,8049.ENSGMOP00000011071,8049.ENSGMOP00000011099,8049.ENSGMOP00000011309,8049.ENSGMOP00000011340,8049.ENSGMOP00000011350,8049.ENSGMOP00000011363,8049.ENSGMOP00000011399,8049.ENSGMOP00000011480,8049.ENSGMOP00000011495,8049.ENSGMOP00000011506,8049.ENSGMOP00000011626,8049.ENSGMOP00000011656,8049.ENSGMOP00000011739,8049.ENSGMOP00000011775,8049.ENSGMOP00000011826,8049.ENSGMOP00000011875,8049.ENSGMOP00000011896,8049.ENSGMOP00000011929,8049.ENSGMOP00000011999,8049.ENSGMOP00000012028,8049.ENSGMOP00000012148,8049.ENSGMOP00000012195,8049.ENSGMOP00000012260,8049.ENSGMOP00000012426,8049.ENSGMOP00000012470,8049.ENSGMOP00000012838,8049.ENSGMOP00000012848,8049.ENSGMOP00000012990,8049.ENSGMOP00000013107,8049.ENSGMOP00000013123,8049.ENSGMOP00000013133,8049.ENSGMOP00000013161,8049.ENSGMOP00000013163,8049.ENSGMOP00000013179,8049.ENSGMOP00000013199,8049.ENSGMOP00000013237,8049.ENSGMOP00000013289,8049.ENSGMOP00000013341,8049.ENSGMOP00000013403,8049.ENSGMOP00000013414,8049.ENSGMOP00000013421,8049.ENSGMOP00000013488,8049.ENSGMOP00000013595,8049.ENSGMOP00000013688,8049.ENSGMOP00000013716,8049.ENSGMOP00000013726,8049.ENSGMOP00000013735,8049.ENSGMOP00000013771,8049.ENSGMOP00000013898,8049.ENSGMOP00000013936,8049.ENSGMOP00000013951,8049.ENSGMOP00000013986,8049.ENSGMOP00000014028,8049.ENSGMOP00000014246,8049.ENSGMOP00000014278,8049.ENSGMOP00000014404,8049.ENSGMOP00000014411,8049.ENSGMOP00000014503,8049.ENSGMOP00000014551,8049.ENSGMOP00000014630,8049.ENSGMOP00000014701,8049.ENSGMOP00000014750,8049.ENSGMOP00000014786,8049.ENSGMOP00000014864,8049.ENSGMOP00000014892,8049.ENSGMOP00000014931,8049.ENSGMOP00000014980,8049.ENSGMOP00000015029,8049.ENSGMOP00000015111,8049.ENSGMOP00000015213,8049.ENSGMOP00000015257,8049.ENSGMOP00000015260,8049.ENSGMOP00000015399,8049.ENSGMOP00000015404,8049.ENSGMOP00000015409,8049.ENSGMOP00000015513,8049.ENSGMOP00000015517,8049.ENSGMOP00000015595,8049.ENSGMOP00000015596,8049.ENSGMOP00000015608,8049.ENSGMOP00000015704,8049.ENSGMOP00000015763,8049.ENSGMOP00000015883,8049.ENSGMOP00000015921,8049.ENSGMOP00000015954,8049.ENSGMOP00000015958,8049.ENSGMOP00000016091,8049.ENSGMOP00000016093,8049.ENSGMOP00000016134,8049.ENSGMOP00000016210,8049.ENSGMOP00000016299,8049.ENSGMOP00000016338,8049.ENSGMOP00000016347,8049.ENSGMOP00000016370,8049.ENSGMOP00000016451,8049.ENSGMOP00000016514,8049.ENSGMOP00000016537,8049.ENSGMOP00000016574,8049.ENSGMOP00000016592,8049.ENSGMOP00000016636,8049.ENSGMOP00000016689,8049.ENSGMOP00000016695,8049.ENSGMOP00000016798,8049.ENSGMOP00000016804,8049.ENSGMOP00000016837,8049.ENSGMOP00000016963,8049.ENSGMOP00000016976,8049.ENSGMOP00000017060,8049.ENSGMOP00000017190,8049.ENSGMOP00000017194,8049.ENSGMOP00000017230,8049.ENSGMOP00000017268,8049.ENSGMOP00000017279,8049.ENSGMOP00000017317,8049.ENSGMOP00000017345,8049.ENSGMOP00000017367,8049.ENSGMOP00000017385,8049.ENSGMOP00000017401,8049.ENSGMOP00000017472,8049.ENSGMOP00000017484,8049.ENSGMOP00000017523,8049.ENSGMOP00000017545,8049.ENSGMOP00000017587,8049.ENSGMOP00000017628,8049.ENSGMOP00000017646,8049.ENSGMOP00000017686,8049.ENSGMOP00000017702,8049.ENSGMOP00000017800,8049.ENSGMOP00000017831,8049.ENSGMOP00000017842,8049.ENSGMOP00000017944,8049.ENSGMOP00000017946,8049.ENSGMOP00000017987,8049.ENSGMOP00000018054,8049.ENSGMOP00000018142,8049.ENSGMOP00000018274,8049.ENSGMOP00000018313,8049.ENSGMOP00000018368,8049.ENSGMOP00000018378,8049.ENSGMOP00000018410,8049.ENSGMOP00000018456,8049.ENSGMOP00000018508,8049.ENSGMOP00000018589,8049.ENSGMOP00000018619,8049.ENSGMOP00000018651,8049.ENSGMOP00000018669,8049.ENSGMOP00000018687,8049.ENSGMOP00000018767,8049.ENSGMOP00000018866,8049.ENSGMOP00000018876,8049.ENSGMOP00000018897,8049.ENSGMOP00000018970,8049.ENSGMOP00000018982,8049.ENSGMOP00000019065,8049.ENSGMOP00000019163,8049.ENSGMOP00000019302,8049.ENSGMOP00000019427,8049.ENSGMOP00000019499,8049.ENSGMOP00000019575,8049.ENSGMOP00000019580,8049.ENSGMOP00000019664,8049.ENSGMOP00000019698,8049.ENSGMOP00000019758,8049.ENSGMOP00000019765,8049.ENSGMOP00000019795,8049.ENSGMOP00000019803,8049.ENSGMOP00000019806,8049.ENSGMOP00000019825,8049.ENSGMOP00000019925,8049.ENSGMOP00000019958,8049.ENSGMOP00000020017,8049.ENSGMOP00000020089,8049.ENSGMOP00000020123,8049.ENSGMOP00000020136,8049.ENSGMOP00000020184,8049.ENSGMOP00000020209,8049.ENSGMOP00000020220,8049.ENSGMOP00000020283,8049.ENSGMOP00000020316,8049.ENSGMOP00000020324,8049.ENSGMOP00000020356,8049.ENSGMOP00000020378,8049.ENSGMOP00000020485,8049.ENSGMOP00000020575,8049.ENSGMOP00000020764,8049.ENSGMOP00000020834,8049.ENSGMOP00000020956,8049.ENSGMOP00000021028,8049.ENSGMOP00000021060,8049.ENSGMOP00000021061,8049.ENSGMOP00000021130,8049.ENSGMOP00000021771	ENSGMOP00000000029,ENSGMOP00000000041,ENSGMOP00000000084,ENSGMOP00000000116,ENSGMOP00000000161,ENSGMOP00000000191,ENSGMOP00000000192,ENSGMOP00000000276,ENSGMOP00000000294,ENSGMOP00000000295,ENSGMOP00000000386,ENSGMOP00000000391,ENSGMOP00000000394,ENSGMOP00000000409,ENSGMOP00000000421,SHKBP1,ENSGMOP00000000507,ENSGMOP00000000608,ENSGMOP00000000637,ENSGMOP00000000641,ENSGMOP00000000655,ENSGMOP00000000692,MACF1,ENSGMOP00000000741,ENSGMOP00000000797,ENSGMOP00000000858,ENSGMOP00000000860,TMC6,MSI1,LTBP3,ENSGMOP00000001090,ENSGMOP00000001118,ENSGMOP00000001366,ENSGMOP00000001588,ENSGMOP00000001688,ENSGMOP00000001807,ENSGMOP00000002031,babam2,ENSGMOP00000002159,ENSGMOP00000002229,ENSGMOP00000002269,ENSGMOP00000002293,ENSGMOP00000002422,ENSGMOP00000002428,ENSGMOP00000002433,ENSGMOP00000002564,ENSGMOP00000002624,ENSGMOP00000002701,ENSGMOP00000002747,ENSGMOP00000002791,ENSGMOP00000002898,ENSGMOP00000002912,ENSGMOP00000002934,ENSGMOP00000002960,ENSGMOP00000002985,ENSGMOP00000003073,ZNF521,ENSGMOP00000003229,ENSGMOP00000003331,ENSGMOP00000003381,ENSGMOP00000003437,LAMA3,ENSGMOP00000003514,ENSGMOP00000003547,ENSGMOP00000003590,ENSGMOP00000003697,ENSGMOP00000003809,ENSGMOP00000003813,ENSGMOP00000003815,ENSGMOP00000003911,ENSGMOP00000003929,ENSGMOP00000003952,ENSGMOP00000004080,ENSGMOP00000004084,ENSGMOP00000004505,ENSGMOP00000004711,ENSGMOP00000004726,ENSGMOP00000004735,ENSGMOP00000004762,ENSGMOP00000004779,chsy1,ENSGMOP00000004825,ENSGMOP00000004932,ENSGMOP00000005024,ENSGMOP00000005043,ENSGMOP00000005051,ENSGMOP00000005232,ENSGMOP00000005256,ENSGMOP00000005303,ENSGMOP00000005306,ENSGMOP00000005486,ENSGMOP00000005627,DST,ENSGMOP00000005743,ENSGMOP00000005762,ENSGMOP00000005835,ENSGMOP00000006045,ENSGMOP00000006065,ENSGMOP00000006071,ENSGMOP00000006144,ENSGMOP00000006247,ENSGMOP00000006307,ENSGMOP00000006350,ENSGMOP00000006407,ENSGMOP00000006445,vps18,ENSGMOP00000006481,cyld,ENSGMOP00000006501,ENSGMOP00000006532,ENSGMOP00000006535,ENSGMOP00000006558,ENSGMOP00000006563,ENSGMOP00000006578,ENSGMOP00000006608,ENSGMOP00000006664,LPP,ENSGMOP00000006699,ENSGMOP00000006782,ENSGMOP00000006819,ENSGMOP00000006851,ENSGMOP00000006863,ENSGMOP00000006898,ENSGMOP00000006909,ENSGMOP00000007000,ENSGMOP00000007001,ENSGMOP00000007129,ENSGMOP00000007135,ENSGMOP00000007249,ENSGMOP00000007415,ENSGMOP00000007440,ENSGMOP00000007501,ENSGMOP00000007568,ENSGMOP00000007573,ENSGMOP00000007617,ENSGMOP00000007702,SEMA6A,ENSGMOP00000007853,ENSGMOP00000007861,DMXL1,ENSGMOP00000007903,ENSGMOP00000007919,ENSGMOP00000008148,DOCK9,ENSGMOP00000008308,ENSGMOP00000008316,ENSGMOP00000008329,ENSGMOP00000008382,ENSGMOP00000008467,ENSGMOP00000008500,ENSGMOP00000008547,ENSGMOP00000008653,ENSGMOP00000008706,ENSGMOP00000008778,ENSGMOP00000008869,ENSGMOP00000008916,JMY,ENSGMOP00000009025,ENSGMOP00000009057,ENSGMOP00000009058,ENSGMOP00000009077,ENSGMOP00000009093,ENSGMOP00000009306,ENSGMOP00000009422,ENSGMOP00000009437,ENSGMOP00000009548,ENSGMOP00000009574,ENSGMOP00000009591,ENSGMOP00000009620,ENSGMOP00000009663,ENSGMOP00000009693,ADAMTS20,ENSGMOP00000009830,ENSGMOP00000009903,ENSGMOP00000009927,ENSGMOP00000010006,ENSGMOP00000010021,ENSGMOP00000010033,FAM126B,ENSGMOP00000010218,ENSGMOP00000010407,ENSGMOP00000010432,ENSGMOP00000010490,ENSGMOP00000010518,ENSGMOP00000010519,ENSGMOP00000010611,ENSGMOP00000010644,ANKRD50,ENSGMOP00000010761,COL25A1,ENSGMOP00000010898,ENSGMOP00000010925,ENSGMOP00000010933,ENSGMOP00000010949,ENSGMOP00000010955,ENSGMOP00000010993,ENSGMOP00000011013,ENSGMOP00000011071,ENSGMOP00000011099,ENSGMOP00000011309,COL12A1,ENSGMOP00000011350,ENSGMOP00000011363,ENSGMOP00000011399,ENSGMOP00000011480,ENSGMOP00000011495,ENSGMOP00000011506,ARHGEF17,ENSGMOP00000011656,TTN,ENSGMOP00000011775,ENSGMOP00000011826,ENSGMOP00000011875,ENSGMOP00000011896,CARMIL1,ENSGMOP00000011999,ENSGMOP00000012028,EIF2AK4,ENSGMOP00000012195,ENSGMOP00000012260,ENSGMOP00000012426,ENSGMOP00000012470,ENSGMOP00000012838,ENSGMOP00000012848,ENSGMOP00000012990,ENSGMOP00000013107,ENSGMOP00000013123,ENSGMOP00000013133,ENSGMOP00000013161,ENSGMOP00000013163,ENSGMOP00000013179,ENSGMOP00000013199,ENSGMOP00000013237,ENSGMOP00000013289,ENSGMOP00000013341,ENSGMOP00000013403,ENSGMOP00000013414,ENSGMOP00000013421,ENSGMOP00000013488,MYO1D,ENSGMOP00000013688,ENSGMOP00000013716,ENSGMOP00000013726,ENSGMOP00000013735,ENSGMOP00000013771,ENSGMOP00000013898,ENSGMOP00000013936,ENSGMOP00000013951,ENSGMOP00000013986,ENSGMOP00000014028,ENSGMOP00000014246,ENSGMOP00000014278,ENSGMOP00000014404,ENSGMOP00000014411,ENSGMOP00000014503,ENSGMOP00000014551,ENSGMOP00000014630,ENSGMOP00000014701,TC2N,ENSGMOP00000014786,ARHGEF26,ENSGMOP00000014892,ENSGMOP00000014931,ENSGMOP00000014980,ENSGMOP00000015029,ENSGMOP00000015111,ENSGMOP00000015213,ENSGMOP00000015257,ENSGMOP00000015260,ENSGMOP00000015399,ENSGMOP00000015404,ENSGMOP00000015409,ENSGMOP00000015513,ENSGMOP00000015517,ENSGMOP00000015595,ENSGMOP00000015596,ENSGMOP00000015608,ENSGMOP00000015704,ENSGMOP00000015763,ENSGMOP00000015883,ENSGMOP00000015921,ENSGMOP00000015954,ENSGMOP00000015958,ENSGMOP00000016091,ENSGMOP00000016093,ENSGMOP00000016134,ENSGMOP00000016210,ENSGMOP00000016299,ENSGMOP00000016338,ENSGMOP00000016347,ENSGMOP00000016370,ENSGMOP00000016451,ENSGMOP00000016514,ENSGMOP00000016537,ENSGMOP00000016574,ENSGMOP00000016592,TANC2,ENSGMOP00000016689,ENSGMOP00000016695,ENSGMOP00000016798,ENSGMOP00000016804,ENSGMOP00000016837,ATP13A3,ENSGMOP00000016976,ENSGMOP00000017060,ENSGMOP00000017190,nr2e1,ENSGMOP00000017230,DYNC2H1,ENSGMOP00000017279,ENSGMOP00000017317,traf4,ENSGMOP00000017367,ENSGMOP00000017385,ENSGMOP00000017401,ENSGMOP00000017472,ENSGMOP00000017484,ENSGMOP00000017523,ENSGMOP00000017545,ENSGMOP00000017587,ENSGMOP00000017628,ENSGMOP00000017646,ENSGMOP00000017686,EPHA7,ENSGMOP00000017800,ENSGMOP00000017831,ENSGMOP00000017842,ENSGMOP00000017944,ENSGMOP00000017946,ENSGMOP00000017987,NPC1L1,ENSGMOP00000018142,ENSGMOP00000018274,IQSEC1,LOC115548846,ENSGMOP00000018378,ENSGMOP00000018410,NFKBID,ENSGMOP00000018508,ENSGMOP00000018589,ARAP1,ENSGMOP00000018651,ENSGMOP00000018669,ENSGMOP00000018687,ENSGMOP00000018767,ENSGMOP00000018866,ENSGMOP00000018876,ENSGMOP00000018897,ENSGMOP00000018970,ENSGMOP00000018982,ENSGMOP00000019065,ENSGMOP00000019163,ENSGMOP00000019302,ENSGMOP00000019427,ENSGMOP00000019499,dock7,ENSGMOP00000019580,ENSGMOP00000019664,ENSGMOP00000019698,ENSGMOP00000019758,PITPNM2,ENSGMOP00000019795,ENSGMOP00000019803,ENSGMOP00000019806,ENSGMOP00000019825,ENSGMOP00000019925,ENSGMOP00000019958,ENSGMOP00000020017,ENSGMOP00000020089,ENSGMOP00000020123,ENSGMOP00000020136,ENSGMOP00000020184,ENSGMOP00000020209,SCAF8,ENSGMOP00000020283,ENSGMOP00000020316,ENSGMOP00000020324,ENSGMOP00000020356,ENSGMOP00000020378,LOC115556064,ENSGMOP00000020575,ENSGMOP00000020764,PCLO,ENSGMOP00000020956,ENSGMOP00000021028,ENSGMOP00000021060,CTNND1,ENSGMOP00000021130,ENSGMOP00000021771
GO Process	GO:0030029	Actin filament-based process	31	550	0.39	0.38	0.0147	8049.ENSGMOP00000000507,8049.ENSGMOP00000001588,8049.ENSGMOP00000002229,8049.ENSGMOP00000002428,8049.ENSGMOP00000006071,8049.ENSGMOP00000006247,8049.ENSGMOP00000006563,8049.ENSGMOP00000006664,8049.ENSGMOP00000007415,8049.ENSGMOP00000007501,8049.ENSGMOP00000009009,8049.ENSGMOP00000010407,8049.ENSGMOP00000010761,8049.ENSGMOP00000010955,8049.ENSGMOP00000011013,8049.ENSGMOP00000011480,8049.ENSGMOP00000011626,8049.ENSGMOP00000011656,8049.ENSGMOP00000011929,8049.ENSGMOP00000012028,8049.ENSGMOP00000012260,8049.ENSGMOP00000013716,8049.ENSGMOP00000014411,8049.ENSGMOP00000014503,8049.ENSGMOP00000018142,8049.ENSGMOP00000018313,8049.ENSGMOP00000018651,8049.ENSGMOP00000019664,8049.ENSGMOP00000019698,8049.ENSGMOP00000020017,8049.ENSGMOP00000020209	ENSGMOP00000000507,ENSGMOP00000001588,ENSGMOP00000002229,ENSGMOP00000002428,ENSGMOP00000006071,ENSGMOP00000006247,ENSGMOP00000006563,ENSGMOP00000006664,ENSGMOP00000007415,ENSGMOP00000007501,JMY,ENSGMOP00000010407,ENSGMOP00000010761,ENSGMOP00000010955,ENSGMOP00000011013,ENSGMOP00000011480,ARHGEF17,ENSGMOP00000011656,CARMIL1,ENSGMOP00000012028,ENSGMOP00000012260,ENSGMOP00000013716,ENSGMOP00000014411,ENSGMOP00000014503,ENSGMOP00000018142,IQSEC1,ENSGMOP00000018651,ENSGMOP00000019664,ENSGMOP00000019698,ENSGMOP00000020017,ENSGMOP00000020209
GO Process	GO:0032502	Developmental process	144	4479	0.15	0.32	0.0147	8049.ENSGMOP00000000161,8049.ENSGMOP00000000192,8049.ENSGMOP00000000276,8049.ENSGMOP00000000295,8049.ENSGMOP00000000320,8049.ENSGMOP00000000394,8049.ENSGMOP00000000409,8049.ENSGMOP00000000637,8049.ENSGMOP00000000741,8049.ENSGMOP00000001058,8049.ENSGMOP00000001090,8049.ENSGMOP00000001366,8049.ENSGMOP00000001688,8049.ENSGMOP00000002159,8049.ENSGMOP00000002428,8049.ENSGMOP00000002791,8049.ENSGMOP00000002912,8049.ENSGMOP00000002985,8049.ENSGMOP00000003073,8049.ENSGMOP00000003196,8049.ENSGMOP00000003381,8049.ENSGMOP00000003483,8049.ENSGMOP00000003547,8049.ENSGMOP00000003809,8049.ENSGMOP00000003813,8049.ENSGMOP00000003929,8049.ENSGMOP00000004080,8049.ENSGMOP00000004779,8049.ENSGMOP00000005232,8049.ENSGMOP00000005306,8049.ENSGMOP00000005593,8049.ENSGMOP00000005627,8049.ENSGMOP00000006071,8049.ENSGMOP00000006144,8049.ENSGMOP00000006247,8049.ENSGMOP00000006307,8049.ENSGMOP00000006446,8049.ENSGMOP00000006481,8049.ENSGMOP00000006501,8049.ENSGMOP00000006664,8049.ENSGMOP00000006782,8049.ENSGMOP00000006863,8049.ENSGMOP00000007106,8049.ENSGMOP00000007129,8049.ENSGMOP00000007208,8049.ENSGMOP00000007415,8049.ENSGMOP00000007617,8049.ENSGMOP00000007826,8049.ENSGMOP00000007903,8049.ENSGMOP00000008308,8049.ENSGMOP00000008316,8049.ENSGMOP00000008382,8049.ENSGMOP00000008653,8049.ENSGMOP00000008778,8049.ENSGMOP00000009025,8049.ENSGMOP00000009057,8049.ENSGMOP00000009437,8049.ENSGMOP00000009591,8049.ENSGMOP00000009830,8049.ENSGMOP00000009927,8049.ENSGMOP00000010021,8049.ENSGMOP00000010218,8049.ENSGMOP00000010490,8049.ENSGMOP00000010518,8049.ENSGMOP00000010519,8049.ENSGMOP00000010611,8049.ENSGMOP00000010949,8049.ENSGMOP00000010993,8049.ENSGMOP00000011071,8049.ENSGMOP00000011291,8049.ENSGMOP00000011399,8049.ENSGMOP00000011495,8049.ENSGMOP00000011999,8049.ENSGMOP00000012028,8049.ENSGMOP00000012148,8049.ENSGMOP00000012157,8049.ENSGMOP00000012470,8049.ENSGMOP00000012838,8049.ENSGMOP00000013123,8049.ENSGMOP00000013289,8049.ENSGMOP00000013403,8049.ENSGMOP00000013414,8049.ENSGMOP00000013421,8049.ENSGMOP00000013488,8049.ENSGMOP00000013595,8049.ENSGMOP00000013735,8049.ENSGMOP00000014246,8049.ENSGMOP00000014411,8049.ENSGMOP00000014674,8049.ENSGMOP00000014786,8049.ENSGMOP00000014864,8049.ENSGMOP00000014931,8049.ENSGMOP00000014980,8049.ENSGMOP00000015257,8049.ENSGMOP00000015409,8049.ENSGMOP00000015513,8049.ENSGMOP00000015608,8049.ENSGMOP00000015704,8049.ENSGMOP00000015958,8049.ENSGMOP00000016299,8049.ENSGMOP00000016347,8049.ENSGMOP00000016370,8049.ENSGMOP00000016451,8049.ENSGMOP00000016514,8049.ENSGMOP00000016537,8049.ENSGMOP00000016574,8049.ENSGMOP00000016592,8049.ENSGMOP00000016695,8049.ENSGMOP00000016798,8049.ENSGMOP00000016804,8049.ENSGMOP00000017190,8049.ENSGMOP00000017194,8049.ENSGMOP00000017230,8049.ENSGMOP00000017345,8049.ENSGMOP00000017385,8049.ENSGMOP00000017401,8049.ENSGMOP00000017472,8049.ENSGMOP00000017523,8049.ENSGMOP00000017587,8049.ENSGMOP00000017702,8049.ENSGMOP00000017800,8049.ENSGMOP00000017946,8049.ENSGMOP00000018142,8049.ENSGMOP00000018508,8049.ENSGMOP00000018651,8049.ENSGMOP00000018982,8049.ENSGMOP00000019062,8049.ENSGMOP00000019065,8049.ENSGMOP00000019163,8049.ENSGMOP00000019580,8049.ENSGMOP00000019698,8049.ENSGMOP00000019803,8049.ENSGMOP00000019958,8049.ENSGMOP00000020136,8049.ENSGMOP00000020209,8049.ENSGMOP00000020283,8049.ENSGMOP00000020316,8049.ENSGMOP00000020324,8049.ENSGMOP00000020356,8049.ENSGMOP00000020378,8049.ENSGMOP00000020575,8049.ENSGMOP00000020834,8049.ENSGMOP00000020956,8049.ENSGMOP00000021060	ENSGMOP00000000161,ENSGMOP00000000192,ENSGMOP00000000276,ENSGMOP00000000295,ENSGMOP00000000320,ENSGMOP00000000394,ENSGMOP00000000409,ENSGMOP00000000637,ENSGMOP00000000741,MSI1,ENSGMOP00000001090,ENSGMOP00000001366,ENSGMOP00000001688,ENSGMOP00000002159,ENSGMOP00000002428,ENSGMOP00000002791,ENSGMOP00000002912,ENSGMOP00000002985,ENSGMOP00000003073,ZNF521,ENSGMOP00000003381,LAMA3,ENSGMOP00000003547,ENSGMOP00000003809,ENSGMOP00000003813,ENSGMOP00000003929,ENSGMOP00000004080,ENSGMOP00000004779,ENSGMOP00000005232,ENSGMOP00000005306,PLEKHA5,ENSGMOP00000005627,ENSGMOP00000006071,ENSGMOP00000006144,ENSGMOP00000006247,ENSGMOP00000006307,vps18,ENSGMOP00000006481,ENSGMOP00000006501,ENSGMOP00000006664,ENSGMOP00000006782,ENSGMOP00000006863,ENSGMOP00000007106,ENSGMOP00000007129,ENSGMOP00000007208,ENSGMOP00000007415,ENSGMOP00000007617,SEMA6A,ENSGMOP00000007903,ENSGMOP00000008308,ENSGMOP00000008316,ENSGMOP00000008382,ENSGMOP00000008653,ENSGMOP00000008778,ENSGMOP00000009025,ENSGMOP00000009057,ENSGMOP00000009437,ENSGMOP00000009591,ENSGMOP00000009830,ENSGMOP00000009927,ENSGMOP00000010021,ENSGMOP00000010218,ENSGMOP00000010490,ENSGMOP00000010518,ENSGMOP00000010519,ENSGMOP00000010611,ENSGMOP00000010949,ENSGMOP00000010993,ENSGMOP00000011071,ENSGMOP00000011291,ENSGMOP00000011399,ENSGMOP00000011495,ENSGMOP00000011999,ENSGMOP00000012028,EIF2AK4,ENSGMOP00000012157,ENSGMOP00000012470,ENSGMOP00000012838,ENSGMOP00000013123,ENSGMOP00000013289,ENSGMOP00000013403,ENSGMOP00000013414,ENSGMOP00000013421,ENSGMOP00000013488,MYO1D,ENSGMOP00000013735,ENSGMOP00000014246,ENSGMOP00000014411,ENSGMOP00000014674,ENSGMOP00000014786,ARHGEF26,ENSGMOP00000014931,ENSGMOP00000014980,ENSGMOP00000015257,ENSGMOP00000015409,ENSGMOP00000015513,ENSGMOP00000015608,ENSGMOP00000015704,ENSGMOP00000015958,ENSGMOP00000016299,ENSGMOP00000016347,ENSGMOP00000016370,ENSGMOP00000016451,ENSGMOP00000016514,ENSGMOP00000016537,ENSGMOP00000016574,ENSGMOP00000016592,ENSGMOP00000016695,ENSGMOP00000016798,ENSGMOP00000016804,ENSGMOP00000017190,nr2e1,ENSGMOP00000017230,traf4,ENSGMOP00000017385,ENSGMOP00000017401,ENSGMOP00000017472,ENSGMOP00000017523,ENSGMOP00000017587,EPHA7,ENSGMOP00000017800,ENSGMOP00000017946,ENSGMOP00000018142,ENSGMOP00000018508,ENSGMOP00000018651,ENSGMOP00000018982,ENSGMOP00000019062,ENSGMOP00000019065,ENSGMOP00000019163,ENSGMOP00000019580,ENSGMOP00000019698,ENSGMOP00000019803,ENSGMOP00000019958,ENSGMOP00000020136,ENSGMOP00000020209,ENSGMOP00000020283,ENSGMOP00000020316,ENSGMOP00000020324,ENSGMOP00000020356,ENSGMOP00000020378,ENSGMOP00000020575,PCLO,ENSGMOP00000020956,ENSGMOP00000021060
GO Process	GO:0051345	Positive regulation of hydrolase activity	23	337	0.47	0.4	0.0147	8049.ENSGMOP00000000394,8049.ENSGMOP00000003547,8049.ENSGMOP00000004951,8049.ENSGMOP00000006539,8049.ENSGMOP00000008306,8049.ENSGMOP00000009057,8049.ENSGMOP00000009658,8049.ENSGMOP00000011506,8049.ENSGMOP00000011775,8049.ENSGMOP00000012049,8049.ENSGMOP00000013289,8049.ENSGMOP00000013735,8049.ENSGMOP00000014701,8049.ENSGMOP00000014864,8049.ENSGMOP00000016338,8049.ENSGMOP00000016574,8049.ENSGMOP00000016837,8049.ENSGMOP00000018619,8049.ENSGMOP00000019575,8049.ENSGMOP00000019879,8049.ENSGMOP00000020136,8049.ENSGMOP00000020184,8049.ENSGMOP00000021060	ENSGMOP00000000394,ENSGMOP00000003547,ENSGMOP00000004951,ENSGMOP00000006539,DOCK9,ENSGMOP00000009057,ENSGMOP00000009658,ENSGMOP00000011506,ENSGMOP00000011775,ENSGMOP00000012049,ENSGMOP00000013289,ENSGMOP00000013735,ENSGMOP00000014701,ARHGEF26,ENSGMOP00000016338,ENSGMOP00000016574,ENSGMOP00000016837,ARAP1,dock7,ENSGMOP00000019879,ENSGMOP00000020136,ENSGMOP00000020184,ENSGMOP00000021060
GO Process	GO:0016043	Cellular component organization	146	4693	0.13	0.3	0.0213	8049.ENSGMOP00000000116,8049.ENSGMOP00000000161,8049.ENSGMOP00000000192,8049.ENSGMOP00000000276,8049.ENSGMOP00000000295,8049.ENSGMOP00000000394,8049.ENSGMOP00000000409,8049.ENSGMOP00000000455,8049.ENSGMOP00000000507,8049.ENSGMOP00000000641,8049.ENSGMOP00000000655,8049.ENSGMOP00000000734,8049.ENSGMOP00000000797,8049.ENSGMOP00000001090,8049.ENSGMOP00000001588,8049.ENSGMOP00000002137,8049.ENSGMOP00000002229,8049.ENSGMOP00000002428,8049.ENSGMOP00000002747,8049.ENSGMOP00000002791,8049.ENSGMOP00000002898,8049.ENSGMOP00000003547,8049.ENSGMOP00000003697,8049.ENSGMOP00000003809,8049.ENSGMOP00000003815,8049.ENSGMOP00000003911,8049.ENSGMOP00000005714,8049.ENSGMOP00000006065,8049.ENSGMOP00000006071,8049.ENSGMOP00000006247,8049.ENSGMOP00000006445,8049.ENSGMOP00000006446,8049.ENSGMOP00000006501,8049.ENSGMOP00000006558,8049.ENSGMOP00000006563,8049.ENSGMOP00000006664,8049.ENSGMOP00000007001,8049.ENSGMOP00000007129,8049.ENSGMOP00000007415,8049.ENSGMOP00000007501,8049.ENSGMOP00000007617,8049.ENSGMOP00000007826,8049.ENSGMOP00000007853,8049.ENSGMOP00000008308,8049.ENSGMOP00000008316,8049.ENSGMOP00000008329,8049.ENSGMOP00000008653,8049.ENSGMOP00000008916,8049.ENSGMOP00000009009,8049.ENSGMOP00000009025,8049.ENSGMOP00000009057,8049.ENSGMOP00000009077,8049.ENSGMOP00000009796,8049.ENSGMOP00000009830,8049.ENSGMOP00000009927,8049.ENSGMOP00000010407,8049.ENSGMOP00000010519,8049.ENSGMOP00000010611,8049.ENSGMOP00000010761,8049.ENSGMOP00000010783,8049.ENSGMOP00000010955,8049.ENSGMOP00000010993,8049.ENSGMOP00000011013,8049.ENSGMOP00000011071,8049.ENSGMOP00000011099,8049.ENSGMOP00000011340,8049.ENSGMOP00000011480,8049.ENSGMOP00000011495,8049.ENSGMOP00000011626,8049.ENSGMOP00000011656,8049.ENSGMOP00000011775,8049.ENSGMOP00000011929,8049.ENSGMOP00000012028,8049.ENSGMOP00000012148,8049.ENSGMOP00000012260,8049.ENSGMOP00000012838,8049.ENSGMOP00000013161,8049.ENSGMOP00000013403,8049.ENSGMOP00000013421,8049.ENSGMOP00000013488,8049.ENSGMOP00000013688,8049.ENSGMOP00000013716,8049.ENSGMOP00000013735,8049.ENSGMOP00000013771,8049.ENSGMOP00000013898,8049.ENSGMOP00000013951,8049.ENSGMOP00000014411,8049.ENSGMOP00000014503,8049.ENSGMOP00000014630,8049.ENSGMOP00000014786,8049.ENSGMOP00000014864,8049.ENSGMOP00000014892,8049.ENSGMOP00000015213,8049.ENSGMOP00000015257,8049.ENSGMOP00000015260,8049.ENSGMOP00000015399,8049.ENSGMOP00000015595,8049.ENSGMOP00000015608,8049.ENSGMOP00000015958,8049.ENSGMOP00000016299,8049.ENSGMOP00000016347,8049.ENSGMOP00000016451,8049.ENSGMOP00000016574,8049.ENSGMOP00000016592,8049.ENSGMOP00000016695,8049.ENSGMOP00000016804,8049.ENSGMOP00000017190,8049.ENSGMOP00000017367,8049.ENSGMOP00000017401,8049.ENSGMOP00000017484,8049.ENSGMOP00000017587,8049.ENSGMOP00000017628,8049.ENSGMOP00000017686,8049.ENSGMOP00000017702,8049.ENSGMOP00000017800,8049.ENSGMOP00000017842,8049.ENSGMOP00000017944,8049.ENSGMOP00000017946,8049.ENSGMOP00000018142,8049.ENSGMOP00000018313,8049.ENSGMOP00000018410,8049.ENSGMOP00000018508,8049.ENSGMOP00000018651,8049.ENSGMOP00000018767,8049.ENSGMOP00000018876,8049.ENSGMOP00000018970,8049.ENSGMOP00000018982,8049.ENSGMOP00000019065,8049.ENSGMOP00000019163,8049.ENSGMOP00000019427,8049.ENSGMOP00000019580,8049.ENSGMOP00000019664,8049.ENSGMOP00000019698,8049.ENSGMOP00000019765,8049.ENSGMOP00000019795,8049.ENSGMOP00000019803,8049.ENSGMOP00000019958,8049.ENSGMOP00000020017,8049.ENSGMOP00000020089,8049.ENSGMOP00000020209,8049.ENSGMOP00000020283,8049.ENSGMOP00000020324,8049.ENSGMOP00000020834,8049.ENSGMOP00000021028,8049.ENSGMOP00000021060,8049.ENSGMOP00000021061	ENSGMOP00000000116,ENSGMOP00000000161,ENSGMOP00000000192,ENSGMOP00000000276,ENSGMOP00000000295,ENSGMOP00000000394,ENSGMOP00000000409,SHKBP1,ENSGMOP00000000507,ENSGMOP00000000641,ENSGMOP00000000655,MACF1,ENSGMOP00000000797,ENSGMOP00000001090,ENSGMOP00000001588,babam2,ENSGMOP00000002229,ENSGMOP00000002428,ENSGMOP00000002747,ENSGMOP00000002791,ENSGMOP00000002898,ENSGMOP00000003547,ENSGMOP00000003697,ENSGMOP00000003809,ENSGMOP00000003815,ENSGMOP00000003911,DST,ENSGMOP00000006065,ENSGMOP00000006071,ENSGMOP00000006247,ENSGMOP00000006445,vps18,ENSGMOP00000006501,ENSGMOP00000006558,ENSGMOP00000006563,ENSGMOP00000006664,ENSGMOP00000007001,ENSGMOP00000007129,ENSGMOP00000007415,ENSGMOP00000007501,ENSGMOP00000007617,SEMA6A,ENSGMOP00000007853,ENSGMOP00000008308,ENSGMOP00000008316,ENSGMOP00000008329,ENSGMOP00000008653,ENSGMOP00000008916,JMY,ENSGMOP00000009025,ENSGMOP00000009057,ENSGMOP00000009077,ADAMTS20,ENSGMOP00000009830,ENSGMOP00000009927,ENSGMOP00000010407,ENSGMOP00000010519,ENSGMOP00000010611,ENSGMOP00000010761,COL25A1,ENSGMOP00000010955,ENSGMOP00000010993,ENSGMOP00000011013,ENSGMOP00000011071,ENSGMOP00000011099,COL12A1,ENSGMOP00000011480,ENSGMOP00000011495,ARHGEF17,ENSGMOP00000011656,ENSGMOP00000011775,CARMIL1,ENSGMOP00000012028,EIF2AK4,ENSGMOP00000012260,ENSGMOP00000012838,ENSGMOP00000013161,ENSGMOP00000013403,ENSGMOP00000013421,ENSGMOP00000013488,ENSGMOP00000013688,ENSGMOP00000013716,ENSGMOP00000013735,ENSGMOP00000013771,ENSGMOP00000013898,ENSGMOP00000013951,ENSGMOP00000014411,ENSGMOP00000014503,ENSGMOP00000014630,ENSGMOP00000014786,ARHGEF26,ENSGMOP00000014892,ENSGMOP00000015213,ENSGMOP00000015257,ENSGMOP00000015260,ENSGMOP00000015399,ENSGMOP00000015595,ENSGMOP00000015608,ENSGMOP00000015958,ENSGMOP00000016299,ENSGMOP00000016347,ENSGMOP00000016451,ENSGMOP00000016574,ENSGMOP00000016592,ENSGMOP00000016695,ENSGMOP00000016804,ENSGMOP00000017190,ENSGMOP00000017367,ENSGMOP00000017401,ENSGMOP00000017484,ENSGMOP00000017587,ENSGMOP00000017628,ENSGMOP00000017686,EPHA7,ENSGMOP00000017800,ENSGMOP00000017842,ENSGMOP00000017944,ENSGMOP00000017946,ENSGMOP00000018142,IQSEC1,ENSGMOP00000018410,ENSGMOP00000018508,ENSGMOP00000018651,ENSGMOP00000018767,ENSGMOP00000018876,ENSGMOP00000018970,ENSGMOP00000018982,ENSGMOP00000019065,ENSGMOP00000019163,ENSGMOP00000019427,ENSGMOP00000019580,ENSGMOP00000019664,ENSGMOP00000019698,PITPNM2,ENSGMOP00000019795,ENSGMOP00000019803,ENSGMOP00000019958,ENSGMOP00000020017,ENSGMOP00000020089,ENSGMOP00000020209,ENSGMOP00000020283,ENSGMOP00000020324,PCLO,ENSGMOP00000021028,ENSGMOP00000021060,CTNND1
GO Process	GO:0043085	Positive regulation of catalytic activity	35	717	0.33	0.34	0.0234	8049.ENSGMOP00000000192,8049.ENSGMOP00000000394,8049.ENSGMOP00000002747,8049.ENSGMOP00000002866,8049.ENSGMOP00000003547,8049.ENSGMOP00000003697,8049.ENSGMOP00000004779,8049.ENSGMOP00000004951,8049.ENSGMOP00000006539,8049.ENSGMOP00000008306,8049.ENSGMOP00000009057,8049.ENSGMOP00000009658,8049.ENSGMOP00000011506,8049.ENSGMOP00000011775,8049.ENSGMOP00000012049,8049.ENSGMOP00000013289,8049.ENSGMOP00000013403,8049.ENSGMOP00000013735,8049.ENSGMOP00000014701,8049.ENSGMOP00000014864,8049.ENSGMOP00000016338,8049.ENSGMOP00000016451,8049.ENSGMOP00000016574,8049.ENSGMOP00000016798,8049.ENSGMOP00000016837,8049.ENSGMOP00000017345,8049.ENSGMOP00000017702,8049.ENSGMOP00000018142,8049.ENSGMOP00000018619,8049.ENSGMOP00000019575,8049.ENSGMOP00000019803,8049.ENSGMOP00000019879,8049.ENSGMOP00000020136,8049.ENSGMOP00000020184,8049.ENSGMOP00000021060	ENSGMOP00000000192,ENSGMOP00000000394,ENSGMOP00000002747,ENSGMOP00000002866,ENSGMOP00000003547,ENSGMOP00000003697,ENSGMOP00000004779,ENSGMOP00000004951,ENSGMOP00000006539,DOCK9,ENSGMOP00000009057,ENSGMOP00000009658,ENSGMOP00000011506,ENSGMOP00000011775,ENSGMOP00000012049,ENSGMOP00000013289,ENSGMOP00000013403,ENSGMOP00000013735,ENSGMOP00000014701,ARHGEF26,ENSGMOP00000016338,ENSGMOP00000016451,ENSGMOP00000016574,ENSGMOP00000016798,ENSGMOP00000016837,traf4,EPHA7,ENSGMOP00000018142,ARAP1,dock7,ENSGMOP00000019803,ENSGMOP00000019879,ENSGMOP00000020136,ENSGMOP00000020184,ENSGMOP00000021060
GO Process	GO:0120035	Regulation of plasma membrane bounded cell projection organization	23	394	0.41	0.31	0.0404	8049.ENSGMOP00000000276,8049.ENSGMOP00000000394,8049.ENSGMOP00000002791,8049.ENSGMOP00000003381,8049.ENSGMOP00000005303,8049.ENSGMOP00000006487,8049.ENSGMOP00000007501,8049.ENSGMOP00000007826,8049.ENSGMOP00000010519,8049.ENSGMOP00000011929,8049.ENSGMOP00000013716,8049.ENSGMOP00000014786,8049.ENSGMOP00000016299,8049.ENSGMOP00000016574,8049.ENSGMOP00000016636,8049.ENSGMOP00000016837,8049.ENSGMOP00000017946,8049.ENSGMOP00000018508,8049.ENSGMOP00000018982,8049.ENSGMOP00000020136,8049.ENSGMOP00000020184,8049.ENSGMOP00000020283,8049.ENSGMOP00000020324	ENSGMOP00000000276,ENSGMOP00000000394,ENSGMOP00000002791,ENSGMOP00000003381,ENSGMOP00000005303,cyld,ENSGMOP00000007501,SEMA6A,ENSGMOP00000010519,CARMIL1,ENSGMOP00000013716,ENSGMOP00000014786,ENSGMOP00000016299,ENSGMOP00000016574,TANC2,ENSGMOP00000016837,ENSGMOP00000017946,ENSGMOP00000018508,ENSGMOP00000018982,ENSGMOP00000020136,ENSGMOP00000020184,ENSGMOP00000020283,ENSGMOP00000020324
GO Function	GO:0030695	GTPase regulator activity	44	532	0.56	1.15	3.72e-09	8049.ENSGMOP00000000191,8049.ENSGMOP00000000294,8049.ENSGMOP00000000394,8049.ENSGMOP00000000409,8049.ENSGMOP00000002031,8049.ENSGMOP00000002229,8049.ENSGMOP00000002237,8049.ENSGMOP00000002422,8049.ENSGMOP00000002701,8049.ENSGMOP00000003479,8049.ENSGMOP00000003911,8049.ENSGMOP00000004951,8049.ENSGMOP00000006539,8049.ENSGMOP00000006699,8049.ENSGMOP00000008306,8049.ENSGMOP00000008308,8049.ENSGMOP00000008467,8049.ENSGMOP00000008938,8049.ENSGMOP00000009057,8049.ENSGMOP00000009658,8049.ENSGMOP00000010021,8049.ENSGMOP00000010611,8049.ENSGMOP00000011506,8049.ENSGMOP00000011626,8049.ENSGMOP00000012049,8049.ENSGMOP00000012747,8049.ENSGMOP00000012990,8049.ENSGMOP00000013289,8049.ENSGMOP00000013735,8049.ENSGMOP00000014701,8049.ENSGMOP00000014864,8049.ENSGMOP00000016338,8049.ENSGMOP00000016370,8049.ENSGMOP00000016837,8049.ENSGMOP00000017831,8049.ENSGMOP00000017996,8049.ENSGMOP00000018313,8049.ENSGMOP00000018619,8049.ENSGMOP00000018876,8049.ENSGMOP00000019575,8049.ENSGMOP00000019806,8049.ENSGMOP00000019879,8049.ENSGMOP00000020184,8049.ENSGMOP00000021060	ENSGMOP00000000191,ENSGMOP00000000294,ENSGMOP00000000394,ENSGMOP00000000409,ENSGMOP00000002031,ENSGMOP00000002229,FGD6,ENSGMOP00000002422,ENSGMOP00000002701,ENSGMOP00000003479,ENSGMOP00000003911,ENSGMOP00000004951,ENSGMOP00000006539,ENSGMOP00000006699,DOCK9,ENSGMOP00000008308,ENSGMOP00000008467,ENSGMOP00000008938,ENSGMOP00000009057,ENSGMOP00000009658,ENSGMOP00000010021,ENSGMOP00000010611,ENSGMOP00000011506,ARHGEF17,ENSGMOP00000012049,ENSGMOP00000012747,ENSGMOP00000012990,ENSGMOP00000013289,ENSGMOP00000013735,ENSGMOP00000014701,ARHGEF26,ENSGMOP00000016338,ENSGMOP00000016370,ENSGMOP00000016837,ENSGMOP00000017831,PLEKHG4B,IQSEC1,ARAP1,ENSGMOP00000018876,dock7,ENSGMOP00000019806,ENSGMOP00000019879,ENSGMOP00000020184,ENSGMOP00000021060
GO Function	GO:0005085	Guanyl-nucleotide exchange factor activity	27	256	0.66	1.12	2.47e-07	8049.ENSGMOP00000000294,8049.ENSGMOP00000000394,8049.ENSGMOP00000000409,8049.ENSGMOP00000002031,8049.ENSGMOP00000002237,8049.ENSGMOP00000002701,8049.ENSGMOP00000003479,8049.ENSGMOP00000006699,8049.ENSGMOP00000008306,8049.ENSGMOP00000008308,8049.ENSGMOP00000008938,8049.ENSGMOP00000010021,8049.ENSGMOP00000010611,8049.ENSGMOP00000011506,8049.ENSGMOP00000011626,8049.ENSGMOP00000012747,8049.ENSGMOP00000012990,8049.ENSGMOP00000013735,8049.ENSGMOP00000014701,8049.ENSGMOP00000014864,8049.ENSGMOP00000016338,8049.ENSGMOP00000016370,8049.ENSGMOP00000016837,8049.ENSGMOP00000017996,8049.ENSGMOP00000018313,8049.ENSGMOP00000019575,8049.ENSGMOP00000020184	ENSGMOP00000000294,ENSGMOP00000000394,ENSGMOP00000000409,ENSGMOP00000002031,FGD6,ENSGMOP00000002701,ENSGMOP00000003479,ENSGMOP00000006699,DOCK9,ENSGMOP00000008308,ENSGMOP00000008938,ENSGMOP00000010021,ENSGMOP00000010611,ENSGMOP00000011506,ARHGEF17,ENSGMOP00000012747,ENSGMOP00000012990,ENSGMOP00000013735,ENSGMOP00000014701,ARHGEF26,ENSGMOP00000016338,ENSGMOP00000016370,ENSGMOP00000016837,PLEKHG4B,IQSEC1,dock7,ENSGMOP00000020184
GO Function	GO:0003774	Cytoskeletal motor activity	15	137	0.68	0.66	0.00087	8049.ENSGMOP00000000421,8049.ENSGMOP00000001588,8049.ENSGMOP00000006071,8049.ENSGMOP00000006247,8049.ENSGMOP00000008500,8049.ENSGMOP00000009057,8049.ENSGMOP00000010761,8049.ENSGMOP00000012028,8049.ENSGMOP00000012260,8049.ENSGMOP00000013595,8049.ENSGMOP00000013688,8049.ENSGMOP00000016689,8049.ENSGMOP00000017268,8049.ENSGMOP00000017631,8049.ENSGMOP00000021060	ENSGMOP00000000421,ENSGMOP00000001588,ENSGMOP00000006071,ENSGMOP00000006247,ENSGMOP00000008500,ENSGMOP00000009057,ENSGMOP00000010761,ENSGMOP00000012028,ENSGMOP00000012260,MYO1D,ENSGMOP00000013688,ENSGMOP00000016689,DYNC2H1,ENSGMOP00000017631,ENSGMOP00000021060
GO Function	GO:0051015	Actin filament binding	21	260	0.55	0.61	0.00087	8049.ENSGMOP00000001588,8049.ENSGMOP00000003911,8049.ENSGMOP00000006071,8049.ENSGMOP00000006247,8049.ENSGMOP00000006664,8049.ENSGMOP00000007415,8049.ENSGMOP00000009057,8049.ENSGMOP00000010407,8049.ENSGMOP00000010761,8049.ENSGMOP00000011013,8049.ENSGMOP00000012028,8049.ENSGMOP00000012260,8049.ENSGMOP00000014411,8049.ENSGMOP00000014503,8049.ENSGMOP00000016299,8049.ENSGMOP00000016689,8049.ENSGMOP00000017631,8049.ENSGMOP00000019664,8049.ENSGMOP00000020017,8049.ENSGMOP00000020283,8049.ENSGMOP00000021060	ENSGMOP00000001588,ENSGMOP00000003911,ENSGMOP00000006071,ENSGMOP00000006247,ENSGMOP00000006664,ENSGMOP00000007415,ENSGMOP00000009057,ENSGMOP00000010407,ENSGMOP00000010761,ENSGMOP00000011013,ENSGMOP00000012028,ENSGMOP00000012260,ENSGMOP00000014411,ENSGMOP00000014503,ENSGMOP00000016299,ENSGMOP00000016689,ENSGMOP00000017631,ENSGMOP00000019664,ENSGMOP00000020017,ENSGMOP00000020283,ENSGMOP00000021060
GO Function	GO:0003779	Actin binding	29	511	0.39	0.44	0.0055	8049.ENSGMOP00000000507,8049.ENSGMOP00000001588,8049.ENSGMOP00000002428,8049.ENSGMOP00000003911,8049.ENSGMOP00000006071,8049.ENSGMOP00000006247,8049.ENSGMOP00000006664,8049.ENSGMOP00000007415,8049.ENSGMOP00000009009,8049.ENSGMOP00000009057,8049.ENSGMOP00000010407,8049.ENSGMOP00000010761,8049.ENSGMOP00000010955,8049.ENSGMOP00000011013,8049.ENSGMOP00000011656,8049.ENSGMOP00000012028,8049.ENSGMOP00000012260,8049.ENSGMOP00000013595,8049.ENSGMOP00000014411,8049.ENSGMOP00000014503,8049.ENSGMOP00000016299,8049.ENSGMOP00000016689,8049.ENSGMOP00000017631,8049.ENSGMOP00000018410,8049.ENSGMOP00000018651,8049.ENSGMOP00000019664,8049.ENSGMOP00000020017,8049.ENSGMOP00000020283,8049.ENSGMOP00000021060	ENSGMOP00000000507,ENSGMOP00000001588,ENSGMOP00000002428,ENSGMOP00000003911,ENSGMOP00000006071,ENSGMOP00000006247,ENSGMOP00000006664,ENSGMOP00000007415,JMY,ENSGMOP00000009057,ENSGMOP00000010407,ENSGMOP00000010761,ENSGMOP00000010955,ENSGMOP00000011013,ENSGMOP00000011656,ENSGMOP00000012028,ENSGMOP00000012260,MYO1D,ENSGMOP00000014411,ENSGMOP00000014503,ENSGMOP00000016299,ENSGMOP00000016689,ENSGMOP00000017631,ENSGMOP00000018410,ENSGMOP00000018651,ENSGMOP00000019664,ENSGMOP00000020017,ENSGMOP00000020283,ENSGMOP00000021060
GO Function	GO:0005096	GTPase activator activity	20	287	0.48	0.45	0.0073	8049.ENSGMOP00000000191,8049.ENSGMOP00000000394,8049.ENSGMOP00000002229,8049.ENSGMOP00000002422,8049.ENSGMOP00000003911,8049.ENSGMOP00000004951,8049.ENSGMOP00000006539,8049.ENSGMOP00000008467,8049.ENSGMOP00000009057,8049.ENSGMOP00000009658,8049.ENSGMOP00000011506,8049.ENSGMOP00000012049,8049.ENSGMOP00000012990,8049.ENSGMOP00000013289,8049.ENSGMOP00000017831,8049.ENSGMOP00000018619,8049.ENSGMOP00000018876,8049.ENSGMOP00000019806,8049.ENSGMOP00000019879,8049.ENSGMOP00000021060	ENSGMOP00000000191,ENSGMOP00000000394,ENSGMOP00000002229,ENSGMOP00000002422,ENSGMOP00000003911,ENSGMOP00000004951,ENSGMOP00000006539,ENSGMOP00000008467,ENSGMOP00000009057,ENSGMOP00000009658,ENSGMOP00000011506,ENSGMOP00000012049,ENSGMOP00000012990,ENSGMOP00000013289,ENSGMOP00000017831,ARAP1,ENSGMOP00000018876,ENSGMOP00000019806,ENSGMOP00000019879,ENSGMOP00000021060
GO Function	GO:0000146	Microfilament motor activity	9	61	0.81	0.51	0.0075	8049.ENSGMOP00000001588,8049.ENSGMOP00000006071,8049.ENSGMOP00000006247,8049.ENSGMOP00000009057,8049.ENSGMOP00000012028,8049.ENSGMOP00000012260,8049.ENSGMOP00000016689,8049.ENSGMOP00000017631,8049.ENSGMOP00000021060	ENSGMOP00000001588,ENSGMOP00000006071,ENSGMOP00000006247,ENSGMOP00000009057,ENSGMOP00000012028,ENSGMOP00000012260,ENSGMOP00000016689,ENSGMOP00000017631,ENSGMOP00000021060
GO Function	GO:0005201	Extracellular matrix structural constituent	12	114	0.66	0.48	0.0075	8049.ENSGMOP00000000797,8049.ENSGMOP00000003483,8049.ENSGMOP00000005306,8049.ENSGMOP00000008329,8049.ENSGMOP00000009077,8049.ENSGMOP00000010783,8049.ENSGMOP00000011340,8049.ENSGMOP00000016347,8049.ENSGMOP00000017367,8049.ENSGMOP00000017800,8049.ENSGMOP00000017842,8049.ENSGMOP00000018626	ENSGMOP00000000797,LAMA3,ENSGMOP00000005306,ENSGMOP00000008329,ENSGMOP00000009077,COL25A1,COL12A1,ENSGMOP00000016347,ENSGMOP00000017367,ENSGMOP00000017800,ENSGMOP00000017842,ENSGMOP00000018626
GO Function	GO:0005524	ATP binding	65	1712	0.22	0.34	0.0141	8049.ENSGMOP00000000192,8049.ENSGMOP00000000421,8049.ENSGMOP00000000741,8049.ENSGMOP00000001090,8049.ENSGMOP00000001588,8049.ENSGMOP00000002898,8049.ENSGMOP00000003229,8049.ENSGMOP00000003697,8049.ENSGMOP00000003813,8049.ENSGMOP00000003952,8049.ENSGMOP00000004762,8049.ENSGMOP00000004779,8049.ENSGMOP00000005256,8049.ENSGMOP00000005627,8049.ENSGMOP00000005762,8049.ENSGMOP00000006065,8049.ENSGMOP00000006071,8049.ENSGMOP00000006247,8049.ENSGMOP00000006407,8049.ENSGMOP00000006445,8049.ENSGMOP00000006558,8049.ENSGMOP00000006578,8049.ENSGMOP00000008308,8049.ENSGMOP00000008500,8049.ENSGMOP00000008547,8049.ENSGMOP00000008869,8049.ENSGMOP00000009057,8049.ENSGMOP00000009093,8049.ENSGMOP00000010761,8049.ENSGMOP00000010933,8049.ENSGMOP00000011309,8049.ENSGMOP00000011495,8049.ENSGMOP00000011826,8049.ENSGMOP00000012028,8049.ENSGMOP00000012148,8049.ENSGMOP00000012260,8049.ENSGMOP00000012426,8049.ENSGMOP00000012470,8049.ENSGMOP00000013133,8049.ENSGMOP00000013403,8049.ENSGMOP00000013595,8049.ENSGMOP00000013688,8049.ENSGMOP00000013716,8049.ENSGMOP00000014980,8049.ENSGMOP00000015111,8049.ENSGMOP00000015257,8049.ENSGMOP00000015517,8049.ENSGMOP00000015883,8049.ENSGMOP00000016451,8049.ENSGMOP00000016514,8049.ENSGMOP00000016689,8049.ENSGMOP00000016798,8049.ENSGMOP00000016963,8049.ENSGMOP00000017268,8049.ENSGMOP00000017545,8049.ENSGMOP00000017631,8049.ENSGMOP00000017702,8049.ENSGMOP00000017987,8049.ENSGMOP00000018897,8049.ENSGMOP00000019065,8049.ENSGMOP00000019580,8049.ENSGMOP00000019825,8049.ENSGMOP00000020324,8049.ENSGMOP00000020575,8049.ENSGMOP00000021060	ENSGMOP00000000192,ENSGMOP00000000421,ENSGMOP00000000741,ENSGMOP00000001090,ENSGMOP00000001588,ENSGMOP00000002898,ENSGMOP00000003229,ENSGMOP00000003697,ENSGMOP00000003813,ENSGMOP00000003952,ENSGMOP00000004762,ENSGMOP00000004779,ENSGMOP00000005256,ENSGMOP00000005627,ENSGMOP00000005762,ENSGMOP00000006065,ENSGMOP00000006071,ENSGMOP00000006247,ENSGMOP00000006407,ENSGMOP00000006445,ENSGMOP00000006558,ENSGMOP00000006578,ENSGMOP00000008308,ENSGMOP00000008500,ENSGMOP00000008547,ENSGMOP00000008869,ENSGMOP00000009057,ENSGMOP00000009093,ENSGMOP00000010761,ENSGMOP00000010933,ENSGMOP00000011309,ENSGMOP00000011495,ENSGMOP00000011826,ENSGMOP00000012028,EIF2AK4,ENSGMOP00000012260,ENSGMOP00000012426,ENSGMOP00000012470,ENSGMOP00000013133,ENSGMOP00000013403,MYO1D,ENSGMOP00000013688,ENSGMOP00000013716,ENSGMOP00000014980,ENSGMOP00000015111,ENSGMOP00000015257,ENSGMOP00000015517,ENSGMOP00000015883,ENSGMOP00000016451,ENSGMOP00000016514,ENSGMOP00000016689,ENSGMOP00000016798,ATP13A3,DYNC2H1,ENSGMOP00000017545,ENSGMOP00000017631,EPHA7,ENSGMOP00000017987,ENSGMOP00000018897,ENSGMOP00000019065,ENSGMOP00000019580,ENSGMOP00000019825,ENSGMOP00000020324,ENSGMOP00000020575,ENSGMOP00000021060
GO Function	GO:0005488	Binding	351	13660	0.05	0.29	0.0152	8049.ENSGMOP00000000029,8049.ENSGMOP00000000041,8049.ENSGMOP00000000084,8049.ENSGMOP00000000116,8049.ENSGMOP00000000191,8049.ENSGMOP00000000192,8049.ENSGMOP00000000276,8049.ENSGMOP00000000294,8049.ENSGMOP00000000295,8049.ENSGMOP00000000386,8049.ENSGMOP00000000391,8049.ENSGMOP00000000394,8049.ENSGMOP00000000409,8049.ENSGMOP00000000421,8049.ENSGMOP00000000455,8049.ENSGMOP00000000507,8049.ENSGMOP00000000510,8049.ENSGMOP00000000608,8049.ENSGMOP00000000637,8049.ENSGMOP00000000638,8049.ENSGMOP00000000641,8049.ENSGMOP00000000692,8049.ENSGMOP00000000734,8049.ENSGMOP00000000741,8049.ENSGMOP00000000806,8049.ENSGMOP00000000858,8049.ENSGMOP00000000860,8049.ENSGMOP00000001058,8049.ENSGMOP00000001078,8049.ENSGMOP00000001090,8049.ENSGMOP00000001118,8049.ENSGMOP00000001262,8049.ENSGMOP00000001334,8049.ENSGMOP00000001366,8049.ENSGMOP00000001522,8049.ENSGMOP00000001588,8049.ENSGMOP00000001688,8049.ENSGMOP00000001807,8049.ENSGMOP00000002137,8049.ENSGMOP00000002159,8049.ENSGMOP00000002229,8049.ENSGMOP00000002237,8049.ENSGMOP00000002428,8049.ENSGMOP00000002433,8049.ENSGMOP00000002564,8049.ENSGMOP00000002624,8049.ENSGMOP00000002791,8049.ENSGMOP00000002866,8049.ENSGMOP00000002898,8049.ENSGMOP00000002912,8049.ENSGMOP00000002960,8049.ENSGMOP00000002985,8049.ENSGMOP00000003196,8049.ENSGMOP00000003229,8049.ENSGMOP00000003331,8049.ENSGMOP00000003381,8049.ENSGMOP00000003437,8049.ENSGMOP00000003483,8049.ENSGMOP00000003485,8049.ENSGMOP00000003514,8049.ENSGMOP00000003547,8049.ENSGMOP00000003590,8049.ENSGMOP00000003679,8049.ENSGMOP00000003697,8049.ENSGMOP00000003809,8049.ENSGMOP00000003813,8049.ENSGMOP00000003815,8049.ENSGMOP00000003911,8049.ENSGMOP00000003929,8049.ENSGMOP00000003952,8049.ENSGMOP00000004080,8049.ENSGMOP00000004084,8049.ENSGMOP00000004408,8049.ENSGMOP00000004505,8049.ENSGMOP00000004711,8049.ENSGMOP00000004726,8049.ENSGMOP00000004735,8049.ENSGMOP00000004762,8049.ENSGMOP00000004779,8049.ENSGMOP00000004825,8049.ENSGMOP00000004932,8049.ENSGMOP00000005043,8049.ENSGMOP00000005051,8049.ENSGMOP00000005084,8049.ENSGMOP00000005232,8049.ENSGMOP00000005256,8049.ENSGMOP00000005303,8049.ENSGMOP00000005306,8049.ENSGMOP00000005486,8049.ENSGMOP00000005539,8049.ENSGMOP00000005570,8049.ENSGMOP00000005593,8049.ENSGMOP00000005627,8049.ENSGMOP00000005714,8049.ENSGMOP00000005743,8049.ENSGMOP00000005762,8049.ENSGMOP00000005835,8049.ENSGMOP00000006065,8049.ENSGMOP00000006071,8049.ENSGMOP00000006144,8049.ENSGMOP00000006247,8049.ENSGMOP00000006307,8049.ENSGMOP00000006350,8049.ENSGMOP00000006407,8049.ENSGMOP00000006445,8049.ENSGMOP00000006446,8049.ENSGMOP00000006481,8049.ENSGMOP00000006487,8049.ENSGMOP00000006532,8049.ENSGMOP00000006535,8049.ENSGMOP00000006539,8049.ENSGMOP00000006558,8049.ENSGMOP00000006563,8049.ENSGMOP00000006578,8049.ENSGMOP00000006608,8049.ENSGMOP00000006664,8049.ENSGMOP00000006686,8049.ENSGMOP00000006709,8049.ENSGMOP00000006819,8049.ENSGMOP00000006863,8049.ENSGMOP00000006909,8049.ENSGMOP00000007000,8049.ENSGMOP00000007001,8049.ENSGMOP00000007106,8049.ENSGMOP00000007129,8049.ENSGMOP00000007135,8049.ENSGMOP00000007208,8049.ENSGMOP00000007249,8049.ENSGMOP00000007259,8049.ENSGMOP00000007415,8049.ENSGMOP00000007440,8049.ENSGMOP00000007501,8049.ENSGMOP00000007568,8049.ENSGMOP00000007573,8049.ENSGMOP00000007617,8049.ENSGMOP00000007702,8049.ENSGMOP00000007826,8049.ENSGMOP00000007853,8049.ENSGMOP00000007861,8049.ENSGMOP00000007870,8049.ENSGMOP00000007903,8049.ENSGMOP00000007919,8049.ENSGMOP00000008048,8049.ENSGMOP00000008148,8049.ENSGMOP00000008306,8049.ENSGMOP00000008308,8049.ENSGMOP00000008382,8049.ENSGMOP00000008500,8049.ENSGMOP00000008547,8049.ENSGMOP00000008653,8049.ENSGMOP00000008706,8049.ENSGMOP00000008712,8049.ENSGMOP00000008756,8049.ENSGMOP00000008778,8049.ENSGMOP00000008869,8049.ENSGMOP00000009009,8049.ENSGMOP00000009025,8049.ENSGMOP00000009057,8049.ENSGMOP00000009058,8049.ENSGMOP00000009093,8049.ENSGMOP00000009306,8049.ENSGMOP00000009437,8049.ENSGMOP00000009512,8049.ENSGMOP00000009548,8049.ENSGMOP00000009591,8049.ENSGMOP00000009620,8049.ENSGMOP00000009634,8049.ENSGMOP00000009658,8049.ENSGMOP00000009663,8049.ENSGMOP00000009693,8049.ENSGMOP00000009774,8049.ENSGMOP00000009796,8049.ENSGMOP00000009830,8049.ENSGMOP00000009927,8049.ENSGMOP00000010006,8049.ENSGMOP00000010218,8049.ENSGMOP00000010407,8049.ENSGMOP00000010490,8049.ENSGMOP00000010518,8049.ENSGMOP00000010519,8049.ENSGMOP00000010611,8049.ENSGMOP00000010754,8049.ENSGMOP00000010761,8049.ENSGMOP00000010898,8049.ENSGMOP00000010925,8049.ENSGMOP00000010933,8049.ENSGMOP00000010949,8049.ENSGMOP00000010955,8049.ENSGMOP00000010993,8049.ENSGMOP00000011013,8049.ENSGMOP00000011071,8049.ENSGMOP00000011099,8049.ENSGMOP00000011291,8049.ENSGMOP00000011309,8049.ENSGMOP00000011336,8049.ENSGMOP00000011363,8049.ENSGMOP00000011495,8049.ENSGMOP00000011615,8049.ENSGMOP00000011656,8049.ENSGMOP00000011739,8049.ENSGMOP00000011775,8049.ENSGMOP00000011826,8049.ENSGMOP00000011875,8049.ENSGMOP00000011896,8049.ENSGMOP00000011929,8049.ENSGMOP00000011999,8049.ENSGMOP00000012028,8049.ENSGMOP00000012049,8049.ENSGMOP00000012148,8049.ENSGMOP00000012195,8049.ENSGMOP00000012260,8049.ENSGMOP00000012426,8049.ENSGMOP00000012470,8049.ENSGMOP00000012747,8049.ENSGMOP00000012838,8049.ENSGMOP00000012848,8049.ENSGMOP00000012990,8049.ENSGMOP00000013107,8049.ENSGMOP00000013133,8049.ENSGMOP00000013161,8049.ENSGMOP00000013199,8049.ENSGMOP00000013237,8049.ENSGMOP00000013289,8049.ENSGMOP00000013403,8049.ENSGMOP00000013414,8049.ENSGMOP00000013421,8049.ENSGMOP00000013478,8049.ENSGMOP00000013488,8049.ENSGMOP00000013595,8049.ENSGMOP00000013688,8049.ENSGMOP00000013716,8049.ENSGMOP00000013726,8049.ENSGMOP00000013771,8049.ENSGMOP00000013898,8049.ENSGMOP00000013905,8049.ENSGMOP00000013951,8049.ENSGMOP00000013986,8049.ENSGMOP00000014028,8049.ENSGMOP00000014404,8049.ENSGMOP00000014411,8049.ENSGMOP00000014503,8049.ENSGMOP00000014551,8049.ENSGMOP00000014630,8049.ENSGMOP00000014701,8049.ENSGMOP00000014750,8049.ENSGMOP00000014892,8049.ENSGMOP00000014980,8049.ENSGMOP00000015111,8049.ENSGMOP00000015213,8049.ENSGMOP00000015257,8049.ENSGMOP00000015260,8049.ENSGMOP00000015399,8049.ENSGMOP00000015404,8049.ENSGMOP00000015409,8049.ENSGMOP00000015513,8049.ENSGMOP00000015517,8049.ENSGMOP00000015595,8049.ENSGMOP00000015596,8049.ENSGMOP00000015608,8049.ENSGMOP00000015883,8049.ENSGMOP00000015921,8049.ENSGMOP00000015954,8049.ENSGMOP00000015958,8049.ENSGMOP00000016093,8049.ENSGMOP00000016134,8049.ENSGMOP00000016163,8049.ENSGMOP00000016210,8049.ENSGMOP00000016299,8049.ENSGMOP00000016338,8049.ENSGMOP00000016347,8049.ENSGMOP00000016370,8049.ENSGMOP00000016451,8049.ENSGMOP00000016480,8049.ENSGMOP00000016514,8049.ENSGMOP00000016537,8049.ENSGMOP00000016574,8049.ENSGMOP00000016592,8049.ENSGMOP00000016689,8049.ENSGMOP00000016695,8049.ENSGMOP00000016798,8049.ENSGMOP00000016804,8049.ENSGMOP00000016963,8049.ENSGMOP00000017060,8049.ENSGMOP00000017190,8049.ENSGMOP00000017194,8049.ENSGMOP00000017230,8049.ENSGMOP00000017268,8049.ENSGMOP00000017279,8049.ENSGMOP00000017345,8049.ENSGMOP00000017385,8049.ENSGMOP00000017472,8049.ENSGMOP00000017484,8049.ENSGMOP00000017523,8049.ENSGMOP00000017545,8049.ENSGMOP00000017631,8049.ENSGMOP00000017686,8049.ENSGMOP00000017702,8049.ENSGMOP00000017723,8049.ENSGMOP00000017800,8049.ENSGMOP00000017987,8049.ENSGMOP00000018000,8049.ENSGMOP00000018054,8049.ENSGMOP00000018142,8049.ENSGMOP00000018360,8049.ENSGMOP00000018368,8049.ENSGMOP00000018378,8049.ENSGMOP00000018410,8049.ENSGMOP00000018456,8049.ENSGMOP00000018589,8049.ENSGMOP00000018619,8049.ENSGMOP00000018626,8049.ENSGMOP00000018651,8049.ENSGMOP00000018669,8049.ENSGMOP00000018866,8049.ENSGMOP00000018897,8049.ENSGMOP00000018935,8049.ENSGMOP00000018970,8049.ENSGMOP00000019062,8049.ENSGMOP00000019065,8049.ENSGMOP00000019151,8049.ENSGMOP00000019163,8049.ENSGMOP00000019427,8049.ENSGMOP00000019580,8049.ENSGMOP00000019664,8049.ENSGMOP00000019698,8049.ENSGMOP00000019765,8049.ENSGMOP00000019803,8049.ENSGMOP00000019825,8049.ENSGMOP00000019925,8049.ENSGMOP00000019958,8049.ENSGMOP00000020014,8049.ENSGMOP00000020017,8049.ENSGMOP00000020089,8049.ENSGMOP00000020136,8049.ENSGMOP00000020209,8049.ENSGMOP00000020220,8049.ENSGMOP00000020283,8049.ENSGMOP00000020316,8049.ENSGMOP00000020324,8049.ENSGMOP00000020356,8049.ENSGMOP00000020378,8049.ENSGMOP00000020575,8049.ENSGMOP00000020834,8049.ENSGMOP00000020956,8049.ENSGMOP00000021028,8049.ENSGMOP00000021047,8049.ENSGMOP00000021060,8049.ENSGMOP00000021061,8049.ENSGMOP00000021130,8049.ENSGMOP00000021515,8049.ENSGMOP00000021947	ENSGMOP00000000029,ENSGMOP00000000041,ENSGMOP00000000084,ENSGMOP00000000116,ENSGMOP00000000191,ENSGMOP00000000192,ENSGMOP00000000276,ENSGMOP00000000294,ENSGMOP00000000295,ENSGMOP00000000386,ENSGMOP00000000391,ENSGMOP00000000394,ENSGMOP00000000409,ENSGMOP00000000421,SHKBP1,ENSGMOP00000000507,ENSGMOP00000000510,ENSGMOP00000000608,ENSGMOP00000000637,ENSGMOP00000000638,ENSGMOP00000000641,ENSGMOP00000000692,MACF1,ENSGMOP00000000741,ENSGMOP00000000806,ENSGMOP00000000858,ENSGMOP00000000860,MSI1,LTBP3,ENSGMOP00000001090,ENSGMOP00000001118,ENSGMOP00000001262,ENSGMOP00000001334,ENSGMOP00000001366,ENSGMOP00000001522,ENSGMOP00000001588,ENSGMOP00000001688,ENSGMOP00000001807,babam2,ENSGMOP00000002159,ENSGMOP00000002229,FGD6,ENSGMOP00000002428,ENSGMOP00000002433,ENSGMOP00000002564,ENSGMOP00000002624,ENSGMOP00000002791,ENSGMOP00000002866,ENSGMOP00000002898,ENSGMOP00000002912,ENSGMOP00000002960,ENSGMOP00000002985,ZNF521,ENSGMOP00000003229,ENSGMOP00000003331,ENSGMOP00000003381,ENSGMOP00000003437,LAMA3,ENSGMOP00000003485,ENSGMOP00000003514,ENSGMOP00000003547,ENSGMOP00000003590,ENSGMOP00000003679,ENSGMOP00000003697,ENSGMOP00000003809,ENSGMOP00000003813,ENSGMOP00000003815,ENSGMOP00000003911,ENSGMOP00000003929,ENSGMOP00000003952,ENSGMOP00000004080,ENSGMOP00000004084,ENSGMOP00000004408,ENSGMOP00000004505,ENSGMOP00000004711,ENSGMOP00000004726,ENSGMOP00000004735,ENSGMOP00000004762,ENSGMOP00000004779,ENSGMOP00000004825,ENSGMOP00000004932,ENSGMOP00000005043,ENSGMOP00000005051,ENSGMOP00000005084,ENSGMOP00000005232,ENSGMOP00000005256,ENSGMOP00000005303,ENSGMOP00000005306,ENSGMOP00000005486,ENSGMOP00000005539,ENSGMOP00000005570,PLEKHA5,ENSGMOP00000005627,DST,ENSGMOP00000005743,ENSGMOP00000005762,ENSGMOP00000005835,ENSGMOP00000006065,ENSGMOP00000006071,ENSGMOP00000006144,ENSGMOP00000006247,ENSGMOP00000006307,ENSGMOP00000006350,ENSGMOP00000006407,ENSGMOP00000006445,vps18,ENSGMOP00000006481,cyld,ENSGMOP00000006532,ENSGMOP00000006535,ENSGMOP00000006539,ENSGMOP00000006558,ENSGMOP00000006563,ENSGMOP00000006578,ENSGMOP00000006608,ENSGMOP00000006664,LPP,ENSGMOP00000006709,ENSGMOP00000006819,ENSGMOP00000006863,ENSGMOP00000006909,ENSGMOP00000007000,ENSGMOP00000007001,ENSGMOP00000007106,ENSGMOP00000007129,ENSGMOP00000007135,ENSGMOP00000007208,ENSGMOP00000007249,ENSGMOP00000007259,ENSGMOP00000007415,ENSGMOP00000007440,ENSGMOP00000007501,ENSGMOP00000007568,ENSGMOP00000007573,ENSGMOP00000007617,ENSGMOP00000007702,SEMA6A,ENSGMOP00000007853,ENSGMOP00000007861,DMXL1,ENSGMOP00000007903,ENSGMOP00000007919,ENSGMOP00000008048,ENSGMOP00000008148,DOCK9,ENSGMOP00000008308,ENSGMOP00000008382,ENSGMOP00000008500,ENSGMOP00000008547,ENSGMOP00000008653,ENSGMOP00000008706,ENSGMOP00000008712,ENSGMOP00000008756,ENSGMOP00000008778,ENSGMOP00000008869,JMY,ENSGMOP00000009025,ENSGMOP00000009057,ENSGMOP00000009058,ENSGMOP00000009093,ENSGMOP00000009306,ENSGMOP00000009437,ENSGMOP00000009512,ENSGMOP00000009548,ENSGMOP00000009591,ENSGMOP00000009620,ENSGMOP00000009634,ENSGMOP00000009658,ENSGMOP00000009663,ENSGMOP00000009693,ENSGMOP00000009774,ADAMTS20,ENSGMOP00000009830,ENSGMOP00000009927,ENSGMOP00000010006,ENSGMOP00000010218,ENSGMOP00000010407,ENSGMOP00000010490,ENSGMOP00000010518,ENSGMOP00000010519,ENSGMOP00000010611,ENSGMOP00000010754,ENSGMOP00000010761,ENSGMOP00000010898,ENSGMOP00000010925,ENSGMOP00000010933,ENSGMOP00000010949,ENSGMOP00000010955,ENSGMOP00000010993,ENSGMOP00000011013,ENSGMOP00000011071,ENSGMOP00000011099,ENSGMOP00000011291,ENSGMOP00000011309,ENSGMOP00000011336,ENSGMOP00000011363,ENSGMOP00000011495,ENSGMOP00000011615,ENSGMOP00000011656,TTN,ENSGMOP00000011775,ENSGMOP00000011826,ENSGMOP00000011875,ENSGMOP00000011896,CARMIL1,ENSGMOP00000011999,ENSGMOP00000012028,ENSGMOP00000012049,EIF2AK4,ENSGMOP00000012195,ENSGMOP00000012260,ENSGMOP00000012426,ENSGMOP00000012470,ENSGMOP00000012747,ENSGMOP00000012838,ENSGMOP00000012848,ENSGMOP00000012990,ENSGMOP00000013107,ENSGMOP00000013133,ENSGMOP00000013161,ENSGMOP00000013199,ENSGMOP00000013237,ENSGMOP00000013289,ENSGMOP00000013403,ENSGMOP00000013414,ENSGMOP00000013421,ENSGMOP00000013478,ENSGMOP00000013488,MYO1D,ENSGMOP00000013688,ENSGMOP00000013716,ENSGMOP00000013726,ENSGMOP00000013771,ENSGMOP00000013898,ENSGMOP00000013905,ENSGMOP00000013951,ENSGMOP00000013986,ENSGMOP00000014028,ENSGMOP00000014404,ENSGMOP00000014411,ENSGMOP00000014503,ENSGMOP00000014551,ENSGMOP00000014630,ENSGMOP00000014701,TC2N,ENSGMOP00000014892,ENSGMOP00000014980,ENSGMOP00000015111,ENSGMOP00000015213,ENSGMOP00000015257,ENSGMOP00000015260,ENSGMOP00000015399,ENSGMOP00000015404,ENSGMOP00000015409,ENSGMOP00000015513,ENSGMOP00000015517,ENSGMOP00000015595,ENSGMOP00000015596,ENSGMOP00000015608,ENSGMOP00000015883,ENSGMOP00000015921,ENSGMOP00000015954,ENSGMOP00000015958,ENSGMOP00000016093,ENSGMOP00000016134,LOC115530884,ENSGMOP00000016210,ENSGMOP00000016299,ENSGMOP00000016338,ENSGMOP00000016347,ENSGMOP00000016370,ENSGMOP00000016451,ENSGMOP00000016480,ENSGMOP00000016514,ENSGMOP00000016537,ENSGMOP00000016574,ENSGMOP00000016592,ENSGMOP00000016689,ENSGMOP00000016695,ENSGMOP00000016798,ENSGMOP00000016804,ATP13A3,ENSGMOP00000017060,ENSGMOP00000017190,nr2e1,ENSGMOP00000017230,DYNC2H1,ENSGMOP00000017279,traf4,ENSGMOP00000017385,ENSGMOP00000017472,ENSGMOP00000017484,ENSGMOP00000017523,ENSGMOP00000017545,ENSGMOP00000017631,ENSGMOP00000017686,EPHA7,TCERG1,ENSGMOP00000017800,ENSGMOP00000017987,ENSGMOP00000018000,NPC1L1,ENSGMOP00000018142,ENSGMOP00000018360,LOC115548846,ENSGMOP00000018378,ENSGMOP00000018410,NFKBID,ENSGMOP00000018589,ARAP1,ENSGMOP00000018626,ENSGMOP00000018651,ENSGMOP00000018669,ENSGMOP00000018866,ENSGMOP00000018897,ENSGMOP00000018935,ENSGMOP00000018970,ENSGMOP00000019062,ENSGMOP00000019065,ENSGMOP00000019151,ENSGMOP00000019163,ENSGMOP00000019427,ENSGMOP00000019580,ENSGMOP00000019664,ENSGMOP00000019698,PITPNM2,ENSGMOP00000019803,ENSGMOP00000019825,ENSGMOP00000019925,ENSGMOP00000019958,ENSGMOP00000020014,ENSGMOP00000020017,ENSGMOP00000020089,ENSGMOP00000020136,ENSGMOP00000020209,SCAF8,ENSGMOP00000020283,ENSGMOP00000020316,ENSGMOP00000020324,ENSGMOP00000020356,ENSGMOP00000020378,ENSGMOP00000020575,PCLO,ENSGMOP00000020956,ENSGMOP00000021028,ENSGMOP00000021047,ENSGMOP00000021060,CTNND1,ENSGMOP00000021130,ENSGMOP00000021515,ENSGMOP00000021947
GO Function	GO:0098772	Molecular function regulator activity	61	1584	0.22	0.34	0.0152	8049.ENSGMOP00000000161,8049.ENSGMOP00000000191,8049.ENSGMOP00000000294,8049.ENSGMOP00000000394,8049.ENSGMOP00000000409,8049.ENSGMOP00000002031,8049.ENSGMOP00000002229,8049.ENSGMOP00000002237,8049.ENSGMOP00000002422,8049.ENSGMOP00000002701,8049.ENSGMOP00000002912,8049.ENSGMOP00000003381,8049.ENSGMOP00000003479,8049.ENSGMOP00000003911,8049.ENSGMOP00000004951,8049.ENSGMOP00000006350,8049.ENSGMOP00000006539,8049.ENSGMOP00000006699,8049.ENSGMOP00000007568,8049.ENSGMOP00000007826,8049.ENSGMOP00000008306,8049.ENSGMOP00000008308,8049.ENSGMOP00000008316,8049.ENSGMOP00000008382,8049.ENSGMOP00000008467,8049.ENSGMOP00000008938,8049.ENSGMOP00000009057,8049.ENSGMOP00000009658,8049.ENSGMOP00000010021,8049.ENSGMOP00000010033,8049.ENSGMOP00000010519,8049.ENSGMOP00000010611,8049.ENSGMOP00000011506,8049.ENSGMOP00000011626,8049.ENSGMOP00000012049,8049.ENSGMOP00000012157,8049.ENSGMOP00000012747,8049.ENSGMOP00000012990,8049.ENSGMOP00000013237,8049.ENSGMOP00000013289,8049.ENSGMOP00000013735,8049.ENSGMOP00000014701,8049.ENSGMOP00000014864,8049.ENSGMOP00000015763,8049.ENSGMOP00000016338,8049.ENSGMOP00000016370,8049.ENSGMOP00000016837,8049.ENSGMOP00000017646,8049.ENSGMOP00000017831,8049.ENSGMOP00000017996,8049.ENSGMOP00000018142,8049.ENSGMOP00000018313,8049.ENSGMOP00000018619,8049.ENSGMOP00000018876,8049.ENSGMOP00000019065,8049.ENSGMOP00000019575,8049.ENSGMOP00000019803,8049.ENSGMOP00000019806,8049.ENSGMOP00000019879,8049.ENSGMOP00000020184,8049.ENSGMOP00000021060	ENSGMOP00000000161,ENSGMOP00000000191,ENSGMOP00000000294,ENSGMOP00000000394,ENSGMOP00000000409,ENSGMOP00000002031,ENSGMOP00000002229,FGD6,ENSGMOP00000002422,ENSGMOP00000002701,ENSGMOP00000002912,ENSGMOP00000003381,ENSGMOP00000003479,ENSGMOP00000003911,ENSGMOP00000004951,ENSGMOP00000006350,ENSGMOP00000006539,ENSGMOP00000006699,ENSGMOP00000007568,SEMA6A,DOCK9,ENSGMOP00000008308,ENSGMOP00000008316,ENSGMOP00000008382,ENSGMOP00000008467,ENSGMOP00000008938,ENSGMOP00000009057,ENSGMOP00000009658,ENSGMOP00000010021,ENSGMOP00000010033,ENSGMOP00000010519,ENSGMOP00000010611,ENSGMOP00000011506,ARHGEF17,ENSGMOP00000012049,ENSGMOP00000012157,ENSGMOP00000012747,ENSGMOP00000012990,ENSGMOP00000013237,ENSGMOP00000013289,ENSGMOP00000013735,ENSGMOP00000014701,ARHGEF26,ENSGMOP00000015763,ENSGMOP00000016338,ENSGMOP00000016370,ENSGMOP00000016837,ENSGMOP00000017646,ENSGMOP00000017831,PLEKHG4B,ENSGMOP00000018142,IQSEC1,ARAP1,ENSGMOP00000018876,ENSGMOP00000019065,dock7,ENSGMOP00000019803,ENSGMOP00000019806,ENSGMOP00000019879,ENSGMOP00000020184,ENSGMOP00000021060
GO Function	GO:0043167	Ion binding	174	5976	0.1	0.28	0.0272	8049.ENSGMOP00000000029,8049.ENSGMOP00000000116,8049.ENSGMOP00000000192,8049.ENSGMOP00000000294,8049.ENSGMOP00000000295,8049.ENSGMOP00000000386,8049.ENSGMOP00000000394,8049.ENSGMOP00000000421,8049.ENSGMOP00000000510,8049.ENSGMOP00000000637,8049.ENSGMOP00000000638,8049.ENSGMOP00000000692,8049.ENSGMOP00000000741,8049.ENSGMOP00000000806,8049.ENSGMOP00000000860,8049.ENSGMOP00000001078,8049.ENSGMOP00000001090,8049.ENSGMOP00000001366,8049.ENSGMOP00000001522,8049.ENSGMOP00000001588,8049.ENSGMOP00000001688,8049.ENSGMOP00000002237,8049.ENSGMOP00000002428,8049.ENSGMOP00000002433,8049.ENSGMOP00000002624,8049.ENSGMOP00000002898,8049.ENSGMOP00000002985,8049.ENSGMOP00000003196,8049.ENSGMOP00000003229,8049.ENSGMOP00000003437,8049.ENSGMOP00000003590,8049.ENSGMOP00000003679,8049.ENSGMOP00000003697,8049.ENSGMOP00000003813,8049.ENSGMOP00000003815,8049.ENSGMOP00000003952,8049.ENSGMOP00000004408,8049.ENSGMOP00000004711,8049.ENSGMOP00000004735,8049.ENSGMOP00000004762,8049.ENSGMOP00000004779,8049.ENSGMOP00000004932,8049.ENSGMOP00000005043,8049.ENSGMOP00000005232,8049.ENSGMOP00000005256,8049.ENSGMOP00000005486,8049.ENSGMOP00000005539,8049.ENSGMOP00000005570,8049.ENSGMOP00000005593,8049.ENSGMOP00000005627,8049.ENSGMOP00000005743,8049.ENSGMOP00000005762,8049.ENSGMOP00000006065,8049.ENSGMOP00000006071,8049.ENSGMOP00000006144,8049.ENSGMOP00000006247,8049.ENSGMOP00000006307,8049.ENSGMOP00000006407,8049.ENSGMOP00000006445,8049.ENSGMOP00000006446,8049.ENSGMOP00000006481,8049.ENSGMOP00000006487,8049.ENSGMOP00000006535,8049.ENSGMOP00000006539,8049.ENSGMOP00000006558,8049.ENSGMOP00000006578,8049.ENSGMOP00000006608,8049.ENSGMOP00000006686,8049.ENSGMOP00000006709,8049.ENSGMOP00000006863,8049.ENSGMOP00000007208,8049.ENSGMOP00000007249,8049.ENSGMOP00000007259,8049.ENSGMOP00000007568,8049.ENSGMOP00000007861,8049.ENSGMOP00000007919,8049.ENSGMOP00000008308,8049.ENSGMOP00000008500,8049.ENSGMOP00000008547,8049.ENSGMOP00000008653,8049.ENSGMOP00000008706,8049.ENSGMOP00000008778,8049.ENSGMOP00000008869,8049.ENSGMOP00000009057,8049.ENSGMOP00000009058,8049.ENSGMOP00000009093,8049.ENSGMOP00000009663,8049.ENSGMOP00000009774,8049.ENSGMOP00000009796,8049.ENSGMOP00000010490,8049.ENSGMOP00000010518,8049.ENSGMOP00000010754,8049.ENSGMOP00000010761,8049.ENSGMOP00000010898,8049.ENSGMOP00000010933,8049.ENSGMOP00000011291,8049.ENSGMOP00000011309,8049.ENSGMOP00000011495,8049.ENSGMOP00000011615,8049.ENSGMOP00000011826,8049.ENSGMOP00000011999,8049.ENSGMOP00000012028,8049.ENSGMOP00000012049,8049.ENSGMOP00000012148,8049.ENSGMOP00000012195,8049.ENSGMOP00000012260,8049.ENSGMOP00000012426,8049.ENSGMOP00000012470,8049.ENSGMOP00000013133,8049.ENSGMOP00000013289,8049.ENSGMOP00000013403,8049.ENSGMOP00000013421,8049.ENSGMOP00000013478,8049.ENSGMOP00000013488,8049.ENSGMOP00000013595,8049.ENSGMOP00000013688,8049.ENSGMOP00000013716,8049.ENSGMOP00000013726,8049.ENSGMOP00000013905,8049.ENSGMOP00000013986,8049.ENSGMOP00000014028,8049.ENSGMOP00000014404,8049.ENSGMOP00000014551,8049.ENSGMOP00000014750,8049.ENSGMOP00000014980,8049.ENSGMOP00000015111,8049.ENSGMOP00000015213,8049.ENSGMOP00000015257,8049.ENSGMOP00000015404,8049.ENSGMOP00000015409,8049.ENSGMOP00000015513,8049.ENSGMOP00000015517,8049.ENSGMOP00000015883,8049.ENSGMOP00000016134,8049.ENSGMOP00000016210,8049.ENSGMOP00000016451,8049.ENSGMOP00000016514,8049.ENSGMOP00000016574,8049.ENSGMOP00000016689,8049.ENSGMOP00000016798,8049.ENSGMOP00000016804,8049.ENSGMOP00000016963,8049.ENSGMOP00000017194,8049.ENSGMOP00000017268,8049.ENSGMOP00000017345,8049.ENSGMOP00000017385,8049.ENSGMOP00000017523,8049.ENSGMOP00000017545,8049.ENSGMOP00000017631,8049.ENSGMOP00000017702,8049.ENSGMOP00000017987,8049.ENSGMOP00000018360,8049.ENSGMOP00000018378,8049.ENSGMOP00000018589,8049.ENSGMOP00000018619,8049.ENSGMOP00000018626,8049.ENSGMOP00000018669,8049.ENSGMOP00000018897,8049.ENSGMOP00000018970,8049.ENSGMOP00000019062,8049.ENSGMOP00000019065,8049.ENSGMOP00000019580,8049.ENSGMOP00000019765,8049.ENSGMOP00000019825,8049.ENSGMOP00000019925,8049.ENSGMOP00000019958,8049.ENSGMOP00000020324,8049.ENSGMOP00000020378,8049.ENSGMOP00000020575,8049.ENSGMOP00000020834,8049.ENSGMOP00000021028,8049.ENSGMOP00000021060,8049.ENSGMOP00000021130,8049.ENSGMOP00000021947	ENSGMOP00000000029,ENSGMOP00000000116,ENSGMOP00000000192,ENSGMOP00000000294,ENSGMOP00000000295,ENSGMOP00000000386,ENSGMOP00000000394,ENSGMOP00000000421,ENSGMOP00000000510,ENSGMOP00000000637,ENSGMOP00000000638,ENSGMOP00000000692,ENSGMOP00000000741,ENSGMOP00000000806,ENSGMOP00000000860,LTBP3,ENSGMOP00000001090,ENSGMOP00000001366,ENSGMOP00000001522,ENSGMOP00000001588,ENSGMOP00000001688,FGD6,ENSGMOP00000002428,ENSGMOP00000002433,ENSGMOP00000002624,ENSGMOP00000002898,ENSGMOP00000002985,ZNF521,ENSGMOP00000003229,ENSGMOP00000003437,ENSGMOP00000003590,ENSGMOP00000003679,ENSGMOP00000003697,ENSGMOP00000003813,ENSGMOP00000003815,ENSGMOP00000003952,ENSGMOP00000004408,ENSGMOP00000004711,ENSGMOP00000004735,ENSGMOP00000004762,ENSGMOP00000004779,ENSGMOP00000004932,ENSGMOP00000005043,ENSGMOP00000005232,ENSGMOP00000005256,ENSGMOP00000005486,ENSGMOP00000005539,ENSGMOP00000005570,PLEKHA5,ENSGMOP00000005627,ENSGMOP00000005743,ENSGMOP00000005762,ENSGMOP00000006065,ENSGMOP00000006071,ENSGMOP00000006144,ENSGMOP00000006247,ENSGMOP00000006307,ENSGMOP00000006407,ENSGMOP00000006445,vps18,ENSGMOP00000006481,cyld,ENSGMOP00000006535,ENSGMOP00000006539,ENSGMOP00000006558,ENSGMOP00000006578,ENSGMOP00000006608,LPP,ENSGMOP00000006709,ENSGMOP00000006863,ENSGMOP00000007208,ENSGMOP00000007249,ENSGMOP00000007259,ENSGMOP00000007568,ENSGMOP00000007861,ENSGMOP00000007919,ENSGMOP00000008308,ENSGMOP00000008500,ENSGMOP00000008547,ENSGMOP00000008653,ENSGMOP00000008706,ENSGMOP00000008778,ENSGMOP00000008869,ENSGMOP00000009057,ENSGMOP00000009058,ENSGMOP00000009093,ENSGMOP00000009663,ENSGMOP00000009774,ADAMTS20,ENSGMOP00000010490,ENSGMOP00000010518,ENSGMOP00000010754,ENSGMOP00000010761,ENSGMOP00000010898,ENSGMOP00000010933,ENSGMOP00000011291,ENSGMOP00000011309,ENSGMOP00000011495,ENSGMOP00000011615,ENSGMOP00000011826,ENSGMOP00000011999,ENSGMOP00000012028,ENSGMOP00000012049,EIF2AK4,ENSGMOP00000012195,ENSGMOP00000012260,ENSGMOP00000012426,ENSGMOP00000012470,ENSGMOP00000013133,ENSGMOP00000013289,ENSGMOP00000013403,ENSGMOP00000013421,ENSGMOP00000013478,ENSGMOP00000013488,MYO1D,ENSGMOP00000013688,ENSGMOP00000013716,ENSGMOP00000013726,ENSGMOP00000013905,ENSGMOP00000013986,ENSGMOP00000014028,ENSGMOP00000014404,ENSGMOP00000014551,TC2N,ENSGMOP00000014980,ENSGMOP00000015111,ENSGMOP00000015213,ENSGMOP00000015257,ENSGMOP00000015404,ENSGMOP00000015409,ENSGMOP00000015513,ENSGMOP00000015517,ENSGMOP00000015883,ENSGMOP00000016134,ENSGMOP00000016210,ENSGMOP00000016451,ENSGMOP00000016514,ENSGMOP00000016574,ENSGMOP00000016689,ENSGMOP00000016798,ENSGMOP00000016804,ATP13A3,nr2e1,DYNC2H1,traf4,ENSGMOP00000017385,ENSGMOP00000017523,ENSGMOP00000017545,ENSGMOP00000017631,EPHA7,ENSGMOP00000017987,ENSGMOP00000018360,ENSGMOP00000018378,ENSGMOP00000018589,ARAP1,ENSGMOP00000018626,ENSGMOP00000018669,ENSGMOP00000018897,ENSGMOP00000018970,ENSGMOP00000019062,ENSGMOP00000019065,ENSGMOP00000019580,PITPNM2,ENSGMOP00000019825,ENSGMOP00000019925,ENSGMOP00000019958,ENSGMOP00000020324,ENSGMOP00000020378,ENSGMOP00000020575,PCLO,ENSGMOP00000021028,ENSGMOP00000021060,ENSGMOP00000021130,ENSGMOP00000021947
GO Function	GO:0140657	ATP-dependent activity	29	598	0.33	0.31	0.0320	8049.ENSGMOP00000000421,8049.ENSGMOP00000001090,8049.ENSGMOP00000001588,8049.ENSGMOP00000002898,8049.ENSGMOP00000003229,8049.ENSGMOP00000003813,8049.ENSGMOP00000005256,8049.ENSGMOP00000005627,8049.ENSGMOP00000005762,8049.ENSGMOP00000006071,8049.ENSGMOP00000006247,8049.ENSGMOP00000006445,8049.ENSGMOP00000008500,8049.ENSGMOP00000009057,8049.ENSGMOP00000010925,8049.ENSGMOP00000011495,8049.ENSGMOP00000011826,8049.ENSGMOP00000012028,8049.ENSGMOP00000012260,8049.ENSGMOP00000013688,8049.ENSGMOP00000015257,8049.ENSGMOP00000016689,8049.ENSGMOP00000016963,8049.ENSGMOP00000017268,8049.ENSGMOP00000017631,8049.ENSGMOP00000017944,8049.ENSGMOP00000019580,8049.ENSGMOP00000020324,8049.ENSGMOP00000021060	ENSGMOP00000000421,ENSGMOP00000001090,ENSGMOP00000001588,ENSGMOP00000002898,ENSGMOP00000003229,ENSGMOP00000003813,ENSGMOP00000005256,ENSGMOP00000005627,ENSGMOP00000005762,ENSGMOP00000006071,ENSGMOP00000006247,ENSGMOP00000006445,ENSGMOP00000008500,ENSGMOP00000009057,ENSGMOP00000010925,ENSGMOP00000011495,ENSGMOP00000011826,ENSGMOP00000012028,ENSGMOP00000012260,ENSGMOP00000013688,ENSGMOP00000015257,ENSGMOP00000016689,ATP13A3,DYNC2H1,ENSGMOP00000017631,ENSGMOP00000017944,ENSGMOP00000019580,ENSGMOP00000020324,ENSGMOP00000021060
GO Component	GO:0110165	Cellular anatomical entity	455	18923	0.02	0.36	0.0013	8049.ENSGMOP00000000029,8049.ENSGMOP00000000041,8049.ENSGMOP00000000084,8049.ENSGMOP00000000116,8049.ENSGMOP00000000161,8049.ENSGMOP00000000191,8049.ENSGMOP00000000192,8049.ENSGMOP00000000276,8049.ENSGMOP00000000294,8049.ENSGMOP00000000295,8049.ENSGMOP00000000320,8049.ENSGMOP00000000386,8049.ENSGMOP00000000391,8049.ENSGMOP00000000394,8049.ENSGMOP00000000409,8049.ENSGMOP00000000421,8049.ENSGMOP00000000455,8049.ENSGMOP00000000507,8049.ENSGMOP00000000510,8049.ENSGMOP00000000608,8049.ENSGMOP00000000637,8049.ENSGMOP00000000638,8049.ENSGMOP00000000641,8049.ENSGMOP00000000655,8049.ENSGMOP00000000692,8049.ENSGMOP00000000734,8049.ENSGMOP00000000741,8049.ENSGMOP00000000797,8049.ENSGMOP00000000806,8049.ENSGMOP00000000858,8049.ENSGMOP00000000860,8049.ENSGMOP00000000993,8049.ENSGMOP00000001058,8049.ENSGMOP00000001078,8049.ENSGMOP00000001090,8049.ENSGMOP00000001118,8049.ENSGMOP00000001262,8049.ENSGMOP00000001334,8049.ENSGMOP00000001366,8049.ENSGMOP00000001522,8049.ENSGMOP00000001588,8049.ENSGMOP00000001688,8049.ENSGMOP00000001807,8049.ENSGMOP00000002031,8049.ENSGMOP00000002137,8049.ENSGMOP00000002159,8049.ENSGMOP00000002229,8049.ENSGMOP00000002237,8049.ENSGMOP00000002269,8049.ENSGMOP00000002293,8049.ENSGMOP00000002422,8049.ENSGMOP00000002428,8049.ENSGMOP00000002433,8049.ENSGMOP00000002561,8049.ENSGMOP00000002564,8049.ENSGMOP00000002624,8049.ENSGMOP00000002701,8049.ENSGMOP00000002747,8049.ENSGMOP00000002791,8049.ENSGMOP00000002866,8049.ENSGMOP00000002898,8049.ENSGMOP00000002912,8049.ENSGMOP00000002934,8049.ENSGMOP00000002960,8049.ENSGMOP00000002985,8049.ENSGMOP00000003073,8049.ENSGMOP00000003098,8049.ENSGMOP00000003196,8049.ENSGMOP00000003229,8049.ENSGMOP00000003331,8049.ENSGMOP00000003381,8049.ENSGMOP00000003437,8049.ENSGMOP00000003479,8049.ENSGMOP00000003483,8049.ENSGMOP00000003485,8049.ENSGMOP00000003514,8049.ENSGMOP00000003547,8049.ENSGMOP00000003590,8049.ENSGMOP00000003679,8049.ENSGMOP00000003697,8049.ENSGMOP00000003809,8049.ENSGMOP00000003813,8049.ENSGMOP00000003815,8049.ENSGMOP00000003911,8049.ENSGMOP00000003929,8049.ENSGMOP00000003952,8049.ENSGMOP00000004080,8049.ENSGMOP00000004084,8049.ENSGMOP00000004408,8049.ENSGMOP00000004491,8049.ENSGMOP00000004505,8049.ENSGMOP00000004711,8049.ENSGMOP00000004726,8049.ENSGMOP00000004735,8049.ENSGMOP00000004762,8049.ENSGMOP00000004779,8049.ENSGMOP00000004815,8049.ENSGMOP00000004825,8049.ENSGMOP00000004932,8049.ENSGMOP00000004951,8049.ENSGMOP00000005024,8049.ENSGMOP00000005043,8049.ENSGMOP00000005051,8049.ENSGMOP00000005084,8049.ENSGMOP00000005232,8049.ENSGMOP00000005256,8049.ENSGMOP00000005303,8049.ENSGMOP00000005306,8049.ENSGMOP00000005486,8049.ENSGMOP00000005539,8049.ENSGMOP00000005570,8049.ENSGMOP00000005593,8049.ENSGMOP00000005627,8049.ENSGMOP00000005714,8049.ENSGMOP00000005743,8049.ENSGMOP00000005762,8049.ENSGMOP00000005835,8049.ENSGMOP00000006045,8049.ENSGMOP00000006065,8049.ENSGMOP00000006071,8049.ENSGMOP00000006144,8049.ENSGMOP00000006247,8049.ENSGMOP00000006307,8049.ENSGMOP00000006350,8049.ENSGMOP00000006407,8049.ENSGMOP00000006445,8049.ENSGMOP00000006446,8049.ENSGMOP00000006481,8049.ENSGMOP00000006487,8049.ENSGMOP00000006501,8049.ENSGMOP00000006532,8049.ENSGMOP00000006535,8049.ENSGMOP00000006539,8049.ENSGMOP00000006558,8049.ENSGMOP00000006563,8049.ENSGMOP00000006578,8049.ENSGMOP00000006608,8049.ENSGMOP00000006664,8049.ENSGMOP00000006686,8049.ENSGMOP00000006699,8049.ENSGMOP00000006709,8049.ENSGMOP00000006782,8049.ENSGMOP00000006819,8049.ENSGMOP00000006851,8049.ENSGMOP00000006863,8049.ENSGMOP00000006898,8049.ENSGMOP00000006909,8049.ENSGMOP00000007000,8049.ENSGMOP00000007001,8049.ENSGMOP00000007071,8049.ENSGMOP00000007106,8049.ENSGMOP00000007129,8049.ENSGMOP00000007135,8049.ENSGMOP00000007150,8049.ENSGMOP00000007208,8049.ENSGMOP00000007249,8049.ENSGMOP00000007259,8049.ENSGMOP00000007415,8049.ENSGMOP00000007440,8049.ENSGMOP00000007501,8049.ENSGMOP00000007568,8049.ENSGMOP00000007573,8049.ENSGMOP00000007617,8049.ENSGMOP00000007702,8049.ENSGMOP00000007783,8049.ENSGMOP00000007826,8049.ENSGMOP00000007853,8049.ENSGMOP00000007861,8049.ENSGMOP00000007870,8049.ENSGMOP00000007903,8049.ENSGMOP00000007919,8049.ENSGMOP00000008048,8049.ENSGMOP00000008148,8049.ENSGMOP00000008306,8049.ENSGMOP00000008308,8049.ENSGMOP00000008316,8049.ENSGMOP00000008329,8049.ENSGMOP00000008361,8049.ENSGMOP00000008382,8049.ENSGMOP00000008467,8049.ENSGMOP00000008500,8049.ENSGMOP00000008547,8049.ENSGMOP00000008653,8049.ENSGMOP00000008706,8049.ENSGMOP00000008712,8049.ENSGMOP00000008756,8049.ENSGMOP00000008778,8049.ENSGMOP00000008869,8049.ENSGMOP00000008916,8049.ENSGMOP00000008938,8049.ENSGMOP00000009009,8049.ENSGMOP00000009025,8049.ENSGMOP00000009057,8049.ENSGMOP00000009058,8049.ENSGMOP00000009077,8049.ENSGMOP00000009093,8049.ENSGMOP00000009306,8049.ENSGMOP00000009422,8049.ENSGMOP00000009437,8049.ENSGMOP00000009512,8049.ENSGMOP00000009548,8049.ENSGMOP00000009574,8049.ENSGMOP00000009591,8049.ENSGMOP00000009620,8049.ENSGMOP00000009634,8049.ENSGMOP00000009658,8049.ENSGMOP00000009663,8049.ENSGMOP00000009693,8049.ENSGMOP00000009710,8049.ENSGMOP00000009774,8049.ENSGMOP00000009796,8049.ENSGMOP00000009830,8049.ENSGMOP00000009903,8049.ENSGMOP00000009927,8049.ENSGMOP00000010006,8049.ENSGMOP00000010021,8049.ENSGMOP00000010033,8049.ENSGMOP00000010153,8049.ENSGMOP00000010218,8049.ENSGMOP00000010407,8049.ENSGMOP00000010432,8049.ENSGMOP00000010490,8049.ENSGMOP00000010518,8049.ENSGMOP00000010519,8049.ENSGMOP00000010611,8049.ENSGMOP00000010644,8049.ENSGMOP00000010690,8049.ENSGMOP00000010754,8049.ENSGMOP00000010761,8049.ENSGMOP00000010783,8049.ENSGMOP00000010898,8049.ENSGMOP00000010925,8049.ENSGMOP00000010933,8049.ENSGMOP00000010949,8049.ENSGMOP00000010955,8049.ENSGMOP00000010993,8049.ENSGMOP00000011013,8049.ENSGMOP00000011071,8049.ENSGMOP00000011099,8049.ENSGMOP00000011291,8049.ENSGMOP00000011309,8049.ENSGMOP00000011336,8049.ENSGMOP00000011340,8049.ENSGMOP00000011350,8049.ENSGMOP00000011363,8049.ENSGMOP00000011399,8049.ENSGMOP00000011480,8049.ENSGMOP00000011495,8049.ENSGMOP00000011506,8049.ENSGMOP00000011615,8049.ENSGMOP00000011626,8049.ENSGMOP00000011656,8049.ENSGMOP00000011739,8049.ENSGMOP00000011775,8049.ENSGMOP00000011826,8049.ENSGMOP00000011875,8049.ENSGMOP00000011896,8049.ENSGMOP00000011929,8049.ENSGMOP00000011999,8049.ENSGMOP00000012028,8049.ENSGMOP00000012049,8049.ENSGMOP00000012148,8049.ENSGMOP00000012157,8049.ENSGMOP00000012195,8049.ENSGMOP00000012260,8049.ENSGMOP00000012426,8049.ENSGMOP00000012470,8049.ENSGMOP00000012747,8049.ENSGMOP00000012838,8049.ENSGMOP00000012848,8049.ENSGMOP00000012897,8049.ENSGMOP00000012990,8049.ENSGMOP00000013064,8049.ENSGMOP00000013107,8049.ENSGMOP00000013123,8049.ENSGMOP00000013133,8049.ENSGMOP00000013161,8049.ENSGMOP00000013163,8049.ENSGMOP00000013179,8049.ENSGMOP00000013199,8049.ENSGMOP00000013237,8049.ENSGMOP00000013289,8049.ENSGMOP00000013341,8049.ENSGMOP00000013403,8049.ENSGMOP00000013414,8049.ENSGMOP00000013421,8049.ENSGMOP00000013478,8049.ENSGMOP00000013488,8049.ENSGMOP00000013595,8049.ENSGMOP00000013688,8049.ENSGMOP00000013716,8049.ENSGMOP00000013726,8049.ENSGMOP00000013735,8049.ENSGMOP00000013771,8049.ENSGMOP00000013898,8049.ENSGMOP00000013905,8049.ENSGMOP00000013936,8049.ENSGMOP00000013951,8049.ENSGMOP00000013986,8049.ENSGMOP00000014028,8049.ENSGMOP00000014246,8049.ENSGMOP00000014278,8049.ENSGMOP00000014404,8049.ENSGMOP00000014411,8049.ENSGMOP00000014503,8049.ENSGMOP00000014551,8049.ENSGMOP00000014630,8049.ENSGMOP00000014674,8049.ENSGMOP00000014701,8049.ENSGMOP00000014750,8049.ENSGMOP00000014786,8049.ENSGMOP00000014864,8049.ENSGMOP00000014892,8049.ENSGMOP00000014931,8049.ENSGMOP00000014980,8049.ENSGMOP00000015029,8049.ENSGMOP00000015111,8049.ENSGMOP00000015213,8049.ENSGMOP00000015257,8049.ENSGMOP00000015260,8049.ENSGMOP00000015399,8049.ENSGMOP00000015404,8049.ENSGMOP00000015409,8049.ENSGMOP00000015513,8049.ENSGMOP00000015517,8049.ENSGMOP00000015595,8049.ENSGMOP00000015596,8049.ENSGMOP00000015608,8049.ENSGMOP00000015704,8049.ENSGMOP00000015763,8049.ENSGMOP00000015883,8049.ENSGMOP00000015921,8049.ENSGMOP00000015954,8049.ENSGMOP00000015958,8049.ENSGMOP00000016091,8049.ENSGMOP00000016093,8049.ENSGMOP00000016134,8049.ENSGMOP00000016163,8049.ENSGMOP00000016210,8049.ENSGMOP00000016299,8049.ENSGMOP00000016338,8049.ENSGMOP00000016347,8049.ENSGMOP00000016370,8049.ENSGMOP00000016451,8049.ENSGMOP00000016480,8049.ENSGMOP00000016514,8049.ENSGMOP00000016537,8049.ENSGMOP00000016574,8049.ENSGMOP00000016592,8049.ENSGMOP00000016636,8049.ENSGMOP00000016689,8049.ENSGMOP00000016695,8049.ENSGMOP00000016798,8049.ENSGMOP00000016804,8049.ENSGMOP00000016837,8049.ENSGMOP00000016963,8049.ENSGMOP00000016976,8049.ENSGMOP00000017060,8049.ENSGMOP00000017190,8049.ENSGMOP00000017194,8049.ENSGMOP00000017230,8049.ENSGMOP00000017268,8049.ENSGMOP00000017279,8049.ENSGMOP00000017317,8049.ENSGMOP00000017345,8049.ENSGMOP00000017367,8049.ENSGMOP00000017385,8049.ENSGMOP00000017401,8049.ENSGMOP00000017472,8049.ENSGMOP00000017484,8049.ENSGMOP00000017523,8049.ENSGMOP00000017545,8049.ENSGMOP00000017587,8049.ENSGMOP00000017628,8049.ENSGMOP00000017631,8049.ENSGMOP00000017646,8049.ENSGMOP00000017686,8049.ENSGMOP00000017702,8049.ENSGMOP00000017723,8049.ENSGMOP00000017800,8049.ENSGMOP00000017831,8049.ENSGMOP00000017842,8049.ENSGMOP00000017944,8049.ENSGMOP00000017946,8049.ENSGMOP00000017987,8049.ENSGMOP00000017996,8049.ENSGMOP00000018000,8049.ENSGMOP00000018054,8049.ENSGMOP00000018274,8049.ENSGMOP00000018313,8049.ENSGMOP00000018360,8049.ENSGMOP00000018368,8049.ENSGMOP00000018378,8049.ENSGMOP00000018410,8049.ENSGMOP00000018456,8049.ENSGMOP00000018508,8049.ENSGMOP00000018589,8049.ENSGMOP00000018619,8049.ENSGMOP00000018626,8049.ENSGMOP00000018651,8049.ENSGMOP00000018669,8049.ENSGMOP00000018687,8049.ENSGMOP00000018767,8049.ENSGMOP00000018866,8049.ENSGMOP00000018876,8049.ENSGMOP00000018897,8049.ENSGMOP00000018935,8049.ENSGMOP00000018970,8049.ENSGMOP00000018982,8049.ENSGMOP00000019062,8049.ENSGMOP00000019065,8049.ENSGMOP00000019151,8049.ENSGMOP00000019163,8049.ENSGMOP00000019302,8049.ENSGMOP00000019427,8049.ENSGMOP00000019499,8049.ENSGMOP00000019575,8049.ENSGMOP00000019580,8049.ENSGMOP00000019664,8049.ENSGMOP00000019698,8049.ENSGMOP00000019758,8049.ENSGMOP00000019765,8049.ENSGMOP00000019795,8049.ENSGMOP00000019803,8049.ENSGMOP00000019806,8049.ENSGMOP00000019825,8049.ENSGMOP00000019879,8049.ENSGMOP00000019925,8049.ENSGMOP00000019958,8049.ENSGMOP00000020014,8049.ENSGMOP00000020017,8049.ENSGMOP00000020089,8049.ENSGMOP00000020123,8049.ENSGMOP00000020136,8049.ENSGMOP00000020184,8049.ENSGMOP00000020209,8049.ENSGMOP00000020220,8049.ENSGMOP00000020283,8049.ENSGMOP00000020316,8049.ENSGMOP00000020324,8049.ENSGMOP00000020356,8049.ENSGMOP00000020378,8049.ENSGMOP00000020485,8049.ENSGMOP00000020575,8049.ENSGMOP00000020764,8049.ENSGMOP00000020834,8049.ENSGMOP00000020956,8049.ENSGMOP00000021028,8049.ENSGMOP00000021047,8049.ENSGMOP00000021060,8049.ENSGMOP00000021061,8049.ENSGMOP00000021130,8049.ENSGMOP00000021515,8049.ENSGMOP00000021771,8049.ENSGMOP00000021947	ENSGMOP00000000029,ENSGMOP00000000041,ENSGMOP00000000084,ENSGMOP00000000116,ENSGMOP00000000161,ENSGMOP00000000191,ENSGMOP00000000192,ENSGMOP00000000276,ENSGMOP00000000294,ENSGMOP00000000295,ENSGMOP00000000320,ENSGMOP00000000386,ENSGMOP00000000391,ENSGMOP00000000394,ENSGMOP00000000409,ENSGMOP00000000421,SHKBP1,ENSGMOP00000000507,ENSGMOP00000000510,ENSGMOP00000000608,ENSGMOP00000000637,ENSGMOP00000000638,ENSGMOP00000000641,ENSGMOP00000000655,ENSGMOP00000000692,MACF1,ENSGMOP00000000741,ENSGMOP00000000797,ENSGMOP00000000806,ENSGMOP00000000858,ENSGMOP00000000860,TMC6,MSI1,LTBP3,ENSGMOP00000001090,ENSGMOP00000001118,ENSGMOP00000001262,ENSGMOP00000001334,ENSGMOP00000001366,ENSGMOP00000001522,ENSGMOP00000001588,ENSGMOP00000001688,ENSGMOP00000001807,ENSGMOP00000002031,babam2,ENSGMOP00000002159,ENSGMOP00000002229,FGD6,ENSGMOP00000002269,ENSGMOP00000002293,ENSGMOP00000002422,ENSGMOP00000002428,ENSGMOP00000002433,HECTD4,ENSGMOP00000002564,ENSGMOP00000002624,ENSGMOP00000002701,ENSGMOP00000002747,ENSGMOP00000002791,ENSGMOP00000002866,ENSGMOP00000002898,ENSGMOP00000002912,ENSGMOP00000002934,ENSGMOP00000002960,ENSGMOP00000002985,ENSGMOP00000003073,ENSGMOP00000003098,ZNF521,ENSGMOP00000003229,ENSGMOP00000003331,ENSGMOP00000003381,ENSGMOP00000003437,ENSGMOP00000003479,LAMA3,ENSGMOP00000003485,ENSGMOP00000003514,ENSGMOP00000003547,ENSGMOP00000003590,ENSGMOP00000003679,ENSGMOP00000003697,ENSGMOP00000003809,ENSGMOP00000003813,ENSGMOP00000003815,ENSGMOP00000003911,ENSGMOP00000003929,ENSGMOP00000003952,ENSGMOP00000004080,ENSGMOP00000004084,ENSGMOP00000004408,ENSGMOP00000004491,ENSGMOP00000004505,ENSGMOP00000004711,ENSGMOP00000004726,ENSGMOP00000004735,ENSGMOP00000004762,ENSGMOP00000004779,chsy1,ENSGMOP00000004825,ENSGMOP00000004932,ENSGMOP00000004951,ENSGMOP00000005024,ENSGMOP00000005043,ENSGMOP00000005051,ENSGMOP00000005084,ENSGMOP00000005232,ENSGMOP00000005256,ENSGMOP00000005303,ENSGMOP00000005306,ENSGMOP00000005486,ENSGMOP00000005539,ENSGMOP00000005570,PLEKHA5,ENSGMOP00000005627,DST,ENSGMOP00000005743,ENSGMOP00000005762,ENSGMOP00000005835,ENSGMOP00000006045,ENSGMOP00000006065,ENSGMOP00000006071,ENSGMOP00000006144,ENSGMOP00000006247,ENSGMOP00000006307,ENSGMOP00000006350,ENSGMOP00000006407,ENSGMOP00000006445,vps18,ENSGMOP00000006481,cyld,ENSGMOP00000006501,ENSGMOP00000006532,ENSGMOP00000006535,ENSGMOP00000006539,ENSGMOP00000006558,ENSGMOP00000006563,ENSGMOP00000006578,ENSGMOP00000006608,ENSGMOP00000006664,LPP,ENSGMOP00000006699,ENSGMOP00000006709,ENSGMOP00000006782,ENSGMOP00000006819,ENSGMOP00000006851,ENSGMOP00000006863,ENSGMOP00000006898,ENSGMOP00000006909,ENSGMOP00000007000,ENSGMOP00000007001,ENSGMOP00000007071,ENSGMOP00000007106,ENSGMOP00000007129,ENSGMOP00000007135,ENSGMOP00000007150,ENSGMOP00000007208,ENSGMOP00000007249,ENSGMOP00000007259,ENSGMOP00000007415,ENSGMOP00000007440,ENSGMOP00000007501,ENSGMOP00000007568,ENSGMOP00000007573,ENSGMOP00000007617,ENSGMOP00000007702,ENSGMOP00000007783,SEMA6A,ENSGMOP00000007853,ENSGMOP00000007861,DMXL1,ENSGMOP00000007903,ENSGMOP00000007919,ENSGMOP00000008048,ENSGMOP00000008148,DOCK9,ENSGMOP00000008308,ENSGMOP00000008316,ENSGMOP00000008329,ENSGMOP00000008361,ENSGMOP00000008382,ENSGMOP00000008467,ENSGMOP00000008500,ENSGMOP00000008547,ENSGMOP00000008653,ENSGMOP00000008706,ENSGMOP00000008712,ENSGMOP00000008756,ENSGMOP00000008778,ENSGMOP00000008869,ENSGMOP00000008916,ENSGMOP00000008938,JMY,ENSGMOP00000009025,ENSGMOP00000009057,ENSGMOP00000009058,ENSGMOP00000009077,ENSGMOP00000009093,ENSGMOP00000009306,ENSGMOP00000009422,ENSGMOP00000009437,ENSGMOP00000009512,ENSGMOP00000009548,ENSGMOP00000009574,ENSGMOP00000009591,ENSGMOP00000009620,ENSGMOP00000009634,ENSGMOP00000009658,ENSGMOP00000009663,ENSGMOP00000009693,TIPARP,ENSGMOP00000009774,ADAMTS20,ENSGMOP00000009830,ENSGMOP00000009903,ENSGMOP00000009927,ENSGMOP00000010006,ENSGMOP00000010021,ENSGMOP00000010033,FAM126B,ENSGMOP00000010218,ENSGMOP00000010407,ENSGMOP00000010432,ENSGMOP00000010490,ENSGMOP00000010518,ENSGMOP00000010519,ENSGMOP00000010611,ENSGMOP00000010644,ANKRD50,ENSGMOP00000010754,ENSGMOP00000010761,COL25A1,ENSGMOP00000010898,ENSGMOP00000010925,ENSGMOP00000010933,ENSGMOP00000010949,ENSGMOP00000010955,ENSGMOP00000010993,ENSGMOP00000011013,ENSGMOP00000011071,ENSGMOP00000011099,ENSGMOP00000011291,ENSGMOP00000011309,ENSGMOP00000011336,COL12A1,ENSGMOP00000011350,ENSGMOP00000011363,ENSGMOP00000011399,ENSGMOP00000011480,ENSGMOP00000011495,ENSGMOP00000011506,ENSGMOP00000011615,ARHGEF17,ENSGMOP00000011656,TTN,ENSGMOP00000011775,ENSGMOP00000011826,ENSGMOP00000011875,ENSGMOP00000011896,CARMIL1,ENSGMOP00000011999,ENSGMOP00000012028,ENSGMOP00000012049,EIF2AK4,ENSGMOP00000012157,ENSGMOP00000012195,ENSGMOP00000012260,ENSGMOP00000012426,ENSGMOP00000012470,ENSGMOP00000012747,ENSGMOP00000012838,ENSGMOP00000012848,ENSGMOP00000012897,ENSGMOP00000012990,ENSGMOP00000013064,ENSGMOP00000013107,ENSGMOP00000013123,ENSGMOP00000013133,ENSGMOP00000013161,ENSGMOP00000013163,ENSGMOP00000013179,ENSGMOP00000013199,ENSGMOP00000013237,ENSGMOP00000013289,ENSGMOP00000013341,ENSGMOP00000013403,ENSGMOP00000013414,ENSGMOP00000013421,ENSGMOP00000013478,ENSGMOP00000013488,MYO1D,ENSGMOP00000013688,ENSGMOP00000013716,ENSGMOP00000013726,ENSGMOP00000013735,ENSGMOP00000013771,ENSGMOP00000013898,ENSGMOP00000013905,ENSGMOP00000013936,ENSGMOP00000013951,ENSGMOP00000013986,ENSGMOP00000014028,ENSGMOP00000014246,ENSGMOP00000014278,ENSGMOP00000014404,ENSGMOP00000014411,ENSGMOP00000014503,ENSGMOP00000014551,ENSGMOP00000014630,ENSGMOP00000014674,ENSGMOP00000014701,TC2N,ENSGMOP00000014786,ARHGEF26,ENSGMOP00000014892,ENSGMOP00000014931,ENSGMOP00000014980,ENSGMOP00000015029,ENSGMOP00000015111,ENSGMOP00000015213,ENSGMOP00000015257,ENSGMOP00000015260,ENSGMOP00000015399,ENSGMOP00000015404,ENSGMOP00000015409,ENSGMOP00000015513,ENSGMOP00000015517,ENSGMOP00000015595,ENSGMOP00000015596,ENSGMOP00000015608,ENSGMOP00000015704,ENSGMOP00000015763,ENSGMOP00000015883,ENSGMOP00000015921,ENSGMOP00000015954,ENSGMOP00000015958,ENSGMOP00000016091,ENSGMOP00000016093,ENSGMOP00000016134,LOC115530884,ENSGMOP00000016210,ENSGMOP00000016299,ENSGMOP00000016338,ENSGMOP00000016347,ENSGMOP00000016370,ENSGMOP00000016451,ENSGMOP00000016480,ENSGMOP00000016514,ENSGMOP00000016537,ENSGMOP00000016574,ENSGMOP00000016592,TANC2,ENSGMOP00000016689,ENSGMOP00000016695,ENSGMOP00000016798,ENSGMOP00000016804,ENSGMOP00000016837,ATP13A3,ENSGMOP00000016976,ENSGMOP00000017060,ENSGMOP00000017190,nr2e1,ENSGMOP00000017230,DYNC2H1,ENSGMOP00000017279,ENSGMOP00000017317,traf4,ENSGMOP00000017367,ENSGMOP00000017385,ENSGMOP00000017401,ENSGMOP00000017472,ENSGMOP00000017484,ENSGMOP00000017523,ENSGMOP00000017545,ENSGMOP00000017587,ENSGMOP00000017628,ENSGMOP00000017631,ENSGMOP00000017646,ENSGMOP00000017686,EPHA7,TCERG1,ENSGMOP00000017800,ENSGMOP00000017831,ENSGMOP00000017842,ENSGMOP00000017944,ENSGMOP00000017946,ENSGMOP00000017987,PLEKHG4B,ENSGMOP00000018000,NPC1L1,ENSGMOP00000018274,IQSEC1,ENSGMOP00000018360,LOC115548846,ENSGMOP00000018378,ENSGMOP00000018410,NFKBID,ENSGMOP00000018508,ENSGMOP00000018589,ARAP1,ENSGMOP00000018626,ENSGMOP00000018651,ENSGMOP00000018669,ENSGMOP00000018687,ENSGMOP00000018767,ENSGMOP00000018866,ENSGMOP00000018876,ENSGMOP00000018897,ENSGMOP00000018935,ENSGMOP00000018970,ENSGMOP00000018982,ENSGMOP00000019062,ENSGMOP00000019065,ENSGMOP00000019151,ENSGMOP00000019163,ENSGMOP00000019302,ENSGMOP00000019427,ENSGMOP00000019499,dock7,ENSGMOP00000019580,ENSGMOP00000019664,ENSGMOP00000019698,ENSGMOP00000019758,PITPNM2,ENSGMOP00000019795,ENSGMOP00000019803,ENSGMOP00000019806,ENSGMOP00000019825,ENSGMOP00000019879,ENSGMOP00000019925,ENSGMOP00000019958,ENSGMOP00000020014,ENSGMOP00000020017,ENSGMOP00000020089,ENSGMOP00000020123,ENSGMOP00000020136,ENSGMOP00000020184,ENSGMOP00000020209,SCAF8,ENSGMOP00000020283,ENSGMOP00000020316,ENSGMOP00000020324,ENSGMOP00000020356,ENSGMOP00000020378,LOC115556064,ENSGMOP00000020575,ENSGMOP00000020764,PCLO,ENSGMOP00000020956,ENSGMOP00000021028,ENSGMOP00000021047,ENSGMOP00000021060,CTNND1,ENSGMOP00000021130,ENSGMOP00000021515,ENSGMOP00000021771,ENSGMOP00000021947
GO Component	GO:0005856	Cytoskeleton	75	1887	0.24	0.44	0.0019	8049.ENSGMOP00000000276,8049.ENSGMOP00000000295,8049.ENSGMOP00000000386,8049.ENSGMOP00000000409,8049.ENSGMOP00000000421,8049.ENSGMOP00000000507,8049.ENSGMOP00000000655,8049.ENSGMOP00000000734,8049.ENSGMOP00000000858,8049.ENSGMOP00000001588,8049.ENSGMOP00000001807,8049.ENSGMOP00000002237,8049.ENSGMOP00000002422,8049.ENSGMOP00000002960,8049.ENSGMOP00000003073,8049.ENSGMOP00000003547,8049.ENSGMOP00000003697,8049.ENSGMOP00000005486,8049.ENSGMOP00000005714,8049.ENSGMOP00000006071,8049.ENSGMOP00000006247,8049.ENSGMOP00000006487,8049.ENSGMOP00000006664,8049.ENSGMOP00000006686,8049.ENSGMOP00000007000,8049.ENSGMOP00000007001,8049.ENSGMOP00000007415,8049.ENSGMOP00000007501,8049.ENSGMOP00000008500,8049.ENSGMOP00000009009,8049.ENSGMOP00000009057,8049.ENSGMOP00000010407,8049.ENSGMOP00000010611,8049.ENSGMOP00000010761,8049.ENSGMOP00000010955,8049.ENSGMOP00000011071,8049.ENSGMOP00000011480,8049.ENSGMOP00000011656,8049.ENSGMOP00000011826,8049.ENSGMOP00000011929,8049.ENSGMOP00000012028,8049.ENSGMOP00000012260,8049.ENSGMOP00000012897,8049.ENSGMOP00000013161,8049.ENSGMOP00000013237,8049.ENSGMOP00000013595,8049.ENSGMOP00000013688,8049.ENSGMOP00000013716,8049.ENSGMOP00000013898,8049.ENSGMOP00000014503,8049.ENSGMOP00000014786,8049.ENSGMOP00000014892,8049.ENSGMOP00000015399,8049.ENSGMOP00000016134,8049.ENSGMOP00000016299,8049.ENSGMOP00000016689,8049.ENSGMOP00000017268,8049.ENSGMOP00000017628,8049.ENSGMOP00000017631,8049.ENSGMOP00000017686,8049.ENSGMOP00000018410,8049.ENSGMOP00000018687,8049.ENSGMOP00000018876,8049.ENSGMOP00000018897,8049.ENSGMOP00000018970,8049.ENSGMOP00000019065,8049.ENSGMOP00000019664,8049.ENSGMOP00000019958,8049.ENSGMOP00000020017,8049.ENSGMOP00000020089,8049.ENSGMOP00000020136,8049.ENSGMOP00000020283,8049.ENSGMOP00000020324,8049.ENSGMOP00000020834,8049.ENSGMOP00000021060	ENSGMOP00000000276,ENSGMOP00000000295,ENSGMOP00000000386,ENSGMOP00000000409,ENSGMOP00000000421,ENSGMOP00000000507,ENSGMOP00000000655,MACF1,ENSGMOP00000000858,ENSGMOP00000001588,ENSGMOP00000001807,FGD6,ENSGMOP00000002422,ENSGMOP00000002960,ENSGMOP00000003073,ENSGMOP00000003547,ENSGMOP00000003697,ENSGMOP00000005486,DST,ENSGMOP00000006071,ENSGMOP00000006247,cyld,ENSGMOP00000006664,LPP,ENSGMOP00000007000,ENSGMOP00000007001,ENSGMOP00000007415,ENSGMOP00000007501,ENSGMOP00000008500,JMY,ENSGMOP00000009057,ENSGMOP00000010407,ENSGMOP00000010611,ENSGMOP00000010761,ENSGMOP00000010955,ENSGMOP00000011071,ENSGMOP00000011480,ENSGMOP00000011656,ENSGMOP00000011826,CARMIL1,ENSGMOP00000012028,ENSGMOP00000012260,ENSGMOP00000012897,ENSGMOP00000013161,ENSGMOP00000013237,MYO1D,ENSGMOP00000013688,ENSGMOP00000013716,ENSGMOP00000013898,ENSGMOP00000014503,ENSGMOP00000014786,ENSGMOP00000014892,ENSGMOP00000015399,ENSGMOP00000016134,ENSGMOP00000016299,ENSGMOP00000016689,DYNC2H1,ENSGMOP00000017628,ENSGMOP00000017631,ENSGMOP00000017686,ENSGMOP00000018410,ENSGMOP00000018687,ENSGMOP00000018876,ENSGMOP00000018897,ENSGMOP00000018970,ENSGMOP00000019065,ENSGMOP00000019664,ENSGMOP00000019958,ENSGMOP00000020017,ENSGMOP00000020089,ENSGMOP00000020136,ENSGMOP00000020283,ENSGMOP00000020324,PCLO,ENSGMOP00000021060
GO Component	GO:0016459	Myosin complex	11	81	0.77	0.59	0.0028	8049.ENSGMOP00000001588,8049.ENSGMOP00000006071,8049.ENSGMOP00000006247,8049.ENSGMOP00000009057,8049.ENSGMOP00000010761,8049.ENSGMOP00000012028,8049.ENSGMOP00000012260,8049.ENSGMOP00000013595,8049.ENSGMOP00000016689,8049.ENSGMOP00000017631,8049.ENSGMOP00000021060	ENSGMOP00000001588,ENSGMOP00000006071,ENSGMOP00000006247,ENSGMOP00000009057,ENSGMOP00000010761,ENSGMOP00000012028,ENSGMOP00000012260,MYO1D,ENSGMOP00000016689,ENSGMOP00000017631,ENSGMOP00000021060
GO Component	GO:0071944	Cell periphery	161	5178	0.13	0.38	0.0033	8049.ENSGMOP00000000161,8049.ENSGMOP00000000191,8049.ENSGMOP00000000192,8049.ENSGMOP00000000276,8049.ENSGMOP00000000294,8049.ENSGMOP00000000386,8049.ENSGMOP00000000391,8049.ENSGMOP00000000394,8049.ENSGMOP00000000637,8049.ENSGMOP00000000734,8049.ENSGMOP00000000741,8049.ENSGMOP00000000797,8049.ENSGMOP00000000860,8049.ENSGMOP00000000993,8049.ENSGMOP00000001078,8049.ENSGMOP00000001334,8049.ENSGMOP00000001366,8049.ENSGMOP00000001522,8049.ENSGMOP00000001588,8049.ENSGMOP00000001688,8049.ENSGMOP00000002159,8049.ENSGMOP00000002293,8049.ENSGMOP00000002433,8049.ENSGMOP00000002791,8049.ENSGMOP00000002934,8049.ENSGMOP00000002960,8049.ENSGMOP00000002985,8049.ENSGMOP00000003098,8049.ENSGMOP00000003483,8049.ENSGMOP00000003485,8049.ENSGMOP00000003911,8049.ENSGMOP00000003929,8049.ENSGMOP00000003952,8049.ENSGMOP00000004408,8049.ENSGMOP00000004711,8049.ENSGMOP00000004735,8049.ENSGMOP00000004825,8049.ENSGMOP00000004932,8049.ENSGMOP00000005232,8049.ENSGMOP00000005256,8049.ENSGMOP00000005303,8049.ENSGMOP00000005306,8049.ENSGMOP00000005539,8049.ENSGMOP00000005627,8049.ENSGMOP00000005714,8049.ENSGMOP00000005762,8049.ENSGMOP00000006247,8049.ENSGMOP00000006407,8049.ENSGMOP00000006487,8049.ENSGMOP00000006532,8049.ENSGMOP00000006539,8049.ENSGMOP00000006578,8049.ENSGMOP00000006664,8049.ENSGMOP00000006782,8049.ENSGMOP00000006898,8049.ENSGMOP00000007001,8049.ENSGMOP00000007129,8049.ENSGMOP00000007415,8049.ENSGMOP00000007501,8049.ENSGMOP00000007568,8049.ENSGMOP00000007826,8049.ENSGMOP00000007903,8049.ENSGMOP00000008316,8049.ENSGMOP00000008329,8049.ENSGMOP00000008382,8049.ENSGMOP00000008756,8049.ENSGMOP00000008778,8049.ENSGMOP00000008869,8049.ENSGMOP00000009025,8049.ENSGMOP00000009058,8049.ENSGMOP00000009077,8049.ENSGMOP00000009620,8049.ENSGMOP00000009693,8049.ENSGMOP00000009796,8049.ENSGMOP00000009830,8049.ENSGMOP00000010006,8049.ENSGMOP00000010153,8049.ENSGMOP00000010490,8049.ENSGMOP00000010518,8049.ENSGMOP00000010519,8049.ENSGMOP00000010644,8049.ENSGMOP00000010783,8049.ENSGMOP00000010925,8049.ENSGMOP00000010993,8049.ENSGMOP00000011291,8049.ENSGMOP00000011309,8049.ENSGMOP00000011340,8049.ENSGMOP00000011350,8049.ENSGMOP00000011775,8049.ENSGMOP00000011929,8049.ENSGMOP00000011999,8049.ENSGMOP00000012049,8049.ENSGMOP00000012157,8049.ENSGMOP00000012260,8049.ENSGMOP00000012747,8049.ENSGMOP00000012838,8049.ENSGMOP00000012990,8049.ENSGMOP00000013107,8049.ENSGMOP00000013161,8049.ENSGMOP00000013179,8049.ENSGMOP00000013237,8049.ENSGMOP00000013403,8049.ENSGMOP00000013421,8049.ENSGMOP00000013488,8049.ENSGMOP00000013595,8049.ENSGMOP00000013936,8049.ENSGMOP00000013951,8049.ENSGMOP00000014246,8049.ENSGMOP00000014503,8049.ENSGMOP00000014551,8049.ENSGMOP00000014630,8049.ENSGMOP00000014931,8049.ENSGMOP00000014980,8049.ENSGMOP00000015029,8049.ENSGMOP00000015213,8049.ENSGMOP00000015404,8049.ENSGMOP00000015595,8049.ENSGMOP00000015763,8049.ENSGMOP00000015958,8049.ENSGMOP00000016299,8049.ENSGMOP00000016347,8049.ENSGMOP00000016451,8049.ENSGMOP00000016574,8049.ENSGMOP00000016695,8049.ENSGMOP00000016798,8049.ENSGMOP00000017190,8049.ENSGMOP00000017367,8049.ENSGMOP00000017472,8049.ENSGMOP00000017523,8049.ENSGMOP00000017646,8049.ENSGMOP00000017686,8049.ENSGMOP00000017702,8049.ENSGMOP00000017800,8049.ENSGMOP00000017831,8049.ENSGMOP00000017842,8049.ENSGMOP00000017944,8049.ENSGMOP00000018000,8049.ENSGMOP00000018054,8049.ENSGMOP00000018368,8049.ENSGMOP00000018410,8049.ENSGMOP00000018508,8049.ENSGMOP00000018767,8049.ENSGMOP00000018897,8049.ENSGMOP00000018970,8049.ENSGMOP00000019065,8049.ENSGMOP00000019302,8049.ENSGMOP00000019427,8049.ENSGMOP00000019698,8049.ENSGMOP00000019758,8049.ENSGMOP00000019795,8049.ENSGMOP00000019803,8049.ENSGMOP00000019958,8049.ENSGMOP00000020017,8049.ENSGMOP00000020136,8049.ENSGMOP00000020283,8049.ENSGMOP00000020485,8049.ENSGMOP00000020764,8049.ENSGMOP00000020834,8049.ENSGMOP00000021061,8049.ENSGMOP00000021130,8049.ENSGMOP00000021771	ENSGMOP00000000161,ENSGMOP00000000191,ENSGMOP00000000192,ENSGMOP00000000276,ENSGMOP00000000294,ENSGMOP00000000386,ENSGMOP00000000391,ENSGMOP00000000394,ENSGMOP00000000637,MACF1,ENSGMOP00000000741,ENSGMOP00000000797,ENSGMOP00000000860,TMC6,LTBP3,ENSGMOP00000001334,ENSGMOP00000001366,ENSGMOP00000001522,ENSGMOP00000001588,ENSGMOP00000001688,ENSGMOP00000002159,ENSGMOP00000002293,ENSGMOP00000002433,ENSGMOP00000002791,ENSGMOP00000002934,ENSGMOP00000002960,ENSGMOP00000002985,ENSGMOP00000003098,LAMA3,ENSGMOP00000003485,ENSGMOP00000003911,ENSGMOP00000003929,ENSGMOP00000003952,ENSGMOP00000004408,ENSGMOP00000004711,ENSGMOP00000004735,ENSGMOP00000004825,ENSGMOP00000004932,ENSGMOP00000005232,ENSGMOP00000005256,ENSGMOP00000005303,ENSGMOP00000005306,ENSGMOP00000005539,ENSGMOP00000005627,DST,ENSGMOP00000005762,ENSGMOP00000006247,ENSGMOP00000006407,cyld,ENSGMOP00000006532,ENSGMOP00000006539,ENSGMOP00000006578,ENSGMOP00000006664,ENSGMOP00000006782,ENSGMOP00000006898,ENSGMOP00000007001,ENSGMOP00000007129,ENSGMOP00000007415,ENSGMOP00000007501,ENSGMOP00000007568,SEMA6A,ENSGMOP00000007903,ENSGMOP00000008316,ENSGMOP00000008329,ENSGMOP00000008382,ENSGMOP00000008756,ENSGMOP00000008778,ENSGMOP00000008869,ENSGMOP00000009025,ENSGMOP00000009058,ENSGMOP00000009077,ENSGMOP00000009620,ENSGMOP00000009693,ADAMTS20,ENSGMOP00000009830,ENSGMOP00000010006,FAM126B,ENSGMOP00000010490,ENSGMOP00000010518,ENSGMOP00000010519,ENSGMOP00000010644,COL25A1,ENSGMOP00000010925,ENSGMOP00000010993,ENSGMOP00000011291,ENSGMOP00000011309,COL12A1,ENSGMOP00000011350,ENSGMOP00000011775,CARMIL1,ENSGMOP00000011999,ENSGMOP00000012049,ENSGMOP00000012157,ENSGMOP00000012260,ENSGMOP00000012747,ENSGMOP00000012838,ENSGMOP00000012990,ENSGMOP00000013107,ENSGMOP00000013161,ENSGMOP00000013179,ENSGMOP00000013237,ENSGMOP00000013403,ENSGMOP00000013421,ENSGMOP00000013488,MYO1D,ENSGMOP00000013936,ENSGMOP00000013951,ENSGMOP00000014246,ENSGMOP00000014503,ENSGMOP00000014551,ENSGMOP00000014630,ENSGMOP00000014931,ENSGMOP00000014980,ENSGMOP00000015029,ENSGMOP00000015213,ENSGMOP00000015404,ENSGMOP00000015595,ENSGMOP00000015763,ENSGMOP00000015958,ENSGMOP00000016299,ENSGMOP00000016347,ENSGMOP00000016451,ENSGMOP00000016574,ENSGMOP00000016695,ENSGMOP00000016798,ENSGMOP00000017190,ENSGMOP00000017367,ENSGMOP00000017472,ENSGMOP00000017523,ENSGMOP00000017646,ENSGMOP00000017686,EPHA7,ENSGMOP00000017800,ENSGMOP00000017831,ENSGMOP00000017842,ENSGMOP00000017944,ENSGMOP00000018000,NPC1L1,LOC115548846,ENSGMOP00000018410,ENSGMOP00000018508,ENSGMOP00000018767,ENSGMOP00000018897,ENSGMOP00000018970,ENSGMOP00000019065,ENSGMOP00000019302,ENSGMOP00000019427,ENSGMOP00000019698,ENSGMOP00000019758,ENSGMOP00000019795,ENSGMOP00000019803,ENSGMOP00000019958,ENSGMOP00000020017,ENSGMOP00000020136,ENSGMOP00000020283,LOC115556064,ENSGMOP00000020764,PCLO,CTNND1,ENSGMOP00000021130,ENSGMOP00000021771
GO Component	GO:0062023	Collagen-containing extracellular matrix	18	275	0.46	0.34	0.0301	8049.ENSGMOP00000000797,8049.ENSGMOP00000001078,8049.ENSGMOP00000001688,8049.ENSGMOP00000003483,8049.ENSGMOP00000004711,8049.ENSGMOP00000005306,8049.ENSGMOP00000008329,8049.ENSGMOP00000008382,8049.ENSGMOP00000009025,8049.ENSGMOP00000009058,8049.ENSGMOP00000009077,8049.ENSGMOP00000010490,8049.ENSGMOP00000010783,8049.ENSGMOP00000011340,8049.ENSGMOP00000016347,8049.ENSGMOP00000017367,8049.ENSGMOP00000017800,8049.ENSGMOP00000017842	ENSGMOP00000000797,LTBP3,ENSGMOP00000001688,LAMA3,ENSGMOP00000004711,ENSGMOP00000005306,ENSGMOP00000008329,ENSGMOP00000008382,ENSGMOP00000009025,ENSGMOP00000009058,ENSGMOP00000009077,ENSGMOP00000010490,COL25A1,COL12A1,ENSGMOP00000016347,ENSGMOP00000017367,ENSGMOP00000017800,ENSGMOP00000017842
GO Component	GO:0030054	Cell junction	60	1603	0.21	0.29	0.0328	8049.ENSGMOP00000000394,8049.ENSGMOP00000000637,8049.ENSGMOP00000000734,8049.ENSGMOP00000000860,8049.ENSGMOP00000002422,8049.ENSGMOP00000002985,8049.ENSGMOP00000003073,8049.ENSGMOP00000003483,8049.ENSGMOP00000003929,8049.ENSGMOP00000003952,8049.ENSGMOP00000004932,8049.ENSGMOP00000005232,8049.ENSGMOP00000005303,8049.ENSGMOP00000005306,8049.ENSGMOP00000005593,8049.ENSGMOP00000005714,8049.ENSGMOP00000006407,8049.ENSGMOP00000006558,8049.ENSGMOP00000006563,8049.ENSGMOP00000006686,8049.ENSGMOP00000006782,8049.ENSGMOP00000007001,8049.ENSGMOP00000007415,8049.ENSGMOP00000008778,8049.ENSGMOP00000009057,8049.ENSGMOP00000010006,8049.ENSGMOP00000011099,8049.ENSGMOP00000011480,8049.ENSGMOP00000011506,8049.ENSGMOP00000011775,8049.ENSGMOP00000011875,8049.ENSGMOP00000012747,8049.ENSGMOP00000012838,8049.ENSGMOP00000013179,8049.ENSGMOP00000013488,8049.ENSGMOP00000013735,8049.ENSGMOP00000014630,8049.ENSGMOP00000014931,8049.ENSGMOP00000015260,8049.ENSGMOP00000015763,8049.ENSGMOP00000015958,8049.ENSGMOP00000016299,8049.ENSGMOP00000016636,8049.ENSGMOP00000016837,8049.ENSGMOP00000017523,8049.ENSGMOP00000017831,8049.ENSGMOP00000018313,8049.ENSGMOP00000018876,8049.ENSGMOP00000018897,8049.ENSGMOP00000018970,8049.ENSGMOP00000019499,8049.ENSGMOP00000019698,8049.ENSGMOP00000019958,8049.ENSGMOP00000020017,8049.ENSGMOP00000020136,8049.ENSGMOP00000020184,8049.ENSGMOP00000020283,8049.ENSGMOP00000020834,8049.ENSGMOP00000021060,8049.ENSGMOP00000021061	ENSGMOP00000000394,ENSGMOP00000000637,MACF1,ENSGMOP00000000860,ENSGMOP00000002422,ENSGMOP00000002985,ENSGMOP00000003073,LAMA3,ENSGMOP00000003929,ENSGMOP00000003952,ENSGMOP00000004932,ENSGMOP00000005232,ENSGMOP00000005303,ENSGMOP00000005306,PLEKHA5,DST,ENSGMOP00000006407,ENSGMOP00000006558,ENSGMOP00000006563,LPP,ENSGMOP00000006782,ENSGMOP00000007001,ENSGMOP00000007415,ENSGMOP00000008778,ENSGMOP00000009057,ENSGMOP00000010006,ENSGMOP00000011099,ENSGMOP00000011480,ENSGMOP00000011506,ENSGMOP00000011775,ENSGMOP00000011875,ENSGMOP00000012747,ENSGMOP00000012838,ENSGMOP00000013179,ENSGMOP00000013488,ENSGMOP00000013735,ENSGMOP00000014630,ENSGMOP00000014931,ENSGMOP00000015260,ENSGMOP00000015763,ENSGMOP00000015958,ENSGMOP00000016299,TANC2,ENSGMOP00000016837,ENSGMOP00000017523,ENSGMOP00000017831,IQSEC1,ENSGMOP00000018876,ENSGMOP00000018897,ENSGMOP00000018970,ENSGMOP00000019499,ENSGMOP00000019698,ENSGMOP00000019958,ENSGMOP00000020017,ENSGMOP00000020136,ENSGMOP00000020184,ENSGMOP00000020283,PCLO,ENSGMOP00000021060,CTNND1
GO Component	GO:0031012	Extracellular matrix	24	443	0.37	0.32	0.0328	8049.ENSGMOP00000000797,8049.ENSGMOP00000001078,8049.ENSGMOP00000001688,8049.ENSGMOP00000003483,8049.ENSGMOP00000004711,8049.ENSGMOP00000004825,8049.ENSGMOP00000005306,8049.ENSGMOP00000008329,8049.ENSGMOP00000008382,8049.ENSGMOP00000009025,8049.ENSGMOP00000009058,8049.ENSGMOP00000009077,8049.ENSGMOP00000009796,8049.ENSGMOP00000009830,8049.ENSGMOP00000010490,8049.ENSGMOP00000010783,8049.ENSGMOP00000011340,8049.ENSGMOP00000016347,8049.ENSGMOP00000017367,8049.ENSGMOP00000017800,8049.ENSGMOP00000017842,8049.ENSGMOP00000019427,8049.ENSGMOP00000019795,8049.ENSGMOP00000019803	ENSGMOP00000000797,LTBP3,ENSGMOP00000001688,LAMA3,ENSGMOP00000004711,ENSGMOP00000004825,ENSGMOP00000005306,ENSGMOP00000008329,ENSGMOP00000008382,ENSGMOP00000009025,ENSGMOP00000009058,ENSGMOP00000009077,ADAMTS20,ENSGMOP00000009830,ENSGMOP00000010490,COL25A1,COL12A1,ENSGMOP00000016347,ENSGMOP00000017367,ENSGMOP00000017800,ENSGMOP00000017842,ENSGMOP00000019427,ENSGMOP00000019795,ENSGMOP00000019803
GO Component	GO:0099512	Supramolecular fiber	32	695	0.3	0.31	0.0335	8049.ENSGMOP00000000276,8049.ENSGMOP00000000421,8049.ENSGMOP00000000507,8049.ENSGMOP00000000734,8049.ENSGMOP00000001588,8049.ENSGMOP00000001807,8049.ENSGMOP00000005714,8049.ENSGMOP00000006071,8049.ENSGMOP00000006487,8049.ENSGMOP00000006501,8049.ENSGMOP00000006664,8049.ENSGMOP00000007000,8049.ENSGMOP00000007001,8049.ENSGMOP00000008500,8049.ENSGMOP00000009057,8049.ENSGMOP00000010761,8049.ENSGMOP00000011480,8049.ENSGMOP00000012028,8049.ENSGMOP00000012897,8049.ENSGMOP00000013161,8049.ENSGMOP00000013199,8049.ENSGMOP00000013237,8049.ENSGMOP00000013688,8049.ENSGMOP00000014411,8049.ENSGMOP00000014503,8049.ENSGMOP00000016299,8049.ENSGMOP00000017268,8049.ENSGMOP00000017631,8049.ENSGMOP00000017686,8049.ENSGMOP00000020283,8049.ENSGMOP00000020324,8049.ENSGMOP00000021060	ENSGMOP00000000276,ENSGMOP00000000421,ENSGMOP00000000507,MACF1,ENSGMOP00000001588,ENSGMOP00000001807,DST,ENSGMOP00000006071,cyld,ENSGMOP00000006501,ENSGMOP00000006664,ENSGMOP00000007000,ENSGMOP00000007001,ENSGMOP00000008500,ENSGMOP00000009057,ENSGMOP00000010761,ENSGMOP00000011480,ENSGMOP00000012028,ENSGMOP00000012897,ENSGMOP00000013161,ENSGMOP00000013199,ENSGMOP00000013237,ENSGMOP00000013688,ENSGMOP00000014411,ENSGMOP00000014503,ENSGMOP00000016299,DYNC2H1,ENSGMOP00000017631,ENSGMOP00000017686,ENSGMOP00000020283,ENSGMOP00000020324,ENSGMOP00000021060
GO Component	GO:0015629	Actin cytoskeleton	21	384	0.38	0.3	0.0404	8049.ENSGMOP00000000507,8049.ENSGMOP00000001588,8049.ENSGMOP00000006071,8049.ENSGMOP00000006247,8049.ENSGMOP00000006686,8049.ENSGMOP00000007415,8049.ENSGMOP00000009057,8049.ENSGMOP00000010761,8049.ENSGMOP00000011480,8049.ENSGMOP00000011656,8049.ENSGMOP00000011929,8049.ENSGMOP00000012028,8049.ENSGMOP00000012260,8049.ENSGMOP00000013595,8049.ENSGMOP00000014503,8049.ENSGMOP00000016689,8049.ENSGMOP00000017631,8049.ENSGMOP00000018410,8049.ENSGMOP00000019664,8049.ENSGMOP00000020017,8049.ENSGMOP00000021060	ENSGMOP00000000507,ENSGMOP00000001588,ENSGMOP00000006071,ENSGMOP00000006247,LPP,ENSGMOP00000007415,ENSGMOP00000009057,ENSGMOP00000010761,ENSGMOP00000011480,ENSGMOP00000011656,CARMIL1,ENSGMOP00000012028,ENSGMOP00000012260,MYO1D,ENSGMOP00000014503,ENSGMOP00000016689,ENSGMOP00000017631,ENSGMOP00000018410,ENSGMOP00000019664,ENSGMOP00000020017,ENSGMOP00000021060
GO Component	GO:0030424	Axon	21	390	0.37	0.3	0.0449	8049.ENSGMOP00000000192,8049.ENSGMOP00000000276,8049.ENSGMOP00000005303,8049.ENSGMOP00000006407,8049.ENSGMOP00000007415,8049.ENSGMOP00000009057,8049.ENSGMOP00000010993,8049.ENSGMOP00000011506,8049.ENSGMOP00000013237,8049.ENSGMOP00000013403,8049.ENSGMOP00000013488,8049.ENSGMOP00000015763,8049.ENSGMOP00000016451,8049.ENSGMOP00000016574,8049.ENSGMOP00000016636,8049.ENSGMOP00000016695,8049.ENSGMOP00000018982,8049.ENSGMOP00000019958,8049.ENSGMOP00000020324,8049.ENSGMOP00000020834,8049.ENSGMOP00000021060	ENSGMOP00000000192,ENSGMOP00000000276,ENSGMOP00000005303,ENSGMOP00000006407,ENSGMOP00000007415,ENSGMOP00000009057,ENSGMOP00000010993,ENSGMOP00000011506,ENSGMOP00000013237,ENSGMOP00000013403,ENSGMOP00000013488,ENSGMOP00000015763,ENSGMOP00000016451,ENSGMOP00000016574,TANC2,ENSGMOP00000016695,ENSGMOP00000018982,ENSGMOP00000019958,ENSGMOP00000020324,PCLO,ENSGMOP00000021060
STRING clusters	CL:1084	Mixed, incl. Small GTPase mediated signal transduction, and CDC42 GTPase cycle	19	192	0.63	0.61	0.0013	8049.ENSGMOP00000000191,8049.ENSGMOP00000000294,8049.ENSGMOP00000000394,8049.ENSGMOP00000000507,8049.ENSGMOP00000003911,8049.ENSGMOP00000004951,8049.ENSGMOP00000006558,8049.ENSGMOP00000007568,8049.ENSGMOP00000008308,8049.ENSGMOP00000008467,8049.ENSGMOP00000009057,8049.ENSGMOP00000011506,8049.ENSGMOP00000011656,8049.ENSGMOP00000012990,8049.ENSGMOP00000013289,8049.ENSGMOP00000014864,8049.ENSGMOP00000019065,8049.ENSGMOP00000020184,8049.ENSGMOP00000021060	ENSGMOP00000000191,ENSGMOP00000000294,ENSGMOP00000000394,ENSGMOP00000000507,ENSGMOP00000003911,ENSGMOP00000004951,ENSGMOP00000006558,ENSGMOP00000007568,ENSGMOP00000008308,ENSGMOP00000008467,ENSGMOP00000009057,ENSGMOP00000011506,ENSGMOP00000011656,ENSGMOP00000012990,ENSGMOP00000013289,ARHGEF26,ENSGMOP00000019065,ENSGMOP00000020184,ENSGMOP00000021060
STRING clusters	CL:1090	Mixed, incl. CDC42 GTPase cycle, and Rho (Ras homology) subfamily of Ras-like small GTPases	15	140	0.67	0.55	0.0032	8049.ENSGMOP00000000294,8049.ENSGMOP00000000507,8049.ENSGMOP00000003911,8049.ENSGMOP00000006558,8049.ENSGMOP00000007568,8049.ENSGMOP00000008308,8049.ENSGMOP00000009057,8049.ENSGMOP00000011506,8049.ENSGMOP00000011656,8049.ENSGMOP00000012990,8049.ENSGMOP00000013289,8049.ENSGMOP00000014864,8049.ENSGMOP00000019065,8049.ENSGMOP00000020184,8049.ENSGMOP00000021060	ENSGMOP00000000294,ENSGMOP00000000507,ENSGMOP00000003911,ENSGMOP00000006558,ENSGMOP00000007568,ENSGMOP00000008308,ENSGMOP00000009057,ENSGMOP00000011506,ENSGMOP00000011656,ENSGMOP00000012990,ENSGMOP00000013289,ARHGEF26,ENSGMOP00000019065,ENSGMOP00000020184,ENSGMOP00000021060
STRING clusters	CL:1502	ECM-receptor interaction	10	74	0.77	0.44	0.0154	8049.ENSGMOP00000000797,8049.ENSGMOP00000002985,8049.ENSGMOP00000003483,8049.ENSGMOP00000004711,8049.ENSGMOP00000005232,8049.ENSGMOP00000005306,8049.ENSGMOP00000009025,8049.ENSGMOP00000009077,8049.ENSGMOP00000016347,8049.ENSGMOP00000017523	ENSGMOP00000000797,ENSGMOP00000002985,LAMA3,ENSGMOP00000004711,ENSGMOP00000005232,ENSGMOP00000005306,ENSGMOP00000009025,ENSGMOP00000009077,ENSGMOP00000016347,ENSGMOP00000017523
STRING clusters	CL:4771	Mixed, incl. Unconventional myosin tail, actin- and lipid-binding, and MyTH4 domain	5	15	1.16	0.38	0.0343	8049.ENSGMOP00000001588,8049.ENSGMOP00000006247,8049.ENSGMOP00000012260,8049.ENSGMOP00000013595,8049.ENSGMOP00000016689	ENSGMOP00000001588,ENSGMOP00000006247,ENSGMOP00000012260,MYO1D,ENSGMOP00000016689
STRING clusters	CL:4538	Striated Muscle Contraction, and Myosin complex	12	132	0.6	0.32	0.0470	8049.ENSGMOP00000001588,8049.ENSGMOP00000006071,8049.ENSGMOP00000006247,8049.ENSGMOP00000009306,8049.ENSGMOP00000010761,8049.ENSGMOP00000011739,8049.ENSGMOP00000012028,8049.ENSGMOP00000012260,8049.ENSGMOP00000013595,8049.ENSGMOP00000014411,8049.ENSGMOP00000016689,8049.ENSGMOP00000017631	ENSGMOP00000001588,ENSGMOP00000006071,ENSGMOP00000006247,ENSGMOP00000009306,ENSGMOP00000010761,TTN,ENSGMOP00000012028,ENSGMOP00000012260,MYO1D,ENSGMOP00000014411,ENSGMOP00000016689,ENSGMOP00000017631
KEGG	map04520	Adherens junction	13	140	0.61	0.47	0.0083	8049.ENSGMOP00000000192,8049.ENSGMOP00000000295,8049.ENSGMOP00000000409,8049.ENSGMOP00000006563,8049.ENSGMOP00000007415,8049.ENSGMOP00000009057,8049.ENSGMOP00000010611,8049.ENSGMOP00000013403,8049.ENSGMOP00000016451,8049.ENSGMOP00000019151,8049.ENSGMOP00000019958,8049.ENSGMOP00000021060,8049.ENSGMOP00000021061	ENSGMOP00000000192,ENSGMOP00000000295,ENSGMOP00000000409,ENSGMOP00000006563,ENSGMOP00000007415,ENSGMOP00000009057,ENSGMOP00000010611,ENSGMOP00000013403,ENSGMOP00000016451,ENSGMOP00000019151,ENSGMOP00000019958,ENSGMOP00000021060,CTNND1
KEGG	map04512	ECM-receptor interaction	12	143	0.56	0.39	0.0196	8049.ENSGMOP00000000797,8049.ENSGMOP00000001688,8049.ENSGMOP00000002985,8049.ENSGMOP00000003483,8049.ENSGMOP00000004711,8049.ENSGMOP00000005232,8049.ENSGMOP00000005306,8049.ENSGMOP00000009025,8049.ENSGMOP00000009077,8049.ENSGMOP00000016347,8049.ENSGMOP00000017523,8049.ENSGMOP00000019427	ENSGMOP00000000797,ENSGMOP00000001688,ENSGMOP00000002985,LAMA3,ENSGMOP00000004711,ENSGMOP00000005232,ENSGMOP00000005306,ENSGMOP00000009025,ENSGMOP00000009077,ENSGMOP00000016347,ENSGMOP00000017523,ENSGMOP00000019427
KEGG	map04510	Focal adhesion	18	300	0.42	0.36	0.0212	8049.ENSGMOP00000000192,8049.ENSGMOP00000000741,8049.ENSGMOP00000000797,8049.ENSGMOP00000002985,8049.ENSGMOP00000003483,8049.ENSGMOP00000004711,8049.ENSGMOP00000005232,8049.ENSGMOP00000005306,8049.ENSGMOP00000006558,8049.ENSGMOP00000006664,8049.ENSGMOP00000009025,8049.ENSGMOP00000009077,8049.ENSGMOP00000010949,8049.ENSGMOP00000014980,8049.ENSGMOP00000016347,8049.ENSGMOP00000016451,8049.ENSGMOP00000017523,8049.ENSGMOP00000020316	ENSGMOP00000000192,ENSGMOP00000000741,ENSGMOP00000000797,ENSGMOP00000002985,LAMA3,ENSGMOP00000004711,ENSGMOP00000005232,ENSGMOP00000005306,ENSGMOP00000006558,ENSGMOP00000006664,ENSGMOP00000009025,ENSGMOP00000009077,ENSGMOP00000010949,ENSGMOP00000014980,ENSGMOP00000016347,ENSGMOP00000016451,ENSGMOP00000017523,ENSGMOP00000020316
Reactome	MAP-9012999	RHO GTPase cycle	46	724	0.44	0.82	2.37e-06	8049.ENSGMOP00000000294,8049.ENSGMOP00000000409,8049.ENSGMOP00000000455,8049.ENSGMOP00000000507,8049.ENSGMOP00000001058,8049.ENSGMOP00000002229,8049.ENSGMOP00000002237,8049.ENSGMOP00000002422,8049.ENSGMOP00000002960,8049.ENSGMOP00000003911,8049.ENSGMOP00000006558,8049.ENSGMOP00000006699,8049.ENSGMOP00000007573,8049.ENSGMOP00000008306,8049.ENSGMOP00000008308,8049.ENSGMOP00000008361,8049.ENSGMOP00000008467,8049.ENSGMOP00000009057,8049.ENSGMOP00000010611,8049.ENSGMOP00000011506,8049.ENSGMOP00000011626,8049.ENSGMOP00000011656,8049.ENSGMOP00000011826,8049.ENSGMOP00000012426,8049.ENSGMOP00000012990,8049.ENSGMOP00000013289,8049.ENSGMOP00000013735,8049.ENSGMOP00000014701,8049.ENSGMOP00000014864,8049.ENSGMOP00000015111,8049.ENSGMOP00000015596,8049.ENSGMOP00000016338,8049.ENSGMOP00000016837,8049.ENSGMOP00000017987,8049.ENSGMOP00000017996,8049.ENSGMOP00000018619,8049.ENSGMOP00000018876,8049.ENSGMOP00000018897,8049.ENSGMOP00000019065,8049.ENSGMOP00000019575,8049.ENSGMOP00000019806,8049.ENSGMOP00000019825,8049.ENSGMOP00000020184,8049.ENSGMOP00000020220,8049.ENSGMOP00000020378,8049.ENSGMOP00000021060	ENSGMOP00000000294,ENSGMOP00000000409,SHKBP1,ENSGMOP00000000507,MSI1,ENSGMOP00000002229,FGD6,ENSGMOP00000002422,ENSGMOP00000002960,ENSGMOP00000003911,ENSGMOP00000006558,ENSGMOP00000006699,ENSGMOP00000007573,DOCK9,ENSGMOP00000008308,ENSGMOP00000008361,ENSGMOP00000008467,ENSGMOP00000009057,ENSGMOP00000010611,ENSGMOP00000011506,ARHGEF17,ENSGMOP00000011656,ENSGMOP00000011826,ENSGMOP00000012426,ENSGMOP00000012990,ENSGMOP00000013289,ENSGMOP00000013735,ENSGMOP00000014701,ARHGEF26,ENSGMOP00000015111,ENSGMOP00000015596,ENSGMOP00000016338,ENSGMOP00000016837,ENSGMOP00000017987,PLEKHG4B,ARAP1,ENSGMOP00000018876,ENSGMOP00000018897,ENSGMOP00000019065,dock7,ENSGMOP00000019806,ENSGMOP00000019825,ENSGMOP00000020184,SCAF8,ENSGMOP00000020378,ENSGMOP00000021060
Reactome	MAP-9013148	CDC42 GTPase cycle	22	183	0.72	1.05	2.37e-06	8049.ENSGMOP00000000409,8049.ENSGMOP00000000455,8049.ENSGMOP00000002229,8049.ENSGMOP00000002422,8049.ENSGMOP00000003911,8049.ENSGMOP00000006558,8049.ENSGMOP00000008306,8049.ENSGMOP00000008467,8049.ENSGMOP00000011506,8049.ENSGMOP00000011656,8049.ENSGMOP00000013289,8049.ENSGMOP00000013735,8049.ENSGMOP00000014701,8049.ENSGMOP00000014864,8049.ENSGMOP00000016338,8049.ENSGMOP00000016837,8049.ENSGMOP00000017987,8049.ENSGMOP00000017996,8049.ENSGMOP00000018619,8049.ENSGMOP00000018876,8049.ENSGMOP00000019575,8049.ENSGMOP00000019806	ENSGMOP00000000409,SHKBP1,ENSGMOP00000002229,ENSGMOP00000002422,ENSGMOP00000003911,ENSGMOP00000006558,DOCK9,ENSGMOP00000008467,ENSGMOP00000011506,ENSGMOP00000011656,ENSGMOP00000013289,ENSGMOP00000013735,ENSGMOP00000014701,ARHGEF26,ENSGMOP00000016338,ENSGMOP00000016837,ENSGMOP00000017987,PLEKHG4B,ARAP1,ENSGMOP00000018876,dock7,ENSGMOP00000019806
Reactome	MAP-9013149	RAC1 GTPase cycle	26	292	0.59	0.89	8.64e-06	8049.ENSGMOP00000000409,8049.ENSGMOP00000002229,8049.ENSGMOP00000002237,8049.ENSGMOP00000002422,8049.ENSGMOP00000003911,8049.ENSGMOP00000006558,8049.ENSGMOP00000008306,8049.ENSGMOP00000008308,8049.ENSGMOP00000008467,8049.ENSGMOP00000010611,8049.ENSGMOP00000011506,8049.ENSGMOP00000012426,8049.ENSGMOP00000012990,8049.ENSGMOP00000013289,8049.ENSGMOP00000013735,8049.ENSGMOP00000014701,8049.ENSGMOP00000015111,8049.ENSGMOP00000015596,8049.ENSGMOP00000016837,8049.ENSGMOP00000018619,8049.ENSGMOP00000018876,8049.ENSGMOP00000019065,8049.ENSGMOP00000019575,8049.ENSGMOP00000019806,8049.ENSGMOP00000020184,8049.ENSGMOP00000020378	ENSGMOP00000000409,ENSGMOP00000002229,FGD6,ENSGMOP00000002422,ENSGMOP00000003911,ENSGMOP00000006558,DOCK9,ENSGMOP00000008308,ENSGMOP00000008467,ENSGMOP00000010611,ENSGMOP00000011506,ENSGMOP00000012426,ENSGMOP00000012990,ENSGMOP00000013289,ENSGMOP00000013735,ENSGMOP00000014701,ENSGMOP00000015111,ENSGMOP00000015596,ENSGMOP00000016837,ARAP1,ENSGMOP00000018876,ENSGMOP00000019065,dock7,ENSGMOP00000019806,ENSGMOP00000020184,ENSGMOP00000020378
Reactome	MAP-8980692	RHOA GTPase cycle	22	219	0.64	0.91	1.19e-05	8049.ENSGMOP00000000294,8049.ENSGMOP00000000409,8049.ENSGMOP00000000507,8049.ENSGMOP00000002229,8049.ENSGMOP00000002422,8049.ENSGMOP00000003911,8049.ENSGMOP00000006699,8049.ENSGMOP00000008308,8049.ENSGMOP00000008361,8049.ENSGMOP00000009057,8049.ENSGMOP00000011506,8049.ENSGMOP00000011626,8049.ENSGMOP00000011656,8049.ENSGMOP00000013289,8049.ENSGMOP00000015111,8049.ENSGMOP00000016837,8049.ENSGMOP00000018619,8049.ENSGMOP00000018876,8049.ENSGMOP00000018897,8049.ENSGMOP00000019065,8049.ENSGMOP00000019806,8049.ENSGMOP00000021060	ENSGMOP00000000294,ENSGMOP00000000409,ENSGMOP00000000507,ENSGMOP00000002229,ENSGMOP00000002422,ENSGMOP00000003911,ENSGMOP00000006699,ENSGMOP00000008308,ENSGMOP00000008361,ENSGMOP00000009057,ENSGMOP00000011506,ARHGEF17,ENSGMOP00000011656,ENSGMOP00000013289,ENSGMOP00000015111,ENSGMOP00000016837,ARAP1,ENSGMOP00000018876,ENSGMOP00000018897,ENSGMOP00000019065,ENSGMOP00000019806,ENSGMOP00000021060
Reactome	MAP-162582	Signal Transduction	125	3555	0.19	0.5	0.00016	8049.ENSGMOP00000000191,8049.ENSGMOP00000000192,8049.ENSGMOP00000000294,8049.ENSGMOP00000000295,8049.ENSGMOP00000000391,8049.ENSGMOP00000000394,8049.ENSGMOP00000000409,8049.ENSGMOP00000000455,8049.ENSGMOP00000000507,8049.ENSGMOP00000000510,8049.ENSGMOP00000000692,8049.ENSGMOP00000000741,8049.ENSGMOP00000001058,8049.ENSGMOP00000001078,8049.ENSGMOP00000002159,8049.ENSGMOP00000002229,8049.ENSGMOP00000002237,8049.ENSGMOP00000002293,8049.ENSGMOP00000002422,8049.ENSGMOP00000002791,8049.ENSGMOP00000002960,8049.ENSGMOP00000003381,8049.ENSGMOP00000003479,8049.ENSGMOP00000003483,8049.ENSGMOP00000003697,8049.ENSGMOP00000003911,8049.ENSGMOP00000004080,8049.ENSGMOP00000004711,8049.ENSGMOP00000004735,8049.ENSGMOP00000005232,8049.ENSGMOP00000005306,8049.ENSGMOP00000006071,8049.ENSGMOP00000006350,8049.ENSGMOP00000006487,8049.ENSGMOP00000006558,8049.ENSGMOP00000006578,8049.ENSGMOP00000006699,8049.ENSGMOP00000006782,8049.ENSGMOP00000007129,8049.ENSGMOP00000007440,8049.ENSGMOP00000007568,8049.ENSGMOP00000007573,8049.ENSGMOP00000007903,8049.ENSGMOP00000008306,8049.ENSGMOP00000008308,8049.ENSGMOP00000008361,8049.ENSGMOP00000008382,8049.ENSGMOP00000008467,8049.ENSGMOP00000008500,8049.ENSGMOP00000008706,8049.ENSGMOP00000008869,8049.ENSGMOP00000009057,8049.ENSGMOP00000009058,8049.ENSGMOP00000009422,8049.ENSGMOP00000009620,8049.ENSGMOP00000010033,8049.ENSGMOP00000010218,8049.ENSGMOP00000010490,8049.ENSGMOP00000010611,8049.ENSGMOP00000010925,8049.ENSGMOP00000011399,8049.ENSGMOP00000011506,8049.ENSGMOP00000011626,8049.ENSGMOP00000011656,8049.ENSGMOP00000011775,8049.ENSGMOP00000011826,8049.ENSGMOP00000011999,8049.ENSGMOP00000012028,8049.ENSGMOP00000012426,8049.ENSGMOP00000012990,8049.ENSGMOP00000013237,8049.ENSGMOP00000013289,8049.ENSGMOP00000013403,8049.ENSGMOP00000013414,8049.ENSGMOP00000013488,8049.ENSGMOP00000013735,8049.ENSGMOP00000014246,8049.ENSGMOP00000014551,8049.ENSGMOP00000014701,8049.ENSGMOP00000014786,8049.ENSGMOP00000014864,8049.ENSGMOP00000014892,8049.ENSGMOP00000014931,8049.ENSGMOP00000014980,8049.ENSGMOP00000015029,8049.ENSGMOP00000015111,8049.ENSGMOP00000015257,8049.ENSGMOP00000015399,8049.ENSGMOP00000015513,8049.ENSGMOP00000015596,8049.ENSGMOP00000015763,8049.ENSGMOP00000016338,8049.ENSGMOP00000016347,8049.ENSGMOP00000016451,8049.ENSGMOP00000016798,8049.ENSGMOP00000016837,8049.ENSGMOP00000017268,8049.ENSGMOP00000017831,8049.ENSGMOP00000017987,8049.ENSGMOP00000017996,8049.ENSGMOP00000018142,8049.ENSGMOP00000018368,8049.ENSGMOP00000018619,8049.ENSGMOP00000018651,8049.ENSGMOP00000018669,8049.ENSGMOP00000018876,8049.ENSGMOP00000018897,8049.ENSGMOP00000019065,8049.ENSGMOP00000019499,8049.ENSGMOP00000019575,8049.ENSGMOP00000019698,8049.ENSGMOP00000019803,8049.ENSGMOP00000019806,8049.ENSGMOP00000019825,8049.ENSGMOP00000019925,8049.ENSGMOP00000019958,8049.ENSGMOP00000020017,8049.ENSGMOP00000020184,8049.ENSGMOP00000020220,8049.ENSGMOP00000020316,8049.ENSGMOP00000020378,8049.ENSGMOP00000021060,8049.ENSGMOP00000021061,8049.ENSGMOP00000021130,8049.ENSGMOP00000021771	ENSGMOP00000000191,ENSGMOP00000000192,ENSGMOP00000000294,ENSGMOP00000000295,ENSGMOP00000000391,ENSGMOP00000000394,ENSGMOP00000000409,SHKBP1,ENSGMOP00000000507,ENSGMOP00000000510,ENSGMOP00000000692,ENSGMOP00000000741,MSI1,LTBP3,ENSGMOP00000002159,ENSGMOP00000002229,FGD6,ENSGMOP00000002293,ENSGMOP00000002422,ENSGMOP00000002791,ENSGMOP00000002960,ENSGMOP00000003381,ENSGMOP00000003479,LAMA3,ENSGMOP00000003697,ENSGMOP00000003911,ENSGMOP00000004080,ENSGMOP00000004711,ENSGMOP00000004735,ENSGMOP00000005232,ENSGMOP00000005306,ENSGMOP00000006071,ENSGMOP00000006350,cyld,ENSGMOP00000006558,ENSGMOP00000006578,ENSGMOP00000006699,ENSGMOP00000006782,ENSGMOP00000007129,ENSGMOP00000007440,ENSGMOP00000007568,ENSGMOP00000007573,ENSGMOP00000007903,DOCK9,ENSGMOP00000008308,ENSGMOP00000008361,ENSGMOP00000008382,ENSGMOP00000008467,ENSGMOP00000008500,ENSGMOP00000008706,ENSGMOP00000008869,ENSGMOP00000009057,ENSGMOP00000009058,ENSGMOP00000009422,ENSGMOP00000009620,ENSGMOP00000010033,ENSGMOP00000010218,ENSGMOP00000010490,ENSGMOP00000010611,ENSGMOP00000010925,ENSGMOP00000011399,ENSGMOP00000011506,ARHGEF17,ENSGMOP00000011656,ENSGMOP00000011775,ENSGMOP00000011826,ENSGMOP00000011999,ENSGMOP00000012028,ENSGMOP00000012426,ENSGMOP00000012990,ENSGMOP00000013237,ENSGMOP00000013289,ENSGMOP00000013403,ENSGMOP00000013414,ENSGMOP00000013488,ENSGMOP00000013735,ENSGMOP00000014246,ENSGMOP00000014551,ENSGMOP00000014701,ENSGMOP00000014786,ARHGEF26,ENSGMOP00000014892,ENSGMOP00000014931,ENSGMOP00000014980,ENSGMOP00000015029,ENSGMOP00000015111,ENSGMOP00000015257,ENSGMOP00000015399,ENSGMOP00000015513,ENSGMOP00000015596,ENSGMOP00000015763,ENSGMOP00000016338,ENSGMOP00000016347,ENSGMOP00000016451,ENSGMOP00000016798,ENSGMOP00000016837,DYNC2H1,ENSGMOP00000017831,ENSGMOP00000017987,PLEKHG4B,ENSGMOP00000018142,LOC115548846,ARAP1,ENSGMOP00000018651,ENSGMOP00000018669,ENSGMOP00000018876,ENSGMOP00000018897,ENSGMOP00000019065,ENSGMOP00000019499,dock7,ENSGMOP00000019698,ENSGMOP00000019803,ENSGMOP00000019806,ENSGMOP00000019825,ENSGMOP00000019925,ENSGMOP00000019958,ENSGMOP00000020017,ENSGMOP00000020184,SCAF8,ENSGMOP00000020316,ENSGMOP00000020378,ENSGMOP00000021060,CTNND1,ENSGMOP00000021130,ENSGMOP00000021771
Reactome	MAP-1474244	Extracellular matrix organization	27	429	0.44	0.56	0.00095	8049.ENSGMOP00000000797,8049.ENSGMOP00000001078,8049.ENSGMOP00000002912,8049.ENSGMOP00000002985,8049.ENSGMOP00000003483,8049.ENSGMOP00000003929,8049.ENSGMOP00000005232,8049.ENSGMOP00000005306,8049.ENSGMOP00000006144,8049.ENSGMOP00000006898,8049.ENSGMOP00000008329,8049.ENSGMOP00000009025,8049.ENSGMOP00000009058,8049.ENSGMOP00000009077,8049.ENSGMOP00000009774,8049.ENSGMOP00000010490,8049.ENSGMOP00000010754,8049.ENSGMOP00000010783,8049.ENSGMOP00000011340,8049.ENSGMOP00000011399,8049.ENSGMOP00000016347,8049.ENSGMOP00000017367,8049.ENSGMOP00000017523,8049.ENSGMOP00000017842,8049.ENSGMOP00000018360,8049.ENSGMOP00000019803,8049.ENSGMOP00000020956	ENSGMOP00000000797,LTBP3,ENSGMOP00000002912,ENSGMOP00000002985,LAMA3,ENSGMOP00000003929,ENSGMOP00000005232,ENSGMOP00000005306,ENSGMOP00000006144,ENSGMOP00000006898,ENSGMOP00000008329,ENSGMOP00000009025,ENSGMOP00000009058,ENSGMOP00000009077,ENSGMOP00000009774,ENSGMOP00000010490,ENSGMOP00000010754,COL25A1,COL12A1,ENSGMOP00000011399,ENSGMOP00000016347,ENSGMOP00000017367,ENSGMOP00000017523,ENSGMOP00000017842,ENSGMOP00000018360,ENSGMOP00000019803,ENSGMOP00000020956
Reactome	MAP-9013026	RHOB GTPase cycle	12	94	0.75	0.67	0.00095	8049.ENSGMOP00000000294,8049.ENSGMOP00000002229,8049.ENSGMOP00000006699,8049.ENSGMOP00000009057,8049.ENSGMOP00000011506,8049.ENSGMOP00000011626,8049.ENSGMOP00000011656,8049.ENSGMOP00000015111,8049.ENSGMOP00000018876,8049.ENSGMOP00000018897,8049.ENSGMOP00000019065,8049.ENSGMOP00000021060	ENSGMOP00000000294,ENSGMOP00000002229,ENSGMOP00000006699,ENSGMOP00000009057,ENSGMOP00000011506,ARHGEF17,ENSGMOP00000011656,ENSGMOP00000015111,ENSGMOP00000018876,ENSGMOP00000018897,ENSGMOP00000019065,ENSGMOP00000021060
Reactome	MAP-9013106	RHOC GTPase cycle	11	93	0.71	0.55	0.0036	8049.ENSGMOP00000000294,8049.ENSGMOP00000002229,8049.ENSGMOP00000003911,8049.ENSGMOP00000008361,8049.ENSGMOP00000011506,8049.ENSGMOP00000011626,8049.ENSGMOP00000011656,8049.ENSGMOP00000015111,8049.ENSGMOP00000018876,8049.ENSGMOP00000018897,8049.ENSGMOP00000019065	ENSGMOP00000000294,ENSGMOP00000002229,ENSGMOP00000003911,ENSGMOP00000008361,ENSGMOP00000011506,ARHGEF17,ENSGMOP00000011656,ENSGMOP00000015111,ENSGMOP00000018876,ENSGMOP00000018897,ENSGMOP00000019065
Reactome	MAP-193648	NRAGE signals death through JNK	9	70	0.75	0.47	0.0102	8049.ENSGMOP00000003479,8049.ENSGMOP00000006699,8049.ENSGMOP00000008308,8049.ENSGMOP00000008361,8049.ENSGMOP00000011626,8049.ENSGMOP00000014864,8049.ENSGMOP00000016338,8049.ENSGMOP00000016837,8049.ENSGMOP00000020184	ENSGMOP00000003479,ENSGMOP00000006699,ENSGMOP00000008308,ENSGMOP00000008361,ARHGEF17,ARHGEF26,ENSGMOP00000016338,ENSGMOP00000016837,ENSGMOP00000020184
Reactome	MAP-170834	Signaling by TGF-beta Receptor Complex	10	108	0.61	0.34	0.0387	8049.ENSGMOP00000000295,8049.ENSGMOP00000001078,8049.ENSGMOP00000003381,8049.ENSGMOP00000007440,8049.ENSGMOP00000009058,8049.ENSGMOP00000010490,8049.ENSGMOP00000011399,8049.ENSGMOP00000013414,8049.ENSGMOP00000019803,8049.ENSGMOP00000019958	ENSGMOP00000000295,LTBP3,ENSGMOP00000003381,ENSGMOP00000007440,ENSGMOP00000009058,ENSGMOP00000010490,ENSGMOP00000011399,ENSGMOP00000013414,ENSGMOP00000019803,ENSGMOP00000019958
TISSUES	BTO:0000000	Tissues, cell types and enzyme sources	374	13769	0.07	0.56	1.00e-08	8049.ENSGMOP00000000029,8049.ENSGMOP00000000041,8049.ENSGMOP00000000084,8049.ENSGMOP00000000116,8049.ENSGMOP00000000161,8049.ENSGMOP00000000191,8049.ENSGMOP00000000192,8049.ENSGMOP00000000276,8049.ENSGMOP00000000294,8049.ENSGMOP00000000295,8049.ENSGMOP00000000320,8049.ENSGMOP00000000391,8049.ENSGMOP00000000394,8049.ENSGMOP00000000409,8049.ENSGMOP00000000455,8049.ENSGMOP00000000641,8049.ENSGMOP00000000692,8049.ENSGMOP00000000734,8049.ENSGMOP00000000741,8049.ENSGMOP00000000797,8049.ENSGMOP00000000806,8049.ENSGMOP00000001058,8049.ENSGMOP00000001078,8049.ENSGMOP00000001090,8049.ENSGMOP00000001118,8049.ENSGMOP00000001262,8049.ENSGMOP00000001366,8049.ENSGMOP00000001588,8049.ENSGMOP00000001807,8049.ENSGMOP00000002031,8049.ENSGMOP00000002159,8049.ENSGMOP00000002237,8049.ENSGMOP00000002269,8049.ENSGMOP00000002293,8049.ENSGMOP00000002422,8049.ENSGMOP00000002428,8049.ENSGMOP00000002433,8049.ENSGMOP00000002624,8049.ENSGMOP00000002701,8049.ENSGMOP00000002747,8049.ENSGMOP00000002791,8049.ENSGMOP00000002866,8049.ENSGMOP00000002898,8049.ENSGMOP00000002912,8049.ENSGMOP00000002934,8049.ENSGMOP00000002985,8049.ENSGMOP00000003073,8049.ENSGMOP00000003098,8049.ENSGMOP00000003196,8049.ENSGMOP00000003229,8049.ENSGMOP00000003331,8049.ENSGMOP00000003381,8049.ENSGMOP00000003437,8049.ENSGMOP00000003479,8049.ENSGMOP00000003483,8049.ENSGMOP00000003485,8049.ENSGMOP00000003514,8049.ENSGMOP00000003679,8049.ENSGMOP00000003697,8049.ENSGMOP00000003809,8049.ENSGMOP00000003815,8049.ENSGMOP00000003911,8049.ENSGMOP00000003929,8049.ENSGMOP00000003952,8049.ENSGMOP00000004080,8049.ENSGMOP00000004084,8049.ENSGMOP00000004491,8049.ENSGMOP00000004711,8049.ENSGMOP00000004735,8049.ENSGMOP00000004762,8049.ENSGMOP00000004779,8049.ENSGMOP00000004815,8049.ENSGMOP00000004932,8049.ENSGMOP00000004951,8049.ENSGMOP00000005024,8049.ENSGMOP00000005043,8049.ENSGMOP00000005084,8049.ENSGMOP00000005232,8049.ENSGMOP00000005256,8049.ENSGMOP00000005303,8049.ENSGMOP00000005306,8049.ENSGMOP00000005486,8049.ENSGMOP00000005593,8049.ENSGMOP00000005627,8049.ENSGMOP00000005714,8049.ENSGMOP00000005762,8049.ENSGMOP00000005835,8049.ENSGMOP00000006045,8049.ENSGMOP00000006065,8049.ENSGMOP00000006071,8049.ENSGMOP00000006144,8049.ENSGMOP00000006247,8049.ENSGMOP00000006350,8049.ENSGMOP00000006407,8049.ENSGMOP00000006445,8049.ENSGMOP00000006446,8049.ENSGMOP00000006481,8049.ENSGMOP00000006487,8049.ENSGMOP00000006501,8049.ENSGMOP00000006535,8049.ENSGMOP00000006539,8049.ENSGMOP00000006558,8049.ENSGMOP00000006563,8049.ENSGMOP00000006578,8049.ENSGMOP00000006608,8049.ENSGMOP00000006664,8049.ENSGMOP00000006686,8049.ENSGMOP00000006709,8049.ENSGMOP00000006819,8049.ENSGMOP00000006898,8049.ENSGMOP00000006909,8049.ENSGMOP00000007000,8049.ENSGMOP00000007001,8049.ENSGMOP00000007071,8049.ENSGMOP00000007106,8049.ENSGMOP00000007129,8049.ENSGMOP00000007135,8049.ENSGMOP00000007150,8049.ENSGMOP00000007208,8049.ENSGMOP00000007249,8049.ENSGMOP00000007259,8049.ENSGMOP00000007415,8049.ENSGMOP00000007440,8049.ENSGMOP00000007501,8049.ENSGMOP00000007573,8049.ENSGMOP00000007617,8049.ENSGMOP00000007783,8049.ENSGMOP00000007826,8049.ENSGMOP00000007861,8049.ENSGMOP00000007870,8049.ENSGMOP00000007903,8049.ENSGMOP00000007919,8049.ENSGMOP00000008048,8049.ENSGMOP00000008148,8049.ENSGMOP00000008308,8049.ENSGMOP00000008316,8049.ENSGMOP00000008329,8049.ENSGMOP00000008361,8049.ENSGMOP00000008467,8049.ENSGMOP00000008500,8049.ENSGMOP00000008547,8049.ENSGMOP00000008653,8049.ENSGMOP00000008706,8049.ENSGMOP00000008712,8049.ENSGMOP00000008756,8049.ENSGMOP00000008778,8049.ENSGMOP00000008869,8049.ENSGMOP00000008916,8049.ENSGMOP00000008938,8049.ENSGMOP00000009009,8049.ENSGMOP00000009025,8049.ENSGMOP00000009057,8049.ENSGMOP00000009058,8049.ENSGMOP00000009077,8049.ENSGMOP00000009306,8049.ENSGMOP00000009422,8049.ENSGMOP00000009437,8049.ENSGMOP00000009512,8049.ENSGMOP00000009591,8049.ENSGMOP00000009620,8049.ENSGMOP00000009658,8049.ENSGMOP00000009693,8049.ENSGMOP00000009774,8049.ENSGMOP00000009796,8049.ENSGMOP00000009927,8049.ENSGMOP00000010006,8049.ENSGMOP00000010021,8049.ENSGMOP00000010033,8049.ENSGMOP00000010153,8049.ENSGMOP00000010407,8049.ENSGMOP00000010490,8049.ENSGMOP00000010518,8049.ENSGMOP00000010519,8049.ENSGMOP00000010611,8049.ENSGMOP00000010644,8049.ENSGMOP00000010690,8049.ENSGMOP00000010754,8049.ENSGMOP00000010761,8049.ENSGMOP00000010783,8049.ENSGMOP00000010898,8049.ENSGMOP00000010925,8049.ENSGMOP00000010933,8049.ENSGMOP00000010949,8049.ENSGMOP00000010955,8049.ENSGMOP00000011013,8049.ENSGMOP00000011071,8049.ENSGMOP00000011099,8049.ENSGMOP00000011291,8049.ENSGMOP00000011309,8049.ENSGMOP00000011336,8049.ENSGMOP00000011340,8049.ENSGMOP00000011350,8049.ENSGMOP00000011363,8049.ENSGMOP00000011399,8049.ENSGMOP00000011480,8049.ENSGMOP00000011495,8049.ENSGMOP00000011506,8049.ENSGMOP00000011615,8049.ENSGMOP00000011656,8049.ENSGMOP00000011739,8049.ENSGMOP00000011775,8049.ENSGMOP00000011826,8049.ENSGMOP00000011875,8049.ENSGMOP00000011896,8049.ENSGMOP00000011929,8049.ENSGMOP00000011999,8049.ENSGMOP00000012028,8049.ENSGMOP00000012049,8049.ENSGMOP00000012157,8049.ENSGMOP00000012195,8049.ENSGMOP00000012260,8049.ENSGMOP00000012426,8049.ENSGMOP00000012470,8049.ENSGMOP00000012747,8049.ENSGMOP00000012838,8049.ENSGMOP00000012848,8049.ENSGMOP00000012897,8049.ENSGMOP00000012990,8049.ENSGMOP00000013064,8049.ENSGMOP00000013107,8049.ENSGMOP00000013123,8049.ENSGMOP00000013133,8049.ENSGMOP00000013161,8049.ENSGMOP00000013163,8049.ENSGMOP00000013179,8049.ENSGMOP00000013237,8049.ENSGMOP00000013289,8049.ENSGMOP00000013341,8049.ENSGMOP00000013403,8049.ENSGMOP00000013414,8049.ENSGMOP00000013421,8049.ENSGMOP00000013478,8049.ENSGMOP00000013488,8049.ENSGMOP00000013595,8049.ENSGMOP00000013688,8049.ENSGMOP00000013716,8049.ENSGMOP00000013726,8049.ENSGMOP00000013936,8049.ENSGMOP00000013951,8049.ENSGMOP00000013986,8049.ENSGMOP00000014028,8049.ENSGMOP00000014246,8049.ENSGMOP00000014411,8049.ENSGMOP00000014503,8049.ENSGMOP00000014551,8049.ENSGMOP00000014630,8049.ENSGMOP00000014750,8049.ENSGMOP00000014786,8049.ENSGMOP00000014864,8049.ENSGMOP00000014892,8049.ENSGMOP00000014980,8049.ENSGMOP00000015029,8049.ENSGMOP00000015111,8049.ENSGMOP00000015257,8049.ENSGMOP00000015260,8049.ENSGMOP00000015399,8049.ENSGMOP00000015404,8049.ENSGMOP00000015409,8049.ENSGMOP00000015513,8049.ENSGMOP00000015595,8049.ENSGMOP00000015596,8049.ENSGMOP00000015608,8049.ENSGMOP00000015704,8049.ENSGMOP00000015883,8049.ENSGMOP00000015921,8049.ENSGMOP00000015954,8049.ENSGMOP00000015958,8049.ENSGMOP00000016091,8049.ENSGMOP00000016093,8049.ENSGMOP00000016134,8049.ENSGMOP00000016163,8049.ENSGMOP00000016299,8049.ENSGMOP00000016338,8049.ENSGMOP00000016347,8049.ENSGMOP00000016370,8049.ENSGMOP00000016451,8049.ENSGMOP00000016480,8049.ENSGMOP00000016514,8049.ENSGMOP00000016537,8049.ENSGMOP00000016574,8049.ENSGMOP00000016592,8049.ENSGMOP00000016636,8049.ENSGMOP00000016689,8049.ENSGMOP00000016695,8049.ENSGMOP00000016798,8049.ENSGMOP00000016837,8049.ENSGMOP00000016976,8049.ENSGMOP00000017060,8049.ENSGMOP00000017190,8049.ENSGMOP00000017194,8049.ENSGMOP00000017230,8049.ENSGMOP00000017268,8049.ENSGMOP00000017317,8049.ENSGMOP00000017345,8049.ENSGMOP00000017367,8049.ENSGMOP00000017385,8049.ENSGMOP00000017401,8049.ENSGMOP00000017484,8049.ENSGMOP00000017523,8049.ENSGMOP00000017545,8049.ENSGMOP00000017587,8049.ENSGMOP00000017628,8049.ENSGMOP00000017631,8049.ENSGMOP00000017646,8049.ENSGMOP00000017686,8049.ENSGMOP00000017723,8049.ENSGMOP00000017800,8049.ENSGMOP00000017831,8049.ENSGMOP00000017842,8049.ENSGMOP00000017944,8049.ENSGMOP00000017946,8049.ENSGMOP00000017987,8049.ENSGMOP00000018000,8049.ENSGMOP00000018054,8049.ENSGMOP00000018274,8049.ENSGMOP00000018313,8049.ENSGMOP00000018360,8049.ENSGMOP00000018368,8049.ENSGMOP00000018378,8049.ENSGMOP00000018410,8049.ENSGMOP00000018456,8049.ENSGMOP00000018508,8049.ENSGMOP00000018589,8049.ENSGMOP00000018619,8049.ENSGMOP00000018651,8049.ENSGMOP00000018767,8049.ENSGMOP00000018866,8049.ENSGMOP00000018876,8049.ENSGMOP00000018897,8049.ENSGMOP00000018935,8049.ENSGMOP00000018970,8049.ENSGMOP00000018982,8049.ENSGMOP00000019065,8049.ENSGMOP00000019163,8049.ENSGMOP00000019302,8049.ENSGMOP00000019427,8049.ENSGMOP00000019499,8049.ENSGMOP00000019575,8049.ENSGMOP00000019580,8049.ENSGMOP00000019664,8049.ENSGMOP00000019698,8049.ENSGMOP00000019758,8049.ENSGMOP00000019765,8049.ENSGMOP00000019795,8049.ENSGMOP00000019803,8049.ENSGMOP00000019806,8049.ENSGMOP00000019825,8049.ENSGMOP00000019879,8049.ENSGMOP00000019925,8049.ENSGMOP00000019958,8049.ENSGMOP00000020014,8049.ENSGMOP00000020017,8049.ENSGMOP00000020089,8049.ENSGMOP00000020123,8049.ENSGMOP00000020136,8049.ENSGMOP00000020184,8049.ENSGMOP00000020209,8049.ENSGMOP00000020220,8049.ENSGMOP00000020283,8049.ENSGMOP00000020316,8049.ENSGMOP00000020324,8049.ENSGMOP00000020356,8049.ENSGMOP00000020378,8049.ENSGMOP00000020485,8049.ENSGMOP00000020575,8049.ENSGMOP00000020764,8049.ENSGMOP00000020834,8049.ENSGMOP00000020956,8049.ENSGMOP00000021028,8049.ENSGMOP00000021060,8049.ENSGMOP00000021061,8049.ENSGMOP00000021130,8049.ENSGMOP00000021515,8049.ENSGMOP00000021771	ENSGMOP00000000029,ENSGMOP00000000041,ENSGMOP00000000084,ENSGMOP00000000116,ENSGMOP00000000161,ENSGMOP00000000191,ENSGMOP00000000192,ENSGMOP00000000276,ENSGMOP00000000294,ENSGMOP00000000295,ENSGMOP00000000320,ENSGMOP00000000391,ENSGMOP00000000394,ENSGMOP00000000409,SHKBP1,ENSGMOP00000000641,ENSGMOP00000000692,MACF1,ENSGMOP00000000741,ENSGMOP00000000797,ENSGMOP00000000806,MSI1,LTBP3,ENSGMOP00000001090,ENSGMOP00000001118,ENSGMOP00000001262,ENSGMOP00000001366,ENSGMOP00000001588,ENSGMOP00000001807,ENSGMOP00000002031,ENSGMOP00000002159,FGD6,ENSGMOP00000002269,ENSGMOP00000002293,ENSGMOP00000002422,ENSGMOP00000002428,ENSGMOP00000002433,ENSGMOP00000002624,ENSGMOP00000002701,ENSGMOP00000002747,ENSGMOP00000002791,ENSGMOP00000002866,ENSGMOP00000002898,ENSGMOP00000002912,ENSGMOP00000002934,ENSGMOP00000002985,ENSGMOP00000003073,ENSGMOP00000003098,ZNF521,ENSGMOP00000003229,ENSGMOP00000003331,ENSGMOP00000003381,ENSGMOP00000003437,ENSGMOP00000003479,LAMA3,ENSGMOP00000003485,ENSGMOP00000003514,ENSGMOP00000003679,ENSGMOP00000003697,ENSGMOP00000003809,ENSGMOP00000003815,ENSGMOP00000003911,ENSGMOP00000003929,ENSGMOP00000003952,ENSGMOP00000004080,ENSGMOP00000004084,ENSGMOP00000004491,ENSGMOP00000004711,ENSGMOP00000004735,ENSGMOP00000004762,ENSGMOP00000004779,chsy1,ENSGMOP00000004932,ENSGMOP00000004951,ENSGMOP00000005024,ENSGMOP00000005043,ENSGMOP00000005084,ENSGMOP00000005232,ENSGMOP00000005256,ENSGMOP00000005303,ENSGMOP00000005306,ENSGMOP00000005486,PLEKHA5,ENSGMOP00000005627,DST,ENSGMOP00000005762,ENSGMOP00000005835,ENSGMOP00000006045,ENSGMOP00000006065,ENSGMOP00000006071,ENSGMOP00000006144,ENSGMOP00000006247,ENSGMOP00000006350,ENSGMOP00000006407,ENSGMOP00000006445,vps18,ENSGMOP00000006481,cyld,ENSGMOP00000006501,ENSGMOP00000006535,ENSGMOP00000006539,ENSGMOP00000006558,ENSGMOP00000006563,ENSGMOP00000006578,ENSGMOP00000006608,ENSGMOP00000006664,LPP,ENSGMOP00000006709,ENSGMOP00000006819,ENSGMOP00000006898,ENSGMOP00000006909,ENSGMOP00000007000,ENSGMOP00000007001,ENSGMOP00000007071,ENSGMOP00000007106,ENSGMOP00000007129,ENSGMOP00000007135,ENSGMOP00000007150,ENSGMOP00000007208,ENSGMOP00000007249,ENSGMOP00000007259,ENSGMOP00000007415,ENSGMOP00000007440,ENSGMOP00000007501,ENSGMOP00000007573,ENSGMOP00000007617,ENSGMOP00000007783,SEMA6A,ENSGMOP00000007861,DMXL1,ENSGMOP00000007903,ENSGMOP00000007919,ENSGMOP00000008048,ENSGMOP00000008148,ENSGMOP00000008308,ENSGMOP00000008316,ENSGMOP00000008329,ENSGMOP00000008361,ENSGMOP00000008467,ENSGMOP00000008500,ENSGMOP00000008547,ENSGMOP00000008653,ENSGMOP00000008706,ENSGMOP00000008712,ENSGMOP00000008756,ENSGMOP00000008778,ENSGMOP00000008869,ENSGMOP00000008916,ENSGMOP00000008938,JMY,ENSGMOP00000009025,ENSGMOP00000009057,ENSGMOP00000009058,ENSGMOP00000009077,ENSGMOP00000009306,ENSGMOP00000009422,ENSGMOP00000009437,ENSGMOP00000009512,ENSGMOP00000009591,ENSGMOP00000009620,ENSGMOP00000009658,ENSGMOP00000009693,ENSGMOP00000009774,ADAMTS20,ENSGMOP00000009927,ENSGMOP00000010006,ENSGMOP00000010021,ENSGMOP00000010033,FAM126B,ENSGMOP00000010407,ENSGMOP00000010490,ENSGMOP00000010518,ENSGMOP00000010519,ENSGMOP00000010611,ENSGMOP00000010644,ANKRD50,ENSGMOP00000010754,ENSGMOP00000010761,COL25A1,ENSGMOP00000010898,ENSGMOP00000010925,ENSGMOP00000010933,ENSGMOP00000010949,ENSGMOP00000010955,ENSGMOP00000011013,ENSGMOP00000011071,ENSGMOP00000011099,ENSGMOP00000011291,ENSGMOP00000011309,ENSGMOP00000011336,COL12A1,ENSGMOP00000011350,ENSGMOP00000011363,ENSGMOP00000011399,ENSGMOP00000011480,ENSGMOP00000011495,ENSGMOP00000011506,ENSGMOP00000011615,ENSGMOP00000011656,TTN,ENSGMOP00000011775,ENSGMOP00000011826,ENSGMOP00000011875,ENSGMOP00000011896,CARMIL1,ENSGMOP00000011999,ENSGMOP00000012028,ENSGMOP00000012049,ENSGMOP00000012157,ENSGMOP00000012195,ENSGMOP00000012260,ENSGMOP00000012426,ENSGMOP00000012470,ENSGMOP00000012747,ENSGMOP00000012838,ENSGMOP00000012848,ENSGMOP00000012897,ENSGMOP00000012990,ENSGMOP00000013064,ENSGMOP00000013107,ENSGMOP00000013123,ENSGMOP00000013133,ENSGMOP00000013161,ENSGMOP00000013163,ENSGMOP00000013179,ENSGMOP00000013237,ENSGMOP00000013289,ENSGMOP00000013341,ENSGMOP00000013403,ENSGMOP00000013414,ENSGMOP00000013421,ENSGMOP00000013478,ENSGMOP00000013488,MYO1D,ENSGMOP00000013688,ENSGMOP00000013716,ENSGMOP00000013726,ENSGMOP00000013936,ENSGMOP00000013951,ENSGMOP00000013986,ENSGMOP00000014028,ENSGMOP00000014246,ENSGMOP00000014411,ENSGMOP00000014503,ENSGMOP00000014551,ENSGMOP00000014630,TC2N,ENSGMOP00000014786,ARHGEF26,ENSGMOP00000014892,ENSGMOP00000014980,ENSGMOP00000015029,ENSGMOP00000015111,ENSGMOP00000015257,ENSGMOP00000015260,ENSGMOP00000015399,ENSGMOP00000015404,ENSGMOP00000015409,ENSGMOP00000015513,ENSGMOP00000015595,ENSGMOP00000015596,ENSGMOP00000015608,ENSGMOP00000015704,ENSGMOP00000015883,ENSGMOP00000015921,ENSGMOP00000015954,ENSGMOP00000015958,ENSGMOP00000016091,ENSGMOP00000016093,ENSGMOP00000016134,LOC115530884,ENSGMOP00000016299,ENSGMOP00000016338,ENSGMOP00000016347,ENSGMOP00000016370,ENSGMOP00000016451,ENSGMOP00000016480,ENSGMOP00000016514,ENSGMOP00000016537,ENSGMOP00000016574,ENSGMOP00000016592,TANC2,ENSGMOP00000016689,ENSGMOP00000016695,ENSGMOP00000016798,ENSGMOP00000016837,ENSGMOP00000016976,ENSGMOP00000017060,ENSGMOP00000017190,nr2e1,ENSGMOP00000017230,DYNC2H1,ENSGMOP00000017317,traf4,ENSGMOP00000017367,ENSGMOP00000017385,ENSGMOP00000017401,ENSGMOP00000017484,ENSGMOP00000017523,ENSGMOP00000017545,ENSGMOP00000017587,ENSGMOP00000017628,ENSGMOP00000017631,ENSGMOP00000017646,ENSGMOP00000017686,TCERG1,ENSGMOP00000017800,ENSGMOP00000017831,ENSGMOP00000017842,ENSGMOP00000017944,ENSGMOP00000017946,ENSGMOP00000017987,ENSGMOP00000018000,NPC1L1,ENSGMOP00000018274,IQSEC1,ENSGMOP00000018360,LOC115548846,ENSGMOP00000018378,ENSGMOP00000018410,NFKBID,ENSGMOP00000018508,ENSGMOP00000018589,ARAP1,ENSGMOP00000018651,ENSGMOP00000018767,ENSGMOP00000018866,ENSGMOP00000018876,ENSGMOP00000018897,ENSGMOP00000018935,ENSGMOP00000018970,ENSGMOP00000018982,ENSGMOP00000019065,ENSGMOP00000019163,ENSGMOP00000019302,ENSGMOP00000019427,ENSGMOP00000019499,dock7,ENSGMOP00000019580,ENSGMOP00000019664,ENSGMOP00000019698,ENSGMOP00000019758,PITPNM2,ENSGMOP00000019795,ENSGMOP00000019803,ENSGMOP00000019806,ENSGMOP00000019825,ENSGMOP00000019879,ENSGMOP00000019925,ENSGMOP00000019958,ENSGMOP00000020014,ENSGMOP00000020017,ENSGMOP00000020089,ENSGMOP00000020123,ENSGMOP00000020136,ENSGMOP00000020184,ENSGMOP00000020209,SCAF8,ENSGMOP00000020283,ENSGMOP00000020316,ENSGMOP00000020324,ENSGMOP00000020356,ENSGMOP00000020378,LOC115556064,ENSGMOP00000020575,ENSGMOP00000020764,PCLO,ENSGMOP00000020956,ENSGMOP00000021028,ENSGMOP00000021060,CTNND1,ENSGMOP00000021130,ENSGMOP00000021515,ENSGMOP00000021771
UniProt Keywords	KW-0245	EGF-like domain	21	206	0.65	0.89	1.64e-05	8049.ENSGMOP00000000860,8049.ENSGMOP00000001078,8049.ENSGMOP00000001366,8049.ENSGMOP00000001522,8049.ENSGMOP00000002791,8049.ENSGMOP00000004408,8049.ENSGMOP00000004711,8049.ENSGMOP00000005539,8049.ENSGMOP00000006144,8049.ENSGMOP00000006898,8049.ENSGMOP00000006909,8049.ENSGMOP00000007259,8049.ENSGMOP00000009025,8049.ENSGMOP00000009058,8049.ENSGMOP00000010490,8049.ENSGMOP00000011291,8049.ENSGMOP00000011999,8049.ENSGMOP00000016804,8049.ENSGMOP00000017385,8049.ENSGMOP00000017800,8049.ENSGMOP00000020378	ENSGMOP00000000860,LTBP3,ENSGMOP00000001366,ENSGMOP00000001522,ENSGMOP00000002791,ENSGMOP00000004408,ENSGMOP00000004711,ENSGMOP00000005539,ENSGMOP00000006144,ENSGMOP00000006898,ENSGMOP00000006909,ENSGMOP00000007259,ENSGMOP00000009025,ENSGMOP00000009058,ENSGMOP00000010490,ENSGMOP00000011291,ENSGMOP00000011999,ENSGMOP00000016804,ENSGMOP00000017385,ENSGMOP00000017800,ENSGMOP00000020378
UniProt Keywords	KW-0175	Coiled coil	147	4434	0.16	0.49	0.00015	8049.ENSGMOP00000000041,8049.ENSGMOP00000000084,8049.ENSGMOP00000000191,8049.ENSGMOP00000000294,8049.ENSGMOP00000000295,8049.ENSGMOP00000000320,8049.ENSGMOP00000000386,8049.ENSGMOP00000000409,8049.ENSGMOP00000000421,8049.ENSGMOP00000000507,8049.ENSGMOP00000000655,8049.ENSGMOP00000000734,8049.ENSGMOP00000000858,8049.ENSGMOP00000002031,8049.ENSGMOP00000002229,8049.ENSGMOP00000002422,8049.ENSGMOP00000002701,8049.ENSGMOP00000002747,8049.ENSGMOP00000003073,8049.ENSGMOP00000003479,8049.ENSGMOP00000003547,8049.ENSGMOP00000003697,8049.ENSGMOP00000003809,8049.ENSGMOP00000003911,8049.ENSGMOP00000004505,8049.ENSGMOP00000004779,8049.ENSGMOP00000004932,8049.ENSGMOP00000004951,8049.ENSGMOP00000005084,8049.ENSGMOP00000005593,8049.ENSGMOP00000005714,8049.ENSGMOP00000005835,8049.ENSGMOP00000006071,8049.ENSGMOP00000006247,8049.ENSGMOP00000006307,8049.ENSGMOP00000006446,8049.ENSGMOP00000006481,8049.ENSGMOP00000006851,8049.ENSGMOP00000007001,8049.ENSGMOP00000007129,8049.ENSGMOP00000007208,8049.ENSGMOP00000007415,8049.ENSGMOP00000007440,8049.ENSGMOP00000007501,8049.ENSGMOP00000007573,8049.ENSGMOP00000007853,8049.ENSGMOP00000007861,8049.ENSGMOP00000008048,8049.ENSGMOP00000008306,8049.ENSGMOP00000008308,8049.ENSGMOP00000008316,8049.ENSGMOP00000008467,8049.ENSGMOP00000008500,8049.ENSGMOP00000008653,8049.ENSGMOP00000008869,8049.ENSGMOP00000008938,8049.ENSGMOP00000009009,8049.ENSGMOP00000009025,8049.ENSGMOP00000009057,8049.ENSGMOP00000009437,8049.ENSGMOP00000009512,8049.ENSGMOP00000009574,8049.ENSGMOP00000009634,8049.ENSGMOP00000009658,8049.ENSGMOP00000010021,8049.ENSGMOP00000010033,8049.ENSGMOP00000010407,8049.ENSGMOP00000010611,8049.ENSGMOP00000010690,8049.ENSGMOP00000010761,8049.ENSGMOP00000010925,8049.ENSGMOP00000011071,8049.ENSGMOP00000011099,8049.ENSGMOP00000011336,8049.ENSGMOP00000011350,8049.ENSGMOP00000011480,8049.ENSGMOP00000011506,8049.ENSGMOP00000011615,8049.ENSGMOP00000011626,8049.ENSGMOP00000011656,8049.ENSGMOP00000011875,8049.ENSGMOP00000011896,8049.ENSGMOP00000011929,8049.ENSGMOP00000012028,8049.ENSGMOP00000012148,8049.ENSGMOP00000012426,8049.ENSGMOP00000012470,8049.ENSGMOP00000012747,8049.ENSGMOP00000012990,8049.ENSGMOP00000013107,8049.ENSGMOP00000013289,8049.ENSGMOP00000013414,8049.ENSGMOP00000013688,8049.ENSGMOP00000013905,8049.ENSGMOP00000014278,8049.ENSGMOP00000014503,8049.ENSGMOP00000014786,8049.ENSGMOP00000014892,8049.ENSGMOP00000015260,8049.ENSGMOP00000015399,8049.ENSGMOP00000015409,8049.ENSGMOP00000015513,8049.ENSGMOP00000015596,8049.ENSGMOP00000015921,8049.ENSGMOP00000015954,8049.ENSGMOP00000016134,8049.ENSGMOP00000016163,8049.ENSGMOP00000016299,8049.ENSGMOP00000016347,8049.ENSGMOP00000016480,8049.ENSGMOP00000016837,8049.ENSGMOP00000016976,8049.ENSGMOP00000017268,8049.ENSGMOP00000017345,8049.ENSGMOP00000017401,8049.ENSGMOP00000017472,8049.ENSGMOP00000017484,8049.ENSGMOP00000017628,8049.ENSGMOP00000017631,8049.ENSGMOP00000017686,8049.ENSGMOP00000017723,8049.ENSGMOP00000017987,8049.ENSGMOP00000017996,8049.ENSGMOP00000018313,8049.ENSGMOP00000018410,8049.ENSGMOP00000018508,8049.ENSGMOP00000018651,8049.ENSGMOP00000018687,8049.ENSGMOP00000018897,8049.ENSGMOP00000019065,8049.ENSGMOP00000019302,8049.ENSGMOP00000019575,8049.ENSGMOP00000019580,8049.ENSGMOP00000019664,8049.ENSGMOP00000019698,8049.ENSGMOP00000019765,8049.ENSGMOP00000019806,8049.ENSGMOP00000019825,8049.ENSGMOP00000019879,8049.ENSGMOP00000019958,8049.ENSGMOP00000020014,8049.ENSGMOP00000020017,8049.ENSGMOP00000020209,8049.ENSGMOP00000020283,8049.ENSGMOP00000020834,8049.ENSGMOP00000021028,8049.ENSGMOP00000021061	ENSGMOP00000000041,ENSGMOP00000000084,ENSGMOP00000000191,ENSGMOP00000000294,ENSGMOP00000000295,ENSGMOP00000000320,ENSGMOP00000000386,ENSGMOP00000000409,ENSGMOP00000000421,ENSGMOP00000000507,ENSGMOP00000000655,MACF1,ENSGMOP00000000858,ENSGMOP00000002031,ENSGMOP00000002229,ENSGMOP00000002422,ENSGMOP00000002701,ENSGMOP00000002747,ENSGMOP00000003073,ENSGMOP00000003479,ENSGMOP00000003547,ENSGMOP00000003697,ENSGMOP00000003809,ENSGMOP00000003911,ENSGMOP00000004505,ENSGMOP00000004779,ENSGMOP00000004932,ENSGMOP00000004951,ENSGMOP00000005084,PLEKHA5,DST,ENSGMOP00000005835,ENSGMOP00000006071,ENSGMOP00000006247,ENSGMOP00000006307,vps18,ENSGMOP00000006481,ENSGMOP00000006851,ENSGMOP00000007001,ENSGMOP00000007129,ENSGMOP00000007208,ENSGMOP00000007415,ENSGMOP00000007440,ENSGMOP00000007501,ENSGMOP00000007573,ENSGMOP00000007853,ENSGMOP00000007861,ENSGMOP00000008048,DOCK9,ENSGMOP00000008308,ENSGMOP00000008316,ENSGMOP00000008467,ENSGMOP00000008500,ENSGMOP00000008653,ENSGMOP00000008869,ENSGMOP00000008938,JMY,ENSGMOP00000009025,ENSGMOP00000009057,ENSGMOP00000009437,ENSGMOP00000009512,ENSGMOP00000009574,ENSGMOP00000009634,ENSGMOP00000009658,ENSGMOP00000010021,ENSGMOP00000010033,ENSGMOP00000010407,ENSGMOP00000010611,ANKRD50,ENSGMOP00000010761,ENSGMOP00000010925,ENSGMOP00000011071,ENSGMOP00000011099,ENSGMOP00000011336,ENSGMOP00000011350,ENSGMOP00000011480,ENSGMOP00000011506,ENSGMOP00000011615,ARHGEF17,ENSGMOP00000011656,ENSGMOP00000011875,ENSGMOP00000011896,CARMIL1,ENSGMOP00000012028,EIF2AK4,ENSGMOP00000012426,ENSGMOP00000012470,ENSGMOP00000012747,ENSGMOP00000012990,ENSGMOP00000013107,ENSGMOP00000013289,ENSGMOP00000013414,ENSGMOP00000013688,ENSGMOP00000013905,ENSGMOP00000014278,ENSGMOP00000014503,ENSGMOP00000014786,ENSGMOP00000014892,ENSGMOP00000015260,ENSGMOP00000015399,ENSGMOP00000015409,ENSGMOP00000015513,ENSGMOP00000015596,ENSGMOP00000015921,ENSGMOP00000015954,ENSGMOP00000016134,LOC115530884,ENSGMOP00000016299,ENSGMOP00000016347,ENSGMOP00000016480,ENSGMOP00000016837,ENSGMOP00000016976,DYNC2H1,traf4,ENSGMOP00000017401,ENSGMOP00000017472,ENSGMOP00000017484,ENSGMOP00000017628,ENSGMOP00000017631,ENSGMOP00000017686,TCERG1,ENSGMOP00000017987,PLEKHG4B,IQSEC1,ENSGMOP00000018410,ENSGMOP00000018508,ENSGMOP00000018651,ENSGMOP00000018687,ENSGMOP00000018897,ENSGMOP00000019065,ENSGMOP00000019302,dock7,ENSGMOP00000019580,ENSGMOP00000019664,ENSGMOP00000019698,PITPNM2,ENSGMOP00000019806,ENSGMOP00000019825,ENSGMOP00000019879,ENSGMOP00000019958,ENSGMOP00000020014,ENSGMOP00000020017,ENSGMOP00000020209,ENSGMOP00000020283,PCLO,ENSGMOP00000021028,CTNND1
UniProt Keywords	KW-0518	Myosin	11	64	0.87	0.86	0.00015	8049.ENSGMOP00000001588,8049.ENSGMOP00000006071,8049.ENSGMOP00000006247,8049.ENSGMOP00000009057,8049.ENSGMOP00000010761,8049.ENSGMOP00000012028,8049.ENSGMOP00000012260,8049.ENSGMOP00000013595,8049.ENSGMOP00000016689,8049.ENSGMOP00000017631,8049.ENSGMOP00000021060	ENSGMOP00000001588,ENSGMOP00000006071,ENSGMOP00000006247,ENSGMOP00000009057,ENSGMOP00000010761,ENSGMOP00000012028,ENSGMOP00000012260,MYO1D,ENSGMOP00000016689,ENSGMOP00000017631,ENSGMOP00000021060
UniProt Keywords	KW-0009	Actin-binding	14	124	0.69	0.75	0.00024	8049.ENSGMOP00000001588,8049.ENSGMOP00000006071,8049.ENSGMOP00000006247,8049.ENSGMOP00000006664,8049.ENSGMOP00000009057,8049.ENSGMOP00000010761,8049.ENSGMOP00000010955,8049.ENSGMOP00000012028,8049.ENSGMOP00000012260,8049.ENSGMOP00000013595,8049.ENSGMOP00000016689,8049.ENSGMOP00000017631,8049.ENSGMOP00000020017,8049.ENSGMOP00000021060	ENSGMOP00000001588,ENSGMOP00000006071,ENSGMOP00000006247,ENSGMOP00000006664,ENSGMOP00000009057,ENSGMOP00000010761,ENSGMOP00000010955,ENSGMOP00000012028,ENSGMOP00000012260,MYO1D,ENSGMOP00000016689,ENSGMOP00000017631,ENSGMOP00000020017,ENSGMOP00000021060
UniProt Keywords	KW-0677	Repeat	53	1184	0.29	0.54	0.00032	8049.ENSGMOP00000000192,8049.ENSGMOP00000000637,8049.ENSGMOP00000000734,8049.ENSGMOP00000000860,8049.ENSGMOP00000001078,8049.ENSGMOP00000001366,8049.ENSGMOP00000001522,8049.ENSGMOP00000002791,8049.ENSGMOP00000004408,8049.ENSGMOP00000004711,8049.ENSGMOP00000004735,8049.ENSGMOP00000004932,8049.ENSGMOP00000005232,8049.ENSGMOP00000005539,8049.ENSGMOP00000005714,8049.ENSGMOP00000006144,8049.ENSGMOP00000006664,8049.ENSGMOP00000006863,8049.ENSGMOP00000006898,8049.ENSGMOP00000007000,8049.ENSGMOP00000007001,8049.ENSGMOP00000007106,8049.ENSGMOP00000007259,8049.ENSGMOP00000008308,8049.ENSGMOP00000008778,8049.ENSGMOP00000009058,8049.ENSGMOP00000009306,8049.ENSGMOP00000010490,8049.ENSGMOP00000010518,8049.ENSGMOP00000010993,8049.ENSGMOP00000011291,8049.ENSGMOP00000011739,8049.ENSGMOP00000011999,8049.ENSGMOP00000012838,8049.ENSGMOP00000012897,8049.ENSGMOP00000013199,8049.ENSGMOP00000013341,8049.ENSGMOP00000013403,8049.ENSGMOP00000014503,8049.ENSGMOP00000014551,8049.ENSGMOP00000015608,8049.ENSGMOP00000015704,8049.ENSGMOP00000016299,8049.ENSGMOP00000016451,8049.ENSGMOP00000016695,8049.ENSGMOP00000016804,8049.ENSGMOP00000017702,8049.ENSGMOP00000020017,8049.ENSGMOP00000020283,8049.ENSGMOP00000020378,8049.ENSGMOP00000021130,8049.ENSGMOP00000021515,8049.ENSGMOP00000021947	ENSGMOP00000000192,ENSGMOP00000000637,MACF1,ENSGMOP00000000860,LTBP3,ENSGMOP00000001366,ENSGMOP00000001522,ENSGMOP00000002791,ENSGMOP00000004408,ENSGMOP00000004711,ENSGMOP00000004735,ENSGMOP00000004932,ENSGMOP00000005232,ENSGMOP00000005539,DST,ENSGMOP00000006144,ENSGMOP00000006664,ENSGMOP00000006863,ENSGMOP00000006898,ENSGMOP00000007000,ENSGMOP00000007001,ENSGMOP00000007106,ENSGMOP00000007259,ENSGMOP00000008308,ENSGMOP00000008778,ENSGMOP00000009058,ENSGMOP00000009306,ENSGMOP00000010490,ENSGMOP00000010518,ENSGMOP00000010993,ENSGMOP00000011291,TTN,ENSGMOP00000011999,ENSGMOP00000012838,ENSGMOP00000012897,ENSGMOP00000013199,ENSGMOP00000013341,ENSGMOP00000013403,ENSGMOP00000014503,ENSGMOP00000014551,ENSGMOP00000015608,ENSGMOP00000015704,ENSGMOP00000016299,ENSGMOP00000016451,ENSGMOP00000016695,ENSGMOP00000016804,EPHA7,ENSGMOP00000020017,ENSGMOP00000020283,ENSGMOP00000020378,ENSGMOP00000021130,ENSGMOP00000021515,ENSGMOP00000021947
UniProt Keywords	KW-0728	SH3 domain	18	274	0.46	0.46	0.0057	8049.ENSGMOP00000002422,8049.ENSGMOP00000002866,8049.ENSGMOP00000006539,8049.ENSGMOP00000006563,8049.ENSGMOP00000007501,8049.ENSGMOP00000007573,8049.ENSGMOP00000007903,8049.ENSGMOP00000008308,8049.ENSGMOP00000008467,8049.ENSGMOP00000010006,8049.ENSGMOP00000012049,8049.ENSGMOP00000014411,8049.ENSGMOP00000014630,8049.ENSGMOP00000014864,8049.ENSGMOP00000016338,8049.ENSGMOP00000017987,8049.ENSGMOP00000019806,8049.ENSGMOP00000019825	ENSGMOP00000002422,ENSGMOP00000002866,ENSGMOP00000006539,ENSGMOP00000006563,ENSGMOP00000007501,ENSGMOP00000007573,ENSGMOP00000007903,ENSGMOP00000008308,ENSGMOP00000008467,ENSGMOP00000010006,ENSGMOP00000012049,ENSGMOP00000014411,ENSGMOP00000014630,ARHGEF26,ENSGMOP00000016338,ENSGMOP00000017987,ENSGMOP00000019806,ENSGMOP00000019825
SMART	SM00233	Pleckstrin homology domain.	28	283	0.63	1.07	3.68e-07	8049.ENSGMOP00000000294,8049.ENSGMOP00000000409,8049.ENSGMOP00000002031,8049.ENSGMOP00000002237,8049.ENSGMOP00000002422,8049.ENSGMOP00000005593,8049.ENSGMOP00000006539,8049.ENSGMOP00000007129,8049.ENSGMOP00000008306,8049.ENSGMOP00000008308,8049.ENSGMOP00000010611,8049.ENSGMOP00000011350,8049.ENSGMOP00000011506,8049.ENSGMOP00000012049,8049.ENSGMOP00000012747,8049.ENSGMOP00000013107,8049.ENSGMOP00000014701,8049.ENSGMOP00000014864,8049.ENSGMOP00000016338,8049.ENSGMOP00000016689,8049.ENSGMOP00000016837,8049.ENSGMOP00000017996,8049.ENSGMOP00000018313,8049.ENSGMOP00000018619,8049.ENSGMOP00000019065,8049.ENSGMOP00000019664,8049.ENSGMOP00000020017,8049.ENSGMOP00000020184	ENSGMOP00000000294,ENSGMOP00000000409,ENSGMOP00000002031,FGD6,ENSGMOP00000002422,PLEKHA5,ENSGMOP00000006539,ENSGMOP00000007129,DOCK9,ENSGMOP00000008308,ENSGMOP00000010611,ENSGMOP00000011350,ENSGMOP00000011506,ENSGMOP00000012049,ENSGMOP00000012747,ENSGMOP00000013107,ENSGMOP00000014701,ARHGEF26,ENSGMOP00000016338,ENSGMOP00000016689,ENSGMOP00000016837,PLEKHG4B,IQSEC1,ARAP1,ENSGMOP00000019065,ENSGMOP00000019664,ENSGMOP00000020017,ENSGMOP00000020184
SMART	SM00181	Epidermal growth factor-like domain.	22	207	0.67	0.98	4.18e-06	8049.ENSGMOP00000000860,8049.ENSGMOP00000001078,8049.ENSGMOP00000001366,8049.ENSGMOP00000001522,8049.ENSGMOP00000002791,8049.ENSGMOP00000004408,8049.ENSGMOP00000004711,8049.ENSGMOP00000004825,8049.ENSGMOP00000005539,8049.ENSGMOP00000006898,8049.ENSGMOP00000007259,8049.ENSGMOP00000009025,8049.ENSGMOP00000009058,8049.ENSGMOP00000010490,8049.ENSGMOP00000010518,8049.ENSGMOP00000011291,8049.ENSGMOP00000011999,8049.ENSGMOP00000016804,8049.ENSGMOP00000017385,8049.ENSGMOP00000017523,8049.ENSGMOP00000018626,8049.ENSGMOP00000020378	ENSGMOP00000000860,LTBP3,ENSGMOP00000001366,ENSGMOP00000001522,ENSGMOP00000002791,ENSGMOP00000004408,ENSGMOP00000004711,ENSGMOP00000004825,ENSGMOP00000005539,ENSGMOP00000006898,ENSGMOP00000007259,ENSGMOP00000009025,ENSGMOP00000009058,ENSGMOP00000010490,ENSGMOP00000010518,ENSGMOP00000011291,ENSGMOP00000011999,ENSGMOP00000016804,ENSGMOP00000017385,ENSGMOP00000017523,ENSGMOP00000018626,ENSGMOP00000020378
SMART	SM00325	Guanine nucleotide exchange factor for Rho/Rac/Cdc42-like GTPases	13	67	0.93	1.13	6.04e-06	8049.ENSGMOP00000000294,8049.ENSGMOP00000000409,8049.ENSGMOP00000002237,8049.ENSGMOP00000006699,8049.ENSGMOP00000008308,8049.ENSGMOP00000010611,8049.ENSGMOP00000011506,8049.ENSGMOP00000011626,8049.ENSGMOP00000014864,8049.ENSGMOP00000016338,8049.ENSGMOP00000016837,8049.ENSGMOP00000017996,8049.ENSGMOP00000020184	ENSGMOP00000000294,ENSGMOP00000000409,FGD6,ENSGMOP00000006699,ENSGMOP00000008308,ENSGMOP00000010611,ENSGMOP00000011506,ARHGEF17,ARHGEF26,ENSGMOP00000016338,ENSGMOP00000016837,PLEKHG4B,ENSGMOP00000020184
SMART	SM00033	Calponin homology domain	13	73	0.89	1.06	1.11e-05	8049.ENSGMOP00000000734,8049.ENSGMOP00000002428,8049.ENSGMOP00000003911,8049.ENSGMOP00000004932,8049.ENSGMOP00000005714,8049.ENSGMOP00000006664,8049.ENSGMOP00000007001,8049.ENSGMOP00000007150,8049.ENSGMOP00000010955,8049.ENSGMOP00000011480,8049.ENSGMOP00000016299,8049.ENSGMOP00000020017,8049.ENSGMOP00000020283	MACF1,ENSGMOP00000002428,ENSGMOP00000003911,ENSGMOP00000004932,DST,ENSGMOP00000006664,ENSGMOP00000007001,ENSGMOP00000007150,ENSGMOP00000010955,ENSGMOP00000011480,ENSGMOP00000016299,ENSGMOP00000020017,ENSGMOP00000020283
SMART	SM00179	Calcium-binding EGF-like domain	15	107	0.79	0.99	1.47e-05	8049.ENSGMOP00000000860,8049.ENSGMOP00000001078,8049.ENSGMOP00000001366,8049.ENSGMOP00000001522,8049.ENSGMOP00000004408,8049.ENSGMOP00000005539,8049.ENSGMOP00000006144,8049.ENSGMOP00000006909,8049.ENSGMOP00000009058,8049.ENSGMOP00000010490,8049.ENSGMOP00000010518,8049.ENSGMOP00000011291,8049.ENSGMOP00000011999,8049.ENSGMOP00000016804,8049.ENSGMOP00000020378	ENSGMOP00000000860,LTBP3,ENSGMOP00000001366,ENSGMOP00000001522,ENSGMOP00000004408,ENSGMOP00000005539,ENSGMOP00000006144,ENSGMOP00000006909,ENSGMOP00000009058,ENSGMOP00000010490,ENSGMOP00000010518,ENSGMOP00000011291,ENSGMOP00000011999,ENSGMOP00000016804,ENSGMOP00000020378
SMART	SM00015	Short calmodulin-binding motif containing conserved Ile and Gln residues.	12	77	0.83	0.88	8.56e-05	8049.ENSGMOP00000001588,8049.ENSGMOP00000003911,8049.ENSGMOP00000006071,8049.ENSGMOP00000006247,8049.ENSGMOP00000009057,8049.ENSGMOP00000010644,8049.ENSGMOP00000010761,8049.ENSGMOP00000012028,8049.ENSGMOP00000012260,8049.ENSGMOP00000013595,8049.ENSGMOP00000017631,8049.ENSGMOP00000021060	ENSGMOP00000001588,ENSGMOP00000003911,ENSGMOP00000006071,ENSGMOP00000006247,ENSGMOP00000009057,ENSGMOP00000010644,ENSGMOP00000010761,ENSGMOP00000012028,ENSGMOP00000012260,MYO1D,ENSGMOP00000017631,ENSGMOP00000021060
SMART	SM00001	EGF domain, unclasssified subfamily	12	83	0.8	0.83	0.00015	8049.ENSGMOP00000001522,8049.ENSGMOP00000002159,8049.ENSGMOP00000002791,8049.ENSGMOP00000003483,8049.ENSGMOP00000004408,8049.ENSGMOP00000004711,8049.ENSGMOP00000005306,8049.ENSGMOP00000005539,8049.ENSGMOP00000006898,8049.ENSGMOP00000006909,8049.ENSGMOP00000016347,8049.ENSGMOP00000017523	ENSGMOP00000001522,ENSGMOP00000002159,ENSGMOP00000002791,LAMA3,ENSGMOP00000004408,ENSGMOP00000004711,ENSGMOP00000005306,ENSGMOP00000005539,ENSGMOP00000006898,ENSGMOP00000006909,ENSGMOP00000016347,ENSGMOP00000017523
SMART	SM00150	Spectrin repeats	8	33	1.02	0.86	0.00025	8049.ENSGMOP00000000734,8049.ENSGMOP00000004932,8049.ENSGMOP00000005714,8049.ENSGMOP00000007001,8049.ENSGMOP00000008308,8049.ENSGMOP00000016299,8049.ENSGMOP00000020017,8049.ENSGMOP00000020283	MACF1,ENSGMOP00000004932,DST,ENSGMOP00000007001,ENSGMOP00000008308,ENSGMOP00000016299,ENSGMOP00000020017,ENSGMOP00000020283
SMART	SM00060	Fibronectin type 3 domain	17	217	0.53	0.56	0.0017	8049.ENSGMOP00000000192,8049.ENSGMOP00000000797,8049.ENSGMOP00000006782,8049.ENSGMOP00000008308,8049.ENSGMOP00000008329,8049.ENSGMOP00000009025,8049.ENSGMOP00000011340,8049.ENSGMOP00000011739,8049.ENSGMOP00000012838,8049.ENSGMOP00000013199,8049.ENSGMOP00000013403,8049.ENSGMOP00000014931,8049.ENSGMOP00000016451,8049.ENSGMOP00000016695,8049.ENSGMOP00000016798,8049.ENSGMOP00000017702,8049.ENSGMOP00000017842	ENSGMOP00000000192,ENSGMOP00000000797,ENSGMOP00000006782,ENSGMOP00000008308,ENSGMOP00000008329,ENSGMOP00000009025,COL12A1,TTN,ENSGMOP00000012838,ENSGMOP00000013199,ENSGMOP00000013403,ENSGMOP00000014931,ENSGMOP00000016451,ENSGMOP00000016695,ENSGMOP00000016798,EPHA7,ENSGMOP00000017842
SMART	SM00324	GTPase-activator protein for Rho-like GTPases	10	78	0.75	0.62	0.0018	8049.ENSGMOP00000002229,8049.ENSGMOP00000002422,8049.ENSGMOP00000008467,8049.ENSGMOP00000009057,8049.ENSGMOP00000011506,8049.ENSGMOP00000013289,8049.ENSGMOP00000018619,8049.ENSGMOP00000018876,8049.ENSGMOP00000019806,8049.ENSGMOP00000021060	ENSGMOP00000002229,ENSGMOP00000002422,ENSGMOP00000008467,ENSGMOP00000009057,ENSGMOP00000011506,ENSGMOP00000013289,ARAP1,ENSGMOP00000018876,ENSGMOP00000019806,ENSGMOP00000021060
SMART	SM00326	Src homology 3 domains	17	242	0.49	0.47	0.0051	8049.ENSGMOP00000002866,8049.ENSGMOP00000006539,8049.ENSGMOP00000006563,8049.ENSGMOP00000007001,8049.ENSGMOP00000007501,8049.ENSGMOP00000007573,8049.ENSGMOP00000007903,8049.ENSGMOP00000008308,8049.ENSGMOP00000010006,8049.ENSGMOP00000012990,8049.ENSGMOP00000014411,8049.ENSGMOP00000014630,8049.ENSGMOP00000014864,8049.ENSGMOP00000016338,8049.ENSGMOP00000017987,8049.ENSGMOP00000019806,8049.ENSGMOP00000019825	ENSGMOP00000002866,ENSGMOP00000006539,ENSGMOP00000006563,ENSGMOP00000007001,ENSGMOP00000007501,ENSGMOP00000007573,ENSGMOP00000007903,ENSGMOP00000008308,ENSGMOP00000010006,ENSGMOP00000012990,ENSGMOP00000014411,ENSGMOP00000014630,ARHGEF26,ENSGMOP00000016338,ENSGMOP00000017987,ENSGMOP00000019806,ENSGMOP00000019825
SMART	SM00261	Furin-like repeats	5	21	1.02	0.47	0.0140	8049.ENSGMOP00000000192,8049.ENSGMOP00000002159,8049.ENSGMOP00000007259,8049.ENSGMOP00000013403,8049.ENSGMOP00000016451	ENSGMOP00000000192,ENSGMOP00000002159,ENSGMOP00000007259,ENSGMOP00000013403,ENSGMOP00000016451
SMART	SM00228	Domain present in PSD-95, Dlg, and ZO-1/2.	13	171	0.52	0.41	0.0144	8049.ENSGMOP00000000394,8049.ENSGMOP00000002960,8049.ENSGMOP00000003952,8049.ENSGMOP00000006065,8049.ENSGMOP00000010006,8049.ENSGMOP00000010761,8049.ENSGMOP00000014630,8049.ENSGMOP00000017831,8049.ENSGMOP00000019879,8049.ENSGMOP00000019958,8049.ENSGMOP00000020136,8049.ENSGMOP00000020184,8049.ENSGMOP00000020834	ENSGMOP00000000394,ENSGMOP00000002960,ENSGMOP00000003952,ENSGMOP00000006065,ENSGMOP00000010006,ENSGMOP00000010761,ENSGMOP00000014630,ENSGMOP00000017831,ENSGMOP00000019879,ENSGMOP00000019958,ENSGMOP00000020136,ENSGMOP00000020184,PCLO
SMART	SM00282	Laminin G domain	7	50	0.79	0.45	0.0144	8049.ENSGMOP00000000860,8049.ENSGMOP00000001366,8049.ENSGMOP00000003483,8049.ENSGMOP00000005306,8049.ENSGMOP00000009927,8049.ENSGMOP00000010518,8049.ENSGMOP00000017385	ENSGMOP00000000860,ENSGMOP00000001366,LAMA3,ENSGMOP00000005306,ENSGMOP00000009927,ENSGMOP00000010518,ENSGMOP00000017385
SMART	SM00214	Von Willebrand factor (vWF) type C domain	6	41	0.8	0.38	0.0279	8049.ENSGMOP00000002564,8049.ENSGMOP00000004711,8049.ENSGMOP00000004825,8049.ENSGMOP00000009077,8049.ENSGMOP00000012157,8049.ENSGMOP00000020378	ENSGMOP00000002564,ENSGMOP00000004711,ENSGMOP00000004825,ENSGMOP00000009077,ENSGMOP00000012157,ENSGMOP00000020378
SMART	SM00119	Domain Homologous to E6-AP Carboxyl Terminus with	5	30	0.86	0.34	0.0447	8049.ENSGMOP00000002561,8049.ENSGMOP00000003381,8049.ENSGMOP00000006481,8049.ENSGMOP00000007861,8049.ENSGMOP00000008916	HECTD4,ENSGMOP00000003381,ENSGMOP00000006481,ENSGMOP00000007861,ENSGMOP00000008916
