#category	term ID	term description	observed gene count	background gene count	strength	signal	false discovery rate	matching proteins in your network (IDs)	matching proteins in your network (labels)
GO Process	GO:0009653	Anatomical structure morphogenesis	91	1765	0.27	0.58	7.04e-05	8049.ENSGMOP00000000161,8049.ENSGMOP00000000295,8049.ENSGMOP00000000320,8049.ENSGMOP00000001090,8049.ENSGMOP00000001366,8049.ENSGMOP00000001688,8049.ENSGMOP00000001971,8049.ENSGMOP00000002428,8049.ENSGMOP00000002722,8049.ENSGMOP00000002791,8049.ENSGMOP00000002912,8049.ENSGMOP00000003073,8049.ENSGMOP00000003547,8049.ENSGMOP00000003929,8049.ENSGMOP00000004042,8049.ENSGMOP00000004060,8049.ENSGMOP00000004076,8049.ENSGMOP00000005232,8049.ENSGMOP00000005360,8049.ENSGMOP00000006071,8049.ENSGMOP00000006144,8049.ENSGMOP00000006173,8049.ENSGMOP00000006481,8049.ENSGMOP00000006502,8049.ENSGMOP00000006594,8049.ENSGMOP00000006664,8049.ENSGMOP00000006782,8049.ENSGMOP00000007129,8049.ENSGMOP00000007415,8049.ENSGMOP00000007617,8049.ENSGMOP00000007826,8049.ENSGMOP00000008308,8049.ENSGMOP00000008316,8049.ENSGMOP00000008382,8049.ENSGMOP00000009025,8049.ENSGMOP00000009057,8049.ENSGMOP00000009927,8049.ENSGMOP00000009994,8049.ENSGMOP00000010218,8049.ENSGMOP00000010397,8049.ENSGMOP00000010431,8049.ENSGMOP00000010519,8049.ENSGMOP00000010949,8049.ENSGMOP00000010993,8049.ENSGMOP00000011071,8049.ENSGMOP00000011286,8049.ENSGMOP00000011999,8049.ENSGMOP00000012028,8049.ENSGMOP00000012148,8049.ENSGMOP00000012157,8049.ENSGMOP00000012162,8049.ENSGMOP00000012175,8049.ENSGMOP00000012470,8049.ENSGMOP00000013414,8049.ENSGMOP00000013421,8049.ENSGMOP00000013488,8049.ENSGMOP00000013503,8049.ENSGMOP00000013595,8049.ENSGMOP00000013735,8049.ENSGMOP00000014411,8049.ENSGMOP00000014586,8049.ENSGMOP00000014786,8049.ENSGMOP00000014864,8049.ENSGMOP00000015608,8049.ENSGMOP00000016289,8049.ENSGMOP00000016347,8049.ENSGMOP00000016537,8049.ENSGMOP00000016695,8049.ENSGMOP00000016798,8049.ENSGMOP00000016804,8049.ENSGMOP00000017190,8049.ENSGMOP00000017401,8049.ENSGMOP00000017472,8049.ENSGMOP00000017587,8049.ENSGMOP00000017702,8049.ENSGMOP00000017800,8049.ENSGMOP00000018242,8049.ENSGMOP00000018508,8049.ENSGMOP00000018651,8049.ENSGMOP00000018921,8049.ENSGMOP00000019698,8049.ENSGMOP00000019958,8049.ENSGMOP00000020175,8049.ENSGMOP00000020209,8049.ENSGMOP00000020316,8049.ENSGMOP00000020324,8049.ENSGMOP00000020356,8049.ENSGMOP00000020924,8049.ENSGMOP00000021060,8049.ENSGMOP00000021165,8049.ENSGMOP00000021268	ENSGMOP00000000161,ENSGMOP00000000295,ENSGMOP00000000320,ENSGMOP00000001090,ENSGMOP00000001366,ENSGMOP00000001688,ENSGMOP00000001971,ENSGMOP00000002428,NTN1,ENSGMOP00000002791,ENSGMOP00000002912,ENSGMOP00000003073,ENSGMOP00000003547,ENSGMOP00000003929,ENSGMOP00000004042,ENSGMOP00000004060,ENSGMOP00000004076,ENSGMOP00000005232,ENSGMOP00000005360,ENSGMOP00000006071,ENSGMOP00000006144,ENSGMOP00000006173,ENSGMOP00000006481,ENSGMOP00000006502,ENSGMOP00000006594,ENSGMOP00000006664,ENSGMOP00000006782,ENSGMOP00000007129,ENSGMOP00000007415,ENSGMOP00000007617,SEMA6A,ENSGMOP00000008308,ENSGMOP00000008316,ENSGMOP00000008382,ENSGMOP00000009025,ENSGMOP00000009057,ENSGMOP00000009927,ENSGMOP00000009994,ENSGMOP00000010218,ENSGMOP00000010397,ENSGMOP00000010431,ENSGMOP00000010519,ENSGMOP00000010949,ENSGMOP00000010993,ENSGMOP00000011071,ENSGMOP00000011286,ENSGMOP00000011999,ENSGMOP00000012028,EIF2AK4,ENSGMOP00000012157,ENSGMOP00000012162,ENSGMOP00000012175,ENSGMOP00000012470,ENSGMOP00000013414,ENSGMOP00000013421,ENSGMOP00000013488,ENSGMOP00000013503,MYO1D,ENSGMOP00000013735,ENSGMOP00000014411,FZD7,ENSGMOP00000014786,ARHGEF26,ENSGMOP00000015608,ENSGMOP00000016289,ENSGMOP00000016347,ENSGMOP00000016537,ENSGMOP00000016695,ENSGMOP00000016798,ENSGMOP00000016804,ENSGMOP00000017190,ENSGMOP00000017401,ENSGMOP00000017472,ENSGMOP00000017587,EPHA7,ENSGMOP00000017800,ENSGMOP00000018242,ENSGMOP00000018508,ENSGMOP00000018651,ENSGMOP00000018921,ENSGMOP00000019698,ENSGMOP00000019958,ENSGMOP00000020175,ENSGMOP00000020209,ENSGMOP00000020316,ENSGMOP00000020324,ENSGMOP00000020356,ENSGMOP00000020924,ENSGMOP00000021060,ENSGMOP00000021165,mab21l2
GO Process	GO:0032502	Developmental process	184	4479	0.17	0.52	7.04e-05	8049.ENSGMOP00000000161,8049.ENSGMOP00000000192,8049.ENSGMOP00000000295,8049.ENSGMOP00000000320,8049.ENSGMOP00000000394,8049.ENSGMOP00000000409,8049.ENSGMOP00000000637,8049.ENSGMOP00000000741,8049.ENSGMOP00000000746,8049.ENSGMOP00000001058,8049.ENSGMOP00000001090,8049.ENSGMOP00000001366,8049.ENSGMOP00000001578,8049.ENSGMOP00000001688,8049.ENSGMOP00000001971,8049.ENSGMOP00000002159,8049.ENSGMOP00000002428,8049.ENSGMOP00000002722,8049.ENSGMOP00000002791,8049.ENSGMOP00000002912,8049.ENSGMOP00000002985,8049.ENSGMOP00000003073,8049.ENSGMOP00000003196,8049.ENSGMOP00000003381,8049.ENSGMOP00000003483,8049.ENSGMOP00000003547,8049.ENSGMOP00000003762,8049.ENSGMOP00000003809,8049.ENSGMOP00000003813,8049.ENSGMOP00000003929,8049.ENSGMOP00000004042,8049.ENSGMOP00000004060,8049.ENSGMOP00000004076,8049.ENSGMOP00000004080,8049.ENSGMOP00000004779,8049.ENSGMOP00000005232,8049.ENSGMOP00000005306,8049.ENSGMOP00000005360,8049.ENSGMOP00000005593,8049.ENSGMOP00000005627,8049.ENSGMOP00000005796,8049.ENSGMOP00000005945,8049.ENSGMOP00000006035,8049.ENSGMOP00000006071,8049.ENSGMOP00000006144,8049.ENSGMOP00000006173,8049.ENSGMOP00000006247,8049.ENSGMOP00000006446,8049.ENSGMOP00000006481,8049.ENSGMOP00000006501,8049.ENSGMOP00000006502,8049.ENSGMOP00000006594,8049.ENSGMOP00000006664,8049.ENSGMOP00000006782,8049.ENSGMOP00000006863,8049.ENSGMOP00000007106,8049.ENSGMOP00000007129,8049.ENSGMOP00000007208,8049.ENSGMOP00000007415,8049.ENSGMOP00000007617,8049.ENSGMOP00000007826,8049.ENSGMOP00000007903,8049.ENSGMOP00000008308,8049.ENSGMOP00000008316,8049.ENSGMOP00000008350,8049.ENSGMOP00000008382,8049.ENSGMOP00000008403,8049.ENSGMOP00000008653,8049.ENSGMOP00000008778,8049.ENSGMOP00000009025,8049.ENSGMOP00000009057,8049.ENSGMOP00000009437,8049.ENSGMOP00000009591,8049.ENSGMOP00000009709,8049.ENSGMOP00000009927,8049.ENSGMOP00000009994,8049.ENSGMOP00000010021,8049.ENSGMOP00000010218,8049.ENSGMOP00000010232,8049.ENSGMOP00000010397,8049.ENSGMOP00000010431,8049.ENSGMOP00000010437,8049.ENSGMOP00000010490,8049.ENSGMOP00000010518,8049.ENSGMOP00000010519,8049.ENSGMOP00000010611,8049.ENSGMOP00000010949,8049.ENSGMOP00000010993,8049.ENSGMOP00000011071,8049.ENSGMOP00000011286,8049.ENSGMOP00000011291,8049.ENSGMOP00000011399,8049.ENSGMOP00000011495,8049.ENSGMOP00000011795,8049.ENSGMOP00000011890,8049.ENSGMOP00000011999,8049.ENSGMOP00000012028,8049.ENSGMOP00000012148,8049.ENSGMOP00000012157,8049.ENSGMOP00000012162,8049.ENSGMOP00000012175,8049.ENSGMOP00000012470,8049.ENSGMOP00000012838,8049.ENSGMOP00000013123,8049.ENSGMOP00000013289,8049.ENSGMOP00000013403,8049.ENSGMOP00000013414,8049.ENSGMOP00000013421,8049.ENSGMOP00000013488,8049.ENSGMOP00000013503,8049.ENSGMOP00000013595,8049.ENSGMOP00000013735,8049.ENSGMOP00000013884,8049.ENSGMOP00000014246,8049.ENSGMOP00000014411,8049.ENSGMOP00000014586,8049.ENSGMOP00000014674,8049.ENSGMOP00000014786,8049.ENSGMOP00000014787,8049.ENSGMOP00000014864,8049.ENSGMOP00000014931,8049.ENSGMOP00000014980,8049.ENSGMOP00000015257,8049.ENSGMOP00000015409,8049.ENSGMOP00000015513,8049.ENSGMOP00000015608,8049.ENSGMOP00000015704,8049.ENSGMOP00000016289,8049.ENSGMOP00000016347,8049.ENSGMOP00000016370,8049.ENSGMOP00000016451,8049.ENSGMOP00000016514,8049.ENSGMOP00000016537,8049.ENSGMOP00000016592,8049.ENSGMOP00000016695,8049.ENSGMOP00000016798,8049.ENSGMOP00000016804,8049.ENSGMOP00000017109,8049.ENSGMOP00000017190,8049.ENSGMOP00000017194,8049.ENSGMOP00000017230,8049.ENSGMOP00000017345,8049.ENSGMOP00000017385,8049.ENSGMOP00000017401,8049.ENSGMOP00000017472,8049.ENSGMOP00000017523,8049.ENSGMOP00000017587,8049.ENSGMOP00000017691,8049.ENSGMOP00000017702,8049.ENSGMOP00000017800,8049.ENSGMOP00000017946,8049.ENSGMOP00000017970,8049.ENSGMOP00000018142,8049.ENSGMOP00000018242,8049.ENSGMOP00000018508,8049.ENSGMOP00000018651,8049.ENSGMOP00000018921,8049.ENSGMOP00000018982,8049.ENSGMOP00000019062,8049.ENSGMOP00000019065,8049.ENSGMOP00000019163,8049.ENSGMOP00000019559,8049.ENSGMOP00000019580,8049.ENSGMOP00000019698,8049.ENSGMOP00000019792,8049.ENSGMOP00000019958,8049.ENSGMOP00000020136,8049.ENSGMOP00000020153,8049.ENSGMOP00000020175,8049.ENSGMOP00000020209,8049.ENSGMOP00000020283,8049.ENSGMOP00000020316,8049.ENSGMOP00000020324,8049.ENSGMOP00000020356,8049.ENSGMOP00000020378,8049.ENSGMOP00000020575,8049.ENSGMOP00000020834,8049.ENSGMOP00000020924,8049.ENSGMOP00000020956,8049.ENSGMOP00000020964,8049.ENSGMOP00000021060,8049.ENSGMOP00000021165,8049.ENSGMOP00000021268,8049.ENSGMOP00000022095	ENSGMOP00000000161,ENSGMOP00000000192,ENSGMOP00000000295,ENSGMOP00000000320,ENSGMOP00000000394,ENSGMOP00000000409,ENSGMOP00000000637,ENSGMOP00000000741,PRICKLE1,MSI1,ENSGMOP00000001090,ENSGMOP00000001366,ENSGMOP00000001578,ENSGMOP00000001688,ENSGMOP00000001971,ENSGMOP00000002159,ENSGMOP00000002428,NTN1,ENSGMOP00000002791,ENSGMOP00000002912,ENSGMOP00000002985,ENSGMOP00000003073,ZNF521,ENSGMOP00000003381,LAMA3,ENSGMOP00000003547,ENSGMOP00000003762,ENSGMOP00000003809,ENSGMOP00000003813,ENSGMOP00000003929,ENSGMOP00000004042,ENSGMOP00000004060,ENSGMOP00000004076,ENSGMOP00000004080,ENSGMOP00000004779,ENSGMOP00000005232,ENSGMOP00000005306,ENSGMOP00000005360,PLEKHA5,ENSGMOP00000005627,ENSGMOP00000005796,ENSGMOP00000005945,ENSGMOP00000006035,ENSGMOP00000006071,ENSGMOP00000006144,ENSGMOP00000006173,ENSGMOP00000006247,vps18,ENSGMOP00000006481,ENSGMOP00000006501,ENSGMOP00000006502,ENSGMOP00000006594,ENSGMOP00000006664,ENSGMOP00000006782,ENSGMOP00000006863,ENSGMOP00000007106,ENSGMOP00000007129,ENSGMOP00000007208,ENSGMOP00000007415,ENSGMOP00000007617,SEMA6A,ENSGMOP00000007903,ENSGMOP00000008308,ENSGMOP00000008316,ENSGMOP00000008350,ENSGMOP00000008382,ENSGMOP00000008403,ENSGMOP00000008653,ENSGMOP00000008778,ENSGMOP00000009025,ENSGMOP00000009057,ENSGMOP00000009437,ENSGMOP00000009591,ENSGMOP00000009709,ENSGMOP00000009927,ENSGMOP00000009994,ENSGMOP00000010021,ENSGMOP00000010218,ENSGMOP00000010232,ENSGMOP00000010397,ENSGMOP00000010431,ENSGMOP00000010437,ENSGMOP00000010490,ENSGMOP00000010518,ENSGMOP00000010519,ENSGMOP00000010611,ENSGMOP00000010949,ENSGMOP00000010993,ENSGMOP00000011071,ENSGMOP00000011286,ENSGMOP00000011291,ENSGMOP00000011399,ENSGMOP00000011495,ENSGMOP00000011795,SHROOM2,ENSGMOP00000011999,ENSGMOP00000012028,EIF2AK4,ENSGMOP00000012157,ENSGMOP00000012162,ENSGMOP00000012175,ENSGMOP00000012470,ENSGMOP00000012838,ENSGMOP00000013123,ENSGMOP00000013289,ENSGMOP00000013403,ENSGMOP00000013414,ENSGMOP00000013421,ENSGMOP00000013488,ENSGMOP00000013503,MYO1D,ENSGMOP00000013735,ENSGMOP00000013884,ENSGMOP00000014246,ENSGMOP00000014411,FZD7,ENSGMOP00000014674,ENSGMOP00000014786,ENSGMOP00000014787,ARHGEF26,ENSGMOP00000014931,ENSGMOP00000014980,ENSGMOP00000015257,ENSGMOP00000015409,ENSGMOP00000015513,ENSGMOP00000015608,ENSGMOP00000015704,ENSGMOP00000016289,ENSGMOP00000016347,ENSGMOP00000016370,ENSGMOP00000016451,ENSGMOP00000016514,ENSGMOP00000016537,ENSGMOP00000016592,ENSGMOP00000016695,ENSGMOP00000016798,ENSGMOP00000016804,ENSGMOP00000017109,ENSGMOP00000017190,nr2e1,ENSGMOP00000017230,traf4,ENSGMOP00000017385,ENSGMOP00000017401,ENSGMOP00000017472,ENSGMOP00000017523,ENSGMOP00000017587,ENSGMOP00000017691,EPHA7,ENSGMOP00000017800,ENSGMOP00000017946,ENSGMOP00000017970,ENSGMOP00000018142,ENSGMOP00000018242,ENSGMOP00000018508,ENSGMOP00000018651,ENSGMOP00000018921,ENSGMOP00000018982,ENSGMOP00000019062,ENSGMOP00000019065,ENSGMOP00000019163,ENSGMOP00000019559,ENSGMOP00000019580,ENSGMOP00000019698,ENSGMOP00000019792,ENSGMOP00000019958,ENSGMOP00000020136,ENSGMOP00000020153,ENSGMOP00000020175,ENSGMOP00000020209,ENSGMOP00000020283,ENSGMOP00000020316,ENSGMOP00000020324,ENSGMOP00000020356,ENSGMOP00000020378,ENSGMOP00000020575,PCLO,ENSGMOP00000020924,ENSGMOP00000020956,ENSGMOP00000020964,ENSGMOP00000021060,ENSGMOP00000021165,mab21l2,ENSGMOP00000022095
GO Process	GO:0043087	Regulation of GTPase activity	28	283	0.55	0.76	7.04e-05	8049.ENSGMOP00000000191,8049.ENSGMOP00000000394,8049.ENSGMOP00000002031,8049.ENSGMOP00000003911,8049.ENSGMOP00000004951,8049.ENSGMOP00000006539,8049.ENSGMOP00000008306,8049.ENSGMOP00000009057,8049.ENSGMOP00000009658,8049.ENSGMOP00000010431,8049.ENSGMOP00000011506,8049.ENSGMOP00000011775,8049.ENSGMOP00000012049,8049.ENSGMOP00000013289,8049.ENSGMOP00000013735,8049.ENSGMOP00000013988,8049.ENSGMOP00000014701,8049.ENSGMOP00000014864,8049.ENSGMOP00000015085,8049.ENSGMOP00000016837,8049.ENSGMOP00000018010,8049.ENSGMOP00000018142,8049.ENSGMOP00000018508,8049.ENSGMOP00000018619,8049.ENSGMOP00000019575,8049.ENSGMOP00000019879,8049.ENSGMOP00000020184,8049.ENSGMOP00000021060	ENSGMOP00000000191,ENSGMOP00000000394,ENSGMOP00000002031,ENSGMOP00000003911,ENSGMOP00000004951,ENSGMOP00000006539,DOCK9,ENSGMOP00000009057,ENSGMOP00000009658,ENSGMOP00000010431,ENSGMOP00000011506,ENSGMOP00000011775,ENSGMOP00000012049,ENSGMOP00000013289,ENSGMOP00000013735,ENSGMOP00000013988,ENSGMOP00000014701,ARHGEF26,ENSGMOP00000015085,ENSGMOP00000016837,ENSGMOP00000018010,ENSGMOP00000018142,ENSGMOP00000018508,ARAP1,dock7,ENSGMOP00000019879,ENSGMOP00000020184,ENSGMOP00000021060
GO Process	GO:0048856	Anatomical structure development	173	4169	0.17	0.52	7.04e-05	8049.ENSGMOP00000000161,8049.ENSGMOP00000000192,8049.ENSGMOP00000000295,8049.ENSGMOP00000000320,8049.ENSGMOP00000000394,8049.ENSGMOP00000000409,8049.ENSGMOP00000000637,8049.ENSGMOP00000000741,8049.ENSGMOP00000000746,8049.ENSGMOP00000001058,8049.ENSGMOP00000001090,8049.ENSGMOP00000001366,8049.ENSGMOP00000001578,8049.ENSGMOP00000001688,8049.ENSGMOP00000001971,8049.ENSGMOP00000002159,8049.ENSGMOP00000002428,8049.ENSGMOP00000002722,8049.ENSGMOP00000002791,8049.ENSGMOP00000002912,8049.ENSGMOP00000003073,8049.ENSGMOP00000003196,8049.ENSGMOP00000003483,8049.ENSGMOP00000003547,8049.ENSGMOP00000003762,8049.ENSGMOP00000003809,8049.ENSGMOP00000003813,8049.ENSGMOP00000003929,8049.ENSGMOP00000004042,8049.ENSGMOP00000004060,8049.ENSGMOP00000004076,8049.ENSGMOP00000004080,8049.ENSGMOP00000004779,8049.ENSGMOP00000005232,8049.ENSGMOP00000005306,8049.ENSGMOP00000005360,8049.ENSGMOP00000005593,8049.ENSGMOP00000005627,8049.ENSGMOP00000005796,8049.ENSGMOP00000005945,8049.ENSGMOP00000006035,8049.ENSGMOP00000006071,8049.ENSGMOP00000006144,8049.ENSGMOP00000006173,8049.ENSGMOP00000006247,8049.ENSGMOP00000006446,8049.ENSGMOP00000006481,8049.ENSGMOP00000006501,8049.ENSGMOP00000006502,8049.ENSGMOP00000006594,8049.ENSGMOP00000006664,8049.ENSGMOP00000006782,8049.ENSGMOP00000006863,8049.ENSGMOP00000007106,8049.ENSGMOP00000007129,8049.ENSGMOP00000007208,8049.ENSGMOP00000007415,8049.ENSGMOP00000007617,8049.ENSGMOP00000007826,8049.ENSGMOP00000007903,8049.ENSGMOP00000008308,8049.ENSGMOP00000008316,8049.ENSGMOP00000008350,8049.ENSGMOP00000008382,8049.ENSGMOP00000008403,8049.ENSGMOP00000008653,8049.ENSGMOP00000008778,8049.ENSGMOP00000009025,8049.ENSGMOP00000009057,8049.ENSGMOP00000009437,8049.ENSGMOP00000009591,8049.ENSGMOP00000009709,8049.ENSGMOP00000009927,8049.ENSGMOP00000009994,8049.ENSGMOP00000010021,8049.ENSGMOP00000010218,8049.ENSGMOP00000010232,8049.ENSGMOP00000010397,8049.ENSGMOP00000010431,8049.ENSGMOP00000010437,8049.ENSGMOP00000010490,8049.ENSGMOP00000010518,8049.ENSGMOP00000010519,8049.ENSGMOP00000010611,8049.ENSGMOP00000010949,8049.ENSGMOP00000010993,8049.ENSGMOP00000011071,8049.ENSGMOP00000011286,8049.ENSGMOP00000011291,8049.ENSGMOP00000011399,8049.ENSGMOP00000011795,8049.ENSGMOP00000011890,8049.ENSGMOP00000011999,8049.ENSGMOP00000012028,8049.ENSGMOP00000012148,8049.ENSGMOP00000012157,8049.ENSGMOP00000012162,8049.ENSGMOP00000012175,8049.ENSGMOP00000012470,8049.ENSGMOP00000012838,8049.ENSGMOP00000013123,8049.ENSGMOP00000013289,8049.ENSGMOP00000013403,8049.ENSGMOP00000013414,8049.ENSGMOP00000013421,8049.ENSGMOP00000013488,8049.ENSGMOP00000013503,8049.ENSGMOP00000013595,8049.ENSGMOP00000013735,8049.ENSGMOP00000013884,8049.ENSGMOP00000014246,8049.ENSGMOP00000014411,8049.ENSGMOP00000014586,8049.ENSGMOP00000014786,8049.ENSGMOP00000014787,8049.ENSGMOP00000014864,8049.ENSGMOP00000014980,8049.ENSGMOP00000015257,8049.ENSGMOP00000015513,8049.ENSGMOP00000015608,8049.ENSGMOP00000016289,8049.ENSGMOP00000016347,8049.ENSGMOP00000016370,8049.ENSGMOP00000016451,8049.ENSGMOP00000016514,8049.ENSGMOP00000016537,8049.ENSGMOP00000016695,8049.ENSGMOP00000016798,8049.ENSGMOP00000016804,8049.ENSGMOP00000017109,8049.ENSGMOP00000017190,8049.ENSGMOP00000017194,8049.ENSGMOP00000017230,8049.ENSGMOP00000017345,8049.ENSGMOP00000017385,8049.ENSGMOP00000017401,8049.ENSGMOP00000017472,8049.ENSGMOP00000017587,8049.ENSGMOP00000017691,8049.ENSGMOP00000017702,8049.ENSGMOP00000017800,8049.ENSGMOP00000017946,8049.ENSGMOP00000018142,8049.ENSGMOP00000018242,8049.ENSGMOP00000018508,8049.ENSGMOP00000018651,8049.ENSGMOP00000018921,8049.ENSGMOP00000018982,8049.ENSGMOP00000019062,8049.ENSGMOP00000019065,8049.ENSGMOP00000019163,8049.ENSGMOP00000019580,8049.ENSGMOP00000019698,8049.ENSGMOP00000019792,8049.ENSGMOP00000019958,8049.ENSGMOP00000020136,8049.ENSGMOP00000020153,8049.ENSGMOP00000020175,8049.ENSGMOP00000020209,8049.ENSGMOP00000020283,8049.ENSGMOP00000020316,8049.ENSGMOP00000020324,8049.ENSGMOP00000020356,8049.ENSGMOP00000020378,8049.ENSGMOP00000020575,8049.ENSGMOP00000020834,8049.ENSGMOP00000020924,8049.ENSGMOP00000020956,8049.ENSGMOP00000020964,8049.ENSGMOP00000021060,8049.ENSGMOP00000021165,8049.ENSGMOP00000021268,8049.ENSGMOP00000022095	ENSGMOP00000000161,ENSGMOP00000000192,ENSGMOP00000000295,ENSGMOP00000000320,ENSGMOP00000000394,ENSGMOP00000000409,ENSGMOP00000000637,ENSGMOP00000000741,PRICKLE1,MSI1,ENSGMOP00000001090,ENSGMOP00000001366,ENSGMOP00000001578,ENSGMOP00000001688,ENSGMOP00000001971,ENSGMOP00000002159,ENSGMOP00000002428,NTN1,ENSGMOP00000002791,ENSGMOP00000002912,ENSGMOP00000003073,ZNF521,LAMA3,ENSGMOP00000003547,ENSGMOP00000003762,ENSGMOP00000003809,ENSGMOP00000003813,ENSGMOP00000003929,ENSGMOP00000004042,ENSGMOP00000004060,ENSGMOP00000004076,ENSGMOP00000004080,ENSGMOP00000004779,ENSGMOP00000005232,ENSGMOP00000005306,ENSGMOP00000005360,PLEKHA5,ENSGMOP00000005627,ENSGMOP00000005796,ENSGMOP00000005945,ENSGMOP00000006035,ENSGMOP00000006071,ENSGMOP00000006144,ENSGMOP00000006173,ENSGMOP00000006247,vps18,ENSGMOP00000006481,ENSGMOP00000006501,ENSGMOP00000006502,ENSGMOP00000006594,ENSGMOP00000006664,ENSGMOP00000006782,ENSGMOP00000006863,ENSGMOP00000007106,ENSGMOP00000007129,ENSGMOP00000007208,ENSGMOP00000007415,ENSGMOP00000007617,SEMA6A,ENSGMOP00000007903,ENSGMOP00000008308,ENSGMOP00000008316,ENSGMOP00000008350,ENSGMOP00000008382,ENSGMOP00000008403,ENSGMOP00000008653,ENSGMOP00000008778,ENSGMOP00000009025,ENSGMOP00000009057,ENSGMOP00000009437,ENSGMOP00000009591,ENSGMOP00000009709,ENSGMOP00000009927,ENSGMOP00000009994,ENSGMOP00000010021,ENSGMOP00000010218,ENSGMOP00000010232,ENSGMOP00000010397,ENSGMOP00000010431,ENSGMOP00000010437,ENSGMOP00000010490,ENSGMOP00000010518,ENSGMOP00000010519,ENSGMOP00000010611,ENSGMOP00000010949,ENSGMOP00000010993,ENSGMOP00000011071,ENSGMOP00000011286,ENSGMOP00000011291,ENSGMOP00000011399,ENSGMOP00000011795,SHROOM2,ENSGMOP00000011999,ENSGMOP00000012028,EIF2AK4,ENSGMOP00000012157,ENSGMOP00000012162,ENSGMOP00000012175,ENSGMOP00000012470,ENSGMOP00000012838,ENSGMOP00000013123,ENSGMOP00000013289,ENSGMOP00000013403,ENSGMOP00000013414,ENSGMOP00000013421,ENSGMOP00000013488,ENSGMOP00000013503,MYO1D,ENSGMOP00000013735,ENSGMOP00000013884,ENSGMOP00000014246,ENSGMOP00000014411,FZD7,ENSGMOP00000014786,ENSGMOP00000014787,ARHGEF26,ENSGMOP00000014980,ENSGMOP00000015257,ENSGMOP00000015513,ENSGMOP00000015608,ENSGMOP00000016289,ENSGMOP00000016347,ENSGMOP00000016370,ENSGMOP00000016451,ENSGMOP00000016514,ENSGMOP00000016537,ENSGMOP00000016695,ENSGMOP00000016798,ENSGMOP00000016804,ENSGMOP00000017109,ENSGMOP00000017190,nr2e1,ENSGMOP00000017230,traf4,ENSGMOP00000017385,ENSGMOP00000017401,ENSGMOP00000017472,ENSGMOP00000017587,ENSGMOP00000017691,EPHA7,ENSGMOP00000017800,ENSGMOP00000017946,ENSGMOP00000018142,ENSGMOP00000018242,ENSGMOP00000018508,ENSGMOP00000018651,ENSGMOP00000018921,ENSGMOP00000018982,ENSGMOP00000019062,ENSGMOP00000019065,ENSGMOP00000019163,ENSGMOP00000019580,ENSGMOP00000019698,ENSGMOP00000019792,ENSGMOP00000019958,ENSGMOP00000020136,ENSGMOP00000020153,ENSGMOP00000020175,ENSGMOP00000020209,ENSGMOP00000020283,ENSGMOP00000020316,ENSGMOP00000020324,ENSGMOP00000020356,ENSGMOP00000020378,ENSGMOP00000020575,PCLO,ENSGMOP00000020924,ENSGMOP00000020956,ENSGMOP00000020964,ENSGMOP00000021060,ENSGMOP00000021165,mab21l2,ENSGMOP00000022095
GO Process	GO:0007275	Multicellular organism development	143	3431	0.18	0.46	0.00063	8049.ENSGMOP00000000161,8049.ENSGMOP00000000192,8049.ENSGMOP00000000295,8049.ENSGMOP00000000320,8049.ENSGMOP00000000394,8049.ENSGMOP00000000409,8049.ENSGMOP00000000637,8049.ENSGMOP00000000741,8049.ENSGMOP00000000746,8049.ENSGMOP00000001058,8049.ENSGMOP00000001090,8049.ENSGMOP00000001366,8049.ENSGMOP00000001578,8049.ENSGMOP00000001688,8049.ENSGMOP00000001971,8049.ENSGMOP00000002159,8049.ENSGMOP00000002428,8049.ENSGMOP00000002722,8049.ENSGMOP00000002791,8049.ENSGMOP00000002912,8049.ENSGMOP00000003196,8049.ENSGMOP00000003483,8049.ENSGMOP00000003547,8049.ENSGMOP00000003762,8049.ENSGMOP00000003809,8049.ENSGMOP00000003813,8049.ENSGMOP00000004042,8049.ENSGMOP00000004060,8049.ENSGMOP00000004076,8049.ENSGMOP00000004080,8049.ENSGMOP00000004779,8049.ENSGMOP00000005232,8049.ENSGMOP00000005306,8049.ENSGMOP00000005360,8049.ENSGMOP00000005593,8049.ENSGMOP00000005796,8049.ENSGMOP00000005945,8049.ENSGMOP00000006035,8049.ENSGMOP00000006071,8049.ENSGMOP00000006144,8049.ENSGMOP00000006173,8049.ENSGMOP00000006247,8049.ENSGMOP00000006446,8049.ENSGMOP00000006481,8049.ENSGMOP00000006502,8049.ENSGMOP00000006594,8049.ENSGMOP00000006782,8049.ENSGMOP00000006863,8049.ENSGMOP00000007106,8049.ENSGMOP00000007129,8049.ENSGMOP00000007208,8049.ENSGMOP00000007415,8049.ENSGMOP00000007617,8049.ENSGMOP00000007826,8049.ENSGMOP00000007903,8049.ENSGMOP00000008308,8049.ENSGMOP00000008316,8049.ENSGMOP00000008350,8049.ENSGMOP00000008382,8049.ENSGMOP00000008653,8049.ENSGMOP00000008778,8049.ENSGMOP00000009025,8049.ENSGMOP00000009057,8049.ENSGMOP00000009927,8049.ENSGMOP00000009994,8049.ENSGMOP00000010021,8049.ENSGMOP00000010232,8049.ENSGMOP00000010397,8049.ENSGMOP00000010431,8049.ENSGMOP00000010437,8049.ENSGMOP00000010518,8049.ENSGMOP00000010519,8049.ENSGMOP00000010611,8049.ENSGMOP00000010949,8049.ENSGMOP00000010993,8049.ENSGMOP00000011071,8049.ENSGMOP00000011795,8049.ENSGMOP00000011890,8049.ENSGMOP00000011999,8049.ENSGMOP00000012028,8049.ENSGMOP00000012148,8049.ENSGMOP00000012157,8049.ENSGMOP00000012162,8049.ENSGMOP00000012175,8049.ENSGMOP00000012470,8049.ENSGMOP00000012838,8049.ENSGMOP00000013403,8049.ENSGMOP00000013414,8049.ENSGMOP00000013488,8049.ENSGMOP00000013503,8049.ENSGMOP00000013595,8049.ENSGMOP00000013735,8049.ENSGMOP00000013884,8049.ENSGMOP00000014246,8049.ENSGMOP00000014411,8049.ENSGMOP00000014586,8049.ENSGMOP00000014786,8049.ENSGMOP00000014980,8049.ENSGMOP00000015257,8049.ENSGMOP00000015608,8049.ENSGMOP00000016289,8049.ENSGMOP00000016347,8049.ENSGMOP00000016370,8049.ENSGMOP00000016451,8049.ENSGMOP00000016514,8049.ENSGMOP00000016537,8049.ENSGMOP00000016695,8049.ENSGMOP00000016798,8049.ENSGMOP00000016804,8049.ENSGMOP00000017190,8049.ENSGMOP00000017230,8049.ENSGMOP00000017345,8049.ENSGMOP00000017401,8049.ENSGMOP00000017587,8049.ENSGMOP00000017691,8049.ENSGMOP00000017702,8049.ENSGMOP00000017800,8049.ENSGMOP00000017946,8049.ENSGMOP00000018142,8049.ENSGMOP00000018242,8049.ENSGMOP00000018508,8049.ENSGMOP00000018921,8049.ENSGMOP00000018982,8049.ENSGMOP00000019065,8049.ENSGMOP00000019163,8049.ENSGMOP00000019698,8049.ENSGMOP00000019792,8049.ENSGMOP00000019958,8049.ENSGMOP00000020136,8049.ENSGMOP00000020153,8049.ENSGMOP00000020175,8049.ENSGMOP00000020316,8049.ENSGMOP00000020324,8049.ENSGMOP00000020356,8049.ENSGMOP00000020378,8049.ENSGMOP00000020575,8049.ENSGMOP00000020834,8049.ENSGMOP00000020924,8049.ENSGMOP00000020956,8049.ENSGMOP00000021060,8049.ENSGMOP00000021165,8049.ENSGMOP00000021268,8049.ENSGMOP00000022095	ENSGMOP00000000161,ENSGMOP00000000192,ENSGMOP00000000295,ENSGMOP00000000320,ENSGMOP00000000394,ENSGMOP00000000409,ENSGMOP00000000637,ENSGMOP00000000741,PRICKLE1,MSI1,ENSGMOP00000001090,ENSGMOP00000001366,ENSGMOP00000001578,ENSGMOP00000001688,ENSGMOP00000001971,ENSGMOP00000002159,ENSGMOP00000002428,NTN1,ENSGMOP00000002791,ENSGMOP00000002912,ZNF521,LAMA3,ENSGMOP00000003547,ENSGMOP00000003762,ENSGMOP00000003809,ENSGMOP00000003813,ENSGMOP00000004042,ENSGMOP00000004060,ENSGMOP00000004076,ENSGMOP00000004080,ENSGMOP00000004779,ENSGMOP00000005232,ENSGMOP00000005306,ENSGMOP00000005360,PLEKHA5,ENSGMOP00000005796,ENSGMOP00000005945,ENSGMOP00000006035,ENSGMOP00000006071,ENSGMOP00000006144,ENSGMOP00000006173,ENSGMOP00000006247,vps18,ENSGMOP00000006481,ENSGMOP00000006502,ENSGMOP00000006594,ENSGMOP00000006782,ENSGMOP00000006863,ENSGMOP00000007106,ENSGMOP00000007129,ENSGMOP00000007208,ENSGMOP00000007415,ENSGMOP00000007617,SEMA6A,ENSGMOP00000007903,ENSGMOP00000008308,ENSGMOP00000008316,ENSGMOP00000008350,ENSGMOP00000008382,ENSGMOP00000008653,ENSGMOP00000008778,ENSGMOP00000009025,ENSGMOP00000009057,ENSGMOP00000009927,ENSGMOP00000009994,ENSGMOP00000010021,ENSGMOP00000010232,ENSGMOP00000010397,ENSGMOP00000010431,ENSGMOP00000010437,ENSGMOP00000010518,ENSGMOP00000010519,ENSGMOP00000010611,ENSGMOP00000010949,ENSGMOP00000010993,ENSGMOP00000011071,ENSGMOP00000011795,SHROOM2,ENSGMOP00000011999,ENSGMOP00000012028,EIF2AK4,ENSGMOP00000012157,ENSGMOP00000012162,ENSGMOP00000012175,ENSGMOP00000012470,ENSGMOP00000012838,ENSGMOP00000013403,ENSGMOP00000013414,ENSGMOP00000013488,ENSGMOP00000013503,MYO1D,ENSGMOP00000013735,ENSGMOP00000013884,ENSGMOP00000014246,ENSGMOP00000014411,FZD7,ENSGMOP00000014786,ENSGMOP00000014980,ENSGMOP00000015257,ENSGMOP00000015608,ENSGMOP00000016289,ENSGMOP00000016347,ENSGMOP00000016370,ENSGMOP00000016451,ENSGMOP00000016514,ENSGMOP00000016537,ENSGMOP00000016695,ENSGMOP00000016798,ENSGMOP00000016804,ENSGMOP00000017190,ENSGMOP00000017230,traf4,ENSGMOP00000017401,ENSGMOP00000017587,ENSGMOP00000017691,EPHA7,ENSGMOP00000017800,ENSGMOP00000017946,ENSGMOP00000018142,ENSGMOP00000018242,ENSGMOP00000018508,ENSGMOP00000018921,ENSGMOP00000018982,ENSGMOP00000019065,ENSGMOP00000019163,ENSGMOP00000019698,ENSGMOP00000019792,ENSGMOP00000019958,ENSGMOP00000020136,ENSGMOP00000020153,ENSGMOP00000020175,ENSGMOP00000020316,ENSGMOP00000020324,ENSGMOP00000020356,ENSGMOP00000020378,ENSGMOP00000020575,PCLO,ENSGMOP00000020924,ENSGMOP00000020956,ENSGMOP00000021060,ENSGMOP00000021165,mab21l2,ENSGMOP00000022095
GO Process	GO:0043547	Positive regulation of GTPase activity	21	203	0.57	0.6	0.0011	8049.ENSGMOP00000000394,8049.ENSGMOP00000004951,8049.ENSGMOP00000006539,8049.ENSGMOP00000008306,8049.ENSGMOP00000009057,8049.ENSGMOP00000009658,8049.ENSGMOP00000011506,8049.ENSGMOP00000011775,8049.ENSGMOP00000012049,8049.ENSGMOP00000013289,8049.ENSGMOP00000013735,8049.ENSGMOP00000014701,8049.ENSGMOP00000014864,8049.ENSGMOP00000015085,8049.ENSGMOP00000016837,8049.ENSGMOP00000018010,8049.ENSGMOP00000018619,8049.ENSGMOP00000019575,8049.ENSGMOP00000019879,8049.ENSGMOP00000020184,8049.ENSGMOP00000021060	ENSGMOP00000000394,ENSGMOP00000004951,ENSGMOP00000006539,DOCK9,ENSGMOP00000009057,ENSGMOP00000009658,ENSGMOP00000011506,ENSGMOP00000011775,ENSGMOP00000012049,ENSGMOP00000013289,ENSGMOP00000013735,ENSGMOP00000014701,ARHGEF26,ENSGMOP00000015085,ENSGMOP00000016837,ENSGMOP00000018010,ARAP1,dock7,ENSGMOP00000019879,ENSGMOP00000020184,ENSGMOP00000021060
GO Process	GO:0048731	System development	127	3010	0.18	0.44	0.0013	8049.ENSGMOP00000000161,8049.ENSGMOP00000000295,8049.ENSGMOP00000000320,8049.ENSGMOP00000000394,8049.ENSGMOP00000000409,8049.ENSGMOP00000000637,8049.ENSGMOP00000000741,8049.ENSGMOP00000000746,8049.ENSGMOP00000001058,8049.ENSGMOP00000001090,8049.ENSGMOP00000001366,8049.ENSGMOP00000001688,8049.ENSGMOP00000001971,8049.ENSGMOP00000002428,8049.ENSGMOP00000002722,8049.ENSGMOP00000002791,8049.ENSGMOP00000002912,8049.ENSGMOP00000003196,8049.ENSGMOP00000003483,8049.ENSGMOP00000003547,8049.ENSGMOP00000003762,8049.ENSGMOP00000003809,8049.ENSGMOP00000004042,8049.ENSGMOP00000004060,8049.ENSGMOP00000004080,8049.ENSGMOP00000004779,8049.ENSGMOP00000005232,8049.ENSGMOP00000005306,8049.ENSGMOP00000005360,8049.ENSGMOP00000005593,8049.ENSGMOP00000005796,8049.ENSGMOP00000005945,8049.ENSGMOP00000006035,8049.ENSGMOP00000006071,8049.ENSGMOP00000006144,8049.ENSGMOP00000006173,8049.ENSGMOP00000006247,8049.ENSGMOP00000006481,8049.ENSGMOP00000006502,8049.ENSGMOP00000006863,8049.ENSGMOP00000007106,8049.ENSGMOP00000007129,8049.ENSGMOP00000007208,8049.ENSGMOP00000007415,8049.ENSGMOP00000007617,8049.ENSGMOP00000007826,8049.ENSGMOP00000008308,8049.ENSGMOP00000008316,8049.ENSGMOP00000008350,8049.ENSGMOP00000008382,8049.ENSGMOP00000008778,8049.ENSGMOP00000009025,8049.ENSGMOP00000009057,8049.ENSGMOP00000009927,8049.ENSGMOP00000009994,8049.ENSGMOP00000010021,8049.ENSGMOP00000010232,8049.ENSGMOP00000010397,8049.ENSGMOP00000010431,8049.ENSGMOP00000010437,8049.ENSGMOP00000010518,8049.ENSGMOP00000010519,8049.ENSGMOP00000010611,8049.ENSGMOP00000010949,8049.ENSGMOP00000010993,8049.ENSGMOP00000011071,8049.ENSGMOP00000011795,8049.ENSGMOP00000011890,8049.ENSGMOP00000011999,8049.ENSGMOP00000012028,8049.ENSGMOP00000012148,8049.ENSGMOP00000012157,8049.ENSGMOP00000012162,8049.ENSGMOP00000012175,8049.ENSGMOP00000012470,8049.ENSGMOP00000012838,8049.ENSGMOP00000013414,8049.ENSGMOP00000013488,8049.ENSGMOP00000013503,8049.ENSGMOP00000013595,8049.ENSGMOP00000013735,8049.ENSGMOP00000013884,8049.ENSGMOP00000014246,8049.ENSGMOP00000014411,8049.ENSGMOP00000014586,8049.ENSGMOP00000014786,8049.ENSGMOP00000014980,8049.ENSGMOP00000015257,8049.ENSGMOP00000015608,8049.ENSGMOP00000016289,8049.ENSGMOP00000016370,8049.ENSGMOP00000016514,8049.ENSGMOP00000016537,8049.ENSGMOP00000016695,8049.ENSGMOP00000016798,8049.ENSGMOP00000016804,8049.ENSGMOP00000017190,8049.ENSGMOP00000017230,8049.ENSGMOP00000017401,8049.ENSGMOP00000017587,8049.ENSGMOP00000017691,8049.ENSGMOP00000017702,8049.ENSGMOP00000017800,8049.ENSGMOP00000017946,8049.ENSGMOP00000018242,8049.ENSGMOP00000018508,8049.ENSGMOP00000018921,8049.ENSGMOP00000018982,8049.ENSGMOP00000019065,8049.ENSGMOP00000019163,8049.ENSGMOP00000019698,8049.ENSGMOP00000019792,8049.ENSGMOP00000019958,8049.ENSGMOP00000020136,8049.ENSGMOP00000020153,8049.ENSGMOP00000020175,8049.ENSGMOP00000020324,8049.ENSGMOP00000020356,8049.ENSGMOP00000020378,8049.ENSGMOP00000020575,8049.ENSGMOP00000020834,8049.ENSGMOP00000020924,8049.ENSGMOP00000020956,8049.ENSGMOP00000021060,8049.ENSGMOP00000021165,8049.ENSGMOP00000021268,8049.ENSGMOP00000022095	ENSGMOP00000000161,ENSGMOP00000000295,ENSGMOP00000000320,ENSGMOP00000000394,ENSGMOP00000000409,ENSGMOP00000000637,ENSGMOP00000000741,PRICKLE1,MSI1,ENSGMOP00000001090,ENSGMOP00000001366,ENSGMOP00000001688,ENSGMOP00000001971,ENSGMOP00000002428,NTN1,ENSGMOP00000002791,ENSGMOP00000002912,ZNF521,LAMA3,ENSGMOP00000003547,ENSGMOP00000003762,ENSGMOP00000003809,ENSGMOP00000004042,ENSGMOP00000004060,ENSGMOP00000004080,ENSGMOP00000004779,ENSGMOP00000005232,ENSGMOP00000005306,ENSGMOP00000005360,PLEKHA5,ENSGMOP00000005796,ENSGMOP00000005945,ENSGMOP00000006035,ENSGMOP00000006071,ENSGMOP00000006144,ENSGMOP00000006173,ENSGMOP00000006247,ENSGMOP00000006481,ENSGMOP00000006502,ENSGMOP00000006863,ENSGMOP00000007106,ENSGMOP00000007129,ENSGMOP00000007208,ENSGMOP00000007415,ENSGMOP00000007617,SEMA6A,ENSGMOP00000008308,ENSGMOP00000008316,ENSGMOP00000008350,ENSGMOP00000008382,ENSGMOP00000008778,ENSGMOP00000009025,ENSGMOP00000009057,ENSGMOP00000009927,ENSGMOP00000009994,ENSGMOP00000010021,ENSGMOP00000010232,ENSGMOP00000010397,ENSGMOP00000010431,ENSGMOP00000010437,ENSGMOP00000010518,ENSGMOP00000010519,ENSGMOP00000010611,ENSGMOP00000010949,ENSGMOP00000010993,ENSGMOP00000011071,ENSGMOP00000011795,SHROOM2,ENSGMOP00000011999,ENSGMOP00000012028,EIF2AK4,ENSGMOP00000012157,ENSGMOP00000012162,ENSGMOP00000012175,ENSGMOP00000012470,ENSGMOP00000012838,ENSGMOP00000013414,ENSGMOP00000013488,ENSGMOP00000013503,MYO1D,ENSGMOP00000013735,ENSGMOP00000013884,ENSGMOP00000014246,ENSGMOP00000014411,FZD7,ENSGMOP00000014786,ENSGMOP00000014980,ENSGMOP00000015257,ENSGMOP00000015608,ENSGMOP00000016289,ENSGMOP00000016370,ENSGMOP00000016514,ENSGMOP00000016537,ENSGMOP00000016695,ENSGMOP00000016798,ENSGMOP00000016804,ENSGMOP00000017190,ENSGMOP00000017230,ENSGMOP00000017401,ENSGMOP00000017587,ENSGMOP00000017691,EPHA7,ENSGMOP00000017800,ENSGMOP00000017946,ENSGMOP00000018242,ENSGMOP00000018508,ENSGMOP00000018921,ENSGMOP00000018982,ENSGMOP00000019065,ENSGMOP00000019163,ENSGMOP00000019698,ENSGMOP00000019792,ENSGMOP00000019958,ENSGMOP00000020136,ENSGMOP00000020153,ENSGMOP00000020175,ENSGMOP00000020324,ENSGMOP00000020356,ENSGMOP00000020378,ENSGMOP00000020575,PCLO,ENSGMOP00000020924,ENSGMOP00000020956,ENSGMOP00000021060,ENSGMOP00000021165,mab21l2,ENSGMOP00000022095
GO Process	GO:0050790	Regulation of catalytic activity	79	1611	0.25	0.47	0.0013	8049.ENSGMOP00000000161,8049.ENSGMOP00000000191,8049.ENSGMOP00000000192,8049.ENSGMOP00000000294,8049.ENSGMOP00000000394,8049.ENSGMOP00000000409,8049.ENSGMOP00000001807,8049.ENSGMOP00000001971,8049.ENSGMOP00000002031,8049.ENSGMOP00000002229,8049.ENSGMOP00000002422,8049.ENSGMOP00000002747,8049.ENSGMOP00000002866,8049.ENSGMOP00000003547,8049.ENSGMOP00000003697,8049.ENSGMOP00000003911,8049.ENSGMOP00000004042,8049.ENSGMOP00000004779,8049.ENSGMOP00000004951,8049.ENSGMOP00000005303,8049.ENSGMOP00000006539,8049.ENSGMOP00000006699,8049.ENSGMOP00000007133,8049.ENSGMOP00000008306,8049.ENSGMOP00000008308,8049.ENSGMOP00000008350,8049.ENSGMOP00000008403,8049.ENSGMOP00000008467,8049.ENSGMOP00000008938,8049.ENSGMOP00000009057,8049.ENSGMOP00000009658,8049.ENSGMOP00000010033,8049.ENSGMOP00000010431,8049.ENSGMOP00000010611,8049.ENSGMOP00000011365,8049.ENSGMOP00000011506,8049.ENSGMOP00000011626,8049.ENSGMOP00000011775,8049.ENSGMOP00000011795,8049.ENSGMOP00000012049,8049.ENSGMOP00000012157,8049.ENSGMOP00000012747,8049.ENSGMOP00000012990,8049.ENSGMOP00000013237,8049.ENSGMOP00000013289,8049.ENSGMOP00000013403,8049.ENSGMOP00000013735,8049.ENSGMOP00000013988,8049.ENSGMOP00000014701,8049.ENSGMOP00000014864,8049.ENSGMOP00000015085,8049.ENSGMOP00000016370,8049.ENSGMOP00000016451,8049.ENSGMOP00000016550,8049.ENSGMOP00000016563,8049.ENSGMOP00000016798,8049.ENSGMOP00000016837,8049.ENSGMOP00000017031,8049.ENSGMOP00000017345,8049.ENSGMOP00000017702,8049.ENSGMOP00000017831,8049.ENSGMOP00000017970,8049.ENSGMOP00000017996,8049.ENSGMOP00000018010,8049.ENSGMOP00000018142,8049.ENSGMOP00000018313,8049.ENSGMOP00000018508,8049.ENSGMOP00000018619,8049.ENSGMOP00000018651,8049.ENSGMOP00000018876,8049.ENSGMOP00000019065,8049.ENSGMOP00000019559,8049.ENSGMOP00000019575,8049.ENSGMOP00000019806,8049.ENSGMOP00000019879,8049.ENSGMOP00000020136,8049.ENSGMOP00000020184,8049.ENSGMOP00000020316,8049.ENSGMOP00000021060	ENSGMOP00000000161,ENSGMOP00000000191,ENSGMOP00000000192,ENSGMOP00000000294,ENSGMOP00000000394,ENSGMOP00000000409,ENSGMOP00000001807,ENSGMOP00000001971,ENSGMOP00000002031,ENSGMOP00000002229,ENSGMOP00000002422,ENSGMOP00000002747,ENSGMOP00000002866,ENSGMOP00000003547,ENSGMOP00000003697,ENSGMOP00000003911,ENSGMOP00000004042,ENSGMOP00000004779,ENSGMOP00000004951,ENSGMOP00000005303,ENSGMOP00000006539,ENSGMOP00000006699,ENSGMOP00000007133,DOCK9,ENSGMOP00000008308,ENSGMOP00000008350,ENSGMOP00000008403,ENSGMOP00000008467,ENSGMOP00000008938,ENSGMOP00000009057,ENSGMOP00000009658,ENSGMOP00000010033,ENSGMOP00000010431,ENSGMOP00000010611,LLGL1,ENSGMOP00000011506,ARHGEF17,ENSGMOP00000011775,ENSGMOP00000011795,ENSGMOP00000012049,ENSGMOP00000012157,ENSGMOP00000012747,ENSGMOP00000012990,ENSGMOP00000013237,ENSGMOP00000013289,ENSGMOP00000013403,ENSGMOP00000013735,ENSGMOP00000013988,ENSGMOP00000014701,ARHGEF26,ENSGMOP00000015085,ENSGMOP00000016370,ENSGMOP00000016451,ENSGMOP00000016550,ENSGMOP00000016563,ENSGMOP00000016798,ENSGMOP00000016837,ENSGMOP00000017031,traf4,EPHA7,ENSGMOP00000017831,ENSGMOP00000017970,PLEKHG4B,ENSGMOP00000018010,ENSGMOP00000018142,IQSEC1,ENSGMOP00000018508,ARAP1,ENSGMOP00000018651,ENSGMOP00000018876,ENSGMOP00000019065,ENSGMOP00000019559,dock7,ENSGMOP00000019806,ENSGMOP00000019879,ENSGMOP00000020136,ENSGMOP00000020184,ENSGMOP00000020316,ENSGMOP00000021060
GO Process	GO:0030029	Actin filament-based process	37	550	0.38	0.51	0.0017	8049.ENSGMOP00000000507,8049.ENSGMOP00000001588,8049.ENSGMOP00000001971,8049.ENSGMOP00000002229,8049.ENSGMOP00000002428,8049.ENSGMOP00000006071,8049.ENSGMOP00000006247,8049.ENSGMOP00000006563,8049.ENSGMOP00000006664,8049.ENSGMOP00000007415,8049.ENSGMOP00000007501,8049.ENSGMOP00000009009,8049.ENSGMOP00000009994,8049.ENSGMOP00000010407,8049.ENSGMOP00000010761,8049.ENSGMOP00000011013,8049.ENSGMOP00000011365,8049.ENSGMOP00000011480,8049.ENSGMOP00000011626,8049.ENSGMOP00000011656,8049.ENSGMOP00000011890,8049.ENSGMOP00000011929,8049.ENSGMOP00000012028,8049.ENSGMOP00000012260,8049.ENSGMOP00000013716,8049.ENSGMOP00000014411,8049.ENSGMOP00000014503,8049.ENSGMOP00000017598,8049.ENSGMOP00000017970,8049.ENSGMOP00000018142,8049.ENSGMOP00000018313,8049.ENSGMOP00000018651,8049.ENSGMOP00000019664,8049.ENSGMOP00000019698,8049.ENSGMOP00000019792,8049.ENSGMOP00000020017,8049.ENSGMOP00000020209	ENSGMOP00000000507,ENSGMOP00000001588,ENSGMOP00000001971,ENSGMOP00000002229,ENSGMOP00000002428,ENSGMOP00000006071,ENSGMOP00000006247,ENSGMOP00000006563,ENSGMOP00000006664,ENSGMOP00000007415,ENSGMOP00000007501,JMY,ENSGMOP00000009994,ENSGMOP00000010407,ENSGMOP00000010761,ENSGMOP00000011013,LLGL1,ENSGMOP00000011480,ARHGEF17,ENSGMOP00000011656,SHROOM2,CARMIL1,ENSGMOP00000012028,ENSGMOP00000012260,ENSGMOP00000013716,ENSGMOP00000014411,ENSGMOP00000014503,ENSGMOP00000017598,ENSGMOP00000017970,ENSGMOP00000018142,IQSEC1,ENSGMOP00000018651,ENSGMOP00000019664,ENSGMOP00000019698,ENSGMOP00000019792,ENSGMOP00000020017,ENSGMOP00000020209
GO Process	GO:0030036	Actin cytoskeleton organization	36	527	0.39	0.51	0.0017	8049.ENSGMOP00000000507,8049.ENSGMOP00000001588,8049.ENSGMOP00000001971,8049.ENSGMOP00000002229,8049.ENSGMOP00000002428,8049.ENSGMOP00000006071,8049.ENSGMOP00000006247,8049.ENSGMOP00000006563,8049.ENSGMOP00000006664,8049.ENSGMOP00000007415,8049.ENSGMOP00000009009,8049.ENSGMOP00000009994,8049.ENSGMOP00000010407,8049.ENSGMOP00000010761,8049.ENSGMOP00000011013,8049.ENSGMOP00000011365,8049.ENSGMOP00000011480,8049.ENSGMOP00000011626,8049.ENSGMOP00000011656,8049.ENSGMOP00000011890,8049.ENSGMOP00000011929,8049.ENSGMOP00000012028,8049.ENSGMOP00000012260,8049.ENSGMOP00000013716,8049.ENSGMOP00000014411,8049.ENSGMOP00000014503,8049.ENSGMOP00000017598,8049.ENSGMOP00000017970,8049.ENSGMOP00000018142,8049.ENSGMOP00000018313,8049.ENSGMOP00000018651,8049.ENSGMOP00000019664,8049.ENSGMOP00000019698,8049.ENSGMOP00000019792,8049.ENSGMOP00000020017,8049.ENSGMOP00000020209	ENSGMOP00000000507,ENSGMOP00000001588,ENSGMOP00000001971,ENSGMOP00000002229,ENSGMOP00000002428,ENSGMOP00000006071,ENSGMOP00000006247,ENSGMOP00000006563,ENSGMOP00000006664,ENSGMOP00000007415,JMY,ENSGMOP00000009994,ENSGMOP00000010407,ENSGMOP00000010761,ENSGMOP00000011013,LLGL1,ENSGMOP00000011480,ARHGEF17,ENSGMOP00000011656,SHROOM2,CARMIL1,ENSGMOP00000012028,ENSGMOP00000012260,ENSGMOP00000013716,ENSGMOP00000014411,ENSGMOP00000014503,ENSGMOP00000017598,ENSGMOP00000017970,ENSGMOP00000018142,IQSEC1,ENSGMOP00000018651,ENSGMOP00000019664,ENSGMOP00000019698,ENSGMOP00000019792,ENSGMOP00000020017,ENSGMOP00000020209
GO Process	GO:0009888	Tissue development	64	1251	0.26	0.44	0.0027	8049.ENSGMOP00000000161,8049.ENSGMOP00000000295,8049.ENSGMOP00000000394,8049.ENSGMOP00000001688,8049.ENSGMOP00000001971,8049.ENSGMOP00000002428,8049.ENSGMOP00000002722,8049.ENSGMOP00000002912,8049.ENSGMOP00000003547,8049.ENSGMOP00000003813,8049.ENSGMOP00000004042,8049.ENSGMOP00000004060,8049.ENSGMOP00000004076,8049.ENSGMOP00000005360,8049.ENSGMOP00000006144,8049.ENSGMOP00000006173,8049.ENSGMOP00000006481,8049.ENSGMOP00000006502,8049.ENSGMOP00000006782,8049.ENSGMOP00000007617,8049.ENSGMOP00000007826,8049.ENSGMOP00000008382,8049.ENSGMOP00000009025,8049.ENSGMOP00000009057,8049.ENSGMOP00000009994,8049.ENSGMOP00000010218,8049.ENSGMOP00000010397,8049.ENSGMOP00000010431,8049.ENSGMOP00000010519,8049.ENSGMOP00000010993,8049.ENSGMOP00000011071,8049.ENSGMOP00000011286,8049.ENSGMOP00000011999,8049.ENSGMOP00000012157,8049.ENSGMOP00000012162,8049.ENSGMOP00000012175,8049.ENSGMOP00000012470,8049.ENSGMOP00000013123,8049.ENSGMOP00000013414,8049.ENSGMOP00000013488,8049.ENSGMOP00000013595,8049.ENSGMOP00000014411,8049.ENSGMOP00000014586,8049.ENSGMOP00000014786,8049.ENSGMOP00000014787,8049.ENSGMOP00000014864,8049.ENSGMOP00000016289,8049.ENSGMOP00000016347,8049.ENSGMOP00000016537,8049.ENSGMOP00000016804,8049.ENSGMOP00000017190,8049.ENSGMOP00000017472,8049.ENSGMOP00000017587,8049.ENSGMOP00000017946,8049.ENSGMOP00000018651,8049.ENSGMOP00000018921,8049.ENSGMOP00000020136,8049.ENSGMOP00000020209,8049.ENSGMOP00000020356,8049.ENSGMOP00000020575,8049.ENSGMOP00000020924,8049.ENSGMOP00000021060,8049.ENSGMOP00000021165,8049.ENSGMOP00000021268	ENSGMOP00000000161,ENSGMOP00000000295,ENSGMOP00000000394,ENSGMOP00000001688,ENSGMOP00000001971,ENSGMOP00000002428,NTN1,ENSGMOP00000002912,ENSGMOP00000003547,ENSGMOP00000003813,ENSGMOP00000004042,ENSGMOP00000004060,ENSGMOP00000004076,ENSGMOP00000005360,ENSGMOP00000006144,ENSGMOP00000006173,ENSGMOP00000006481,ENSGMOP00000006502,ENSGMOP00000006782,ENSGMOP00000007617,SEMA6A,ENSGMOP00000008382,ENSGMOP00000009025,ENSGMOP00000009057,ENSGMOP00000009994,ENSGMOP00000010218,ENSGMOP00000010397,ENSGMOP00000010431,ENSGMOP00000010519,ENSGMOP00000010993,ENSGMOP00000011071,ENSGMOP00000011286,ENSGMOP00000011999,ENSGMOP00000012157,ENSGMOP00000012162,ENSGMOP00000012175,ENSGMOP00000012470,ENSGMOP00000013123,ENSGMOP00000013414,ENSGMOP00000013488,MYO1D,ENSGMOP00000014411,FZD7,ENSGMOP00000014786,ENSGMOP00000014787,ARHGEF26,ENSGMOP00000016289,ENSGMOP00000016347,ENSGMOP00000016537,ENSGMOP00000016804,ENSGMOP00000017190,ENSGMOP00000017472,ENSGMOP00000017587,ENSGMOP00000017946,ENSGMOP00000018651,ENSGMOP00000018921,ENSGMOP00000020136,ENSGMOP00000020209,ENSGMOP00000020356,ENSGMOP00000020575,ENSGMOP00000020924,ENSGMOP00000021060,ENSGMOP00000021165,mab21l2
GO Process	GO:0032501	Multicellular organismal process	183	4864	0.13	0.39	0.0029	8049.ENSGMOP00000000161,8049.ENSGMOP00000000192,8049.ENSGMOP00000000295,8049.ENSGMOP00000000320,8049.ENSGMOP00000000394,8049.ENSGMOP00000000409,8049.ENSGMOP00000000637,8049.ENSGMOP00000000741,8049.ENSGMOP00000000746,8049.ENSGMOP00000000860,8049.ENSGMOP00000001058,8049.ENSGMOP00000001090,8049.ENSGMOP00000001366,8049.ENSGMOP00000001578,8049.ENSGMOP00000001688,8049.ENSGMOP00000001971,8049.ENSGMOP00000002159,8049.ENSGMOP00000002293,8049.ENSGMOP00000002428,8049.ENSGMOP00000002722,8049.ENSGMOP00000002791,8049.ENSGMOP00000002912,8049.ENSGMOP00000003196,8049.ENSGMOP00000003381,8049.ENSGMOP00000003483,8049.ENSGMOP00000003485,8049.ENSGMOP00000003547,8049.ENSGMOP00000003762,8049.ENSGMOP00000003809,8049.ENSGMOP00000003813,8049.ENSGMOP00000004042,8049.ENSGMOP00000004060,8049.ENSGMOP00000004076,8049.ENSGMOP00000004080,8049.ENSGMOP00000004779,8049.ENSGMOP00000005051,8049.ENSGMOP00000005232,8049.ENSGMOP00000005256,8049.ENSGMOP00000005303,8049.ENSGMOP00000005306,8049.ENSGMOP00000005360,8049.ENSGMOP00000005593,8049.ENSGMOP00000005796,8049.ENSGMOP00000005945,8049.ENSGMOP00000006035,8049.ENSGMOP00000006071,8049.ENSGMOP00000006144,8049.ENSGMOP00000006173,8049.ENSGMOP00000006247,8049.ENSGMOP00000006446,8049.ENSGMOP00000006481,8049.ENSGMOP00000006502,8049.ENSGMOP00000006558,8049.ENSGMOP00000006594,8049.ENSGMOP00000006782,8049.ENSGMOP00000006863,8049.ENSGMOP00000006898,8049.ENSGMOP00000007106,8049.ENSGMOP00000007129,8049.ENSGMOP00000007208,8049.ENSGMOP00000007415,8049.ENSGMOP00000007617,8049.ENSGMOP00000007826,8049.ENSGMOP00000007903,8049.ENSGMOP00000008048,8049.ENSGMOP00000008308,8049.ENSGMOP00000008316,8049.ENSGMOP00000008350,8049.ENSGMOP00000008382,8049.ENSGMOP00000008653,8049.ENSGMOP00000008778,8049.ENSGMOP00000008869,8049.ENSGMOP00000008916,8049.ENSGMOP00000009025,8049.ENSGMOP00000009057,8049.ENSGMOP00000009437,8049.ENSGMOP00000009591,8049.ENSGMOP00000009709,8049.ENSGMOP00000009927,8049.ENSGMOP00000009994,8049.ENSGMOP00000010021,8049.ENSGMOP00000010232,8049.ENSGMOP00000010300,8049.ENSGMOP00000010397,8049.ENSGMOP00000010431,8049.ENSGMOP00000010437,8049.ENSGMOP00000010518,8049.ENSGMOP00000010519,8049.ENSGMOP00000010611,8049.ENSGMOP00000010949,8049.ENSGMOP00000010993,8049.ENSGMOP00000011013,8049.ENSGMOP00000011071,8049.ENSGMOP00000011286,8049.ENSGMOP00000011291,8049.ENSGMOP00000011399,8049.ENSGMOP00000011495,8049.ENSGMOP00000011775,8049.ENSGMOP00000011795,8049.ENSGMOP00000011875,8049.ENSGMOP00000011890,8049.ENSGMOP00000011999,8049.ENSGMOP00000012028,8049.ENSGMOP00000012148,8049.ENSGMOP00000012157,8049.ENSGMOP00000012162,8049.ENSGMOP00000012175,8049.ENSGMOP00000012470,8049.ENSGMOP00000012838,8049.ENSGMOP00000012990,8049.ENSGMOP00000013161,8049.ENSGMOP00000013179,8049.ENSGMOP00000013403,8049.ENSGMOP00000013414,8049.ENSGMOP00000013488,8049.ENSGMOP00000013503,8049.ENSGMOP00000013595,8049.ENSGMOP00000013716,8049.ENSGMOP00000013735,8049.ENSGMOP00000013884,8049.ENSGMOP00000014246,8049.ENSGMOP00000014411,8049.ENSGMOP00000014586,8049.ENSGMOP00000014674,8049.ENSGMOP00000014786,8049.ENSGMOP00000014980,8049.ENSGMOP00000015085,8049.ENSGMOP00000015111,8049.ENSGMOP00000015213,8049.ENSGMOP00000015257,8049.ENSGMOP00000015608,8049.ENSGMOP00000015704,8049.ENSGMOP00000016289,8049.ENSGMOP00000016347,8049.ENSGMOP00000016370,8049.ENSGMOP00000016451,8049.ENSGMOP00000016514,8049.ENSGMOP00000016537,8049.ENSGMOP00000016695,8049.ENSGMOP00000016798,8049.ENSGMOP00000016804,8049.ENSGMOP00000017060,8049.ENSGMOP00000017190,8049.ENSGMOP00000017230,8049.ENSGMOP00000017345,8049.ENSGMOP00000017401,8049.ENSGMOP00000017587,8049.ENSGMOP00000017631,8049.ENSGMOP00000017691,8049.ENSGMOP00000017702,8049.ENSGMOP00000017800,8049.ENSGMOP00000017946,8049.ENSGMOP00000018054,8049.ENSGMOP00000018142,8049.ENSGMOP00000018242,8049.ENSGMOP00000018508,8049.ENSGMOP00000018767,8049.ENSGMOP00000018777,8049.ENSGMOP00000018921,8049.ENSGMOP00000018982,8049.ENSGMOP00000019062,8049.ENSGMOP00000019065,8049.ENSGMOP00000019163,8049.ENSGMOP00000019698,8049.ENSGMOP00000019792,8049.ENSGMOP00000019958,8049.ENSGMOP00000020136,8049.ENSGMOP00000020153,8049.ENSGMOP00000020175,8049.ENSGMOP00000020283,8049.ENSGMOP00000020316,8049.ENSGMOP00000020324,8049.ENSGMOP00000020356,8049.ENSGMOP00000020378,8049.ENSGMOP00000020575,8049.ENSGMOP00000020834,8049.ENSGMOP00000020924,8049.ENSGMOP00000020956,8049.ENSGMOP00000020964,8049.ENSGMOP00000021060,8049.ENSGMOP00000021165,8049.ENSGMOP00000021268,8049.ENSGMOP00000022095	ENSGMOP00000000161,ENSGMOP00000000192,ENSGMOP00000000295,ENSGMOP00000000320,ENSGMOP00000000394,ENSGMOP00000000409,ENSGMOP00000000637,ENSGMOP00000000741,PRICKLE1,ENSGMOP00000000860,MSI1,ENSGMOP00000001090,ENSGMOP00000001366,ENSGMOP00000001578,ENSGMOP00000001688,ENSGMOP00000001971,ENSGMOP00000002159,ENSGMOP00000002293,ENSGMOP00000002428,NTN1,ENSGMOP00000002791,ENSGMOP00000002912,ZNF521,ENSGMOP00000003381,LAMA3,ENSGMOP00000003485,ENSGMOP00000003547,ENSGMOP00000003762,ENSGMOP00000003809,ENSGMOP00000003813,ENSGMOP00000004042,ENSGMOP00000004060,ENSGMOP00000004076,ENSGMOP00000004080,ENSGMOP00000004779,ENSGMOP00000005051,ENSGMOP00000005232,ENSGMOP00000005256,ENSGMOP00000005303,ENSGMOP00000005306,ENSGMOP00000005360,PLEKHA5,ENSGMOP00000005796,ENSGMOP00000005945,ENSGMOP00000006035,ENSGMOP00000006071,ENSGMOP00000006144,ENSGMOP00000006173,ENSGMOP00000006247,vps18,ENSGMOP00000006481,ENSGMOP00000006502,ENSGMOP00000006558,ENSGMOP00000006594,ENSGMOP00000006782,ENSGMOP00000006863,ENSGMOP00000006898,ENSGMOP00000007106,ENSGMOP00000007129,ENSGMOP00000007208,ENSGMOP00000007415,ENSGMOP00000007617,SEMA6A,ENSGMOP00000007903,ENSGMOP00000008048,ENSGMOP00000008308,ENSGMOP00000008316,ENSGMOP00000008350,ENSGMOP00000008382,ENSGMOP00000008653,ENSGMOP00000008778,ENSGMOP00000008869,ENSGMOP00000008916,ENSGMOP00000009025,ENSGMOP00000009057,ENSGMOP00000009437,ENSGMOP00000009591,ENSGMOP00000009709,ENSGMOP00000009927,ENSGMOP00000009994,ENSGMOP00000010021,ENSGMOP00000010232,ENSGMOP00000010300,ENSGMOP00000010397,ENSGMOP00000010431,ENSGMOP00000010437,ENSGMOP00000010518,ENSGMOP00000010519,ENSGMOP00000010611,ENSGMOP00000010949,ENSGMOP00000010993,ENSGMOP00000011013,ENSGMOP00000011071,ENSGMOP00000011286,ENSGMOP00000011291,ENSGMOP00000011399,ENSGMOP00000011495,ENSGMOP00000011775,ENSGMOP00000011795,ENSGMOP00000011875,SHROOM2,ENSGMOP00000011999,ENSGMOP00000012028,EIF2AK4,ENSGMOP00000012157,ENSGMOP00000012162,ENSGMOP00000012175,ENSGMOP00000012470,ENSGMOP00000012838,ENSGMOP00000012990,ENSGMOP00000013161,ENSGMOP00000013179,ENSGMOP00000013403,ENSGMOP00000013414,ENSGMOP00000013488,ENSGMOP00000013503,MYO1D,ENSGMOP00000013716,ENSGMOP00000013735,ENSGMOP00000013884,ENSGMOP00000014246,ENSGMOP00000014411,FZD7,ENSGMOP00000014674,ENSGMOP00000014786,ENSGMOP00000014980,ENSGMOP00000015085,ENSGMOP00000015111,ENSGMOP00000015213,ENSGMOP00000015257,ENSGMOP00000015608,ENSGMOP00000015704,ENSGMOP00000016289,ENSGMOP00000016347,ENSGMOP00000016370,ENSGMOP00000016451,ENSGMOP00000016514,ENSGMOP00000016537,ENSGMOP00000016695,ENSGMOP00000016798,ENSGMOP00000016804,ENSGMOP00000017060,ENSGMOP00000017190,ENSGMOP00000017230,traf4,ENSGMOP00000017401,ENSGMOP00000017587,ENSGMOP00000017631,ENSGMOP00000017691,EPHA7,ENSGMOP00000017800,ENSGMOP00000017946,NPC1L1,ENSGMOP00000018142,ENSGMOP00000018242,ENSGMOP00000018508,ENSGMOP00000018767,ENSGMOP00000018777,ENSGMOP00000018921,ENSGMOP00000018982,ENSGMOP00000019062,ENSGMOP00000019065,ENSGMOP00000019163,ENSGMOP00000019698,ENSGMOP00000019792,ENSGMOP00000019958,ENSGMOP00000020136,ENSGMOP00000020153,ENSGMOP00000020175,ENSGMOP00000020283,ENSGMOP00000020316,ENSGMOP00000020324,ENSGMOP00000020356,ENSGMOP00000020378,ENSGMOP00000020575,PCLO,ENSGMOP00000020924,ENSGMOP00000020956,ENSGMOP00000020964,ENSGMOP00000021060,ENSGMOP00000021165,mab21l2,ENSGMOP00000022095
GO Process	GO:0048513	Animal organ development	101	2313	0.2	0.41	0.0031	8049.ENSGMOP00000000161,8049.ENSGMOP00000000295,8049.ENSGMOP00000000394,8049.ENSGMOP00000000637,8049.ENSGMOP00000001578,8049.ENSGMOP00000001688,8049.ENSGMOP00000001971,8049.ENSGMOP00000002428,8049.ENSGMOP00000002722,8049.ENSGMOP00000002912,8049.ENSGMOP00000003547,8049.ENSGMOP00000003762,8049.ENSGMOP00000003809,8049.ENSGMOP00000004042,8049.ENSGMOP00000004060,8049.ENSGMOP00000004076,8049.ENSGMOP00000004080,8049.ENSGMOP00000004779,8049.ENSGMOP00000005360,8049.ENSGMOP00000005627,8049.ENSGMOP00000005945,8049.ENSGMOP00000006035,8049.ENSGMOP00000006071,8049.ENSGMOP00000006144,8049.ENSGMOP00000006173,8049.ENSGMOP00000006247,8049.ENSGMOP00000006446,8049.ENSGMOP00000006481,8049.ENSGMOP00000006501,8049.ENSGMOP00000006502,8049.ENSGMOP00000007106,8049.ENSGMOP00000007208,8049.ENSGMOP00000007415,8049.ENSGMOP00000007617,8049.ENSGMOP00000007826,8049.ENSGMOP00000008350,8049.ENSGMOP00000008382,8049.ENSGMOP00000008403,8049.ENSGMOP00000008778,8049.ENSGMOP00000009025,8049.ENSGMOP00000009057,8049.ENSGMOP00000009994,8049.ENSGMOP00000010021,8049.ENSGMOP00000010218,8049.ENSGMOP00000010397,8049.ENSGMOP00000010431,8049.ENSGMOP00000010437,8049.ENSGMOP00000010518,8049.ENSGMOP00000010519,8049.ENSGMOP00000010993,8049.ENSGMOP00000011071,8049.ENSGMOP00000011795,8049.ENSGMOP00000011999,8049.ENSGMOP00000012028,8049.ENSGMOP00000012157,8049.ENSGMOP00000012162,8049.ENSGMOP00000012175,8049.ENSGMOP00000012470,8049.ENSGMOP00000013123,8049.ENSGMOP00000013289,8049.ENSGMOP00000013414,8049.ENSGMOP00000013488,8049.ENSGMOP00000013503,8049.ENSGMOP00000013595,8049.ENSGMOP00000013735,8049.ENSGMOP00000013884,8049.ENSGMOP00000014411,8049.ENSGMOP00000014586,8049.ENSGMOP00000014786,8049.ENSGMOP00000014787,8049.ENSGMOP00000015608,8049.ENSGMOP00000016289,8049.ENSGMOP00000016347,8049.ENSGMOP00000016370,8049.ENSGMOP00000016514,8049.ENSGMOP00000016537,8049.ENSGMOP00000016798,8049.ENSGMOP00000017190,8049.ENSGMOP00000017230,8049.ENSGMOP00000017345,8049.ENSGMOP00000017401,8049.ENSGMOP00000017587,8049.ENSGMOP00000017691,8049.ENSGMOP00000017800,8049.ENSGMOP00000017946,8049.ENSGMOP00000018242,8049.ENSGMOP00000018921,8049.ENSGMOP00000019065,8049.ENSGMOP00000020136,8049.ENSGMOP00000020153,8049.ENSGMOP00000020175,8049.ENSGMOP00000020209,8049.ENSGMOP00000020316,8049.ENSGMOP00000020356,8049.ENSGMOP00000020378,8049.ENSGMOP00000020575,8049.ENSGMOP00000020924,8049.ENSGMOP00000020956,8049.ENSGMOP00000021060,8049.ENSGMOP00000021165,8049.ENSGMOP00000021268	ENSGMOP00000000161,ENSGMOP00000000295,ENSGMOP00000000394,ENSGMOP00000000637,ENSGMOP00000001578,ENSGMOP00000001688,ENSGMOP00000001971,ENSGMOP00000002428,NTN1,ENSGMOP00000002912,ENSGMOP00000003547,ENSGMOP00000003762,ENSGMOP00000003809,ENSGMOP00000004042,ENSGMOP00000004060,ENSGMOP00000004076,ENSGMOP00000004080,ENSGMOP00000004779,ENSGMOP00000005360,ENSGMOP00000005627,ENSGMOP00000005945,ENSGMOP00000006035,ENSGMOP00000006071,ENSGMOP00000006144,ENSGMOP00000006173,ENSGMOP00000006247,vps18,ENSGMOP00000006481,ENSGMOP00000006501,ENSGMOP00000006502,ENSGMOP00000007106,ENSGMOP00000007208,ENSGMOP00000007415,ENSGMOP00000007617,SEMA6A,ENSGMOP00000008350,ENSGMOP00000008382,ENSGMOP00000008403,ENSGMOP00000008778,ENSGMOP00000009025,ENSGMOP00000009057,ENSGMOP00000009994,ENSGMOP00000010021,ENSGMOP00000010218,ENSGMOP00000010397,ENSGMOP00000010431,ENSGMOP00000010437,ENSGMOP00000010518,ENSGMOP00000010519,ENSGMOP00000010993,ENSGMOP00000011071,ENSGMOP00000011795,ENSGMOP00000011999,ENSGMOP00000012028,ENSGMOP00000012157,ENSGMOP00000012162,ENSGMOP00000012175,ENSGMOP00000012470,ENSGMOP00000013123,ENSGMOP00000013289,ENSGMOP00000013414,ENSGMOP00000013488,ENSGMOP00000013503,MYO1D,ENSGMOP00000013735,ENSGMOP00000013884,ENSGMOP00000014411,FZD7,ENSGMOP00000014786,ENSGMOP00000014787,ENSGMOP00000015608,ENSGMOP00000016289,ENSGMOP00000016347,ENSGMOP00000016370,ENSGMOP00000016514,ENSGMOP00000016537,ENSGMOP00000016798,ENSGMOP00000017190,ENSGMOP00000017230,traf4,ENSGMOP00000017401,ENSGMOP00000017587,ENSGMOP00000017691,ENSGMOP00000017800,ENSGMOP00000017946,ENSGMOP00000018242,ENSGMOP00000018921,ENSGMOP00000019065,ENSGMOP00000020136,ENSGMOP00000020153,ENSGMOP00000020175,ENSGMOP00000020209,ENSGMOP00000020316,ENSGMOP00000020356,ENSGMOP00000020378,ENSGMOP00000020575,ENSGMOP00000020924,ENSGMOP00000020956,ENSGMOP00000021060,ENSGMOP00000021165,mab21l2
GO Process	GO:0009893	Positive regulation of metabolic process	110	2603	0.18	0.39	0.0041	8049.ENSGMOP00000000041,8049.ENSGMOP00000000192,8049.ENSGMOP00000000295,8049.ENSGMOP00000000394,8049.ENSGMOP00000000741,8049.ENSGMOP00000001262,8049.ENSGMOP00000002137,8049.ENSGMOP00000002428,8049.ENSGMOP00000002866,8049.ENSGMOP00000002912,8049.ENSGMOP00000003196,8049.ENSGMOP00000003547,8049.ENSGMOP00000003697,8049.ENSGMOP00000003762,8049.ENSGMOP00000003815,8049.ENSGMOP00000004042,8049.ENSGMOP00000004055,8049.ENSGMOP00000004060,8049.ENSGMOP00000004080,8049.ENSGMOP00000004622,8049.ENSGMOP00000004779,8049.ENSGMOP00000005051,8049.ENSGMOP00000005084,8049.ENSGMOP00000005303,8049.ENSGMOP00000005762,8049.ENSGMOP00000005945,8049.ENSGMOP00000006025,8049.ENSGMOP00000006173,8049.ENSGMOP00000006196,8049.ENSGMOP00000006445,8049.ENSGMOP00000006608,8049.ENSGMOP00000006709,8049.ENSGMOP00000007059,8049.ENSGMOP00000007440,8049.ENSGMOP00000007617,8049.ENSGMOP00000008350,8049.ENSGMOP00000008382,8049.ENSGMOP00000008547,8049.ENSGMOP00000008653,8049.ENSGMOP00000008712,8049.ENSGMOP00000008916,8049.ENSGMOP00000009009,8049.ENSGMOP00000009025,8049.ENSGMOP00000009037,8049.ENSGMOP00000009051,8049.ENSGMOP00000009364,8049.ENSGMOP00000009512,8049.ENSGMOP00000009927,8049.ENSGMOP00000010218,8049.ENSGMOP00000010300,8049.ENSGMOP00000010431,8049.ENSGMOP00000010949,8049.ENSGMOP00000010993,8049.ENSGMOP00000011350,8049.ENSGMOP00000011571,8049.ENSGMOP00000011775,8049.ENSGMOP00000011795,8049.ENSGMOP00000012148,8049.ENSGMOP00000012162,8049.ENSGMOP00000012175,8049.ENSGMOP00000012193,8049.ENSGMOP00000012195,8049.ENSGMOP00000012848,8049.ENSGMOP00000013073,8049.ENSGMOP00000013199,8049.ENSGMOP00000013237,8049.ENSGMOP00000013310,8049.ENSGMOP00000013403,8049.ENSGMOP00000013478,8049.ENSGMOP00000013716,8049.ENSGMOP00000013986,8049.ENSGMOP00000014586,8049.ENSGMOP00000014980,8049.ENSGMOP00000015257,8049.ENSGMOP00000015513,8049.ENSGMOP00000015608,8049.ENSGMOP00000015921,8049.ENSGMOP00000016289,8049.ENSGMOP00000016370,8049.ENSGMOP00000016451,8049.ENSGMOP00000016514,8049.ENSGMOP00000016537,8049.ENSGMOP00000016550,8049.ENSGMOP00000016592,8049.ENSGMOP00000016798,8049.ENSGMOP00000016976,8049.ENSGMOP00000017031,8049.ENSGMOP00000017190,8049.ENSGMOP00000017230,8049.ENSGMOP00000017345,8049.ENSGMOP00000017484,8049.ENSGMOP00000017598,8049.ENSGMOP00000017702,8049.ENSGMOP00000017946,8049.ENSGMOP00000017970,8049.ENSGMOP00000018142,8049.ENSGMOP00000018651,8049.ENSGMOP00000018777,8049.ENSGMOP00000018866,8049.ENSGMOP00000018982,8049.ENSGMOP00000019131,8049.ENSGMOP00000019925,8049.ENSGMOP00000020136,8049.ENSGMOP00000020175,8049.ENSGMOP00000020209,8049.ENSGMOP00000020316,8049.ENSGMOP00000020356,8049.ENSGMOP00000020501,8049.ENSGMOP00000020575,8049.ENSGMOP00000020924	ENSGMOP00000000041,ENSGMOP00000000192,ENSGMOP00000000295,ENSGMOP00000000394,ENSGMOP00000000741,ENSGMOP00000001262,babam2,ENSGMOP00000002428,ENSGMOP00000002866,ENSGMOP00000002912,ZNF521,ENSGMOP00000003547,ENSGMOP00000003697,ENSGMOP00000003762,ENSGMOP00000003815,ENSGMOP00000004042,ENSGMOP00000004055,ENSGMOP00000004060,ENSGMOP00000004080,ENSGMOP00000004622,ENSGMOP00000004779,ENSGMOP00000005051,ENSGMOP00000005084,ENSGMOP00000005303,ENSGMOP00000005762,ENSGMOP00000005945,ENSGMOP00000006025,ENSGMOP00000006173,ENSGMOP00000006196,ENSGMOP00000006445,ENSGMOP00000006608,ENSGMOP00000006709,NFATC1,ENSGMOP00000007440,ENSGMOP00000007617,ENSGMOP00000008350,ENSGMOP00000008382,ENSGMOP00000008547,ENSGMOP00000008653,ENSGMOP00000008712,ENSGMOP00000008916,JMY,ENSGMOP00000009025,ENSGMOP00000009037,ENSGMOP00000009051,ENSGMOP00000009364,ENSGMOP00000009512,ENSGMOP00000009927,ENSGMOP00000010218,ENSGMOP00000010300,ENSGMOP00000010431,ENSGMOP00000010949,ENSGMOP00000010993,ENSGMOP00000011350,ENSGMOP00000011571,ENSGMOP00000011775,ENSGMOP00000011795,EIF2AK4,ENSGMOP00000012162,ENSGMOP00000012175,ENSGMOP00000012193,ENSGMOP00000012195,ENSGMOP00000012848,ENSGMOP00000013073,ENSGMOP00000013199,ENSGMOP00000013237,ENSGMOP00000013310,ENSGMOP00000013403,ENSGMOP00000013478,ENSGMOP00000013716,ENSGMOP00000013986,FZD7,ENSGMOP00000014980,ENSGMOP00000015257,ENSGMOP00000015513,ENSGMOP00000015608,ENSGMOP00000015921,ENSGMOP00000016289,ENSGMOP00000016370,ENSGMOP00000016451,ENSGMOP00000016514,ENSGMOP00000016537,ENSGMOP00000016550,ENSGMOP00000016592,ENSGMOP00000016798,ENSGMOP00000016976,ENSGMOP00000017031,ENSGMOP00000017190,ENSGMOP00000017230,traf4,ENSGMOP00000017484,ENSGMOP00000017598,EPHA7,ENSGMOP00000017946,ENSGMOP00000017970,ENSGMOP00000018142,ENSGMOP00000018651,ENSGMOP00000018777,ENSGMOP00000018866,ENSGMOP00000018982,ENSGMOP00000019131,ENSGMOP00000019925,ENSGMOP00000020136,ENSGMOP00000020175,ENSGMOP00000020209,ENSGMOP00000020316,ENSGMOP00000020356,ENSGMOP00000020501,ENSGMOP00000020575,ENSGMOP00000020924
GO Process	GO:0050794	Regulation of cellular process	317	9536	0.08	0.35	0.0051	8049.ENSGMOP00000000041,8049.ENSGMOP00000000161,8049.ENSGMOP00000000191,8049.ENSGMOP00000000192,8049.ENSGMOP00000000294,8049.ENSGMOP00000000295,8049.ENSGMOP00000000391,8049.ENSGMOP00000000394,8049.ENSGMOP00000000641,8049.ENSGMOP00000000692,8049.ENSGMOP00000000734,8049.ENSGMOP00000000741,8049.ENSGMOP00000001058,8049.ENSGMOP00000001078,8049.ENSGMOP00000001090,8049.ENSGMOP00000001262,8049.ENSGMOP00000001366,8049.ENSGMOP00000001578,8049.ENSGMOP00000001807,8049.ENSGMOP00000001971,8049.ENSGMOP00000002137,8049.ENSGMOP00000002229,8049.ENSGMOP00000002293,8049.ENSGMOP00000002422,8049.ENSGMOP00000002428,8049.ENSGMOP00000002531,8049.ENSGMOP00000002747,8049.ENSGMOP00000002791,8049.ENSGMOP00000002866,8049.ENSGMOP00000002898,8049.ENSGMOP00000002910,8049.ENSGMOP00000002912,8049.ENSGMOP00000002960,8049.ENSGMOP00000002985,8049.ENSGMOP00000003026,8049.ENSGMOP00000003196,8049.ENSGMOP00000003381,8049.ENSGMOP00000003483,8049.ENSGMOP00000003514,8049.ENSGMOP00000003547,8049.ENSGMOP00000003590,8049.ENSGMOP00000003679,8049.ENSGMOP00000003697,8049.ENSGMOP00000003762,8049.ENSGMOP00000003809,8049.ENSGMOP00000003813,8049.ENSGMOP00000003815,8049.ENSGMOP00000003818,8049.ENSGMOP00000003911,8049.ENSGMOP00000003952,8049.ENSGMOP00000004042,8049.ENSGMOP00000004055,8049.ENSGMOP00000004060,8049.ENSGMOP00000004080,8049.ENSGMOP00000004622,8049.ENSGMOP00000004711,8049.ENSGMOP00000004735,8049.ENSGMOP00000004762,8049.ENSGMOP00000004779,8049.ENSGMOP00000004951,8049.ENSGMOP00000005024,8049.ENSGMOP00000005051,8049.ENSGMOP00000005084,8049.ENSGMOP00000005232,8049.ENSGMOP00000005256,8049.ENSGMOP00000005303,8049.ENSGMOP00000005306,8049.ENSGMOP00000005486,8049.ENSGMOP00000005714,8049.ENSGMOP00000005762,8049.ENSGMOP00000005835,8049.ENSGMOP00000005945,8049.ENSGMOP00000005950,8049.ENSGMOP00000006025,8049.ENSGMOP00000006035,8049.ENSGMOP00000006059,8049.ENSGMOP00000006065,8049.ENSGMOP00000006144,8049.ENSGMOP00000006173,8049.ENSGMOP00000006196,8049.ENSGMOP00000006407,8049.ENSGMOP00000006445,8049.ENSGMOP00000006481,8049.ENSGMOP00000006487,8049.ENSGMOP00000006502,8049.ENSGMOP00000006558,8049.ENSGMOP00000006563,8049.ENSGMOP00000006578,8049.ENSGMOP00000006608,8049.ENSGMOP00000006699,8049.ENSGMOP00000006709,8049.ENSGMOP00000006863,8049.ENSGMOP00000006898,8049.ENSGMOP00000007000,8049.ENSGMOP00000007001,8049.ENSGMOP00000007059,8049.ENSGMOP00000007129,8049.ENSGMOP00000007135,8049.ENSGMOP00000007415,8049.ENSGMOP00000007440,8049.ENSGMOP00000007501,8049.ENSGMOP00000007568,8049.ENSGMOP00000007573,8049.ENSGMOP00000007783,8049.ENSGMOP00000007826,8049.ENSGMOP00000007861,8049.ENSGMOP00000007903,8049.ENSGMOP00000007919,8049.ENSGMOP00000008302,8049.ENSGMOP00000008306,8049.ENSGMOP00000008308,8049.ENSGMOP00000008350,8049.ENSGMOP00000008382,8049.ENSGMOP00000008403,8049.ENSGMOP00000008467,8049.ENSGMOP00000008547,8049.ENSGMOP00000008653,8049.ENSGMOP00000008706,8049.ENSGMOP00000008712,8049.ENSGMOP00000008756,8049.ENSGMOP00000008869,8049.ENSGMOP00000008916,8049.ENSGMOP00000008938,8049.ENSGMOP00000009009,8049.ENSGMOP00000009025,8049.ENSGMOP00000009037,8049.ENSGMOP00000009051,8049.ENSGMOP00000009057,8049.ENSGMOP00000009058,8049.ENSGMOP00000009093,8049.ENSGMOP00000009364,8049.ENSGMOP00000009512,8049.ENSGMOP00000009591,8049.ENSGMOP00000009634,8049.ENSGMOP00000009693,8049.ENSGMOP00000009709,8049.ENSGMOP00000009774,8049.ENSGMOP00000009927,8049.ENSGMOP00000009994,8049.ENSGMOP00000010021,8049.ENSGMOP00000010033,8049.ENSGMOP00000010218,8049.ENSGMOP00000010232,8049.ENSGMOP00000010300,8049.ENSGMOP00000010397,8049.ENSGMOP00000010407,8049.ENSGMOP00000010431,8049.ENSGMOP00000010432,8049.ENSGMOP00000010437,8049.ENSGMOP00000010518,8049.ENSGMOP00000010519,8049.ENSGMOP00000010644,8049.ENSGMOP00000010933,8049.ENSGMOP00000010949,8049.ENSGMOP00000010993,8049.ENSGMOP00000011071,8049.ENSGMOP00000011336,8049.ENSGMOP00000011350,8049.ENSGMOP00000011363,8049.ENSGMOP00000011365,8049.ENSGMOP00000011495,8049.ENSGMOP00000011506,8049.ENSGMOP00000011571,8049.ENSGMOP00000011656,8049.ENSGMOP00000011712,8049.ENSGMOP00000011775,8049.ENSGMOP00000011787,8049.ENSGMOP00000011795,8049.ENSGMOP00000011875,8049.ENSGMOP00000011929,8049.ENSGMOP00000011931,8049.ENSGMOP00000011999,8049.ENSGMOP00000012148,8049.ENSGMOP00000012162,8049.ENSGMOP00000012175,8049.ENSGMOP00000012193,8049.ENSGMOP00000012195,8049.ENSGMOP00000012426,8049.ENSGMOP00000012487,8049.ENSGMOP00000012747,8049.ENSGMOP00000012838,8049.ENSGMOP00000012848,8049.ENSGMOP00000012990,8049.ENSGMOP00000013073,8049.ENSGMOP00000013123,8049.ENSGMOP00000013133,8049.ENSGMOP00000013161,8049.ENSGMOP00000013179,8049.ENSGMOP00000013199,8049.ENSGMOP00000013237,8049.ENSGMOP00000013289,8049.ENSGMOP00000013310,8049.ENSGMOP00000013403,8049.ENSGMOP00000013414,8049.ENSGMOP00000013421,8049.ENSGMOP00000013478,8049.ENSGMOP00000013488,8049.ENSGMOP00000013503,8049.ENSGMOP00000013716,8049.ENSGMOP00000013735,8049.ENSGMOP00000013884,8049.ENSGMOP00000013898,8049.ENSGMOP00000013905,8049.ENSGMOP00000013986,8049.ENSGMOP00000014246,8049.ENSGMOP00000014278,8049.ENSGMOP00000014586,8049.ENSGMOP00000014701,8049.ENSGMOP00000014732,8049.ENSGMOP00000014786,8049.ENSGMOP00000014787,8049.ENSGMOP00000014980,8049.ENSGMOP00000015029,8049.ENSGMOP00000015111,8049.ENSGMOP00000015257,8049.ENSGMOP00000015399,8049.ENSGMOP00000015409,8049.ENSGMOP00000015513,8049.ENSGMOP00000015517,8049.ENSGMOP00000015595,8049.ENSGMOP00000015596,8049.ENSGMOP00000015608,8049.ENSGMOP00000015763,8049.ENSGMOP00000015783,8049.ENSGMOP00000015883,8049.ENSGMOP00000015921,8049.ENSGMOP00000015954,8049.ENSGMOP00000016163,8049.ENSGMOP00000016289,8049.ENSGMOP00000016370,8049.ENSGMOP00000016451,8049.ENSGMOP00000016514,8049.ENSGMOP00000016537,8049.ENSGMOP00000016550,8049.ENSGMOP00000016592,8049.ENSGMOP00000016636,8049.ENSGMOP00000016798,8049.ENSGMOP00000016804,8049.ENSGMOP00000016837,8049.ENSGMOP00000016976,8049.ENSGMOP00000017025,8049.ENSGMOP00000017031,8049.ENSGMOP00000017060,8049.ENSGMOP00000017088,8049.ENSGMOP00000017190,8049.ENSGMOP00000017194,8049.ENSGMOP00000017230,8049.ENSGMOP00000017345,8049.ENSGMOP00000017472,8049.ENSGMOP00000017484,8049.ENSGMOP00000017523,8049.ENSGMOP00000017598,8049.ENSGMOP00000017646,8049.ENSGMOP00000017686,8049.ENSGMOP00000017702,8049.ENSGMOP00000017723,8049.ENSGMOP00000017831,8049.ENSGMOP00000017946,8049.ENSGMOP00000017970,8049.ENSGMOP00000017987,8049.ENSGMOP00000017996,8049.ENSGMOP00000018142,8049.ENSGMOP00000018313,8049.ENSGMOP00000018368,8049.ENSGMOP00000018378,8049.ENSGMOP00000018456,8049.ENSGMOP00000018501,8049.ENSGMOP00000018508,8049.ENSGMOP00000018619,8049.ENSGMOP00000018651,8049.ENSGMOP00000018652,8049.ENSGMOP00000018669,8049.ENSGMOP00000018687,8049.ENSGMOP00000018777,8049.ENSGMOP00000018866,8049.ENSGMOP00000018876,8049.ENSGMOP00000018897,8049.ENSGMOP00000018982,8049.ENSGMOP00000019065,8049.ENSGMOP00000019131,8049.ENSGMOP00000019151,8049.ENSGMOP00000019427,8049.ENSGMOP00000019437,8049.ENSGMOP00000019559,8049.ENSGMOP00000019575,8049.ENSGMOP00000019664,8049.ENSGMOP00000019698,8049.ENSGMOP00000019792,8049.ENSGMOP00000019806,8049.ENSGMOP00000019825,8049.ENSGMOP00000019879,8049.ENSGMOP00000019925,8049.ENSGMOP00000019958,8049.ENSGMOP00000020014,8049.ENSGMOP00000020017,8049.ENSGMOP00000020083,8049.ENSGMOP00000020136,8049.ENSGMOP00000020153,8049.ENSGMOP00000020175,8049.ENSGMOP00000020184,8049.ENSGMOP00000020209,8049.ENSGMOP00000020220,8049.ENSGMOP00000020283,8049.ENSGMOP00000020316,8049.ENSGMOP00000020324,8049.ENSGMOP00000020356,8049.ENSGMOP00000020378,8049.ENSGMOP00000020501,8049.ENSGMOP00000020575,8049.ENSGMOP00000020834,8049.ENSGMOP00000020924,8049.ENSGMOP00000020964,8049.ENSGMOP00000021047,8049.ENSGMOP00000021060,8049.ENSGMOP00000021165,8049.ENSGMOP00000021169,8049.ENSGMOP00000022095	ENSGMOP00000000041,ENSGMOP00000000161,ENSGMOP00000000191,ENSGMOP00000000192,ENSGMOP00000000294,ENSGMOP00000000295,ENSGMOP00000000391,ENSGMOP00000000394,ENSGMOP00000000641,ENSGMOP00000000692,MACF1,ENSGMOP00000000741,MSI1,LTBP3,ENSGMOP00000001090,ENSGMOP00000001262,ENSGMOP00000001366,ENSGMOP00000001578,ENSGMOP00000001807,ENSGMOP00000001971,babam2,ENSGMOP00000002229,ENSGMOP00000002293,ENSGMOP00000002422,ENSGMOP00000002428,ENSGMOP00000002531,ENSGMOP00000002747,ENSGMOP00000002791,ENSGMOP00000002866,ENSGMOP00000002898,ENSGMOP00000002910,ENSGMOP00000002912,ENSGMOP00000002960,ENSGMOP00000002985,SLC4A11,ZNF521,ENSGMOP00000003381,LAMA3,ENSGMOP00000003514,ENSGMOP00000003547,ENSGMOP00000003590,ENSGMOP00000003679,ENSGMOP00000003697,ENSGMOP00000003762,ENSGMOP00000003809,ENSGMOP00000003813,ENSGMOP00000003815,LOC115556833,ENSGMOP00000003911,ENSGMOP00000003952,ENSGMOP00000004042,ENSGMOP00000004055,ENSGMOP00000004060,ENSGMOP00000004080,ENSGMOP00000004622,ENSGMOP00000004711,ENSGMOP00000004735,ENSGMOP00000004762,ENSGMOP00000004779,ENSGMOP00000004951,ENSGMOP00000005024,ENSGMOP00000005051,ENSGMOP00000005084,ENSGMOP00000005232,ENSGMOP00000005256,ENSGMOP00000005303,ENSGMOP00000005306,ENSGMOP00000005486,DST,ENSGMOP00000005762,ENSGMOP00000005835,ENSGMOP00000005945,ENSGMOP00000005950,ENSGMOP00000006025,ENSGMOP00000006035,ENSGMOP00000006059,ENSGMOP00000006065,ENSGMOP00000006144,ENSGMOP00000006173,ENSGMOP00000006196,ENSGMOP00000006407,ENSGMOP00000006445,ENSGMOP00000006481,cyld,ENSGMOP00000006502,ENSGMOP00000006558,ENSGMOP00000006563,ENSGMOP00000006578,ENSGMOP00000006608,ENSGMOP00000006699,ENSGMOP00000006709,ENSGMOP00000006863,ENSGMOP00000006898,ENSGMOP00000007000,ENSGMOP00000007001,NFATC1,ENSGMOP00000007129,ENSGMOP00000007135,ENSGMOP00000007415,ENSGMOP00000007440,ENSGMOP00000007501,ENSGMOP00000007568,ENSGMOP00000007573,ENSGMOP00000007783,SEMA6A,ENSGMOP00000007861,ENSGMOP00000007903,ENSGMOP00000007919,ENSGMOP00000008302,DOCK9,ENSGMOP00000008308,ENSGMOP00000008350,ENSGMOP00000008382,ENSGMOP00000008403,ENSGMOP00000008467,ENSGMOP00000008547,ENSGMOP00000008653,ENSGMOP00000008706,ENSGMOP00000008712,ENSGMOP00000008756,ENSGMOP00000008869,ENSGMOP00000008916,ENSGMOP00000008938,JMY,ENSGMOP00000009025,ENSGMOP00000009037,ENSGMOP00000009051,ENSGMOP00000009057,ENSGMOP00000009058,ENSGMOP00000009093,ENSGMOP00000009364,ENSGMOP00000009512,ENSGMOP00000009591,ENSGMOP00000009634,ENSGMOP00000009693,ENSGMOP00000009709,ENSGMOP00000009774,ENSGMOP00000009927,ENSGMOP00000009994,ENSGMOP00000010021,ENSGMOP00000010033,ENSGMOP00000010218,ENSGMOP00000010232,ENSGMOP00000010300,ENSGMOP00000010397,ENSGMOP00000010407,ENSGMOP00000010431,ENSGMOP00000010432,ENSGMOP00000010437,ENSGMOP00000010518,ENSGMOP00000010519,ENSGMOP00000010644,ENSGMOP00000010933,ENSGMOP00000010949,ENSGMOP00000010993,ENSGMOP00000011071,ENSGMOP00000011336,ENSGMOP00000011350,ENSGMOP00000011363,LLGL1,ENSGMOP00000011495,ENSGMOP00000011506,ENSGMOP00000011571,ENSGMOP00000011656,ENSGMOP00000011712,ENSGMOP00000011775,ENSGMOP00000011787,ENSGMOP00000011795,ENSGMOP00000011875,CARMIL1,ENSGMOP00000011931,ENSGMOP00000011999,EIF2AK4,ENSGMOP00000012162,ENSGMOP00000012175,ENSGMOP00000012193,ENSGMOP00000012195,ENSGMOP00000012426,ENSGMOP00000012487,ENSGMOP00000012747,ENSGMOP00000012838,ENSGMOP00000012848,ENSGMOP00000012990,ENSGMOP00000013073,ENSGMOP00000013123,ENSGMOP00000013133,ENSGMOP00000013161,ENSGMOP00000013179,ENSGMOP00000013199,ENSGMOP00000013237,ENSGMOP00000013289,ENSGMOP00000013310,ENSGMOP00000013403,ENSGMOP00000013414,ENSGMOP00000013421,ENSGMOP00000013478,ENSGMOP00000013488,ENSGMOP00000013503,ENSGMOP00000013716,ENSGMOP00000013735,ENSGMOP00000013884,ENSGMOP00000013898,ENSGMOP00000013905,ENSGMOP00000013986,ENSGMOP00000014246,ENSGMOP00000014278,FZD7,ENSGMOP00000014701,ENSGMOP00000014732,ENSGMOP00000014786,ENSGMOP00000014787,ENSGMOP00000014980,ENSGMOP00000015029,ENSGMOP00000015111,ENSGMOP00000015257,ENSGMOP00000015399,ENSGMOP00000015409,ENSGMOP00000015513,ENSGMOP00000015517,ENSGMOP00000015595,ENSGMOP00000015596,ENSGMOP00000015608,ENSGMOP00000015763,ENSGMOP00000015783,ENSGMOP00000015883,ENSGMOP00000015921,ENSGMOP00000015954,LOC115530884,ENSGMOP00000016289,ENSGMOP00000016370,ENSGMOP00000016451,ENSGMOP00000016514,ENSGMOP00000016537,ENSGMOP00000016550,ENSGMOP00000016592,TANC2,ENSGMOP00000016798,ENSGMOP00000016804,ENSGMOP00000016837,ENSGMOP00000016976,ENSGMOP00000017025,ENSGMOP00000017031,ENSGMOP00000017060,ENSGMOP00000017088,ENSGMOP00000017190,nr2e1,ENSGMOP00000017230,traf4,ENSGMOP00000017472,ENSGMOP00000017484,ENSGMOP00000017523,ENSGMOP00000017598,ENSGMOP00000017646,ENSGMOP00000017686,EPHA7,TCERG1,ENSGMOP00000017831,ENSGMOP00000017946,ENSGMOP00000017970,ENSGMOP00000017987,PLEKHG4B,ENSGMOP00000018142,IQSEC1,LOC115548846,ENSGMOP00000018378,NFKBID,ENSGMOP00000018501,ENSGMOP00000018508,ARAP1,ENSGMOP00000018651,ENSGMOP00000018652,ENSGMOP00000018669,ENSGMOP00000018687,ENSGMOP00000018777,ENSGMOP00000018866,ENSGMOP00000018876,ENSGMOP00000018897,ENSGMOP00000018982,ENSGMOP00000019065,ENSGMOP00000019131,ENSGMOP00000019151,ENSGMOP00000019427,ENSGMOP00000019437,ENSGMOP00000019559,dock7,ENSGMOP00000019664,ENSGMOP00000019698,ENSGMOP00000019792,ENSGMOP00000019806,ENSGMOP00000019825,ENSGMOP00000019879,ENSGMOP00000019925,ENSGMOP00000019958,ENSGMOP00000020014,ENSGMOP00000020017,ENSGMOP00000020083,ENSGMOP00000020136,ENSGMOP00000020153,ENSGMOP00000020175,ENSGMOP00000020184,ENSGMOP00000020209,SCAF8,ENSGMOP00000020283,ENSGMOP00000020316,ENSGMOP00000020324,ENSGMOP00000020356,ENSGMOP00000020378,ENSGMOP00000020501,ENSGMOP00000020575,PCLO,ENSGMOP00000020924,ENSGMOP00000020964,ENSGMOP00000021047,ENSGMOP00000021060,ENSGMOP00000021165,ENSGMOP00000021169,ENSGMOP00000022095
GO Process	GO:0048729	Tissue morphogenesis	29	411	0.4	0.45	0.0054	8049.ENSGMOP00000000295,8049.ENSGMOP00000001688,8049.ENSGMOP00000001971,8049.ENSGMOP00000002428,8049.ENSGMOP00000003547,8049.ENSGMOP00000004060,8049.ENSGMOP00000004076,8049.ENSGMOP00000005360,8049.ENSGMOP00000006144,8049.ENSGMOP00000006481,8049.ENSGMOP00000007617,8049.ENSGMOP00000008382,8049.ENSGMOP00000009025,8049.ENSGMOP00000009057,8049.ENSGMOP00000010993,8049.ENSGMOP00000011071,8049.ENSGMOP00000011286,8049.ENSGMOP00000012175,8049.ENSGMOP00000012470,8049.ENSGMOP00000013488,8049.ENSGMOP00000013595,8049.ENSGMOP00000016289,8049.ENSGMOP00000017472,8049.ENSGMOP00000018651,8049.ENSGMOP00000018921,8049.ENSGMOP00000020356,8049.ENSGMOP00000020924,8049.ENSGMOP00000021060,8049.ENSGMOP00000021268	ENSGMOP00000000295,ENSGMOP00000001688,ENSGMOP00000001971,ENSGMOP00000002428,ENSGMOP00000003547,ENSGMOP00000004060,ENSGMOP00000004076,ENSGMOP00000005360,ENSGMOP00000006144,ENSGMOP00000006481,ENSGMOP00000007617,ENSGMOP00000008382,ENSGMOP00000009025,ENSGMOP00000009057,ENSGMOP00000010993,ENSGMOP00000011071,ENSGMOP00000011286,ENSGMOP00000012175,ENSGMOP00000012470,ENSGMOP00000013488,MYO1D,ENSGMOP00000016289,ENSGMOP00000017472,ENSGMOP00000018651,ENSGMOP00000018921,ENSGMOP00000020356,ENSGMOP00000020924,ENSGMOP00000021060,mab21l2
GO Process	GO:0048522	Positive regulation of cellular process	151	3920	0.14	0.36	0.0061	8049.ENSGMOP00000000041,8049.ENSGMOP00000000161,8049.ENSGMOP00000000192,8049.ENSGMOP00000000295,8049.ENSGMOP00000000394,8049.ENSGMOP00000000741,8049.ENSGMOP00000001262,8049.ENSGMOP00000002137,8049.ENSGMOP00000002428,8049.ENSGMOP00000002747,8049.ENSGMOP00000002791,8049.ENSGMOP00000002866,8049.ENSGMOP00000002912,8049.ENSGMOP00000002985,8049.ENSGMOP00000003196,8049.ENSGMOP00000003381,8049.ENSGMOP00000003697,8049.ENSGMOP00000003813,8049.ENSGMOP00000003815,8049.ENSGMOP00000004042,8049.ENSGMOP00000004055,8049.ENSGMOP00000004060,8049.ENSGMOP00000004080,8049.ENSGMOP00000004622,8049.ENSGMOP00000004711,8049.ENSGMOP00000004779,8049.ENSGMOP00000005051,8049.ENSGMOP00000005084,8049.ENSGMOP00000005303,8049.ENSGMOP00000005945,8049.ENSGMOP00000006025,8049.ENSGMOP00000006144,8049.ENSGMOP00000006173,8049.ENSGMOP00000006196,8049.ENSGMOP00000006407,8049.ENSGMOP00000006445,8049.ENSGMOP00000006487,8049.ENSGMOP00000006502,8049.ENSGMOP00000006608,8049.ENSGMOP00000006699,8049.ENSGMOP00000006709,8049.ENSGMOP00000007059,8049.ENSGMOP00000007501,8049.ENSGMOP00000007573,8049.ENSGMOP00000007783,8049.ENSGMOP00000007826,8049.ENSGMOP00000007903,8049.ENSGMOP00000008302,8049.ENSGMOP00000008350,8049.ENSGMOP00000008382,8049.ENSGMOP00000008403,8049.ENSGMOP00000008547,8049.ENSGMOP00000008653,8049.ENSGMOP00000008712,8049.ENSGMOP00000008756,8049.ENSGMOP00000009009,8049.ENSGMOP00000009025,8049.ENSGMOP00000009037,8049.ENSGMOP00000009051,8049.ENSGMOP00000009364,8049.ENSGMOP00000009512,8049.ENSGMOP00000009927,8049.ENSGMOP00000010218,8049.ENSGMOP00000010232,8049.ENSGMOP00000010300,8049.ENSGMOP00000010431,8049.ENSGMOP00000010432,8049.ENSGMOP00000010519,8049.ENSGMOP00000010949,8049.ENSGMOP00000010993,8049.ENSGMOP00000011071,8049.ENSGMOP00000011336,8049.ENSGMOP00000011350,8049.ENSGMOP00000011571,8049.ENSGMOP00000011712,8049.ENSGMOP00000011775,8049.ENSGMOP00000011787,8049.ENSGMOP00000011795,8049.ENSGMOP00000011929,8049.ENSGMOP00000011931,8049.ENSGMOP00000012148,8049.ENSGMOP00000012162,8049.ENSGMOP00000012175,8049.ENSGMOP00000012193,8049.ENSGMOP00000012195,8049.ENSGMOP00000012426,8049.ENSGMOP00000012848,8049.ENSGMOP00000012990,8049.ENSGMOP00000013073,8049.ENSGMOP00000013199,8049.ENSGMOP00000013237,8049.ENSGMOP00000013310,8049.ENSGMOP00000013403,8049.ENSGMOP00000013414,8049.ENSGMOP00000013478,8049.ENSGMOP00000013716,8049.ENSGMOP00000013884,8049.ENSGMOP00000013986,8049.ENSGMOP00000014586,8049.ENSGMOP00000014980,8049.ENSGMOP00000015257,8049.ENSGMOP00000015409,8049.ENSGMOP00000015513,8049.ENSGMOP00000015517,8049.ENSGMOP00000015595,8049.ENSGMOP00000015608,8049.ENSGMOP00000015921,8049.ENSGMOP00000016289,8049.ENSGMOP00000016370,8049.ENSGMOP00000016451,8049.ENSGMOP00000016514,8049.ENSGMOP00000016537,8049.ENSGMOP00000016550,8049.ENSGMOP00000016592,8049.ENSGMOP00000016798,8049.ENSGMOP00000016837,8049.ENSGMOP00000016976,8049.ENSGMOP00000017031,8049.ENSGMOP00000017060,8049.ENSGMOP00000017190,8049.ENSGMOP00000017230,8049.ENSGMOP00000017345,8049.ENSGMOP00000017484,8049.ENSGMOP00000017523,8049.ENSGMOP00000017686,8049.ENSGMOP00000017702,8049.ENSGMOP00000017946,8049.ENSGMOP00000017970,8049.ENSGMOP00000018142,8049.ENSGMOP00000018456,8049.ENSGMOP00000018508,8049.ENSGMOP00000018651,8049.ENSGMOP00000018687,8049.ENSGMOP00000018777,8049.ENSGMOP00000018866,8049.ENSGMOP00000019065,8049.ENSGMOP00000019131,8049.ENSGMOP00000019664,8049.ENSGMOP00000019792,8049.ENSGMOP00000019925,8049.ENSGMOP00000019958,8049.ENSGMOP00000020136,8049.ENSGMOP00000020175,8049.ENSGMOP00000020184,8049.ENSGMOP00000020316,8049.ENSGMOP00000020324,8049.ENSGMOP00000020356,8049.ENSGMOP00000020501,8049.ENSGMOP00000020575,8049.ENSGMOP00000020924,8049.ENSGMOP00000021165	ENSGMOP00000000041,ENSGMOP00000000161,ENSGMOP00000000192,ENSGMOP00000000295,ENSGMOP00000000394,ENSGMOP00000000741,ENSGMOP00000001262,babam2,ENSGMOP00000002428,ENSGMOP00000002747,ENSGMOP00000002791,ENSGMOP00000002866,ENSGMOP00000002912,ENSGMOP00000002985,ZNF521,ENSGMOP00000003381,ENSGMOP00000003697,ENSGMOP00000003813,ENSGMOP00000003815,ENSGMOP00000004042,ENSGMOP00000004055,ENSGMOP00000004060,ENSGMOP00000004080,ENSGMOP00000004622,ENSGMOP00000004711,ENSGMOP00000004779,ENSGMOP00000005051,ENSGMOP00000005084,ENSGMOP00000005303,ENSGMOP00000005945,ENSGMOP00000006025,ENSGMOP00000006144,ENSGMOP00000006173,ENSGMOP00000006196,ENSGMOP00000006407,ENSGMOP00000006445,cyld,ENSGMOP00000006502,ENSGMOP00000006608,ENSGMOP00000006699,ENSGMOP00000006709,NFATC1,ENSGMOP00000007501,ENSGMOP00000007573,ENSGMOP00000007783,SEMA6A,ENSGMOP00000007903,ENSGMOP00000008302,ENSGMOP00000008350,ENSGMOP00000008382,ENSGMOP00000008403,ENSGMOP00000008547,ENSGMOP00000008653,ENSGMOP00000008712,ENSGMOP00000008756,JMY,ENSGMOP00000009025,ENSGMOP00000009037,ENSGMOP00000009051,ENSGMOP00000009364,ENSGMOP00000009512,ENSGMOP00000009927,ENSGMOP00000010218,ENSGMOP00000010232,ENSGMOP00000010300,ENSGMOP00000010431,ENSGMOP00000010432,ENSGMOP00000010519,ENSGMOP00000010949,ENSGMOP00000010993,ENSGMOP00000011071,ENSGMOP00000011336,ENSGMOP00000011350,ENSGMOP00000011571,ENSGMOP00000011712,ENSGMOP00000011775,ENSGMOP00000011787,ENSGMOP00000011795,CARMIL1,ENSGMOP00000011931,EIF2AK4,ENSGMOP00000012162,ENSGMOP00000012175,ENSGMOP00000012193,ENSGMOP00000012195,ENSGMOP00000012426,ENSGMOP00000012848,ENSGMOP00000012990,ENSGMOP00000013073,ENSGMOP00000013199,ENSGMOP00000013237,ENSGMOP00000013310,ENSGMOP00000013403,ENSGMOP00000013414,ENSGMOP00000013478,ENSGMOP00000013716,ENSGMOP00000013884,ENSGMOP00000013986,FZD7,ENSGMOP00000014980,ENSGMOP00000015257,ENSGMOP00000015409,ENSGMOP00000015513,ENSGMOP00000015517,ENSGMOP00000015595,ENSGMOP00000015608,ENSGMOP00000015921,ENSGMOP00000016289,ENSGMOP00000016370,ENSGMOP00000016451,ENSGMOP00000016514,ENSGMOP00000016537,ENSGMOP00000016550,ENSGMOP00000016592,ENSGMOP00000016798,ENSGMOP00000016837,ENSGMOP00000016976,ENSGMOP00000017031,ENSGMOP00000017060,ENSGMOP00000017190,ENSGMOP00000017230,traf4,ENSGMOP00000017484,ENSGMOP00000017523,ENSGMOP00000017686,EPHA7,ENSGMOP00000017946,ENSGMOP00000017970,ENSGMOP00000018142,NFKBID,ENSGMOP00000018508,ENSGMOP00000018651,ENSGMOP00000018687,ENSGMOP00000018777,ENSGMOP00000018866,ENSGMOP00000019065,ENSGMOP00000019131,ENSGMOP00000019664,ENSGMOP00000019792,ENSGMOP00000019925,ENSGMOP00000019958,ENSGMOP00000020136,ENSGMOP00000020175,ENSGMOP00000020184,ENSGMOP00000020316,ENSGMOP00000020324,ENSGMOP00000020356,ENSGMOP00000020501,ENSGMOP00000020575,ENSGMOP00000020924,ENSGMOP00000021165
GO Process	GO:0048646	Anatomical structure formation involved in morphogenesis	39	652	0.33	0.42	0.0061	8049.ENSGMOP00000000161,8049.ENSGMOP00000000295,8049.ENSGMOP00000000320,8049.ENSGMOP00000001090,8049.ENSGMOP00000003929,8049.ENSGMOP00000004042,8049.ENSGMOP00000004060,8049.ENSGMOP00000005232,8049.ENSGMOP00000005360,8049.ENSGMOP00000006071,8049.ENSGMOP00000006144,8049.ENSGMOP00000006481,8049.ENSGMOP00000006502,8049.ENSGMOP00000006594,8049.ENSGMOP00000006782,8049.ENSGMOP00000007617,8049.ENSGMOP00000009927,8049.ENSGMOP00000009994,8049.ENSGMOP00000010949,8049.ENSGMOP00000011071,8049.ENSGMOP00000011999,8049.ENSGMOP00000012028,8049.ENSGMOP00000012157,8049.ENSGMOP00000012175,8049.ENSGMOP00000012470,8049.ENSGMOP00000013414,8049.ENSGMOP00000013421,8049.ENSGMOP00000013488,8049.ENSGMOP00000014411,8049.ENSGMOP00000016347,8049.ENSGMOP00000016537,8049.ENSGMOP00000017401,8049.ENSGMOP00000017587,8049.ENSGMOP00000018242,8049.ENSGMOP00000018921,8049.ENSGMOP00000019698,8049.ENSGMOP00000020209,8049.ENSGMOP00000020356,8049.ENSGMOP00000021268	ENSGMOP00000000161,ENSGMOP00000000295,ENSGMOP00000000320,ENSGMOP00000001090,ENSGMOP00000003929,ENSGMOP00000004042,ENSGMOP00000004060,ENSGMOP00000005232,ENSGMOP00000005360,ENSGMOP00000006071,ENSGMOP00000006144,ENSGMOP00000006481,ENSGMOP00000006502,ENSGMOP00000006594,ENSGMOP00000006782,ENSGMOP00000007617,ENSGMOP00000009927,ENSGMOP00000009994,ENSGMOP00000010949,ENSGMOP00000011071,ENSGMOP00000011999,ENSGMOP00000012028,ENSGMOP00000012157,ENSGMOP00000012175,ENSGMOP00000012470,ENSGMOP00000013414,ENSGMOP00000013421,ENSGMOP00000013488,ENSGMOP00000014411,ENSGMOP00000016347,ENSGMOP00000016537,ENSGMOP00000017401,ENSGMOP00000017587,ENSGMOP00000018242,ENSGMOP00000018921,ENSGMOP00000019698,ENSGMOP00000020209,ENSGMOP00000020356,mab21l2
GO Process	GO:0065007	Biological regulation	364	11286	0.06	0.34	0.0061	8049.ENSGMOP00000000041,8049.ENSGMOP00000000161,8049.ENSGMOP00000000191,8049.ENSGMOP00000000192,8049.ENSGMOP00000000294,8049.ENSGMOP00000000295,8049.ENSGMOP00000000391,8049.ENSGMOP00000000394,8049.ENSGMOP00000000409,8049.ENSGMOP00000000641,8049.ENSGMOP00000000692,8049.ENSGMOP00000000734,8049.ENSGMOP00000000741,8049.ENSGMOP00000001058,8049.ENSGMOP00000001078,8049.ENSGMOP00000001090,8049.ENSGMOP00000001262,8049.ENSGMOP00000001366,8049.ENSGMOP00000001578,8049.ENSGMOP00000001807,8049.ENSGMOP00000001971,8049.ENSGMOP00000002031,8049.ENSGMOP00000002137,8049.ENSGMOP00000002159,8049.ENSGMOP00000002229,8049.ENSGMOP00000002293,8049.ENSGMOP00000002422,8049.ENSGMOP00000002428,8049.ENSGMOP00000002531,8049.ENSGMOP00000002561,8049.ENSGMOP00000002747,8049.ENSGMOP00000002791,8049.ENSGMOP00000002866,8049.ENSGMOP00000002898,8049.ENSGMOP00000002910,8049.ENSGMOP00000002912,8049.ENSGMOP00000002960,8049.ENSGMOP00000002985,8049.ENSGMOP00000003026,8049.ENSGMOP00000003196,8049.ENSGMOP00000003381,8049.ENSGMOP00000003483,8049.ENSGMOP00000003514,8049.ENSGMOP00000003547,8049.ENSGMOP00000003590,8049.ENSGMOP00000003679,8049.ENSGMOP00000003697,8049.ENSGMOP00000003762,8049.ENSGMOP00000003809,8049.ENSGMOP00000003813,8049.ENSGMOP00000003815,8049.ENSGMOP00000003818,8049.ENSGMOP00000003911,8049.ENSGMOP00000003952,8049.ENSGMOP00000004042,8049.ENSGMOP00000004055,8049.ENSGMOP00000004060,8049.ENSGMOP00000004080,8049.ENSGMOP00000004622,8049.ENSGMOP00000004711,8049.ENSGMOP00000004735,8049.ENSGMOP00000004762,8049.ENSGMOP00000004779,8049.ENSGMOP00000004951,8049.ENSGMOP00000005024,8049.ENSGMOP00000005051,8049.ENSGMOP00000005084,8049.ENSGMOP00000005232,8049.ENSGMOP00000005256,8049.ENSGMOP00000005303,8049.ENSGMOP00000005306,8049.ENSGMOP00000005486,8049.ENSGMOP00000005627,8049.ENSGMOP00000005714,8049.ENSGMOP00000005762,8049.ENSGMOP00000005835,8049.ENSGMOP00000005945,8049.ENSGMOP00000005950,8049.ENSGMOP00000006025,8049.ENSGMOP00000006035,8049.ENSGMOP00000006059,8049.ENSGMOP00000006065,8049.ENSGMOP00000006144,8049.ENSGMOP00000006173,8049.ENSGMOP00000006196,8049.ENSGMOP00000006360,8049.ENSGMOP00000006407,8049.ENSGMOP00000006445,8049.ENSGMOP00000006481,8049.ENSGMOP00000006487,8049.ENSGMOP00000006502,8049.ENSGMOP00000006539,8049.ENSGMOP00000006558,8049.ENSGMOP00000006563,8049.ENSGMOP00000006578,8049.ENSGMOP00000006608,8049.ENSGMOP00000006699,8049.ENSGMOP00000006709,8049.ENSGMOP00000006863,8049.ENSGMOP00000006898,8049.ENSGMOP00000006901,8049.ENSGMOP00000007000,8049.ENSGMOP00000007001,8049.ENSGMOP00000007059,8049.ENSGMOP00000007129,8049.ENSGMOP00000007133,8049.ENSGMOP00000007135,8049.ENSGMOP00000007415,8049.ENSGMOP00000007440,8049.ENSGMOP00000007501,8049.ENSGMOP00000007568,8049.ENSGMOP00000007573,8049.ENSGMOP00000007617,8049.ENSGMOP00000007783,8049.ENSGMOP00000007826,8049.ENSGMOP00000007861,8049.ENSGMOP00000007870,8049.ENSGMOP00000007903,8049.ENSGMOP00000007919,8049.ENSGMOP00000008302,8049.ENSGMOP00000008306,8049.ENSGMOP00000008308,8049.ENSGMOP00000008350,8049.ENSGMOP00000008382,8049.ENSGMOP00000008403,8049.ENSGMOP00000008467,8049.ENSGMOP00000008547,8049.ENSGMOP00000008653,8049.ENSGMOP00000008706,8049.ENSGMOP00000008712,8049.ENSGMOP00000008756,8049.ENSGMOP00000008869,8049.ENSGMOP00000008916,8049.ENSGMOP00000008938,8049.ENSGMOP00000009009,8049.ENSGMOP00000009025,8049.ENSGMOP00000009037,8049.ENSGMOP00000009051,8049.ENSGMOP00000009057,8049.ENSGMOP00000009058,8049.ENSGMOP00000009093,8049.ENSGMOP00000009364,8049.ENSGMOP00000009437,8049.ENSGMOP00000009512,8049.ENSGMOP00000009591,8049.ENSGMOP00000009634,8049.ENSGMOP00000009658,8049.ENSGMOP00000009693,8049.ENSGMOP00000009709,8049.ENSGMOP00000009774,8049.ENSGMOP00000009927,8049.ENSGMOP00000009994,8049.ENSGMOP00000010021,8049.ENSGMOP00000010029,8049.ENSGMOP00000010033,8049.ENSGMOP00000010218,8049.ENSGMOP00000010232,8049.ENSGMOP00000010300,8049.ENSGMOP00000010397,8049.ENSGMOP00000010407,8049.ENSGMOP00000010431,8049.ENSGMOP00000010432,8049.ENSGMOP00000010437,8049.ENSGMOP00000010518,8049.ENSGMOP00000010519,8049.ENSGMOP00000010611,8049.ENSGMOP00000010644,8049.ENSGMOP00000010925,8049.ENSGMOP00000010933,8049.ENSGMOP00000010949,8049.ENSGMOP00000010993,8049.ENSGMOP00000011071,8049.ENSGMOP00000011286,8049.ENSGMOP00000011336,8049.ENSGMOP00000011350,8049.ENSGMOP00000011363,8049.ENSGMOP00000011365,8049.ENSGMOP00000011399,8049.ENSGMOP00000011495,8049.ENSGMOP00000011506,8049.ENSGMOP00000011571,8049.ENSGMOP00000011626,8049.ENSGMOP00000011656,8049.ENSGMOP00000011712,8049.ENSGMOP00000011775,8049.ENSGMOP00000011787,8049.ENSGMOP00000011795,8049.ENSGMOP00000011875,8049.ENSGMOP00000011929,8049.ENSGMOP00000011931,8049.ENSGMOP00000011999,8049.ENSGMOP00000012049,8049.ENSGMOP00000012148,8049.ENSGMOP00000012157,8049.ENSGMOP00000012162,8049.ENSGMOP00000012175,8049.ENSGMOP00000012193,8049.ENSGMOP00000012195,8049.ENSGMOP00000012426,8049.ENSGMOP00000012487,8049.ENSGMOP00000012747,8049.ENSGMOP00000012838,8049.ENSGMOP00000012848,8049.ENSGMOP00000012990,8049.ENSGMOP00000013073,8049.ENSGMOP00000013123,8049.ENSGMOP00000013133,8049.ENSGMOP00000013161,8049.ENSGMOP00000013179,8049.ENSGMOP00000013199,8049.ENSGMOP00000013237,8049.ENSGMOP00000013289,8049.ENSGMOP00000013310,8049.ENSGMOP00000013341,8049.ENSGMOP00000013403,8049.ENSGMOP00000013414,8049.ENSGMOP00000013421,8049.ENSGMOP00000013478,8049.ENSGMOP00000013488,8049.ENSGMOP00000013503,8049.ENSGMOP00000013716,8049.ENSGMOP00000013726,8049.ENSGMOP00000013735,8049.ENSGMOP00000013771,8049.ENSGMOP00000013884,8049.ENSGMOP00000013898,8049.ENSGMOP00000013905,8049.ENSGMOP00000013986,8049.ENSGMOP00000013988,8049.ENSGMOP00000014246,8049.ENSGMOP00000014278,8049.ENSGMOP00000014586,8049.ENSGMOP00000014701,8049.ENSGMOP00000014732,8049.ENSGMOP00000014750,8049.ENSGMOP00000014786,8049.ENSGMOP00000014787,8049.ENSGMOP00000014864,8049.ENSGMOP00000014980,8049.ENSGMOP00000015029,8049.ENSGMOP00000015085,8049.ENSGMOP00000015111,8049.ENSGMOP00000015213,8049.ENSGMOP00000015257,8049.ENSGMOP00000015260,8049.ENSGMOP00000015399,8049.ENSGMOP00000015409,8049.ENSGMOP00000015513,8049.ENSGMOP00000015517,8049.ENSGMOP00000015595,8049.ENSGMOP00000015596,8049.ENSGMOP00000015608,8049.ENSGMOP00000015763,8049.ENSGMOP00000015783,8049.ENSGMOP00000015883,8049.ENSGMOP00000015921,8049.ENSGMOP00000015954,8049.ENSGMOP00000016163,8049.ENSGMOP00000016289,8049.ENSGMOP00000016370,8049.ENSGMOP00000016451,8049.ENSGMOP00000016480,8049.ENSGMOP00000016514,8049.ENSGMOP00000016537,8049.ENSGMOP00000016550,8049.ENSGMOP00000016563,8049.ENSGMOP00000016592,8049.ENSGMOP00000016636,8049.ENSGMOP00000016729,8049.ENSGMOP00000016798,8049.ENSGMOP00000016804,8049.ENSGMOP00000016837,8049.ENSGMOP00000016963,8049.ENSGMOP00000016976,8049.ENSGMOP00000017025,8049.ENSGMOP00000017031,8049.ENSGMOP00000017060,8049.ENSGMOP00000017088,8049.ENSGMOP00000017190,8049.ENSGMOP00000017194,8049.ENSGMOP00000017230,8049.ENSGMOP00000017345,8049.ENSGMOP00000017401,8049.ENSGMOP00000017472,8049.ENSGMOP00000017484,8049.ENSGMOP00000017523,8049.ENSGMOP00000017598,8049.ENSGMOP00000017646,8049.ENSGMOP00000017686,8049.ENSGMOP00000017702,8049.ENSGMOP00000017723,8049.ENSGMOP00000017831,8049.ENSGMOP00000017944,8049.ENSGMOP00000017946,8049.ENSGMOP00000017970,8049.ENSGMOP00000017987,8049.ENSGMOP00000017996,8049.ENSGMOP00000018010,8049.ENSGMOP00000018054,8049.ENSGMOP00000018142,8049.ENSGMOP00000018313,8049.ENSGMOP00000018368,8049.ENSGMOP00000018378,8049.ENSGMOP00000018410,8049.ENSGMOP00000018456,8049.ENSGMOP00000018501,8049.ENSGMOP00000018508,8049.ENSGMOP00000018589,8049.ENSGMOP00000018619,8049.ENSGMOP00000018626,8049.ENSGMOP00000018651,8049.ENSGMOP00000018652,8049.ENSGMOP00000018669,8049.ENSGMOP00000018687,8049.ENSGMOP00000018777,8049.ENSGMOP00000018866,8049.ENSGMOP00000018876,8049.ENSGMOP00000018897,8049.ENSGMOP00000018935,8049.ENSGMOP00000018982,8049.ENSGMOP00000019065,8049.ENSGMOP00000019131,8049.ENSGMOP00000019151,8049.ENSGMOP00000019422,8049.ENSGMOP00000019427,8049.ENSGMOP00000019437,8049.ENSGMOP00000019559,8049.ENSGMOP00000019575,8049.ENSGMOP00000019664,8049.ENSGMOP00000019698,8049.ENSGMOP00000019792,8049.ENSGMOP00000019806,8049.ENSGMOP00000019825,8049.ENSGMOP00000019879,8049.ENSGMOP00000019925,8049.ENSGMOP00000019958,8049.ENSGMOP00000020014,8049.ENSGMOP00000020017,8049.ENSGMOP00000020083,8049.ENSGMOP00000020136,8049.ENSGMOP00000020153,8049.ENSGMOP00000020175,8049.ENSGMOP00000020184,8049.ENSGMOP00000020209,8049.ENSGMOP00000020220,8049.ENSGMOP00000020283,8049.ENSGMOP00000020316,8049.ENSGMOP00000020324,8049.ENSGMOP00000020356,8049.ENSGMOP00000020378,8049.ENSGMOP00000020501,8049.ENSGMOP00000020575,8049.ENSGMOP00000020764,8049.ENSGMOP00000020834,8049.ENSGMOP00000020924,8049.ENSGMOP00000020956,8049.ENSGMOP00000020964,8049.ENSGMOP00000021047,8049.ENSGMOP00000021060,8049.ENSGMOP00000021165,8049.ENSGMOP00000021169,8049.ENSGMOP00000021515,8049.ENSGMOP00000021947,8049.ENSGMOP00000022095	ENSGMOP00000000041,ENSGMOP00000000161,ENSGMOP00000000191,ENSGMOP00000000192,ENSGMOP00000000294,ENSGMOP00000000295,ENSGMOP00000000391,ENSGMOP00000000394,ENSGMOP00000000409,ENSGMOP00000000641,ENSGMOP00000000692,MACF1,ENSGMOP00000000741,MSI1,LTBP3,ENSGMOP00000001090,ENSGMOP00000001262,ENSGMOP00000001366,ENSGMOP00000001578,ENSGMOP00000001807,ENSGMOP00000001971,ENSGMOP00000002031,babam2,ENSGMOP00000002159,ENSGMOP00000002229,ENSGMOP00000002293,ENSGMOP00000002422,ENSGMOP00000002428,ENSGMOP00000002531,HECTD4,ENSGMOP00000002747,ENSGMOP00000002791,ENSGMOP00000002866,ENSGMOP00000002898,ENSGMOP00000002910,ENSGMOP00000002912,ENSGMOP00000002960,ENSGMOP00000002985,SLC4A11,ZNF521,ENSGMOP00000003381,LAMA3,ENSGMOP00000003514,ENSGMOP00000003547,ENSGMOP00000003590,ENSGMOP00000003679,ENSGMOP00000003697,ENSGMOP00000003762,ENSGMOP00000003809,ENSGMOP00000003813,ENSGMOP00000003815,LOC115556833,ENSGMOP00000003911,ENSGMOP00000003952,ENSGMOP00000004042,ENSGMOP00000004055,ENSGMOP00000004060,ENSGMOP00000004080,ENSGMOP00000004622,ENSGMOP00000004711,ENSGMOP00000004735,ENSGMOP00000004762,ENSGMOP00000004779,ENSGMOP00000004951,ENSGMOP00000005024,ENSGMOP00000005051,ENSGMOP00000005084,ENSGMOP00000005232,ENSGMOP00000005256,ENSGMOP00000005303,ENSGMOP00000005306,ENSGMOP00000005486,ENSGMOP00000005627,DST,ENSGMOP00000005762,ENSGMOP00000005835,ENSGMOP00000005945,ENSGMOP00000005950,ENSGMOP00000006025,ENSGMOP00000006035,ENSGMOP00000006059,ENSGMOP00000006065,ENSGMOP00000006144,ENSGMOP00000006173,ENSGMOP00000006196,ENSGMOP00000006360,ENSGMOP00000006407,ENSGMOP00000006445,ENSGMOP00000006481,cyld,ENSGMOP00000006502,ENSGMOP00000006539,ENSGMOP00000006558,ENSGMOP00000006563,ENSGMOP00000006578,ENSGMOP00000006608,ENSGMOP00000006699,ENSGMOP00000006709,ENSGMOP00000006863,ENSGMOP00000006898,ENSGMOP00000006901,ENSGMOP00000007000,ENSGMOP00000007001,NFATC1,ENSGMOP00000007129,ENSGMOP00000007133,ENSGMOP00000007135,ENSGMOP00000007415,ENSGMOP00000007440,ENSGMOP00000007501,ENSGMOP00000007568,ENSGMOP00000007573,ENSGMOP00000007617,ENSGMOP00000007783,SEMA6A,ENSGMOP00000007861,DMXL1,ENSGMOP00000007903,ENSGMOP00000007919,ENSGMOP00000008302,DOCK9,ENSGMOP00000008308,ENSGMOP00000008350,ENSGMOP00000008382,ENSGMOP00000008403,ENSGMOP00000008467,ENSGMOP00000008547,ENSGMOP00000008653,ENSGMOP00000008706,ENSGMOP00000008712,ENSGMOP00000008756,ENSGMOP00000008869,ENSGMOP00000008916,ENSGMOP00000008938,JMY,ENSGMOP00000009025,ENSGMOP00000009037,ENSGMOP00000009051,ENSGMOP00000009057,ENSGMOP00000009058,ENSGMOP00000009093,ENSGMOP00000009364,ENSGMOP00000009437,ENSGMOP00000009512,ENSGMOP00000009591,ENSGMOP00000009634,ENSGMOP00000009658,ENSGMOP00000009693,ENSGMOP00000009709,ENSGMOP00000009774,ENSGMOP00000009927,ENSGMOP00000009994,ENSGMOP00000010021,ENSGMOP00000010029,ENSGMOP00000010033,ENSGMOP00000010218,ENSGMOP00000010232,ENSGMOP00000010300,ENSGMOP00000010397,ENSGMOP00000010407,ENSGMOP00000010431,ENSGMOP00000010432,ENSGMOP00000010437,ENSGMOP00000010518,ENSGMOP00000010519,ENSGMOP00000010611,ENSGMOP00000010644,ENSGMOP00000010925,ENSGMOP00000010933,ENSGMOP00000010949,ENSGMOP00000010993,ENSGMOP00000011071,ENSGMOP00000011286,ENSGMOP00000011336,ENSGMOP00000011350,ENSGMOP00000011363,LLGL1,ENSGMOP00000011399,ENSGMOP00000011495,ENSGMOP00000011506,ENSGMOP00000011571,ARHGEF17,ENSGMOP00000011656,ENSGMOP00000011712,ENSGMOP00000011775,ENSGMOP00000011787,ENSGMOP00000011795,ENSGMOP00000011875,CARMIL1,ENSGMOP00000011931,ENSGMOP00000011999,ENSGMOP00000012049,EIF2AK4,ENSGMOP00000012157,ENSGMOP00000012162,ENSGMOP00000012175,ENSGMOP00000012193,ENSGMOP00000012195,ENSGMOP00000012426,ENSGMOP00000012487,ENSGMOP00000012747,ENSGMOP00000012838,ENSGMOP00000012848,ENSGMOP00000012990,ENSGMOP00000013073,ENSGMOP00000013123,ENSGMOP00000013133,ENSGMOP00000013161,ENSGMOP00000013179,ENSGMOP00000013199,ENSGMOP00000013237,ENSGMOP00000013289,ENSGMOP00000013310,ENSGMOP00000013341,ENSGMOP00000013403,ENSGMOP00000013414,ENSGMOP00000013421,ENSGMOP00000013478,ENSGMOP00000013488,ENSGMOP00000013503,ENSGMOP00000013716,ENSGMOP00000013726,ENSGMOP00000013735,ENSGMOP00000013771,ENSGMOP00000013884,ENSGMOP00000013898,ENSGMOP00000013905,ENSGMOP00000013986,ENSGMOP00000013988,ENSGMOP00000014246,ENSGMOP00000014278,FZD7,ENSGMOP00000014701,ENSGMOP00000014732,TC2N,ENSGMOP00000014786,ENSGMOP00000014787,ARHGEF26,ENSGMOP00000014980,ENSGMOP00000015029,ENSGMOP00000015085,ENSGMOP00000015111,ENSGMOP00000015213,ENSGMOP00000015257,ENSGMOP00000015260,ENSGMOP00000015399,ENSGMOP00000015409,ENSGMOP00000015513,ENSGMOP00000015517,ENSGMOP00000015595,ENSGMOP00000015596,ENSGMOP00000015608,ENSGMOP00000015763,ENSGMOP00000015783,ENSGMOP00000015883,ENSGMOP00000015921,ENSGMOP00000015954,LOC115530884,ENSGMOP00000016289,ENSGMOP00000016370,ENSGMOP00000016451,ENSGMOP00000016480,ENSGMOP00000016514,ENSGMOP00000016537,ENSGMOP00000016550,ENSGMOP00000016563,ENSGMOP00000016592,TANC2,ENSGMOP00000016729,ENSGMOP00000016798,ENSGMOP00000016804,ENSGMOP00000016837,ATP13A3,ENSGMOP00000016976,ENSGMOP00000017025,ENSGMOP00000017031,ENSGMOP00000017060,ENSGMOP00000017088,ENSGMOP00000017190,nr2e1,ENSGMOP00000017230,traf4,ENSGMOP00000017401,ENSGMOP00000017472,ENSGMOP00000017484,ENSGMOP00000017523,ENSGMOP00000017598,ENSGMOP00000017646,ENSGMOP00000017686,EPHA7,TCERG1,ENSGMOP00000017831,ENSGMOP00000017944,ENSGMOP00000017946,ENSGMOP00000017970,ENSGMOP00000017987,PLEKHG4B,ENSGMOP00000018010,NPC1L1,ENSGMOP00000018142,IQSEC1,LOC115548846,ENSGMOP00000018378,ENSGMOP00000018410,NFKBID,ENSGMOP00000018501,ENSGMOP00000018508,ENSGMOP00000018589,ARAP1,ENSGMOP00000018626,ENSGMOP00000018651,ENSGMOP00000018652,ENSGMOP00000018669,ENSGMOP00000018687,ENSGMOP00000018777,ENSGMOP00000018866,ENSGMOP00000018876,ENSGMOP00000018897,ENSGMOP00000018935,ENSGMOP00000018982,ENSGMOP00000019065,ENSGMOP00000019131,ENSGMOP00000019151,ENSGMOP00000019422,ENSGMOP00000019427,ENSGMOP00000019437,ENSGMOP00000019559,dock7,ENSGMOP00000019664,ENSGMOP00000019698,ENSGMOP00000019792,ENSGMOP00000019806,ENSGMOP00000019825,ENSGMOP00000019879,ENSGMOP00000019925,ENSGMOP00000019958,ENSGMOP00000020014,ENSGMOP00000020017,ENSGMOP00000020083,ENSGMOP00000020136,ENSGMOP00000020153,ENSGMOP00000020175,ENSGMOP00000020184,ENSGMOP00000020209,SCAF8,ENSGMOP00000020283,ENSGMOP00000020316,ENSGMOP00000020324,ENSGMOP00000020356,ENSGMOP00000020378,ENSGMOP00000020501,ENSGMOP00000020575,ENSGMOP00000020764,PCLO,ENSGMOP00000020924,ENSGMOP00000020956,ENSGMOP00000020964,ENSGMOP00000021047,ENSGMOP00000021060,ENSGMOP00000021165,ENSGMOP00000021169,ENSGMOP00000021515,ENSGMOP00000021947,ENSGMOP00000022095
GO Process	GO:0002009	Morphogenesis of an epithelium	25	332	0.43	0.45	0.0063	8049.ENSGMOP00000000295,8049.ENSGMOP00000001688,8049.ENSGMOP00000001971,8049.ENSGMOP00000002428,8049.ENSGMOP00000003547,8049.ENSGMOP00000004060,8049.ENSGMOP00000004076,8049.ENSGMOP00000005360,8049.ENSGMOP00000006481,8049.ENSGMOP00000007617,8049.ENSGMOP00000009025,8049.ENSGMOP00000009057,8049.ENSGMOP00000010993,8049.ENSGMOP00000011071,8049.ENSGMOP00000011286,8049.ENSGMOP00000012175,8049.ENSGMOP00000012470,8049.ENSGMOP00000013595,8049.ENSGMOP00000016289,8049.ENSGMOP00000018651,8049.ENSGMOP00000018921,8049.ENSGMOP00000020356,8049.ENSGMOP00000020924,8049.ENSGMOP00000021060,8049.ENSGMOP00000021268	ENSGMOP00000000295,ENSGMOP00000001688,ENSGMOP00000001971,ENSGMOP00000002428,ENSGMOP00000003547,ENSGMOP00000004060,ENSGMOP00000004076,ENSGMOP00000005360,ENSGMOP00000006481,ENSGMOP00000007617,ENSGMOP00000009025,ENSGMOP00000009057,ENSGMOP00000010993,ENSGMOP00000011071,ENSGMOP00000011286,ENSGMOP00000012175,ENSGMOP00000012470,MYO1D,ENSGMOP00000016289,ENSGMOP00000018651,ENSGMOP00000018921,ENSGMOP00000020356,ENSGMOP00000020924,ENSGMOP00000021060,mab21l2
GO Process	GO:0010604	Positive regulation of macromolecule metabolic process	101	2388	0.18	0.37	0.0069	8049.ENSGMOP00000000041,8049.ENSGMOP00000000295,8049.ENSGMOP00000000394,8049.ENSGMOP00000000741,8049.ENSGMOP00000001262,8049.ENSGMOP00000002137,8049.ENSGMOP00000002428,8049.ENSGMOP00000002866,8049.ENSGMOP00000002912,8049.ENSGMOP00000003196,8049.ENSGMOP00000003547,8049.ENSGMOP00000003762,8049.ENSGMOP00000003815,8049.ENSGMOP00000004055,8049.ENSGMOP00000004060,8049.ENSGMOP00000004080,8049.ENSGMOP00000004622,8049.ENSGMOP00000004779,8049.ENSGMOP00000005051,8049.ENSGMOP00000005084,8049.ENSGMOP00000005303,8049.ENSGMOP00000005945,8049.ENSGMOP00000006025,8049.ENSGMOP00000006173,8049.ENSGMOP00000006196,8049.ENSGMOP00000006445,8049.ENSGMOP00000006608,8049.ENSGMOP00000006709,8049.ENSGMOP00000007059,8049.ENSGMOP00000007440,8049.ENSGMOP00000007617,8049.ENSGMOP00000008350,8049.ENSGMOP00000008382,8049.ENSGMOP00000008547,8049.ENSGMOP00000008653,8049.ENSGMOP00000008712,8049.ENSGMOP00000008916,8049.ENSGMOP00000009009,8049.ENSGMOP00000009025,8049.ENSGMOP00000009037,8049.ENSGMOP00000009051,8049.ENSGMOP00000009364,8049.ENSGMOP00000009512,8049.ENSGMOP00000009927,8049.ENSGMOP00000010218,8049.ENSGMOP00000010300,8049.ENSGMOP00000010431,8049.ENSGMOP00000010949,8049.ENSGMOP00000010993,8049.ENSGMOP00000011350,8049.ENSGMOP00000011571,8049.ENSGMOP00000011775,8049.ENSGMOP00000012148,8049.ENSGMOP00000012162,8049.ENSGMOP00000012175,8049.ENSGMOP00000012193,8049.ENSGMOP00000012195,8049.ENSGMOP00000012848,8049.ENSGMOP00000013073,8049.ENSGMOP00000013199,8049.ENSGMOP00000013237,8049.ENSGMOP00000013310,8049.ENSGMOP00000013478,8049.ENSGMOP00000013716,8049.ENSGMOP00000013986,8049.ENSGMOP00000014586,8049.ENSGMOP00000014980,8049.ENSGMOP00000015257,8049.ENSGMOP00000015513,8049.ENSGMOP00000015608,8049.ENSGMOP00000015921,8049.ENSGMOP00000016289,8049.ENSGMOP00000016370,8049.ENSGMOP00000016514,8049.ENSGMOP00000016537,8049.ENSGMOP00000016550,8049.ENSGMOP00000016592,8049.ENSGMOP00000016976,8049.ENSGMOP00000017031,8049.ENSGMOP00000017190,8049.ENSGMOP00000017230,8049.ENSGMOP00000017345,8049.ENSGMOP00000017484,8049.ENSGMOP00000017598,8049.ENSGMOP00000017946,8049.ENSGMOP00000017970,8049.ENSGMOP00000018142,8049.ENSGMOP00000018651,8049.ENSGMOP00000018777,8049.ENSGMOP00000018866,8049.ENSGMOP00000018982,8049.ENSGMOP00000019131,8049.ENSGMOP00000019925,8049.ENSGMOP00000020136,8049.ENSGMOP00000020175,8049.ENSGMOP00000020209,8049.ENSGMOP00000020316,8049.ENSGMOP00000020356,8049.ENSGMOP00000020501,8049.ENSGMOP00000020575,8049.ENSGMOP00000020924	ENSGMOP00000000041,ENSGMOP00000000295,ENSGMOP00000000394,ENSGMOP00000000741,ENSGMOP00000001262,babam2,ENSGMOP00000002428,ENSGMOP00000002866,ENSGMOP00000002912,ZNF521,ENSGMOP00000003547,ENSGMOP00000003762,ENSGMOP00000003815,ENSGMOP00000004055,ENSGMOP00000004060,ENSGMOP00000004080,ENSGMOP00000004622,ENSGMOP00000004779,ENSGMOP00000005051,ENSGMOP00000005084,ENSGMOP00000005303,ENSGMOP00000005945,ENSGMOP00000006025,ENSGMOP00000006173,ENSGMOP00000006196,ENSGMOP00000006445,ENSGMOP00000006608,ENSGMOP00000006709,NFATC1,ENSGMOP00000007440,ENSGMOP00000007617,ENSGMOP00000008350,ENSGMOP00000008382,ENSGMOP00000008547,ENSGMOP00000008653,ENSGMOP00000008712,ENSGMOP00000008916,JMY,ENSGMOP00000009025,ENSGMOP00000009037,ENSGMOP00000009051,ENSGMOP00000009364,ENSGMOP00000009512,ENSGMOP00000009927,ENSGMOP00000010218,ENSGMOP00000010300,ENSGMOP00000010431,ENSGMOP00000010949,ENSGMOP00000010993,ENSGMOP00000011350,ENSGMOP00000011571,ENSGMOP00000011775,EIF2AK4,ENSGMOP00000012162,ENSGMOP00000012175,ENSGMOP00000012193,ENSGMOP00000012195,ENSGMOP00000012848,ENSGMOP00000013073,ENSGMOP00000013199,ENSGMOP00000013237,ENSGMOP00000013310,ENSGMOP00000013478,ENSGMOP00000013716,ENSGMOP00000013986,FZD7,ENSGMOP00000014980,ENSGMOP00000015257,ENSGMOP00000015513,ENSGMOP00000015608,ENSGMOP00000015921,ENSGMOP00000016289,ENSGMOP00000016370,ENSGMOP00000016514,ENSGMOP00000016537,ENSGMOP00000016550,ENSGMOP00000016592,ENSGMOP00000016976,ENSGMOP00000017031,ENSGMOP00000017190,ENSGMOP00000017230,traf4,ENSGMOP00000017484,ENSGMOP00000017598,ENSGMOP00000017946,ENSGMOP00000017970,ENSGMOP00000018142,ENSGMOP00000018651,ENSGMOP00000018777,ENSGMOP00000018866,ENSGMOP00000018982,ENSGMOP00000019131,ENSGMOP00000019925,ENSGMOP00000020136,ENSGMOP00000020175,ENSGMOP00000020209,ENSGMOP00000020316,ENSGMOP00000020356,ENSGMOP00000020501,ENSGMOP00000020575,ENSGMOP00000020924
GO Process	GO:0051345	Positive regulation of hydrolase activity	25	337	0.43	0.44	0.0069	8049.ENSGMOP00000000394,8049.ENSGMOP00000003547,8049.ENSGMOP00000004951,8049.ENSGMOP00000006539,8049.ENSGMOP00000008306,8049.ENSGMOP00000008350,8049.ENSGMOP00000009057,8049.ENSGMOP00000009658,8049.ENSGMOP00000011506,8049.ENSGMOP00000011775,8049.ENSGMOP00000012049,8049.ENSGMOP00000013289,8049.ENSGMOP00000013735,8049.ENSGMOP00000014701,8049.ENSGMOP00000014864,8049.ENSGMOP00000015085,8049.ENSGMOP00000016837,8049.ENSGMOP00000017970,8049.ENSGMOP00000018010,8049.ENSGMOP00000018619,8049.ENSGMOP00000019575,8049.ENSGMOP00000019879,8049.ENSGMOP00000020136,8049.ENSGMOP00000020184,8049.ENSGMOP00000021060	ENSGMOP00000000394,ENSGMOP00000003547,ENSGMOP00000004951,ENSGMOP00000006539,DOCK9,ENSGMOP00000008350,ENSGMOP00000009057,ENSGMOP00000009658,ENSGMOP00000011506,ENSGMOP00000011775,ENSGMOP00000012049,ENSGMOP00000013289,ENSGMOP00000013735,ENSGMOP00000014701,ARHGEF26,ENSGMOP00000015085,ENSGMOP00000016837,ENSGMOP00000017970,ENSGMOP00000018010,ARAP1,dock7,ENSGMOP00000019879,ENSGMOP00000020136,ENSGMOP00000020184,ENSGMOP00000021060
GO Process	GO:0065009	Regulation of molecular function	93	2155	0.19	0.37	0.0069	8049.ENSGMOP00000000161,8049.ENSGMOP00000000191,8049.ENSGMOP00000000192,8049.ENSGMOP00000000294,8049.ENSGMOP00000000295,8049.ENSGMOP00000000394,8049.ENSGMOP00000000409,8049.ENSGMOP00000001807,8049.ENSGMOP00000001971,8049.ENSGMOP00000002031,8049.ENSGMOP00000002229,8049.ENSGMOP00000002422,8049.ENSGMOP00000002747,8049.ENSGMOP00000002866,8049.ENSGMOP00000003381,8049.ENSGMOP00000003547,8049.ENSGMOP00000003697,8049.ENSGMOP00000003809,8049.ENSGMOP00000003911,8049.ENSGMOP00000004042,8049.ENSGMOP00000004779,8049.ENSGMOP00000004951,8049.ENSGMOP00000005256,8049.ENSGMOP00000005303,8049.ENSGMOP00000006487,8049.ENSGMOP00000006539,8049.ENSGMOP00000006699,8049.ENSGMOP00000007133,8049.ENSGMOP00000008306,8049.ENSGMOP00000008308,8049.ENSGMOP00000008350,8049.ENSGMOP00000008382,8049.ENSGMOP00000008403,8049.ENSGMOP00000008467,8049.ENSGMOP00000008938,8049.ENSGMOP00000009009,8049.ENSGMOP00000009057,8049.ENSGMOP00000009364,8049.ENSGMOP00000009658,8049.ENSGMOP00000010021,8049.ENSGMOP00000010033,8049.ENSGMOP00000010431,8049.ENSGMOP00000010611,8049.ENSGMOP00000011365,8049.ENSGMOP00000011506,8049.ENSGMOP00000011626,8049.ENSGMOP00000011775,8049.ENSGMOP00000011795,8049.ENSGMOP00000012049,8049.ENSGMOP00000012148,8049.ENSGMOP00000012157,8049.ENSGMOP00000012747,8049.ENSGMOP00000012990,8049.ENSGMOP00000013237,8049.ENSGMOP00000013289,8049.ENSGMOP00000013403,8049.ENSGMOP00000013735,8049.ENSGMOP00000013988,8049.ENSGMOP00000014701,8049.ENSGMOP00000014864,8049.ENSGMOP00000015085,8049.ENSGMOP00000016370,8049.ENSGMOP00000016451,8049.ENSGMOP00000016550,8049.ENSGMOP00000016563,8049.ENSGMOP00000016798,8049.ENSGMOP00000016837,8049.ENSGMOP00000017031,8049.ENSGMOP00000017345,8049.ENSGMOP00000017598,8049.ENSGMOP00000017702,8049.ENSGMOP00000017831,8049.ENSGMOP00000017970,8049.ENSGMOP00000017996,8049.ENSGMOP00000018010,8049.ENSGMOP00000018142,8049.ENSGMOP00000018313,8049.ENSGMOP00000018508,8049.ENSGMOP00000018619,8049.ENSGMOP00000018651,8049.ENSGMOP00000018687,8049.ENSGMOP00000018876,8049.ENSGMOP00000019065,8049.ENSGMOP00000019559,8049.ENSGMOP00000019575,8049.ENSGMOP00000019806,8049.ENSGMOP00000019879,8049.ENSGMOP00000020136,8049.ENSGMOP00000020184,8049.ENSGMOP00000020316,8049.ENSGMOP00000021060,8049.ENSGMOP00000021515,8049.ENSGMOP00000021947	ENSGMOP00000000161,ENSGMOP00000000191,ENSGMOP00000000192,ENSGMOP00000000294,ENSGMOP00000000295,ENSGMOP00000000394,ENSGMOP00000000409,ENSGMOP00000001807,ENSGMOP00000001971,ENSGMOP00000002031,ENSGMOP00000002229,ENSGMOP00000002422,ENSGMOP00000002747,ENSGMOP00000002866,ENSGMOP00000003381,ENSGMOP00000003547,ENSGMOP00000003697,ENSGMOP00000003809,ENSGMOP00000003911,ENSGMOP00000004042,ENSGMOP00000004779,ENSGMOP00000004951,ENSGMOP00000005256,ENSGMOP00000005303,cyld,ENSGMOP00000006539,ENSGMOP00000006699,ENSGMOP00000007133,DOCK9,ENSGMOP00000008308,ENSGMOP00000008350,ENSGMOP00000008382,ENSGMOP00000008403,ENSGMOP00000008467,ENSGMOP00000008938,JMY,ENSGMOP00000009057,ENSGMOP00000009364,ENSGMOP00000009658,ENSGMOP00000010021,ENSGMOP00000010033,ENSGMOP00000010431,ENSGMOP00000010611,LLGL1,ENSGMOP00000011506,ARHGEF17,ENSGMOP00000011775,ENSGMOP00000011795,ENSGMOP00000012049,EIF2AK4,ENSGMOP00000012157,ENSGMOP00000012747,ENSGMOP00000012990,ENSGMOP00000013237,ENSGMOP00000013289,ENSGMOP00000013403,ENSGMOP00000013735,ENSGMOP00000013988,ENSGMOP00000014701,ARHGEF26,ENSGMOP00000015085,ENSGMOP00000016370,ENSGMOP00000016451,ENSGMOP00000016550,ENSGMOP00000016563,ENSGMOP00000016798,ENSGMOP00000016837,ENSGMOP00000017031,traf4,ENSGMOP00000017598,EPHA7,ENSGMOP00000017831,ENSGMOP00000017970,PLEKHG4B,ENSGMOP00000018010,ENSGMOP00000018142,IQSEC1,ENSGMOP00000018508,ARAP1,ENSGMOP00000018651,ENSGMOP00000018687,ENSGMOP00000018876,ENSGMOP00000019065,ENSGMOP00000019559,dock7,ENSGMOP00000019806,ENSGMOP00000019879,ENSGMOP00000020136,ENSGMOP00000020184,ENSGMOP00000020316,ENSGMOP00000021060,ENSGMOP00000021515,ENSGMOP00000021947
GO Process	GO:0072359	Circulatory system development	40	686	0.32	0.41	0.0069	8049.ENSGMOP00000000161,8049.ENSGMOP00000000295,8049.ENSGMOP00000000320,8049.ENSGMOP00000000394,8049.ENSGMOP00000001090,8049.ENSGMOP00000001688,8049.ENSGMOP00000002428,8049.ENSGMOP00000003547,8049.ENSGMOP00000004042,8049.ENSGMOP00000004060,8049.ENSGMOP00000006071,8049.ENSGMOP00000006144,8049.ENSGMOP00000006481,8049.ENSGMOP00000006502,8049.ENSGMOP00000007617,8049.ENSGMOP00000008382,8049.ENSGMOP00000009927,8049.ENSGMOP00000009994,8049.ENSGMOP00000010431,8049.ENSGMOP00000010949,8049.ENSGMOP00000010993,8049.ENSGMOP00000012028,8049.ENSGMOP00000012157,8049.ENSGMOP00000012162,8049.ENSGMOP00000012175,8049.ENSGMOP00000013488,8049.ENSGMOP00000013595,8049.ENSGMOP00000014411,8049.ENSGMOP00000014786,8049.ENSGMOP00000015608,8049.ENSGMOP00000016537,8049.ENSGMOP00000016804,8049.ENSGMOP00000017190,8049.ENSGMOP00000017401,8049.ENSGMOP00000017946,8049.ENSGMOP00000019698,8049.ENSGMOP00000020153,8049.ENSGMOP00000020175,8049.ENSGMOP00000020356,8049.ENSGMOP00000020924	ENSGMOP00000000161,ENSGMOP00000000295,ENSGMOP00000000320,ENSGMOP00000000394,ENSGMOP00000001090,ENSGMOP00000001688,ENSGMOP00000002428,ENSGMOP00000003547,ENSGMOP00000004042,ENSGMOP00000004060,ENSGMOP00000006071,ENSGMOP00000006144,ENSGMOP00000006481,ENSGMOP00000006502,ENSGMOP00000007617,ENSGMOP00000008382,ENSGMOP00000009927,ENSGMOP00000009994,ENSGMOP00000010431,ENSGMOP00000010949,ENSGMOP00000010993,ENSGMOP00000012028,ENSGMOP00000012157,ENSGMOP00000012162,ENSGMOP00000012175,ENSGMOP00000013488,MYO1D,ENSGMOP00000014411,ENSGMOP00000014786,ENSGMOP00000015608,ENSGMOP00000016537,ENSGMOP00000016804,ENSGMOP00000017190,ENSGMOP00000017401,ENSGMOP00000017946,ENSGMOP00000019698,ENSGMOP00000020153,ENSGMOP00000020175,ENSGMOP00000020356,ENSGMOP00000020924
GO Process	GO:0051336	Regulation of hydrolase activity	36	595	0.34	0.41	0.0075	8049.ENSGMOP00000000161,8049.ENSGMOP00000000191,8049.ENSGMOP00000000394,8049.ENSGMOP00000001971,8049.ENSGMOP00000002031,8049.ENSGMOP00000003547,8049.ENSGMOP00000003911,8049.ENSGMOP00000004951,8049.ENSGMOP00000006539,8049.ENSGMOP00000008306,8049.ENSGMOP00000008350,8049.ENSGMOP00000009057,8049.ENSGMOP00000009658,8049.ENSGMOP00000010431,8049.ENSGMOP00000011506,8049.ENSGMOP00000011775,8049.ENSGMOP00000012049,8049.ENSGMOP00000012157,8049.ENSGMOP00000013289,8049.ENSGMOP00000013735,8049.ENSGMOP00000013988,8049.ENSGMOP00000014701,8049.ENSGMOP00000014864,8049.ENSGMOP00000015085,8049.ENSGMOP00000016563,8049.ENSGMOP00000016837,8049.ENSGMOP00000017970,8049.ENSGMOP00000018010,8049.ENSGMOP00000018142,8049.ENSGMOP00000018508,8049.ENSGMOP00000018619,8049.ENSGMOP00000019575,8049.ENSGMOP00000019879,8049.ENSGMOP00000020136,8049.ENSGMOP00000020184,8049.ENSGMOP00000021060	ENSGMOP00000000161,ENSGMOP00000000191,ENSGMOP00000000394,ENSGMOP00000001971,ENSGMOP00000002031,ENSGMOP00000003547,ENSGMOP00000003911,ENSGMOP00000004951,ENSGMOP00000006539,DOCK9,ENSGMOP00000008350,ENSGMOP00000009057,ENSGMOP00000009658,ENSGMOP00000010431,ENSGMOP00000011506,ENSGMOP00000011775,ENSGMOP00000012049,ENSGMOP00000012157,ENSGMOP00000013289,ENSGMOP00000013735,ENSGMOP00000013988,ENSGMOP00000014701,ARHGEF26,ENSGMOP00000015085,ENSGMOP00000016563,ENSGMOP00000016837,ENSGMOP00000017970,ENSGMOP00000018010,ENSGMOP00000018142,ENSGMOP00000018508,ARAP1,dock7,ENSGMOP00000019879,ENSGMOP00000020136,ENSGMOP00000020184,ENSGMOP00000021060
GO Process	GO:0060429	Epithelium development	42	753	0.3	0.39	0.0094	8049.ENSGMOP00000000295,8049.ENSGMOP00000000394,8049.ENSGMOP00000001688,8049.ENSGMOP00000001971,8049.ENSGMOP00000002428,8049.ENSGMOP00000002912,8049.ENSGMOP00000003547,8049.ENSGMOP00000003813,8049.ENSGMOP00000004042,8049.ENSGMOP00000004060,8049.ENSGMOP00000004076,8049.ENSGMOP00000005360,8049.ENSGMOP00000006144,8049.ENSGMOP00000006173,8049.ENSGMOP00000006481,8049.ENSGMOP00000006782,8049.ENSGMOP00000007617,8049.ENSGMOP00000008382,8049.ENSGMOP00000009025,8049.ENSGMOP00000009057,8049.ENSGMOP00000009994,8049.ENSGMOP00000010993,8049.ENSGMOP00000011071,8049.ENSGMOP00000011286,8049.ENSGMOP00000011999,8049.ENSGMOP00000012157,8049.ENSGMOP00000012162,8049.ENSGMOP00000012175,8049.ENSGMOP00000012470,8049.ENSGMOP00000013414,8049.ENSGMOP00000013595,8049.ENSGMOP00000014586,8049.ENSGMOP00000014786,8049.ENSGMOP00000014864,8049.ENSGMOP00000016289,8049.ENSGMOP00000018651,8049.ENSGMOP00000018921,8049.ENSGMOP00000020136,8049.ENSGMOP00000020356,8049.ENSGMOP00000020924,8049.ENSGMOP00000021060,8049.ENSGMOP00000021268	ENSGMOP00000000295,ENSGMOP00000000394,ENSGMOP00000001688,ENSGMOP00000001971,ENSGMOP00000002428,ENSGMOP00000002912,ENSGMOP00000003547,ENSGMOP00000003813,ENSGMOP00000004042,ENSGMOP00000004060,ENSGMOP00000004076,ENSGMOP00000005360,ENSGMOP00000006144,ENSGMOP00000006173,ENSGMOP00000006481,ENSGMOP00000006782,ENSGMOP00000007617,ENSGMOP00000008382,ENSGMOP00000009025,ENSGMOP00000009057,ENSGMOP00000009994,ENSGMOP00000010993,ENSGMOP00000011071,ENSGMOP00000011286,ENSGMOP00000011999,ENSGMOP00000012157,ENSGMOP00000012162,ENSGMOP00000012175,ENSGMOP00000012470,ENSGMOP00000013414,MYO1D,FZD7,ENSGMOP00000014786,ARHGEF26,ENSGMOP00000016289,ENSGMOP00000018651,ENSGMOP00000018921,ENSGMOP00000020136,ENSGMOP00000020356,ENSGMOP00000020924,ENSGMOP00000021060,mab21l2
GO Process	GO:0035295	Tube development	37	634	0.32	0.38	0.0111	8049.ENSGMOP00000000161,8049.ENSGMOP00000000295,8049.ENSGMOP00000000320,8049.ENSGMOP00000001090,8049.ENSGMOP00000001971,8049.ENSGMOP00000002428,8049.ENSGMOP00000003547,8049.ENSGMOP00000004042,8049.ENSGMOP00000004060,8049.ENSGMOP00000004076,8049.ENSGMOP00000005360,8049.ENSGMOP00000006173,8049.ENSGMOP00000006481,8049.ENSGMOP00000006502,8049.ENSGMOP00000007208,8049.ENSGMOP00000007617,8049.ENSGMOP00000008382,8049.ENSGMOP00000009927,8049.ENSGMOP00000009994,8049.ENSGMOP00000010949,8049.ENSGMOP00000010993,8049.ENSGMOP00000011071,8049.ENSGMOP00000011999,8049.ENSGMOP00000012162,8049.ENSGMOP00000012175,8049.ENSGMOP00000012470,8049.ENSGMOP00000013488,8049.ENSGMOP00000013595,8049.ENSGMOP00000014786,8049.ENSGMOP00000016289,8049.ENSGMOP00000017190,8049.ENSGMOP00000017345,8049.ENSGMOP00000017401,8049.ENSGMOP00000018921,8049.ENSGMOP00000019698,8049.ENSGMOP00000020356,8049.ENSGMOP00000020924	ENSGMOP00000000161,ENSGMOP00000000295,ENSGMOP00000000320,ENSGMOP00000001090,ENSGMOP00000001971,ENSGMOP00000002428,ENSGMOP00000003547,ENSGMOP00000004042,ENSGMOP00000004060,ENSGMOP00000004076,ENSGMOP00000005360,ENSGMOP00000006173,ENSGMOP00000006481,ENSGMOP00000006502,ENSGMOP00000007208,ENSGMOP00000007617,ENSGMOP00000008382,ENSGMOP00000009927,ENSGMOP00000009994,ENSGMOP00000010949,ENSGMOP00000010993,ENSGMOP00000011071,ENSGMOP00000011999,ENSGMOP00000012162,ENSGMOP00000012175,ENSGMOP00000012470,ENSGMOP00000013488,MYO1D,ENSGMOP00000014786,ENSGMOP00000016289,ENSGMOP00000017190,traf4,ENSGMOP00000017401,ENSGMOP00000018921,ENSGMOP00000019698,ENSGMOP00000020356,ENSGMOP00000020924
GO Process	GO:0031325	Positive regulation of cellular metabolic process	90	2121	0.18	0.33	0.0145	8049.ENSGMOP00000000041,8049.ENSGMOP00000000192,8049.ENSGMOP00000000295,8049.ENSGMOP00000000394,8049.ENSGMOP00000001262,8049.ENSGMOP00000002137,8049.ENSGMOP00000002428,8049.ENSGMOP00000002866,8049.ENSGMOP00000002912,8049.ENSGMOP00000003196,8049.ENSGMOP00000003697,8049.ENSGMOP00000003815,8049.ENSGMOP00000004042,8049.ENSGMOP00000004055,8049.ENSGMOP00000004060,8049.ENSGMOP00000004080,8049.ENSGMOP00000004622,8049.ENSGMOP00000004779,8049.ENSGMOP00000005051,8049.ENSGMOP00000005084,8049.ENSGMOP00000005303,8049.ENSGMOP00000005945,8049.ENSGMOP00000006025,8049.ENSGMOP00000006173,8049.ENSGMOP00000006196,8049.ENSGMOP00000006445,8049.ENSGMOP00000006608,8049.ENSGMOP00000006709,8049.ENSGMOP00000007059,8049.ENSGMOP00000008382,8049.ENSGMOP00000008547,8049.ENSGMOP00000008653,8049.ENSGMOP00000008712,8049.ENSGMOP00000009009,8049.ENSGMOP00000009037,8049.ENSGMOP00000009051,8049.ENSGMOP00000009364,8049.ENSGMOP00000009512,8049.ENSGMOP00000009927,8049.ENSGMOP00000010218,8049.ENSGMOP00000010300,8049.ENSGMOP00000010431,8049.ENSGMOP00000010949,8049.ENSGMOP00000011350,8049.ENSGMOP00000011571,8049.ENSGMOP00000011775,8049.ENSGMOP00000011795,8049.ENSGMOP00000012148,8049.ENSGMOP00000012162,8049.ENSGMOP00000012193,8049.ENSGMOP00000012195,8049.ENSGMOP00000012848,8049.ENSGMOP00000013073,8049.ENSGMOP00000013310,8049.ENSGMOP00000013403,8049.ENSGMOP00000013478,8049.ENSGMOP00000013716,8049.ENSGMOP00000013986,8049.ENSGMOP00000014586,8049.ENSGMOP00000015257,8049.ENSGMOP00000015513,8049.ENSGMOP00000015608,8049.ENSGMOP00000015921,8049.ENSGMOP00000016289,8049.ENSGMOP00000016370,8049.ENSGMOP00000016451,8049.ENSGMOP00000016514,8049.ENSGMOP00000016537,8049.ENSGMOP00000016550,8049.ENSGMOP00000016592,8049.ENSGMOP00000016798,8049.ENSGMOP00000016976,8049.ENSGMOP00000017031,8049.ENSGMOP00000017190,8049.ENSGMOP00000017230,8049.ENSGMOP00000017345,8049.ENSGMOP00000017484,8049.ENSGMOP00000017702,8049.ENSGMOP00000017946,8049.ENSGMOP00000018142,8049.ENSGMOP00000018651,8049.ENSGMOP00000018777,8049.ENSGMOP00000018866,8049.ENSGMOP00000019131,8049.ENSGMOP00000019925,8049.ENSGMOP00000020136,8049.ENSGMOP00000020356,8049.ENSGMOP00000020501,8049.ENSGMOP00000020575,8049.ENSGMOP00000020924	ENSGMOP00000000041,ENSGMOP00000000192,ENSGMOP00000000295,ENSGMOP00000000394,ENSGMOP00000001262,babam2,ENSGMOP00000002428,ENSGMOP00000002866,ENSGMOP00000002912,ZNF521,ENSGMOP00000003697,ENSGMOP00000003815,ENSGMOP00000004042,ENSGMOP00000004055,ENSGMOP00000004060,ENSGMOP00000004080,ENSGMOP00000004622,ENSGMOP00000004779,ENSGMOP00000005051,ENSGMOP00000005084,ENSGMOP00000005303,ENSGMOP00000005945,ENSGMOP00000006025,ENSGMOP00000006173,ENSGMOP00000006196,ENSGMOP00000006445,ENSGMOP00000006608,ENSGMOP00000006709,NFATC1,ENSGMOP00000008382,ENSGMOP00000008547,ENSGMOP00000008653,ENSGMOP00000008712,JMY,ENSGMOP00000009037,ENSGMOP00000009051,ENSGMOP00000009364,ENSGMOP00000009512,ENSGMOP00000009927,ENSGMOP00000010218,ENSGMOP00000010300,ENSGMOP00000010431,ENSGMOP00000010949,ENSGMOP00000011350,ENSGMOP00000011571,ENSGMOP00000011775,ENSGMOP00000011795,EIF2AK4,ENSGMOP00000012162,ENSGMOP00000012193,ENSGMOP00000012195,ENSGMOP00000012848,ENSGMOP00000013073,ENSGMOP00000013310,ENSGMOP00000013403,ENSGMOP00000013478,ENSGMOP00000013716,ENSGMOP00000013986,FZD7,ENSGMOP00000015257,ENSGMOP00000015513,ENSGMOP00000015608,ENSGMOP00000015921,ENSGMOP00000016289,ENSGMOP00000016370,ENSGMOP00000016451,ENSGMOP00000016514,ENSGMOP00000016537,ENSGMOP00000016550,ENSGMOP00000016592,ENSGMOP00000016798,ENSGMOP00000016976,ENSGMOP00000017031,ENSGMOP00000017190,ENSGMOP00000017230,traf4,ENSGMOP00000017484,EPHA7,ENSGMOP00000017946,ENSGMOP00000018142,ENSGMOP00000018651,ENSGMOP00000018777,ENSGMOP00000018866,ENSGMOP00000019131,ENSGMOP00000019925,ENSGMOP00000020136,ENSGMOP00000020356,ENSGMOP00000020501,ENSGMOP00000020575,ENSGMOP00000020924
GO Process	GO:0016043	Cellular component organization	171	4693	0.12	0.3	0.0183	8049.ENSGMOP00000000161,8049.ENSGMOP00000000192,8049.ENSGMOP00000000295,8049.ENSGMOP00000000349,8049.ENSGMOP00000000394,8049.ENSGMOP00000000409,8049.ENSGMOP00000000455,8049.ENSGMOP00000000507,8049.ENSGMOP00000000641,8049.ENSGMOP00000000655,8049.ENSGMOP00000000734,8049.ENSGMOP00000000797,8049.ENSGMOP00000001090,8049.ENSGMOP00000001588,8049.ENSGMOP00000001971,8049.ENSGMOP00000002137,8049.ENSGMOP00000002229,8049.ENSGMOP00000002428,8049.ENSGMOP00000002722,8049.ENSGMOP00000002747,8049.ENSGMOP00000002791,8049.ENSGMOP00000002898,8049.ENSGMOP00000003547,8049.ENSGMOP00000003697,8049.ENSGMOP00000003809,8049.ENSGMOP00000003815,8049.ENSGMOP00000003911,8049.ENSGMOP00000004055,8049.ENSGMOP00000005360,8049.ENSGMOP00000005714,8049.ENSGMOP00000005796,8049.ENSGMOP00000005945,8049.ENSGMOP00000006025,8049.ENSGMOP00000006035,8049.ENSGMOP00000006065,8049.ENSGMOP00000006071,8049.ENSGMOP00000006173,8049.ENSGMOP00000006196,8049.ENSGMOP00000006247,8049.ENSGMOP00000006445,8049.ENSGMOP00000006446,8049.ENSGMOP00000006501,8049.ENSGMOP00000006558,8049.ENSGMOP00000006563,8049.ENSGMOP00000006594,8049.ENSGMOP00000006664,8049.ENSGMOP00000007001,8049.ENSGMOP00000007129,8049.ENSGMOP00000007415,8049.ENSGMOP00000007501,8049.ENSGMOP00000007617,8049.ENSGMOP00000007826,8049.ENSGMOP00000007853,8049.ENSGMOP00000008308,8049.ENSGMOP00000008316,8049.ENSGMOP00000008329,8049.ENSGMOP00000008403,8049.ENSGMOP00000008653,8049.ENSGMOP00000008916,8049.ENSGMOP00000009009,8049.ENSGMOP00000009025,8049.ENSGMOP00000009057,8049.ENSGMOP00000009077,8049.ENSGMOP00000009364,8049.ENSGMOP00000009796,8049.ENSGMOP00000009927,8049.ENSGMOP00000009994,8049.ENSGMOP00000010232,8049.ENSGMOP00000010374,8049.ENSGMOP00000010397,8049.ENSGMOP00000010407,8049.ENSGMOP00000010431,8049.ENSGMOP00000010519,8049.ENSGMOP00000010611,8049.ENSGMOP00000010761,8049.ENSGMOP00000010783,8049.ENSGMOP00000010993,8049.ENSGMOP00000011013,8049.ENSGMOP00000011071,8049.ENSGMOP00000011099,8049.ENSGMOP00000011340,8049.ENSGMOP00000011365,8049.ENSGMOP00000011480,8049.ENSGMOP00000011495,8049.ENSGMOP00000011626,8049.ENSGMOP00000011656,8049.ENSGMOP00000011775,8049.ENSGMOP00000011890,8049.ENSGMOP00000011929,8049.ENSGMOP00000012028,8049.ENSGMOP00000012148,8049.ENSGMOP00000012260,8049.ENSGMOP00000012487,8049.ENSGMOP00000012838,8049.ENSGMOP00000013161,8049.ENSGMOP00000013403,8049.ENSGMOP00000013421,8049.ENSGMOP00000013488,8049.ENSGMOP00000013688,8049.ENSGMOP00000013716,8049.ENSGMOP00000013735,8049.ENSGMOP00000013771,8049.ENSGMOP00000013898,8049.ENSGMOP00000013951,8049.ENSGMOP00000014411,8049.ENSGMOP00000014503,8049.ENSGMOP00000014630,8049.ENSGMOP00000014786,8049.ENSGMOP00000014864,8049.ENSGMOP00000014892,8049.ENSGMOP00000015213,8049.ENSGMOP00000015257,8049.ENSGMOP00000015260,8049.ENSGMOP00000015399,8049.ENSGMOP00000015595,8049.ENSGMOP00000015608,8049.ENSGMOP00000016347,8049.ENSGMOP00000016451,8049.ENSGMOP00000016592,8049.ENSGMOP00000016695,8049.ENSGMOP00000016804,8049.ENSGMOP00000017088,8049.ENSGMOP00000017109,8049.ENSGMOP00000017190,8049.ENSGMOP00000017367,8049.ENSGMOP00000017401,8049.ENSGMOP00000017484,8049.ENSGMOP00000017587,8049.ENSGMOP00000017598,8049.ENSGMOP00000017628,8049.ENSGMOP00000017686,8049.ENSGMOP00000017691,8049.ENSGMOP00000017702,8049.ENSGMOP00000017800,8049.ENSGMOP00000017842,8049.ENSGMOP00000017944,8049.ENSGMOP00000017946,8049.ENSGMOP00000017970,8049.ENSGMOP00000018142,8049.ENSGMOP00000018313,8049.ENSGMOP00000018410,8049.ENSGMOP00000018508,8049.ENSGMOP00000018651,8049.ENSGMOP00000018767,8049.ENSGMOP00000018876,8049.ENSGMOP00000018982,8049.ENSGMOP00000019065,8049.ENSGMOP00000019163,8049.ENSGMOP00000019427,8049.ENSGMOP00000019559,8049.ENSGMOP00000019580,8049.ENSGMOP00000019664,8049.ENSGMOP00000019698,8049.ENSGMOP00000019765,8049.ENSGMOP00000019792,8049.ENSGMOP00000019795,8049.ENSGMOP00000019958,8049.ENSGMOP00000020017,8049.ENSGMOP00000020083,8049.ENSGMOP00000020089,8049.ENSGMOP00000020175,8049.ENSGMOP00000020209,8049.ENSGMOP00000020283,8049.ENSGMOP00000020324,8049.ENSGMOP00000020834,8049.ENSGMOP00000020964,8049.ENSGMOP00000021028,8049.ENSGMOP00000021060,8049.ENSGMOP00000021061,8049.ENSGMOP00000021165,8049.ENSGMOP00000021169	ENSGMOP00000000161,ENSGMOP00000000192,ENSGMOP00000000295,ENSGMOP00000000349,ENSGMOP00000000394,ENSGMOP00000000409,SHKBP1,ENSGMOP00000000507,ENSGMOP00000000641,ENSGMOP00000000655,MACF1,ENSGMOP00000000797,ENSGMOP00000001090,ENSGMOP00000001588,ENSGMOP00000001971,babam2,ENSGMOP00000002229,ENSGMOP00000002428,NTN1,ENSGMOP00000002747,ENSGMOP00000002791,ENSGMOP00000002898,ENSGMOP00000003547,ENSGMOP00000003697,ENSGMOP00000003809,ENSGMOP00000003815,ENSGMOP00000003911,ENSGMOP00000004055,ENSGMOP00000005360,DST,ENSGMOP00000005796,ENSGMOP00000005945,ENSGMOP00000006025,ENSGMOP00000006035,ENSGMOP00000006065,ENSGMOP00000006071,ENSGMOP00000006173,ENSGMOP00000006196,ENSGMOP00000006247,ENSGMOP00000006445,vps18,ENSGMOP00000006501,ENSGMOP00000006558,ENSGMOP00000006563,ENSGMOP00000006594,ENSGMOP00000006664,ENSGMOP00000007001,ENSGMOP00000007129,ENSGMOP00000007415,ENSGMOP00000007501,ENSGMOP00000007617,SEMA6A,ENSGMOP00000007853,ENSGMOP00000008308,ENSGMOP00000008316,ENSGMOP00000008329,ENSGMOP00000008403,ENSGMOP00000008653,ENSGMOP00000008916,JMY,ENSGMOP00000009025,ENSGMOP00000009057,ENSGMOP00000009077,ENSGMOP00000009364,ADAMTS20,ENSGMOP00000009927,ENSGMOP00000009994,ENSGMOP00000010232,ENSGMOP00000010374,ENSGMOP00000010397,ENSGMOP00000010407,ENSGMOP00000010431,ENSGMOP00000010519,ENSGMOP00000010611,ENSGMOP00000010761,COL25A1,ENSGMOP00000010993,ENSGMOP00000011013,ENSGMOP00000011071,ENSGMOP00000011099,COL12A1,LLGL1,ENSGMOP00000011480,ENSGMOP00000011495,ARHGEF17,ENSGMOP00000011656,ENSGMOP00000011775,SHROOM2,CARMIL1,ENSGMOP00000012028,EIF2AK4,ENSGMOP00000012260,ENSGMOP00000012487,ENSGMOP00000012838,ENSGMOP00000013161,ENSGMOP00000013403,ENSGMOP00000013421,ENSGMOP00000013488,ENSGMOP00000013688,ENSGMOP00000013716,ENSGMOP00000013735,ENSGMOP00000013771,ENSGMOP00000013898,ENSGMOP00000013951,ENSGMOP00000014411,ENSGMOP00000014503,ENSGMOP00000014630,ENSGMOP00000014786,ARHGEF26,ENSGMOP00000014892,ENSGMOP00000015213,ENSGMOP00000015257,ENSGMOP00000015260,ENSGMOP00000015399,ENSGMOP00000015595,ENSGMOP00000015608,ENSGMOP00000016347,ENSGMOP00000016451,ENSGMOP00000016592,ENSGMOP00000016695,ENSGMOP00000016804,ENSGMOP00000017088,ENSGMOP00000017109,ENSGMOP00000017190,ENSGMOP00000017367,ENSGMOP00000017401,ENSGMOP00000017484,ENSGMOP00000017587,ENSGMOP00000017598,ENSGMOP00000017628,ENSGMOP00000017686,ENSGMOP00000017691,EPHA7,ENSGMOP00000017800,ENSGMOP00000017842,ENSGMOP00000017944,ENSGMOP00000017946,ENSGMOP00000017970,ENSGMOP00000018142,IQSEC1,ENSGMOP00000018410,ENSGMOP00000018508,ENSGMOP00000018651,ENSGMOP00000018767,ENSGMOP00000018876,ENSGMOP00000018982,ENSGMOP00000019065,ENSGMOP00000019163,ENSGMOP00000019427,ENSGMOP00000019559,ENSGMOP00000019580,ENSGMOP00000019664,ENSGMOP00000019698,PITPNM2,ENSGMOP00000019792,ENSGMOP00000019795,ENSGMOP00000019958,ENSGMOP00000020017,ENSGMOP00000020083,ENSGMOP00000020089,ENSGMOP00000020175,ENSGMOP00000020209,ENSGMOP00000020283,ENSGMOP00000020324,PCLO,ENSGMOP00000020964,ENSGMOP00000021028,ENSGMOP00000021060,CTNND1,ENSGMOP00000021165,ENSGMOP00000021169
GO Process	GO:0050789	Regulation of biological process	334	10362	0.06	0.29	0.0201	8049.ENSGMOP00000000041,8049.ENSGMOP00000000161,8049.ENSGMOP00000000191,8049.ENSGMOP00000000192,8049.ENSGMOP00000000294,8049.ENSGMOP00000000295,8049.ENSGMOP00000000391,8049.ENSGMOP00000000394,8049.ENSGMOP00000000641,8049.ENSGMOP00000000692,8049.ENSGMOP00000000734,8049.ENSGMOP00000000741,8049.ENSGMOP00000001058,8049.ENSGMOP00000001078,8049.ENSGMOP00000001090,8049.ENSGMOP00000001262,8049.ENSGMOP00000001366,8049.ENSGMOP00000001578,8049.ENSGMOP00000001807,8049.ENSGMOP00000001971,8049.ENSGMOP00000002137,8049.ENSGMOP00000002229,8049.ENSGMOP00000002293,8049.ENSGMOP00000002422,8049.ENSGMOP00000002428,8049.ENSGMOP00000002531,8049.ENSGMOP00000002747,8049.ENSGMOP00000002791,8049.ENSGMOP00000002866,8049.ENSGMOP00000002898,8049.ENSGMOP00000002910,8049.ENSGMOP00000002912,8049.ENSGMOP00000002960,8049.ENSGMOP00000002985,8049.ENSGMOP00000003026,8049.ENSGMOP00000003196,8049.ENSGMOP00000003381,8049.ENSGMOP00000003483,8049.ENSGMOP00000003514,8049.ENSGMOP00000003547,8049.ENSGMOP00000003590,8049.ENSGMOP00000003679,8049.ENSGMOP00000003697,8049.ENSGMOP00000003762,8049.ENSGMOP00000003809,8049.ENSGMOP00000003813,8049.ENSGMOP00000003815,8049.ENSGMOP00000003818,8049.ENSGMOP00000003911,8049.ENSGMOP00000003952,8049.ENSGMOP00000004042,8049.ENSGMOP00000004055,8049.ENSGMOP00000004060,8049.ENSGMOP00000004080,8049.ENSGMOP00000004622,8049.ENSGMOP00000004711,8049.ENSGMOP00000004735,8049.ENSGMOP00000004762,8049.ENSGMOP00000004779,8049.ENSGMOP00000004951,8049.ENSGMOP00000005024,8049.ENSGMOP00000005051,8049.ENSGMOP00000005084,8049.ENSGMOP00000005232,8049.ENSGMOP00000005256,8049.ENSGMOP00000005303,8049.ENSGMOP00000005306,8049.ENSGMOP00000005486,8049.ENSGMOP00000005714,8049.ENSGMOP00000005762,8049.ENSGMOP00000005835,8049.ENSGMOP00000005945,8049.ENSGMOP00000005950,8049.ENSGMOP00000006025,8049.ENSGMOP00000006035,8049.ENSGMOP00000006059,8049.ENSGMOP00000006065,8049.ENSGMOP00000006144,8049.ENSGMOP00000006173,8049.ENSGMOP00000006196,8049.ENSGMOP00000006360,8049.ENSGMOP00000006407,8049.ENSGMOP00000006445,8049.ENSGMOP00000006481,8049.ENSGMOP00000006487,8049.ENSGMOP00000006502,8049.ENSGMOP00000006558,8049.ENSGMOP00000006563,8049.ENSGMOP00000006578,8049.ENSGMOP00000006608,8049.ENSGMOP00000006699,8049.ENSGMOP00000006709,8049.ENSGMOP00000006863,8049.ENSGMOP00000006898,8049.ENSGMOP00000006901,8049.ENSGMOP00000007000,8049.ENSGMOP00000007001,8049.ENSGMOP00000007059,8049.ENSGMOP00000007129,8049.ENSGMOP00000007135,8049.ENSGMOP00000007415,8049.ENSGMOP00000007440,8049.ENSGMOP00000007501,8049.ENSGMOP00000007568,8049.ENSGMOP00000007573,8049.ENSGMOP00000007617,8049.ENSGMOP00000007783,8049.ENSGMOP00000007826,8049.ENSGMOP00000007861,8049.ENSGMOP00000007903,8049.ENSGMOP00000007919,8049.ENSGMOP00000008302,8049.ENSGMOP00000008306,8049.ENSGMOP00000008308,8049.ENSGMOP00000008350,8049.ENSGMOP00000008382,8049.ENSGMOP00000008403,8049.ENSGMOP00000008467,8049.ENSGMOP00000008547,8049.ENSGMOP00000008653,8049.ENSGMOP00000008706,8049.ENSGMOP00000008712,8049.ENSGMOP00000008756,8049.ENSGMOP00000008869,8049.ENSGMOP00000008916,8049.ENSGMOP00000008938,8049.ENSGMOP00000009009,8049.ENSGMOP00000009025,8049.ENSGMOP00000009037,8049.ENSGMOP00000009051,8049.ENSGMOP00000009057,8049.ENSGMOP00000009058,8049.ENSGMOP00000009093,8049.ENSGMOP00000009364,8049.ENSGMOP00000009437,8049.ENSGMOP00000009512,8049.ENSGMOP00000009591,8049.ENSGMOP00000009634,8049.ENSGMOP00000009693,8049.ENSGMOP00000009709,8049.ENSGMOP00000009774,8049.ENSGMOP00000009927,8049.ENSGMOP00000009994,8049.ENSGMOP00000010021,8049.ENSGMOP00000010033,8049.ENSGMOP00000010218,8049.ENSGMOP00000010232,8049.ENSGMOP00000010300,8049.ENSGMOP00000010397,8049.ENSGMOP00000010407,8049.ENSGMOP00000010431,8049.ENSGMOP00000010432,8049.ENSGMOP00000010437,8049.ENSGMOP00000010518,8049.ENSGMOP00000010519,8049.ENSGMOP00000010644,8049.ENSGMOP00000010933,8049.ENSGMOP00000010949,8049.ENSGMOP00000010993,8049.ENSGMOP00000011071,8049.ENSGMOP00000011286,8049.ENSGMOP00000011336,8049.ENSGMOP00000011350,8049.ENSGMOP00000011363,8049.ENSGMOP00000011365,8049.ENSGMOP00000011495,8049.ENSGMOP00000011506,8049.ENSGMOP00000011571,8049.ENSGMOP00000011656,8049.ENSGMOP00000011712,8049.ENSGMOP00000011775,8049.ENSGMOP00000011787,8049.ENSGMOP00000011795,8049.ENSGMOP00000011875,8049.ENSGMOP00000011929,8049.ENSGMOP00000011931,8049.ENSGMOP00000011999,8049.ENSGMOP00000012148,8049.ENSGMOP00000012157,8049.ENSGMOP00000012162,8049.ENSGMOP00000012175,8049.ENSGMOP00000012193,8049.ENSGMOP00000012195,8049.ENSGMOP00000012426,8049.ENSGMOP00000012487,8049.ENSGMOP00000012747,8049.ENSGMOP00000012838,8049.ENSGMOP00000012848,8049.ENSGMOP00000012990,8049.ENSGMOP00000013073,8049.ENSGMOP00000013123,8049.ENSGMOP00000013133,8049.ENSGMOP00000013161,8049.ENSGMOP00000013179,8049.ENSGMOP00000013199,8049.ENSGMOP00000013237,8049.ENSGMOP00000013289,8049.ENSGMOP00000013310,8049.ENSGMOP00000013403,8049.ENSGMOP00000013414,8049.ENSGMOP00000013421,8049.ENSGMOP00000013478,8049.ENSGMOP00000013488,8049.ENSGMOP00000013503,8049.ENSGMOP00000013716,8049.ENSGMOP00000013726,8049.ENSGMOP00000013735,8049.ENSGMOP00000013771,8049.ENSGMOP00000013884,8049.ENSGMOP00000013898,8049.ENSGMOP00000013905,8049.ENSGMOP00000013986,8049.ENSGMOP00000014246,8049.ENSGMOP00000014278,8049.ENSGMOP00000014586,8049.ENSGMOP00000014701,8049.ENSGMOP00000014732,8049.ENSGMOP00000014750,8049.ENSGMOP00000014786,8049.ENSGMOP00000014787,8049.ENSGMOP00000014980,8049.ENSGMOP00000015029,8049.ENSGMOP00000015111,8049.ENSGMOP00000015213,8049.ENSGMOP00000015257,8049.ENSGMOP00000015399,8049.ENSGMOP00000015409,8049.ENSGMOP00000015513,8049.ENSGMOP00000015517,8049.ENSGMOP00000015595,8049.ENSGMOP00000015596,8049.ENSGMOP00000015608,8049.ENSGMOP00000015763,8049.ENSGMOP00000015783,8049.ENSGMOP00000015883,8049.ENSGMOP00000015921,8049.ENSGMOP00000015954,8049.ENSGMOP00000016163,8049.ENSGMOP00000016289,8049.ENSGMOP00000016370,8049.ENSGMOP00000016451,8049.ENSGMOP00000016480,8049.ENSGMOP00000016514,8049.ENSGMOP00000016537,8049.ENSGMOP00000016550,8049.ENSGMOP00000016563,8049.ENSGMOP00000016592,8049.ENSGMOP00000016636,8049.ENSGMOP00000016798,8049.ENSGMOP00000016804,8049.ENSGMOP00000016837,8049.ENSGMOP00000016976,8049.ENSGMOP00000017025,8049.ENSGMOP00000017031,8049.ENSGMOP00000017060,8049.ENSGMOP00000017088,8049.ENSGMOP00000017190,8049.ENSGMOP00000017194,8049.ENSGMOP00000017230,8049.ENSGMOP00000017345,8049.ENSGMOP00000017472,8049.ENSGMOP00000017484,8049.ENSGMOP00000017523,8049.ENSGMOP00000017598,8049.ENSGMOP00000017646,8049.ENSGMOP00000017686,8049.ENSGMOP00000017702,8049.ENSGMOP00000017723,8049.ENSGMOP00000017831,8049.ENSGMOP00000017946,8049.ENSGMOP00000017970,8049.ENSGMOP00000017987,8049.ENSGMOP00000017996,8049.ENSGMOP00000018142,8049.ENSGMOP00000018313,8049.ENSGMOP00000018368,8049.ENSGMOP00000018378,8049.ENSGMOP00000018456,8049.ENSGMOP00000018501,8049.ENSGMOP00000018508,8049.ENSGMOP00000018619,8049.ENSGMOP00000018651,8049.ENSGMOP00000018652,8049.ENSGMOP00000018669,8049.ENSGMOP00000018687,8049.ENSGMOP00000018777,8049.ENSGMOP00000018866,8049.ENSGMOP00000018876,8049.ENSGMOP00000018897,8049.ENSGMOP00000018935,8049.ENSGMOP00000018982,8049.ENSGMOP00000019065,8049.ENSGMOP00000019131,8049.ENSGMOP00000019151,8049.ENSGMOP00000019422,8049.ENSGMOP00000019427,8049.ENSGMOP00000019437,8049.ENSGMOP00000019559,8049.ENSGMOP00000019575,8049.ENSGMOP00000019664,8049.ENSGMOP00000019698,8049.ENSGMOP00000019792,8049.ENSGMOP00000019806,8049.ENSGMOP00000019825,8049.ENSGMOP00000019879,8049.ENSGMOP00000019925,8049.ENSGMOP00000019958,8049.ENSGMOP00000020014,8049.ENSGMOP00000020017,8049.ENSGMOP00000020083,8049.ENSGMOP00000020136,8049.ENSGMOP00000020153,8049.ENSGMOP00000020175,8049.ENSGMOP00000020184,8049.ENSGMOP00000020209,8049.ENSGMOP00000020220,8049.ENSGMOP00000020283,8049.ENSGMOP00000020316,8049.ENSGMOP00000020324,8049.ENSGMOP00000020356,8049.ENSGMOP00000020378,8049.ENSGMOP00000020501,8049.ENSGMOP00000020575,8049.ENSGMOP00000020834,8049.ENSGMOP00000020924,8049.ENSGMOP00000020956,8049.ENSGMOP00000020964,8049.ENSGMOP00000021047,8049.ENSGMOP00000021060,8049.ENSGMOP00000021165,8049.ENSGMOP00000021169,8049.ENSGMOP00000021515,8049.ENSGMOP00000021947,8049.ENSGMOP00000022095	ENSGMOP00000000041,ENSGMOP00000000161,ENSGMOP00000000191,ENSGMOP00000000192,ENSGMOP00000000294,ENSGMOP00000000295,ENSGMOP00000000391,ENSGMOP00000000394,ENSGMOP00000000641,ENSGMOP00000000692,MACF1,ENSGMOP00000000741,MSI1,LTBP3,ENSGMOP00000001090,ENSGMOP00000001262,ENSGMOP00000001366,ENSGMOP00000001578,ENSGMOP00000001807,ENSGMOP00000001971,babam2,ENSGMOP00000002229,ENSGMOP00000002293,ENSGMOP00000002422,ENSGMOP00000002428,ENSGMOP00000002531,ENSGMOP00000002747,ENSGMOP00000002791,ENSGMOP00000002866,ENSGMOP00000002898,ENSGMOP00000002910,ENSGMOP00000002912,ENSGMOP00000002960,ENSGMOP00000002985,SLC4A11,ZNF521,ENSGMOP00000003381,LAMA3,ENSGMOP00000003514,ENSGMOP00000003547,ENSGMOP00000003590,ENSGMOP00000003679,ENSGMOP00000003697,ENSGMOP00000003762,ENSGMOP00000003809,ENSGMOP00000003813,ENSGMOP00000003815,LOC115556833,ENSGMOP00000003911,ENSGMOP00000003952,ENSGMOP00000004042,ENSGMOP00000004055,ENSGMOP00000004060,ENSGMOP00000004080,ENSGMOP00000004622,ENSGMOP00000004711,ENSGMOP00000004735,ENSGMOP00000004762,ENSGMOP00000004779,ENSGMOP00000004951,ENSGMOP00000005024,ENSGMOP00000005051,ENSGMOP00000005084,ENSGMOP00000005232,ENSGMOP00000005256,ENSGMOP00000005303,ENSGMOP00000005306,ENSGMOP00000005486,DST,ENSGMOP00000005762,ENSGMOP00000005835,ENSGMOP00000005945,ENSGMOP00000005950,ENSGMOP00000006025,ENSGMOP00000006035,ENSGMOP00000006059,ENSGMOP00000006065,ENSGMOP00000006144,ENSGMOP00000006173,ENSGMOP00000006196,ENSGMOP00000006360,ENSGMOP00000006407,ENSGMOP00000006445,ENSGMOP00000006481,cyld,ENSGMOP00000006502,ENSGMOP00000006558,ENSGMOP00000006563,ENSGMOP00000006578,ENSGMOP00000006608,ENSGMOP00000006699,ENSGMOP00000006709,ENSGMOP00000006863,ENSGMOP00000006898,ENSGMOP00000006901,ENSGMOP00000007000,ENSGMOP00000007001,NFATC1,ENSGMOP00000007129,ENSGMOP00000007135,ENSGMOP00000007415,ENSGMOP00000007440,ENSGMOP00000007501,ENSGMOP00000007568,ENSGMOP00000007573,ENSGMOP00000007617,ENSGMOP00000007783,SEMA6A,ENSGMOP00000007861,ENSGMOP00000007903,ENSGMOP00000007919,ENSGMOP00000008302,DOCK9,ENSGMOP00000008308,ENSGMOP00000008350,ENSGMOP00000008382,ENSGMOP00000008403,ENSGMOP00000008467,ENSGMOP00000008547,ENSGMOP00000008653,ENSGMOP00000008706,ENSGMOP00000008712,ENSGMOP00000008756,ENSGMOP00000008869,ENSGMOP00000008916,ENSGMOP00000008938,JMY,ENSGMOP00000009025,ENSGMOP00000009037,ENSGMOP00000009051,ENSGMOP00000009057,ENSGMOP00000009058,ENSGMOP00000009093,ENSGMOP00000009364,ENSGMOP00000009437,ENSGMOP00000009512,ENSGMOP00000009591,ENSGMOP00000009634,ENSGMOP00000009693,ENSGMOP00000009709,ENSGMOP00000009774,ENSGMOP00000009927,ENSGMOP00000009994,ENSGMOP00000010021,ENSGMOP00000010033,ENSGMOP00000010218,ENSGMOP00000010232,ENSGMOP00000010300,ENSGMOP00000010397,ENSGMOP00000010407,ENSGMOP00000010431,ENSGMOP00000010432,ENSGMOP00000010437,ENSGMOP00000010518,ENSGMOP00000010519,ENSGMOP00000010644,ENSGMOP00000010933,ENSGMOP00000010949,ENSGMOP00000010993,ENSGMOP00000011071,ENSGMOP00000011286,ENSGMOP00000011336,ENSGMOP00000011350,ENSGMOP00000011363,LLGL1,ENSGMOP00000011495,ENSGMOP00000011506,ENSGMOP00000011571,ENSGMOP00000011656,ENSGMOP00000011712,ENSGMOP00000011775,ENSGMOP00000011787,ENSGMOP00000011795,ENSGMOP00000011875,CARMIL1,ENSGMOP00000011931,ENSGMOP00000011999,EIF2AK4,ENSGMOP00000012157,ENSGMOP00000012162,ENSGMOP00000012175,ENSGMOP00000012193,ENSGMOP00000012195,ENSGMOP00000012426,ENSGMOP00000012487,ENSGMOP00000012747,ENSGMOP00000012838,ENSGMOP00000012848,ENSGMOP00000012990,ENSGMOP00000013073,ENSGMOP00000013123,ENSGMOP00000013133,ENSGMOP00000013161,ENSGMOP00000013179,ENSGMOP00000013199,ENSGMOP00000013237,ENSGMOP00000013289,ENSGMOP00000013310,ENSGMOP00000013403,ENSGMOP00000013414,ENSGMOP00000013421,ENSGMOP00000013478,ENSGMOP00000013488,ENSGMOP00000013503,ENSGMOP00000013716,ENSGMOP00000013726,ENSGMOP00000013735,ENSGMOP00000013771,ENSGMOP00000013884,ENSGMOP00000013898,ENSGMOP00000013905,ENSGMOP00000013986,ENSGMOP00000014246,ENSGMOP00000014278,FZD7,ENSGMOP00000014701,ENSGMOP00000014732,TC2N,ENSGMOP00000014786,ENSGMOP00000014787,ENSGMOP00000014980,ENSGMOP00000015029,ENSGMOP00000015111,ENSGMOP00000015213,ENSGMOP00000015257,ENSGMOP00000015399,ENSGMOP00000015409,ENSGMOP00000015513,ENSGMOP00000015517,ENSGMOP00000015595,ENSGMOP00000015596,ENSGMOP00000015608,ENSGMOP00000015763,ENSGMOP00000015783,ENSGMOP00000015883,ENSGMOP00000015921,ENSGMOP00000015954,LOC115530884,ENSGMOP00000016289,ENSGMOP00000016370,ENSGMOP00000016451,ENSGMOP00000016480,ENSGMOP00000016514,ENSGMOP00000016537,ENSGMOP00000016550,ENSGMOP00000016563,ENSGMOP00000016592,TANC2,ENSGMOP00000016798,ENSGMOP00000016804,ENSGMOP00000016837,ENSGMOP00000016976,ENSGMOP00000017025,ENSGMOP00000017031,ENSGMOP00000017060,ENSGMOP00000017088,ENSGMOP00000017190,nr2e1,ENSGMOP00000017230,traf4,ENSGMOP00000017472,ENSGMOP00000017484,ENSGMOP00000017523,ENSGMOP00000017598,ENSGMOP00000017646,ENSGMOP00000017686,EPHA7,TCERG1,ENSGMOP00000017831,ENSGMOP00000017946,ENSGMOP00000017970,ENSGMOP00000017987,PLEKHG4B,ENSGMOP00000018142,IQSEC1,LOC115548846,ENSGMOP00000018378,NFKBID,ENSGMOP00000018501,ENSGMOP00000018508,ARAP1,ENSGMOP00000018651,ENSGMOP00000018652,ENSGMOP00000018669,ENSGMOP00000018687,ENSGMOP00000018777,ENSGMOP00000018866,ENSGMOP00000018876,ENSGMOP00000018897,ENSGMOP00000018935,ENSGMOP00000018982,ENSGMOP00000019065,ENSGMOP00000019131,ENSGMOP00000019151,ENSGMOP00000019422,ENSGMOP00000019427,ENSGMOP00000019437,ENSGMOP00000019559,dock7,ENSGMOP00000019664,ENSGMOP00000019698,ENSGMOP00000019792,ENSGMOP00000019806,ENSGMOP00000019825,ENSGMOP00000019879,ENSGMOP00000019925,ENSGMOP00000019958,ENSGMOP00000020014,ENSGMOP00000020017,ENSGMOP00000020083,ENSGMOP00000020136,ENSGMOP00000020153,ENSGMOP00000020175,ENSGMOP00000020184,ENSGMOP00000020209,SCAF8,ENSGMOP00000020283,ENSGMOP00000020316,ENSGMOP00000020324,ENSGMOP00000020356,ENSGMOP00000020378,ENSGMOP00000020501,ENSGMOP00000020575,PCLO,ENSGMOP00000020924,ENSGMOP00000020956,ENSGMOP00000020964,ENSGMOP00000021047,ENSGMOP00000021060,ENSGMOP00000021165,ENSGMOP00000021169,ENSGMOP00000021515,ENSGMOP00000021947,ENSGMOP00000022095
GO Process	GO:0048518	Positive regulation of biological process	162	4423	0.12	0.29	0.0228	8049.ENSGMOP00000000041,8049.ENSGMOP00000000161,8049.ENSGMOP00000000192,8049.ENSGMOP00000000295,8049.ENSGMOP00000000394,8049.ENSGMOP00000000741,8049.ENSGMOP00000001262,8049.ENSGMOP00000002137,8049.ENSGMOP00000002428,8049.ENSGMOP00000002747,8049.ENSGMOP00000002791,8049.ENSGMOP00000002866,8049.ENSGMOP00000002912,8049.ENSGMOP00000002985,8049.ENSGMOP00000003196,8049.ENSGMOP00000003381,8049.ENSGMOP00000003547,8049.ENSGMOP00000003697,8049.ENSGMOP00000003762,8049.ENSGMOP00000003813,8049.ENSGMOP00000003815,8049.ENSGMOP00000004042,8049.ENSGMOP00000004055,8049.ENSGMOP00000004060,8049.ENSGMOP00000004080,8049.ENSGMOP00000004622,8049.ENSGMOP00000004711,8049.ENSGMOP00000004779,8049.ENSGMOP00000005051,8049.ENSGMOP00000005084,8049.ENSGMOP00000005303,8049.ENSGMOP00000005762,8049.ENSGMOP00000005945,8049.ENSGMOP00000006025,8049.ENSGMOP00000006144,8049.ENSGMOP00000006173,8049.ENSGMOP00000006196,8049.ENSGMOP00000006407,8049.ENSGMOP00000006445,8049.ENSGMOP00000006487,8049.ENSGMOP00000006502,8049.ENSGMOP00000006608,8049.ENSGMOP00000006699,8049.ENSGMOP00000006709,8049.ENSGMOP00000007059,8049.ENSGMOP00000007440,8049.ENSGMOP00000007501,8049.ENSGMOP00000007573,8049.ENSGMOP00000007617,8049.ENSGMOP00000007783,8049.ENSGMOP00000007826,8049.ENSGMOP00000007903,8049.ENSGMOP00000007919,8049.ENSGMOP00000008302,8049.ENSGMOP00000008350,8049.ENSGMOP00000008382,8049.ENSGMOP00000008403,8049.ENSGMOP00000008547,8049.ENSGMOP00000008653,8049.ENSGMOP00000008712,8049.ENSGMOP00000008756,8049.ENSGMOP00000008916,8049.ENSGMOP00000009009,8049.ENSGMOP00000009025,8049.ENSGMOP00000009037,8049.ENSGMOP00000009051,8049.ENSGMOP00000009364,8049.ENSGMOP00000009512,8049.ENSGMOP00000009927,8049.ENSGMOP00000010218,8049.ENSGMOP00000010232,8049.ENSGMOP00000010300,8049.ENSGMOP00000010431,8049.ENSGMOP00000010432,8049.ENSGMOP00000010519,8049.ENSGMOP00000010949,8049.ENSGMOP00000010993,8049.ENSGMOP00000011071,8049.ENSGMOP00000011336,8049.ENSGMOP00000011350,8049.ENSGMOP00000011571,8049.ENSGMOP00000011712,8049.ENSGMOP00000011775,8049.ENSGMOP00000011787,8049.ENSGMOP00000011795,8049.ENSGMOP00000011929,8049.ENSGMOP00000011931,8049.ENSGMOP00000012148,8049.ENSGMOP00000012162,8049.ENSGMOP00000012175,8049.ENSGMOP00000012193,8049.ENSGMOP00000012195,8049.ENSGMOP00000012426,8049.ENSGMOP00000012848,8049.ENSGMOP00000012990,8049.ENSGMOP00000013073,8049.ENSGMOP00000013199,8049.ENSGMOP00000013237,8049.ENSGMOP00000013310,8049.ENSGMOP00000013403,8049.ENSGMOP00000013414,8049.ENSGMOP00000013478,8049.ENSGMOP00000013716,8049.ENSGMOP00000013884,8049.ENSGMOP00000013986,8049.ENSGMOP00000014586,8049.ENSGMOP00000014980,8049.ENSGMOP00000015257,8049.ENSGMOP00000015409,8049.ENSGMOP00000015513,8049.ENSGMOP00000015517,8049.ENSGMOP00000015595,8049.ENSGMOP00000015608,8049.ENSGMOP00000015921,8049.ENSGMOP00000016289,8049.ENSGMOP00000016370,8049.ENSGMOP00000016451,8049.ENSGMOP00000016514,8049.ENSGMOP00000016537,8049.ENSGMOP00000016550,8049.ENSGMOP00000016592,8049.ENSGMOP00000016798,8049.ENSGMOP00000016837,8049.ENSGMOP00000016976,8049.ENSGMOP00000017031,8049.ENSGMOP00000017060,8049.ENSGMOP00000017190,8049.ENSGMOP00000017230,8049.ENSGMOP00000017345,8049.ENSGMOP00000017484,8049.ENSGMOP00000017523,8049.ENSGMOP00000017598,8049.ENSGMOP00000017686,8049.ENSGMOP00000017702,8049.ENSGMOP00000017946,8049.ENSGMOP00000017970,8049.ENSGMOP00000018142,8049.ENSGMOP00000018456,8049.ENSGMOP00000018508,8049.ENSGMOP00000018651,8049.ENSGMOP00000018687,8049.ENSGMOP00000018777,8049.ENSGMOP00000018866,8049.ENSGMOP00000018982,8049.ENSGMOP00000019065,8049.ENSGMOP00000019131,8049.ENSGMOP00000019664,8049.ENSGMOP00000019792,8049.ENSGMOP00000019925,8049.ENSGMOP00000019958,8049.ENSGMOP00000020136,8049.ENSGMOP00000020175,8049.ENSGMOP00000020184,8049.ENSGMOP00000020209,8049.ENSGMOP00000020316,8049.ENSGMOP00000020324,8049.ENSGMOP00000020356,8049.ENSGMOP00000020501,8049.ENSGMOP00000020575,8049.ENSGMOP00000020924,8049.ENSGMOP00000020956,8049.ENSGMOP00000021165	ENSGMOP00000000041,ENSGMOP00000000161,ENSGMOP00000000192,ENSGMOP00000000295,ENSGMOP00000000394,ENSGMOP00000000741,ENSGMOP00000001262,babam2,ENSGMOP00000002428,ENSGMOP00000002747,ENSGMOP00000002791,ENSGMOP00000002866,ENSGMOP00000002912,ENSGMOP00000002985,ZNF521,ENSGMOP00000003381,ENSGMOP00000003547,ENSGMOP00000003697,ENSGMOP00000003762,ENSGMOP00000003813,ENSGMOP00000003815,ENSGMOP00000004042,ENSGMOP00000004055,ENSGMOP00000004060,ENSGMOP00000004080,ENSGMOP00000004622,ENSGMOP00000004711,ENSGMOP00000004779,ENSGMOP00000005051,ENSGMOP00000005084,ENSGMOP00000005303,ENSGMOP00000005762,ENSGMOP00000005945,ENSGMOP00000006025,ENSGMOP00000006144,ENSGMOP00000006173,ENSGMOP00000006196,ENSGMOP00000006407,ENSGMOP00000006445,cyld,ENSGMOP00000006502,ENSGMOP00000006608,ENSGMOP00000006699,ENSGMOP00000006709,NFATC1,ENSGMOP00000007440,ENSGMOP00000007501,ENSGMOP00000007573,ENSGMOP00000007617,ENSGMOP00000007783,SEMA6A,ENSGMOP00000007903,ENSGMOP00000007919,ENSGMOP00000008302,ENSGMOP00000008350,ENSGMOP00000008382,ENSGMOP00000008403,ENSGMOP00000008547,ENSGMOP00000008653,ENSGMOP00000008712,ENSGMOP00000008756,ENSGMOP00000008916,JMY,ENSGMOP00000009025,ENSGMOP00000009037,ENSGMOP00000009051,ENSGMOP00000009364,ENSGMOP00000009512,ENSGMOP00000009927,ENSGMOP00000010218,ENSGMOP00000010232,ENSGMOP00000010300,ENSGMOP00000010431,ENSGMOP00000010432,ENSGMOP00000010519,ENSGMOP00000010949,ENSGMOP00000010993,ENSGMOP00000011071,ENSGMOP00000011336,ENSGMOP00000011350,ENSGMOP00000011571,ENSGMOP00000011712,ENSGMOP00000011775,ENSGMOP00000011787,ENSGMOP00000011795,CARMIL1,ENSGMOP00000011931,EIF2AK4,ENSGMOP00000012162,ENSGMOP00000012175,ENSGMOP00000012193,ENSGMOP00000012195,ENSGMOP00000012426,ENSGMOP00000012848,ENSGMOP00000012990,ENSGMOP00000013073,ENSGMOP00000013199,ENSGMOP00000013237,ENSGMOP00000013310,ENSGMOP00000013403,ENSGMOP00000013414,ENSGMOP00000013478,ENSGMOP00000013716,ENSGMOP00000013884,ENSGMOP00000013986,FZD7,ENSGMOP00000014980,ENSGMOP00000015257,ENSGMOP00000015409,ENSGMOP00000015513,ENSGMOP00000015517,ENSGMOP00000015595,ENSGMOP00000015608,ENSGMOP00000015921,ENSGMOP00000016289,ENSGMOP00000016370,ENSGMOP00000016451,ENSGMOP00000016514,ENSGMOP00000016537,ENSGMOP00000016550,ENSGMOP00000016592,ENSGMOP00000016798,ENSGMOP00000016837,ENSGMOP00000016976,ENSGMOP00000017031,ENSGMOP00000017060,ENSGMOP00000017190,ENSGMOP00000017230,traf4,ENSGMOP00000017484,ENSGMOP00000017523,ENSGMOP00000017598,ENSGMOP00000017686,EPHA7,ENSGMOP00000017946,ENSGMOP00000017970,ENSGMOP00000018142,NFKBID,ENSGMOP00000018508,ENSGMOP00000018651,ENSGMOP00000018687,ENSGMOP00000018777,ENSGMOP00000018866,ENSGMOP00000018982,ENSGMOP00000019065,ENSGMOP00000019131,ENSGMOP00000019664,ENSGMOP00000019792,ENSGMOP00000019925,ENSGMOP00000019958,ENSGMOP00000020136,ENSGMOP00000020175,ENSGMOP00000020184,ENSGMOP00000020209,ENSGMOP00000020316,ENSGMOP00000020324,ENSGMOP00000020356,ENSGMOP00000020501,ENSGMOP00000020575,ENSGMOP00000020924,ENSGMOP00000020956,ENSGMOP00000021165
GO Process	GO:0043085	Positive regulation of catalytic activity	39	717	0.29	0.33	0.0243	8049.ENSGMOP00000000192,8049.ENSGMOP00000000394,8049.ENSGMOP00000002747,8049.ENSGMOP00000002866,8049.ENSGMOP00000003547,8049.ENSGMOP00000003697,8049.ENSGMOP00000004042,8049.ENSGMOP00000004779,8049.ENSGMOP00000004951,8049.ENSGMOP00000006539,8049.ENSGMOP00000008306,8049.ENSGMOP00000008350,8049.ENSGMOP00000009057,8049.ENSGMOP00000009658,8049.ENSGMOP00000011506,8049.ENSGMOP00000011775,8049.ENSGMOP00000011795,8049.ENSGMOP00000012049,8049.ENSGMOP00000013289,8049.ENSGMOP00000013403,8049.ENSGMOP00000013735,8049.ENSGMOP00000014701,8049.ENSGMOP00000014864,8049.ENSGMOP00000015085,8049.ENSGMOP00000016451,8049.ENSGMOP00000016550,8049.ENSGMOP00000016798,8049.ENSGMOP00000016837,8049.ENSGMOP00000017345,8049.ENSGMOP00000017702,8049.ENSGMOP00000017970,8049.ENSGMOP00000018010,8049.ENSGMOP00000018142,8049.ENSGMOP00000018619,8049.ENSGMOP00000019575,8049.ENSGMOP00000019879,8049.ENSGMOP00000020136,8049.ENSGMOP00000020184,8049.ENSGMOP00000021060	ENSGMOP00000000192,ENSGMOP00000000394,ENSGMOP00000002747,ENSGMOP00000002866,ENSGMOP00000003547,ENSGMOP00000003697,ENSGMOP00000004042,ENSGMOP00000004779,ENSGMOP00000004951,ENSGMOP00000006539,DOCK9,ENSGMOP00000008350,ENSGMOP00000009057,ENSGMOP00000009658,ENSGMOP00000011506,ENSGMOP00000011775,ENSGMOP00000011795,ENSGMOP00000012049,ENSGMOP00000013289,ENSGMOP00000013403,ENSGMOP00000013735,ENSGMOP00000014701,ARHGEF26,ENSGMOP00000015085,ENSGMOP00000016451,ENSGMOP00000016550,ENSGMOP00000016798,ENSGMOP00000016837,traf4,EPHA7,ENSGMOP00000017970,ENSGMOP00000018010,ENSGMOP00000018142,ARAP1,dock7,ENSGMOP00000019879,ENSGMOP00000020136,ENSGMOP00000020184,ENSGMOP00000021060
GO Process	GO:0035239	Tube morphogenesis	29	469	0.35	0.34	0.0246	8049.ENSGMOP00000000161,8049.ENSGMOP00000000295,8049.ENSGMOP00000000320,8049.ENSGMOP00000001090,8049.ENSGMOP00000002428,8049.ENSGMOP00000003547,8049.ENSGMOP00000004042,8049.ENSGMOP00000004060,8049.ENSGMOP00000004076,8049.ENSGMOP00000005360,8049.ENSGMOP00000006481,8049.ENSGMOP00000006502,8049.ENSGMOP00000007617,8049.ENSGMOP00000009927,8049.ENSGMOP00000009994,8049.ENSGMOP00000010949,8049.ENSGMOP00000010993,8049.ENSGMOP00000011071,8049.ENSGMOP00000011999,8049.ENSGMOP00000012175,8049.ENSGMOP00000012470,8049.ENSGMOP00000013488,8049.ENSGMOP00000013595,8049.ENSGMOP00000017190,8049.ENSGMOP00000017401,8049.ENSGMOP00000018921,8049.ENSGMOP00000019698,8049.ENSGMOP00000020356,8049.ENSGMOP00000020924	ENSGMOP00000000161,ENSGMOP00000000295,ENSGMOP00000000320,ENSGMOP00000001090,ENSGMOP00000002428,ENSGMOP00000003547,ENSGMOP00000004042,ENSGMOP00000004060,ENSGMOP00000004076,ENSGMOP00000005360,ENSGMOP00000006481,ENSGMOP00000006502,ENSGMOP00000007617,ENSGMOP00000009927,ENSGMOP00000009994,ENSGMOP00000010949,ENSGMOP00000010993,ENSGMOP00000011071,ENSGMOP00000011999,ENSGMOP00000012175,ENSGMOP00000012470,ENSGMOP00000013488,MYO1D,ENSGMOP00000017190,ENSGMOP00000017401,ENSGMOP00000018921,ENSGMOP00000019698,ENSGMOP00000020356,ENSGMOP00000020924
GO Process	GO:0007165	Signal transduction	137	3637	0.13	0.29	0.0272	8049.ENSGMOP00000000161,8049.ENSGMOP00000000191,8049.ENSGMOP00000000192,8049.ENSGMOP00000000294,8049.ENSGMOP00000000295,8049.ENSGMOP00000000391,8049.ENSGMOP00000000394,8049.ENSGMOP00000000692,8049.ENSGMOP00000000741,8049.ENSGMOP00000001366,8049.ENSGMOP00000001971,8049.ENSGMOP00000002137,8049.ENSGMOP00000002229,8049.ENSGMOP00000002293,8049.ENSGMOP00000002422,8049.ENSGMOP00000002747,8049.ENSGMOP00000002791,8049.ENSGMOP00000002912,8049.ENSGMOP00000002985,8049.ENSGMOP00000003762,8049.ENSGMOP00000003911,8049.ENSGMOP00000003952,8049.ENSGMOP00000004042,8049.ENSGMOP00000004735,8049.ENSGMOP00000004779,8049.ENSGMOP00000005051,8049.ENSGMOP00000005232,8049.ENSGMOP00000005303,8049.ENSGMOP00000006025,8049.ENSGMOP00000006065,8049.ENSGMOP00000006173,8049.ENSGMOP00000006487,8049.ENSGMOP00000006502,8049.ENSGMOP00000006558,8049.ENSGMOP00000006563,8049.ENSGMOP00000006578,8049.ENSGMOP00000006699,8049.ENSGMOP00000006898,8049.ENSGMOP00000007059,8049.ENSGMOP00000007129,8049.ENSGMOP00000007501,8049.ENSGMOP00000007568,8049.ENSGMOP00000007826,8049.ENSGMOP00000007903,8049.ENSGMOP00000008306,8049.ENSGMOP00000008350,8049.ENSGMOP00000008382,8049.ENSGMOP00000008403,8049.ENSGMOP00000008467,8049.ENSGMOP00000008706,8049.ENSGMOP00000008869,8049.ENSGMOP00000009009,8049.ENSGMOP00000009051,8049.ENSGMOP00000009057,8049.ENSGMOP00000009093,8049.ENSGMOP00000009364,8049.ENSGMOP00000009709,8049.ENSGMOP00000009927,8049.ENSGMOP00000010033,8049.ENSGMOP00000010218,8049.ENSGMOP00000010300,8049.ENSGMOP00000010397,8049.ENSGMOP00000010431,8049.ENSGMOP00000010518,8049.ENSGMOP00000010519,8049.ENSGMOP00000011506,8049.ENSGMOP00000011775,8049.ENSGMOP00000011795,8049.ENSGMOP00000011875,8049.ENSGMOP00000011931,8049.ENSGMOP00000011999,8049.ENSGMOP00000012148,8049.ENSGMOP00000012175,8049.ENSGMOP00000012195,8049.ENSGMOP00000012426,8049.ENSGMOP00000012990,8049.ENSGMOP00000013179,8049.ENSGMOP00000013199,8049.ENSGMOP00000013237,8049.ENSGMOP00000013289,8049.ENSGMOP00000013310,8049.ENSGMOP00000013403,8049.ENSGMOP00000013414,8049.ENSGMOP00000013488,8049.ENSGMOP00000013735,8049.ENSGMOP00000014246,8049.ENSGMOP00000014586,8049.ENSGMOP00000014701,8049.ENSGMOP00000014732,8049.ENSGMOP00000014787,8049.ENSGMOP00000014980,8049.ENSGMOP00000015111,8049.ENSGMOP00000015513,8049.ENSGMOP00000015517,8049.ENSGMOP00000015596,8049.ENSGMOP00000015608,8049.ENSGMOP00000015763,8049.ENSGMOP00000015783,8049.ENSGMOP00000016289,8049.ENSGMOP00000016370,8049.ENSGMOP00000016451,8049.ENSGMOP00000016514,8049.ENSGMOP00000016537,8049.ENSGMOP00000016798,8049.ENSGMOP00000016804,8049.ENSGMOP00000016837,8049.ENSGMOP00000017025,8049.ENSGMOP00000017031,8049.ENSGMOP00000017088,8049.ENSGMOP00000017194,8049.ENSGMOP00000017345,8049.ENSGMOP00000017472,8049.ENSGMOP00000017523,8049.ENSGMOP00000017702,8049.ENSGMOP00000017831,8049.ENSGMOP00000018142,8049.ENSGMOP00000018368,8049.ENSGMOP00000018378,8049.ENSGMOP00000018456,8049.ENSGMOP00000018508,8049.ENSGMOP00000018619,8049.ENSGMOP00000018652,8049.ENSGMOP00000018669,8049.ENSGMOP00000018876,8049.ENSGMOP00000018897,8049.ENSGMOP00000019427,8049.ENSGMOP00000019575,8049.ENSGMOP00000019698,8049.ENSGMOP00000019806,8049.ENSGMOP00000020136,8049.ENSGMOP00000020184,8049.ENSGMOP00000020356,8049.ENSGMOP00000020378,8049.ENSGMOP00000020834,8049.ENSGMOP00000020924,8049.ENSGMOP00000021060,8049.ENSGMOP00000021165	ENSGMOP00000000161,ENSGMOP00000000191,ENSGMOP00000000192,ENSGMOP00000000294,ENSGMOP00000000295,ENSGMOP00000000391,ENSGMOP00000000394,ENSGMOP00000000692,ENSGMOP00000000741,ENSGMOP00000001366,ENSGMOP00000001971,babam2,ENSGMOP00000002229,ENSGMOP00000002293,ENSGMOP00000002422,ENSGMOP00000002747,ENSGMOP00000002791,ENSGMOP00000002912,ENSGMOP00000002985,ENSGMOP00000003762,ENSGMOP00000003911,ENSGMOP00000003952,ENSGMOP00000004042,ENSGMOP00000004735,ENSGMOP00000004779,ENSGMOP00000005051,ENSGMOP00000005232,ENSGMOP00000005303,ENSGMOP00000006025,ENSGMOP00000006065,ENSGMOP00000006173,cyld,ENSGMOP00000006502,ENSGMOP00000006558,ENSGMOP00000006563,ENSGMOP00000006578,ENSGMOP00000006699,ENSGMOP00000006898,NFATC1,ENSGMOP00000007129,ENSGMOP00000007501,ENSGMOP00000007568,SEMA6A,ENSGMOP00000007903,DOCK9,ENSGMOP00000008350,ENSGMOP00000008382,ENSGMOP00000008403,ENSGMOP00000008467,ENSGMOP00000008706,ENSGMOP00000008869,JMY,ENSGMOP00000009051,ENSGMOP00000009057,ENSGMOP00000009093,ENSGMOP00000009364,ENSGMOP00000009709,ENSGMOP00000009927,ENSGMOP00000010033,ENSGMOP00000010218,ENSGMOP00000010300,ENSGMOP00000010397,ENSGMOP00000010431,ENSGMOP00000010518,ENSGMOP00000010519,ENSGMOP00000011506,ENSGMOP00000011775,ENSGMOP00000011795,ENSGMOP00000011875,ENSGMOP00000011931,ENSGMOP00000011999,EIF2AK4,ENSGMOP00000012175,ENSGMOP00000012195,ENSGMOP00000012426,ENSGMOP00000012990,ENSGMOP00000013179,ENSGMOP00000013199,ENSGMOP00000013237,ENSGMOP00000013289,ENSGMOP00000013310,ENSGMOP00000013403,ENSGMOP00000013414,ENSGMOP00000013488,ENSGMOP00000013735,ENSGMOP00000014246,FZD7,ENSGMOP00000014701,ENSGMOP00000014732,ENSGMOP00000014787,ENSGMOP00000014980,ENSGMOP00000015111,ENSGMOP00000015513,ENSGMOP00000015517,ENSGMOP00000015596,ENSGMOP00000015608,ENSGMOP00000015763,ENSGMOP00000015783,ENSGMOP00000016289,ENSGMOP00000016370,ENSGMOP00000016451,ENSGMOP00000016514,ENSGMOP00000016537,ENSGMOP00000016798,ENSGMOP00000016804,ENSGMOP00000016837,ENSGMOP00000017025,ENSGMOP00000017031,ENSGMOP00000017088,nr2e1,traf4,ENSGMOP00000017472,ENSGMOP00000017523,EPHA7,ENSGMOP00000017831,ENSGMOP00000018142,LOC115548846,ENSGMOP00000018378,NFKBID,ENSGMOP00000018508,ARAP1,ENSGMOP00000018652,ENSGMOP00000018669,ENSGMOP00000018876,ENSGMOP00000018897,ENSGMOP00000019427,dock7,ENSGMOP00000019698,ENSGMOP00000019806,ENSGMOP00000020136,ENSGMOP00000020184,ENSGMOP00000020356,ENSGMOP00000020378,PCLO,ENSGMOP00000020924,ENSGMOP00000021060,ENSGMOP00000021165
GO Process	GO:0007155	Cell adhesion	38	702	0.29	0.31	0.0291	8049.ENSGMOP00000000637,8049.ENSGMOP00000000860,8049.ENSGMOP00000001366,8049.ENSGMOP00000001688,8049.ENSGMOP00000002791,8049.ENSGMOP00000002985,8049.ENSGMOP00000003483,8049.ENSGMOP00000003929,8049.ENSGMOP00000004711,8049.ENSGMOP00000004825,8049.ENSGMOP00000005232,8049.ENSGMOP00000005306,8049.ENSGMOP00000006532,8049.ENSGMOP00000006686,8049.ENSGMOP00000006782,8049.ENSGMOP00000006898,8049.ENSGMOP00000007415,8049.ENSGMOP00000008778,8049.ENSGMOP00000009025,8049.ENSGMOP00000010518,8049.ENSGMOP00000010993,8049.ENSGMOP00000012838,8049.ENSGMOP00000014551,8049.ENSGMOP00000014931,8049.ENSGMOP00000015595,8049.ENSGMOP00000015608,8049.ENSGMOP00000016347,8049.ENSGMOP00000016695,8049.ENSGMOP00000016798,8049.ENSGMOP00000016804,8049.ENSGMOP00000017025,8049.ENSGMOP00000017385,8049.ENSGMOP00000017523,8049.ENSGMOP00000018897,8049.ENSGMOP00000019958,8049.ENSGMOP00000020175,8049.ENSGMOP00000021061,8049.ENSGMOP00000021130	ENSGMOP00000000637,ENSGMOP00000000860,ENSGMOP00000001366,ENSGMOP00000001688,ENSGMOP00000002791,ENSGMOP00000002985,LAMA3,ENSGMOP00000003929,ENSGMOP00000004711,ENSGMOP00000004825,ENSGMOP00000005232,ENSGMOP00000005306,ENSGMOP00000006532,LPP,ENSGMOP00000006782,ENSGMOP00000006898,ENSGMOP00000007415,ENSGMOP00000008778,ENSGMOP00000009025,ENSGMOP00000010518,ENSGMOP00000010993,ENSGMOP00000012838,ENSGMOP00000014551,ENSGMOP00000014931,ENSGMOP00000015595,ENSGMOP00000015608,ENSGMOP00000016347,ENSGMOP00000016695,ENSGMOP00000016798,ENSGMOP00000016804,ENSGMOP00000017025,ENSGMOP00000017385,ENSGMOP00000017523,ENSGMOP00000018897,ENSGMOP00000019958,ENSGMOP00000020175,CTNND1,ENSGMOP00000021130
GO Process	GO:0016477	Cell migration	34	599	0.31	0.32	0.0291	8049.ENSGMOP00000000394,8049.ENSGMOP00000000741,8049.ENSGMOP00000000860,8049.ENSGMOP00000001366,8049.ENSGMOP00000002910,8049.ENSGMOP00000002985,8049.ENSGMOP00000003929,8049.ENSGMOP00000004080,8049.ENSGMOP00000007415,8049.ENSGMOP00000007826,8049.ENSGMOP00000009927,8049.ENSGMOP00000009994,8049.ENSGMOP00000010519,8049.ENSGMOP00000011929,8049.ENSGMOP00000012175,8049.ENSGMOP00000012990,8049.ENSGMOP00000013123,8049.ENSGMOP00000013488,8049.ENSGMOP00000013716,8049.ENSGMOP00000014503,8049.ENSGMOP00000014787,8049.ENSGMOP00000014980,8049.ENSGMOP00000015111,8049.ENSGMOP00000015595,8049.ENSGMOP00000016347,8049.ENSGMOP00000016798,8049.ENSGMOP00000017025,8049.ENSGMOP00000017523,8049.ENSGMOP00000018651,8049.ENSGMOP00000019499,8049.ENSGMOP00000019698,8049.ENSGMOP00000020175,8049.ENSGMOP00000020956,8049.ENSGMOP00000021165	ENSGMOP00000000394,ENSGMOP00000000741,ENSGMOP00000000860,ENSGMOP00000001366,ENSGMOP00000002910,ENSGMOP00000002985,ENSGMOP00000003929,ENSGMOP00000004080,ENSGMOP00000007415,SEMA6A,ENSGMOP00000009927,ENSGMOP00000009994,ENSGMOP00000010519,CARMIL1,ENSGMOP00000012175,ENSGMOP00000012990,ENSGMOP00000013123,ENSGMOP00000013488,ENSGMOP00000013716,ENSGMOP00000014503,ENSGMOP00000014787,ENSGMOP00000014980,ENSGMOP00000015111,ENSGMOP00000015595,ENSGMOP00000016347,ENSGMOP00000016798,ENSGMOP00000017025,ENSGMOP00000017523,ENSGMOP00000018651,ENSGMOP00000019499,ENSGMOP00000019698,ENSGMOP00000020175,ENSGMOP00000020956,ENSGMOP00000021165
GO Process	GO:0071840	Cellular component organization or biogenesis	175	4885	0.11	0.28	0.0291	8049.ENSGMOP00000000161,8049.ENSGMOP00000000192,8049.ENSGMOP00000000295,8049.ENSGMOP00000000349,8049.ENSGMOP00000000394,8049.ENSGMOP00000000409,8049.ENSGMOP00000000455,8049.ENSGMOP00000000507,8049.ENSGMOP00000000641,8049.ENSGMOP00000000655,8049.ENSGMOP00000000734,8049.ENSGMOP00000000797,8049.ENSGMOP00000001090,8049.ENSGMOP00000001588,8049.ENSGMOP00000001971,8049.ENSGMOP00000002137,8049.ENSGMOP00000002229,8049.ENSGMOP00000002428,8049.ENSGMOP00000002722,8049.ENSGMOP00000002747,8049.ENSGMOP00000002791,8049.ENSGMOP00000002898,8049.ENSGMOP00000003547,8049.ENSGMOP00000003697,8049.ENSGMOP00000003809,8049.ENSGMOP00000003815,8049.ENSGMOP00000003911,8049.ENSGMOP00000004055,8049.ENSGMOP00000005360,8049.ENSGMOP00000005714,8049.ENSGMOP00000005796,8049.ENSGMOP00000005945,8049.ENSGMOP00000006025,8049.ENSGMOP00000006035,8049.ENSGMOP00000006065,8049.ENSGMOP00000006071,8049.ENSGMOP00000006173,8049.ENSGMOP00000006196,8049.ENSGMOP00000006247,8049.ENSGMOP00000006445,8049.ENSGMOP00000006446,8049.ENSGMOP00000006501,8049.ENSGMOP00000006558,8049.ENSGMOP00000006563,8049.ENSGMOP00000006594,8049.ENSGMOP00000006664,8049.ENSGMOP00000007001,8049.ENSGMOP00000007129,8049.ENSGMOP00000007249,8049.ENSGMOP00000007415,8049.ENSGMOP00000007501,8049.ENSGMOP00000007617,8049.ENSGMOP00000007826,8049.ENSGMOP00000007853,8049.ENSGMOP00000008308,8049.ENSGMOP00000008316,8049.ENSGMOP00000008329,8049.ENSGMOP00000008403,8049.ENSGMOP00000008653,8049.ENSGMOP00000008916,8049.ENSGMOP00000009009,8049.ENSGMOP00000009025,8049.ENSGMOP00000009037,8049.ENSGMOP00000009057,8049.ENSGMOP00000009077,8049.ENSGMOP00000009364,8049.ENSGMOP00000009386,8049.ENSGMOP00000009796,8049.ENSGMOP00000009927,8049.ENSGMOP00000009994,8049.ENSGMOP00000010232,8049.ENSGMOP00000010374,8049.ENSGMOP00000010397,8049.ENSGMOP00000010407,8049.ENSGMOP00000010431,8049.ENSGMOP00000010519,8049.ENSGMOP00000010611,8049.ENSGMOP00000010761,8049.ENSGMOP00000010783,8049.ENSGMOP00000010993,8049.ENSGMOP00000011013,8049.ENSGMOP00000011071,8049.ENSGMOP00000011099,8049.ENSGMOP00000011340,8049.ENSGMOP00000011365,8049.ENSGMOP00000011480,8049.ENSGMOP00000011495,8049.ENSGMOP00000011626,8049.ENSGMOP00000011656,8049.ENSGMOP00000011775,8049.ENSGMOP00000011826,8049.ENSGMOP00000011890,8049.ENSGMOP00000011929,8049.ENSGMOP00000012028,8049.ENSGMOP00000012148,8049.ENSGMOP00000012260,8049.ENSGMOP00000012487,8049.ENSGMOP00000012838,8049.ENSGMOP00000013161,8049.ENSGMOP00000013403,8049.ENSGMOP00000013421,8049.ENSGMOP00000013488,8049.ENSGMOP00000013688,8049.ENSGMOP00000013716,8049.ENSGMOP00000013735,8049.ENSGMOP00000013771,8049.ENSGMOP00000013898,8049.ENSGMOP00000013951,8049.ENSGMOP00000014411,8049.ENSGMOP00000014503,8049.ENSGMOP00000014630,8049.ENSGMOP00000014786,8049.ENSGMOP00000014864,8049.ENSGMOP00000014892,8049.ENSGMOP00000015213,8049.ENSGMOP00000015257,8049.ENSGMOP00000015260,8049.ENSGMOP00000015399,8049.ENSGMOP00000015595,8049.ENSGMOP00000015608,8049.ENSGMOP00000016347,8049.ENSGMOP00000016451,8049.ENSGMOP00000016592,8049.ENSGMOP00000016695,8049.ENSGMOP00000016804,8049.ENSGMOP00000017088,8049.ENSGMOP00000017109,8049.ENSGMOP00000017190,8049.ENSGMOP00000017367,8049.ENSGMOP00000017401,8049.ENSGMOP00000017484,8049.ENSGMOP00000017587,8049.ENSGMOP00000017598,8049.ENSGMOP00000017628,8049.ENSGMOP00000017686,8049.ENSGMOP00000017691,8049.ENSGMOP00000017702,8049.ENSGMOP00000017800,8049.ENSGMOP00000017842,8049.ENSGMOP00000017944,8049.ENSGMOP00000017946,8049.ENSGMOP00000017970,8049.ENSGMOP00000018142,8049.ENSGMOP00000018313,8049.ENSGMOP00000018410,8049.ENSGMOP00000018508,8049.ENSGMOP00000018651,8049.ENSGMOP00000018767,8049.ENSGMOP00000018876,8049.ENSGMOP00000018982,8049.ENSGMOP00000019065,8049.ENSGMOP00000019163,8049.ENSGMOP00000019427,8049.ENSGMOP00000019559,8049.ENSGMOP00000019580,8049.ENSGMOP00000019664,8049.ENSGMOP00000019698,8049.ENSGMOP00000019765,8049.ENSGMOP00000019792,8049.ENSGMOP00000019795,8049.ENSGMOP00000019958,8049.ENSGMOP00000020017,8049.ENSGMOP00000020083,8049.ENSGMOP00000020089,8049.ENSGMOP00000020175,8049.ENSGMOP00000020209,8049.ENSGMOP00000020283,8049.ENSGMOP00000020324,8049.ENSGMOP00000020834,8049.ENSGMOP00000020964,8049.ENSGMOP00000021028,8049.ENSGMOP00000021060,8049.ENSGMOP00000021061,8049.ENSGMOP00000021165,8049.ENSGMOP00000021169	ENSGMOP00000000161,ENSGMOP00000000192,ENSGMOP00000000295,ENSGMOP00000000349,ENSGMOP00000000394,ENSGMOP00000000409,SHKBP1,ENSGMOP00000000507,ENSGMOP00000000641,ENSGMOP00000000655,MACF1,ENSGMOP00000000797,ENSGMOP00000001090,ENSGMOP00000001588,ENSGMOP00000001971,babam2,ENSGMOP00000002229,ENSGMOP00000002428,NTN1,ENSGMOP00000002747,ENSGMOP00000002791,ENSGMOP00000002898,ENSGMOP00000003547,ENSGMOP00000003697,ENSGMOP00000003809,ENSGMOP00000003815,ENSGMOP00000003911,ENSGMOP00000004055,ENSGMOP00000005360,DST,ENSGMOP00000005796,ENSGMOP00000005945,ENSGMOP00000006025,ENSGMOP00000006035,ENSGMOP00000006065,ENSGMOP00000006071,ENSGMOP00000006173,ENSGMOP00000006196,ENSGMOP00000006247,ENSGMOP00000006445,vps18,ENSGMOP00000006501,ENSGMOP00000006558,ENSGMOP00000006563,ENSGMOP00000006594,ENSGMOP00000006664,ENSGMOP00000007001,ENSGMOP00000007129,ENSGMOP00000007249,ENSGMOP00000007415,ENSGMOP00000007501,ENSGMOP00000007617,SEMA6A,ENSGMOP00000007853,ENSGMOP00000008308,ENSGMOP00000008316,ENSGMOP00000008329,ENSGMOP00000008403,ENSGMOP00000008653,ENSGMOP00000008916,JMY,ENSGMOP00000009025,ENSGMOP00000009037,ENSGMOP00000009057,ENSGMOP00000009077,ENSGMOP00000009364,ENSGMOP00000009386,ADAMTS20,ENSGMOP00000009927,ENSGMOP00000009994,ENSGMOP00000010232,ENSGMOP00000010374,ENSGMOP00000010397,ENSGMOP00000010407,ENSGMOP00000010431,ENSGMOP00000010519,ENSGMOP00000010611,ENSGMOP00000010761,COL25A1,ENSGMOP00000010993,ENSGMOP00000011013,ENSGMOP00000011071,ENSGMOP00000011099,COL12A1,LLGL1,ENSGMOP00000011480,ENSGMOP00000011495,ARHGEF17,ENSGMOP00000011656,ENSGMOP00000011775,ENSGMOP00000011826,SHROOM2,CARMIL1,ENSGMOP00000012028,EIF2AK4,ENSGMOP00000012260,ENSGMOP00000012487,ENSGMOP00000012838,ENSGMOP00000013161,ENSGMOP00000013403,ENSGMOP00000013421,ENSGMOP00000013488,ENSGMOP00000013688,ENSGMOP00000013716,ENSGMOP00000013735,ENSGMOP00000013771,ENSGMOP00000013898,ENSGMOP00000013951,ENSGMOP00000014411,ENSGMOP00000014503,ENSGMOP00000014630,ENSGMOP00000014786,ARHGEF26,ENSGMOP00000014892,ENSGMOP00000015213,ENSGMOP00000015257,ENSGMOP00000015260,ENSGMOP00000015399,ENSGMOP00000015595,ENSGMOP00000015608,ENSGMOP00000016347,ENSGMOP00000016451,ENSGMOP00000016592,ENSGMOP00000016695,ENSGMOP00000016804,ENSGMOP00000017088,ENSGMOP00000017109,ENSGMOP00000017190,ENSGMOP00000017367,ENSGMOP00000017401,ENSGMOP00000017484,ENSGMOP00000017587,ENSGMOP00000017598,ENSGMOP00000017628,ENSGMOP00000017686,ENSGMOP00000017691,EPHA7,ENSGMOP00000017800,ENSGMOP00000017842,ENSGMOP00000017944,ENSGMOP00000017946,ENSGMOP00000017970,ENSGMOP00000018142,IQSEC1,ENSGMOP00000018410,ENSGMOP00000018508,ENSGMOP00000018651,ENSGMOP00000018767,ENSGMOP00000018876,ENSGMOP00000018982,ENSGMOP00000019065,ENSGMOP00000019163,ENSGMOP00000019427,ENSGMOP00000019559,ENSGMOP00000019580,ENSGMOP00000019664,ENSGMOP00000019698,PITPNM2,ENSGMOP00000019792,ENSGMOP00000019795,ENSGMOP00000019958,ENSGMOP00000020017,ENSGMOP00000020083,ENSGMOP00000020089,ENSGMOP00000020175,ENSGMOP00000020209,ENSGMOP00000020283,ENSGMOP00000020324,PCLO,ENSGMOP00000020964,ENSGMOP00000021028,ENSGMOP00000021060,CTNND1,ENSGMOP00000021165,ENSGMOP00000021169
GO Process	GO:0009987	Cellular process	463	15342	0.04	0.26	0.0305	8049.ENSGMOP00000000029,8049.ENSGMOP00000000041,8049.ENSGMOP00000000084,8049.ENSGMOP00000000161,8049.ENSGMOP00000000191,8049.ENSGMOP00000000192,8049.ENSGMOP00000000267,8049.ENSGMOP00000000294,8049.ENSGMOP00000000295,8049.ENSGMOP00000000349,8049.ENSGMOP00000000386,8049.ENSGMOP00000000391,8049.ENSGMOP00000000394,8049.ENSGMOP00000000409,8049.ENSGMOP00000000421,8049.ENSGMOP00000000455,8049.ENSGMOP00000000507,8049.ENSGMOP00000000608,8049.ENSGMOP00000000637,8049.ENSGMOP00000000641,8049.ENSGMOP00000000655,8049.ENSGMOP00000000692,8049.ENSGMOP00000000734,8049.ENSGMOP00000000741,8049.ENSGMOP00000000746,8049.ENSGMOP00000000797,8049.ENSGMOP00000000858,8049.ENSGMOP00000000860,8049.ENSGMOP00000000993,8049.ENSGMOP00000001058,8049.ENSGMOP00000001078,8049.ENSGMOP00000001090,8049.ENSGMOP00000001118,8049.ENSGMOP00000001366,8049.ENSGMOP00000001588,8049.ENSGMOP00000001688,8049.ENSGMOP00000001807,8049.ENSGMOP00000001971,8049.ENSGMOP00000002031,8049.ENSGMOP00000002137,8049.ENSGMOP00000002159,8049.ENSGMOP00000002229,8049.ENSGMOP00000002269,8049.ENSGMOP00000002293,8049.ENSGMOP00000002422,8049.ENSGMOP00000002428,8049.ENSGMOP00000002433,8049.ENSGMOP00000002531,8049.ENSGMOP00000002564,8049.ENSGMOP00000002624,8049.ENSGMOP00000002701,8049.ENSGMOP00000002722,8049.ENSGMOP00000002747,8049.ENSGMOP00000002791,8049.ENSGMOP00000002898,8049.ENSGMOP00000002910,8049.ENSGMOP00000002912,8049.ENSGMOP00000002934,8049.ENSGMOP00000002960,8049.ENSGMOP00000002985,8049.ENSGMOP00000003026,8049.ENSGMOP00000003073,8049.ENSGMOP00000003196,8049.ENSGMOP00000003229,8049.ENSGMOP00000003331,8049.ENSGMOP00000003381,8049.ENSGMOP00000003483,8049.ENSGMOP00000003506,8049.ENSGMOP00000003514,8049.ENSGMOP00000003547,8049.ENSGMOP00000003590,8049.ENSGMOP00000003697,8049.ENSGMOP00000003762,8049.ENSGMOP00000003809,8049.ENSGMOP00000003813,8049.ENSGMOP00000003815,8049.ENSGMOP00000003818,8049.ENSGMOP00000003911,8049.ENSGMOP00000003929,8049.ENSGMOP00000003952,8049.ENSGMOP00000004042,8049.ENSGMOP00000004055,8049.ENSGMOP00000004060,8049.ENSGMOP00000004080,8049.ENSGMOP00000004084,8049.ENSGMOP00000004505,8049.ENSGMOP00000004622,8049.ENSGMOP00000004711,8049.ENSGMOP00000004726,8049.ENSGMOP00000004735,8049.ENSGMOP00000004762,8049.ENSGMOP00000004779,8049.ENSGMOP00000004815,8049.ENSGMOP00000004825,8049.ENSGMOP00000004932,8049.ENSGMOP00000005024,8049.ENSGMOP00000005043,8049.ENSGMOP00000005051,8049.ENSGMOP00000005232,8049.ENSGMOP00000005256,8049.ENSGMOP00000005303,8049.ENSGMOP00000005306,8049.ENSGMOP00000005360,8049.ENSGMOP00000005486,8049.ENSGMOP00000005627,8049.ENSGMOP00000005714,8049.ENSGMOP00000005743,8049.ENSGMOP00000005762,8049.ENSGMOP00000005796,8049.ENSGMOP00000005835,8049.ENSGMOP00000005945,8049.ENSGMOP00000006025,8049.ENSGMOP00000006035,8049.ENSGMOP00000006041,8049.ENSGMOP00000006045,8049.ENSGMOP00000006059,8049.ENSGMOP00000006065,8049.ENSGMOP00000006071,8049.ENSGMOP00000006144,8049.ENSGMOP00000006173,8049.ENSGMOP00000006196,8049.ENSGMOP00000006247,8049.ENSGMOP00000006407,8049.ENSGMOP00000006445,8049.ENSGMOP00000006446,8049.ENSGMOP00000006481,8049.ENSGMOP00000006487,8049.ENSGMOP00000006501,8049.ENSGMOP00000006502,8049.ENSGMOP00000006532,8049.ENSGMOP00000006535,8049.ENSGMOP00000006558,8049.ENSGMOP00000006563,8049.ENSGMOP00000006578,8049.ENSGMOP00000006594,8049.ENSGMOP00000006608,8049.ENSGMOP00000006664,8049.ENSGMOP00000006686,8049.ENSGMOP00000006699,8049.ENSGMOP00000006782,8049.ENSGMOP00000006819,8049.ENSGMOP00000006863,8049.ENSGMOP00000006898,8049.ENSGMOP00000006909,8049.ENSGMOP00000007000,8049.ENSGMOP00000007001,8049.ENSGMOP00000007059,8049.ENSGMOP00000007129,8049.ENSGMOP00000007133,8049.ENSGMOP00000007135,8049.ENSGMOP00000007249,8049.ENSGMOP00000007415,8049.ENSGMOP00000007440,8049.ENSGMOP00000007501,8049.ENSGMOP00000007568,8049.ENSGMOP00000007573,8049.ENSGMOP00000007617,8049.ENSGMOP00000007702,8049.ENSGMOP00000007826,8049.ENSGMOP00000007853,8049.ENSGMOP00000007861,8049.ENSGMOP00000007870,8049.ENSGMOP00000007903,8049.ENSGMOP00000007919,8049.ENSGMOP00000007958,8049.ENSGMOP00000008148,8049.ENSGMOP00000008302,8049.ENSGMOP00000008306,8049.ENSGMOP00000008308,8049.ENSGMOP00000008316,8049.ENSGMOP00000008329,8049.ENSGMOP00000008350,8049.ENSGMOP00000008382,8049.ENSGMOP00000008403,8049.ENSGMOP00000008467,8049.ENSGMOP00000008500,8049.ENSGMOP00000008547,8049.ENSGMOP00000008653,8049.ENSGMOP00000008706,8049.ENSGMOP00000008778,8049.ENSGMOP00000008869,8049.ENSGMOP00000008916,8049.ENSGMOP00000009009,8049.ENSGMOP00000009025,8049.ENSGMOP00000009037,8049.ENSGMOP00000009051,8049.ENSGMOP00000009057,8049.ENSGMOP00000009058,8049.ENSGMOP00000009077,8049.ENSGMOP00000009093,8049.ENSGMOP00000009306,8049.ENSGMOP00000009364,8049.ENSGMOP00000009386,8049.ENSGMOP00000009422,8049.ENSGMOP00000009437,8049.ENSGMOP00000009574,8049.ENSGMOP00000009591,8049.ENSGMOP00000009620,8049.ENSGMOP00000009663,8049.ENSGMOP00000009693,8049.ENSGMOP00000009709,8049.ENSGMOP00000009796,8049.ENSGMOP00000009903,8049.ENSGMOP00000009920,8049.ENSGMOP00000009927,8049.ENSGMOP00000009994,8049.ENSGMOP00000010006,8049.ENSGMOP00000010021,8049.ENSGMOP00000010029,8049.ENSGMOP00000010033,8049.ENSGMOP00000010044,8049.ENSGMOP00000010153,8049.ENSGMOP00000010218,8049.ENSGMOP00000010232,8049.ENSGMOP00000010300,8049.ENSGMOP00000010374,8049.ENSGMOP00000010397,8049.ENSGMOP00000010407,8049.ENSGMOP00000010431,8049.ENSGMOP00000010432,8049.ENSGMOP00000010490,8049.ENSGMOP00000010518,8049.ENSGMOP00000010519,8049.ENSGMOP00000010611,8049.ENSGMOP00000010644,8049.ENSGMOP00000010690,8049.ENSGMOP00000010761,8049.ENSGMOP00000010783,8049.ENSGMOP00000010898,8049.ENSGMOP00000010925,8049.ENSGMOP00000010933,8049.ENSGMOP00000010949,8049.ENSGMOP00000010993,8049.ENSGMOP00000011013,8049.ENSGMOP00000011071,8049.ENSGMOP00000011081,8049.ENSGMOP00000011099,8049.ENSGMOP00000011309,8049.ENSGMOP00000011340,8049.ENSGMOP00000011350,8049.ENSGMOP00000011363,8049.ENSGMOP00000011365,8049.ENSGMOP00000011399,8049.ENSGMOP00000011480,8049.ENSGMOP00000011495,8049.ENSGMOP00000011506,8049.ENSGMOP00000011626,8049.ENSGMOP00000011656,8049.ENSGMOP00000011739,8049.ENSGMOP00000011775,8049.ENSGMOP00000011795,8049.ENSGMOP00000011826,8049.ENSGMOP00000011875,8049.ENSGMOP00000011890,8049.ENSGMOP00000011896,8049.ENSGMOP00000011929,8049.ENSGMOP00000011931,8049.ENSGMOP00000011999,8049.ENSGMOP00000012028,8049.ENSGMOP00000012148,8049.ENSGMOP00000012162,8049.ENSGMOP00000012175,8049.ENSGMOP00000012195,8049.ENSGMOP00000012260,8049.ENSGMOP00000012426,8049.ENSGMOP00000012470,8049.ENSGMOP00000012485,8049.ENSGMOP00000012487,8049.ENSGMOP00000012819,8049.ENSGMOP00000012838,8049.ENSGMOP00000012848,8049.ENSGMOP00000012990,8049.ENSGMOP00000013107,8049.ENSGMOP00000013123,8049.ENSGMOP00000013133,8049.ENSGMOP00000013161,8049.ENSGMOP00000013163,8049.ENSGMOP00000013179,8049.ENSGMOP00000013199,8049.ENSGMOP00000013237,8049.ENSGMOP00000013289,8049.ENSGMOP00000013310,8049.ENSGMOP00000013341,8049.ENSGMOP00000013403,8049.ENSGMOP00000013414,8049.ENSGMOP00000013421,8049.ENSGMOP00000013488,8049.ENSGMOP00000013495,8049.ENSGMOP00000013595,8049.ENSGMOP00000013688,8049.ENSGMOP00000013716,8049.ENSGMOP00000013726,8049.ENSGMOP00000013735,8049.ENSGMOP00000013771,8049.ENSGMOP00000013884,8049.ENSGMOP00000013898,8049.ENSGMOP00000013936,8049.ENSGMOP00000013951,8049.ENSGMOP00000013986,8049.ENSGMOP00000013988,8049.ENSGMOP00000014028,8049.ENSGMOP00000014246,8049.ENSGMOP00000014278,8049.ENSGMOP00000014404,8049.ENSGMOP00000014411,8049.ENSGMOP00000014503,8049.ENSGMOP00000014510,8049.ENSGMOP00000014551,8049.ENSGMOP00000014586,8049.ENSGMOP00000014630,8049.ENSGMOP00000014701,8049.ENSGMOP00000014732,8049.ENSGMOP00000014750,8049.ENSGMOP00000014786,8049.ENSGMOP00000014787,8049.ENSGMOP00000014864,8049.ENSGMOP00000014892,8049.ENSGMOP00000014931,8049.ENSGMOP00000014980,8049.ENSGMOP00000015029,8049.ENSGMOP00000015111,8049.ENSGMOP00000015213,8049.ENSGMOP00000015257,8049.ENSGMOP00000015260,8049.ENSGMOP00000015399,8049.ENSGMOP00000015409,8049.ENSGMOP00000015513,8049.ENSGMOP00000015517,8049.ENSGMOP00000015595,8049.ENSGMOP00000015596,8049.ENSGMOP00000015608,8049.ENSGMOP00000015704,8049.ENSGMOP00000015763,8049.ENSGMOP00000015783,8049.ENSGMOP00000015883,8049.ENSGMOP00000015921,8049.ENSGMOP00000015954,8049.ENSGMOP00000016093,8049.ENSGMOP00000016134,8049.ENSGMOP00000016210,8049.ENSGMOP00000016289,8049.ENSGMOP00000016347,8049.ENSGMOP00000016370,8049.ENSGMOP00000016451,8049.ENSGMOP00000016514,8049.ENSGMOP00000016537,8049.ENSGMOP00000016550,8049.ENSGMOP00000016592,8049.ENSGMOP00000016636,8049.ENSGMOP00000016689,8049.ENSGMOP00000016695,8049.ENSGMOP00000016729,8049.ENSGMOP00000016798,8049.ENSGMOP00000016804,8049.ENSGMOP00000016837,8049.ENSGMOP00000016963,8049.ENSGMOP00000016976,8049.ENSGMOP00000017025,8049.ENSGMOP00000017031,8049.ENSGMOP00000017060,8049.ENSGMOP00000017088,8049.ENSGMOP00000017109,8049.ENSGMOP00000017190,8049.ENSGMOP00000017194,8049.ENSGMOP00000017230,8049.ENSGMOP00000017268,8049.ENSGMOP00000017279,8049.ENSGMOP00000017317,8049.ENSGMOP00000017345,8049.ENSGMOP00000017367,8049.ENSGMOP00000017385,8049.ENSGMOP00000017401,8049.ENSGMOP00000017472,8049.ENSGMOP00000017484,8049.ENSGMOP00000017523,8049.ENSGMOP00000017545,8049.ENSGMOP00000017587,8049.ENSGMOP00000017598,8049.ENSGMOP00000017628,8049.ENSGMOP00000017646,8049.ENSGMOP00000017686,8049.ENSGMOP00000017691,8049.ENSGMOP00000017702,8049.ENSGMOP00000017800,8049.ENSGMOP00000017831,8049.ENSGMOP00000017842,8049.ENSGMOP00000017944,8049.ENSGMOP00000017946,8049.ENSGMOP00000017970,8049.ENSGMOP00000017987,8049.ENSGMOP00000018008,8049.ENSGMOP00000018010,8049.ENSGMOP00000018054,8049.ENSGMOP00000018142,8049.ENSGMOP00000018218,8049.ENSGMOP00000018242,8049.ENSGMOP00000018274,8049.ENSGMOP00000018313,8049.ENSGMOP00000018368,8049.ENSGMOP00000018378,8049.ENSGMOP00000018410,8049.ENSGMOP00000018456,8049.ENSGMOP00000018501,8049.ENSGMOP00000018508,8049.ENSGMOP00000018589,8049.ENSGMOP00000018619,8049.ENSGMOP00000018651,8049.ENSGMOP00000018652,8049.ENSGMOP00000018669,8049.ENSGMOP00000018687,8049.ENSGMOP00000018767,8049.ENSGMOP00000018777,8049.ENSGMOP00000018866,8049.ENSGMOP00000018876,8049.ENSGMOP00000018897,8049.ENSGMOP00000018921,8049.ENSGMOP00000018982,8049.ENSGMOP00000019065,8049.ENSGMOP00000019131,8049.ENSGMOP00000019163,8049.ENSGMOP00000019274,8049.ENSGMOP00000019427,8049.ENSGMOP00000019499,8049.ENSGMOP00000019559,8049.ENSGMOP00000019575,8049.ENSGMOP00000019580,8049.ENSGMOP00000019664,8049.ENSGMOP00000019698,8049.ENSGMOP00000019758,8049.ENSGMOP00000019765,8049.ENSGMOP00000019792,8049.ENSGMOP00000019795,8049.ENSGMOP00000019806,8049.ENSGMOP00000019825,8049.ENSGMOP00000019925,8049.ENSGMOP00000019958,8049.ENSGMOP00000020017,8049.ENSGMOP00000020083,8049.ENSGMOP00000020089,8049.ENSGMOP00000020123,8049.ENSGMOP00000020136,8049.ENSGMOP00000020175,8049.ENSGMOP00000020184,8049.ENSGMOP00000020209,8049.ENSGMOP00000020220,8049.ENSGMOP00000020283,8049.ENSGMOP00000020316,8049.ENSGMOP00000020324,8049.ENSGMOP00000020356,8049.ENSGMOP00000020378,8049.ENSGMOP00000020485,8049.ENSGMOP00000020575,8049.ENSGMOP00000020764,8049.ENSGMOP00000020834,8049.ENSGMOP00000020924,8049.ENSGMOP00000020956,8049.ENSGMOP00000020964,8049.ENSGMOP00000021028,8049.ENSGMOP00000021060,8049.ENSGMOP00000021061,8049.ENSGMOP00000021130,8049.ENSGMOP00000021165,8049.ENSGMOP00000021169	ENSGMOP00000000029,ENSGMOP00000000041,ENSGMOP00000000084,ENSGMOP00000000161,ENSGMOP00000000191,ENSGMOP00000000192,ENSGMOP00000000267,ENSGMOP00000000294,ENSGMOP00000000295,ENSGMOP00000000349,ENSGMOP00000000386,ENSGMOP00000000391,ENSGMOP00000000394,ENSGMOP00000000409,ENSGMOP00000000421,SHKBP1,ENSGMOP00000000507,ENSGMOP00000000608,ENSGMOP00000000637,ENSGMOP00000000641,ENSGMOP00000000655,ENSGMOP00000000692,MACF1,ENSGMOP00000000741,PRICKLE1,ENSGMOP00000000797,ENSGMOP00000000858,ENSGMOP00000000860,TMC6,MSI1,LTBP3,ENSGMOP00000001090,ENSGMOP00000001118,ENSGMOP00000001366,ENSGMOP00000001588,ENSGMOP00000001688,ENSGMOP00000001807,ENSGMOP00000001971,ENSGMOP00000002031,babam2,ENSGMOP00000002159,ENSGMOP00000002229,ENSGMOP00000002269,ENSGMOP00000002293,ENSGMOP00000002422,ENSGMOP00000002428,ENSGMOP00000002433,ENSGMOP00000002531,ENSGMOP00000002564,ENSGMOP00000002624,ENSGMOP00000002701,NTN1,ENSGMOP00000002747,ENSGMOP00000002791,ENSGMOP00000002898,ENSGMOP00000002910,ENSGMOP00000002912,ENSGMOP00000002934,ENSGMOP00000002960,ENSGMOP00000002985,SLC4A11,ENSGMOP00000003073,ZNF521,ENSGMOP00000003229,ENSGMOP00000003331,ENSGMOP00000003381,LAMA3,ENSGMOP00000003506,ENSGMOP00000003514,ENSGMOP00000003547,ENSGMOP00000003590,ENSGMOP00000003697,ENSGMOP00000003762,ENSGMOP00000003809,ENSGMOP00000003813,ENSGMOP00000003815,LOC115556833,ENSGMOP00000003911,ENSGMOP00000003929,ENSGMOP00000003952,ENSGMOP00000004042,ENSGMOP00000004055,ENSGMOP00000004060,ENSGMOP00000004080,ENSGMOP00000004084,ENSGMOP00000004505,ENSGMOP00000004622,ENSGMOP00000004711,ENSGMOP00000004726,ENSGMOP00000004735,ENSGMOP00000004762,ENSGMOP00000004779,chsy1,ENSGMOP00000004825,ENSGMOP00000004932,ENSGMOP00000005024,ENSGMOP00000005043,ENSGMOP00000005051,ENSGMOP00000005232,ENSGMOP00000005256,ENSGMOP00000005303,ENSGMOP00000005306,ENSGMOP00000005360,ENSGMOP00000005486,ENSGMOP00000005627,DST,ENSGMOP00000005743,ENSGMOP00000005762,ENSGMOP00000005796,ENSGMOP00000005835,ENSGMOP00000005945,ENSGMOP00000006025,ENSGMOP00000006035,ENSGMOP00000006041,ENSGMOP00000006045,ENSGMOP00000006059,ENSGMOP00000006065,ENSGMOP00000006071,ENSGMOP00000006144,ENSGMOP00000006173,ENSGMOP00000006196,ENSGMOP00000006247,ENSGMOP00000006407,ENSGMOP00000006445,vps18,ENSGMOP00000006481,cyld,ENSGMOP00000006501,ENSGMOP00000006502,ENSGMOP00000006532,ENSGMOP00000006535,ENSGMOP00000006558,ENSGMOP00000006563,ENSGMOP00000006578,ENSGMOP00000006594,ENSGMOP00000006608,ENSGMOP00000006664,LPP,ENSGMOP00000006699,ENSGMOP00000006782,ENSGMOP00000006819,ENSGMOP00000006863,ENSGMOP00000006898,ENSGMOP00000006909,ENSGMOP00000007000,ENSGMOP00000007001,NFATC1,ENSGMOP00000007129,ENSGMOP00000007133,ENSGMOP00000007135,ENSGMOP00000007249,ENSGMOP00000007415,ENSGMOP00000007440,ENSGMOP00000007501,ENSGMOP00000007568,ENSGMOP00000007573,ENSGMOP00000007617,ENSGMOP00000007702,SEMA6A,ENSGMOP00000007853,ENSGMOP00000007861,DMXL1,ENSGMOP00000007903,ENSGMOP00000007919,FRMD4B,ENSGMOP00000008148,ENSGMOP00000008302,DOCK9,ENSGMOP00000008308,ENSGMOP00000008316,ENSGMOP00000008329,ENSGMOP00000008350,ENSGMOP00000008382,ENSGMOP00000008403,ENSGMOP00000008467,ENSGMOP00000008500,ENSGMOP00000008547,ENSGMOP00000008653,ENSGMOP00000008706,ENSGMOP00000008778,ENSGMOP00000008869,ENSGMOP00000008916,JMY,ENSGMOP00000009025,ENSGMOP00000009037,ENSGMOP00000009051,ENSGMOP00000009057,ENSGMOP00000009058,ENSGMOP00000009077,ENSGMOP00000009093,ENSGMOP00000009306,ENSGMOP00000009364,ENSGMOP00000009386,ENSGMOP00000009422,ENSGMOP00000009437,ENSGMOP00000009574,ENSGMOP00000009591,ENSGMOP00000009620,ENSGMOP00000009663,ENSGMOP00000009693,ENSGMOP00000009709,ADAMTS20,ENSGMOP00000009903,ENSGMOP00000009920,ENSGMOP00000009927,ENSGMOP00000009994,ENSGMOP00000010006,ENSGMOP00000010021,ENSGMOP00000010029,ENSGMOP00000010033,ENSGMOP00000010044,FAM126B,ENSGMOP00000010218,ENSGMOP00000010232,ENSGMOP00000010300,ENSGMOP00000010374,ENSGMOP00000010397,ENSGMOP00000010407,ENSGMOP00000010431,ENSGMOP00000010432,ENSGMOP00000010490,ENSGMOP00000010518,ENSGMOP00000010519,ENSGMOP00000010611,ENSGMOP00000010644,ANKRD50,ENSGMOP00000010761,COL25A1,ENSGMOP00000010898,ENSGMOP00000010925,ENSGMOP00000010933,ENSGMOP00000010949,ENSGMOP00000010993,ENSGMOP00000011013,ENSGMOP00000011071,ENSGMOP00000011081,ENSGMOP00000011099,ENSGMOP00000011309,COL12A1,ENSGMOP00000011350,ENSGMOP00000011363,LLGL1,ENSGMOP00000011399,ENSGMOP00000011480,ENSGMOP00000011495,ENSGMOP00000011506,ARHGEF17,ENSGMOP00000011656,TTN,ENSGMOP00000011775,ENSGMOP00000011795,ENSGMOP00000011826,ENSGMOP00000011875,SHROOM2,ENSGMOP00000011896,CARMIL1,ENSGMOP00000011931,ENSGMOP00000011999,ENSGMOP00000012028,EIF2AK4,ENSGMOP00000012162,ENSGMOP00000012175,ENSGMOP00000012195,ENSGMOP00000012260,ENSGMOP00000012426,ENSGMOP00000012470,ENSGMOP00000012485,ENSGMOP00000012487,ENSGMOP00000012819,ENSGMOP00000012838,ENSGMOP00000012848,ENSGMOP00000012990,ENSGMOP00000013107,ENSGMOP00000013123,ENSGMOP00000013133,ENSGMOP00000013161,ENSGMOP00000013163,ENSGMOP00000013179,ENSGMOP00000013199,ENSGMOP00000013237,ENSGMOP00000013289,ENSGMOP00000013310,ENSGMOP00000013341,ENSGMOP00000013403,ENSGMOP00000013414,ENSGMOP00000013421,ENSGMOP00000013488,ENSGMOP00000013495,MYO1D,ENSGMOP00000013688,ENSGMOP00000013716,ENSGMOP00000013726,ENSGMOP00000013735,ENSGMOP00000013771,ENSGMOP00000013884,ENSGMOP00000013898,ENSGMOP00000013936,ENSGMOP00000013951,ENSGMOP00000013986,ENSGMOP00000013988,ENSGMOP00000014028,ENSGMOP00000014246,ENSGMOP00000014278,ENSGMOP00000014404,ENSGMOP00000014411,ENSGMOP00000014503,ENSGMOP00000014510,ENSGMOP00000014551,FZD7,ENSGMOP00000014630,ENSGMOP00000014701,ENSGMOP00000014732,TC2N,ENSGMOP00000014786,ENSGMOP00000014787,ARHGEF26,ENSGMOP00000014892,ENSGMOP00000014931,ENSGMOP00000014980,ENSGMOP00000015029,ENSGMOP00000015111,ENSGMOP00000015213,ENSGMOP00000015257,ENSGMOP00000015260,ENSGMOP00000015399,ENSGMOP00000015409,ENSGMOP00000015513,ENSGMOP00000015517,ENSGMOP00000015595,ENSGMOP00000015596,ENSGMOP00000015608,ENSGMOP00000015704,ENSGMOP00000015763,ENSGMOP00000015783,ENSGMOP00000015883,ENSGMOP00000015921,ENSGMOP00000015954,ENSGMOP00000016093,ENSGMOP00000016134,ENSGMOP00000016210,ENSGMOP00000016289,ENSGMOP00000016347,ENSGMOP00000016370,ENSGMOP00000016451,ENSGMOP00000016514,ENSGMOP00000016537,ENSGMOP00000016550,ENSGMOP00000016592,TANC2,ENSGMOP00000016689,ENSGMOP00000016695,ENSGMOP00000016729,ENSGMOP00000016798,ENSGMOP00000016804,ENSGMOP00000016837,ATP13A3,ENSGMOP00000016976,ENSGMOP00000017025,ENSGMOP00000017031,ENSGMOP00000017060,ENSGMOP00000017088,ENSGMOP00000017109,ENSGMOP00000017190,nr2e1,ENSGMOP00000017230,DYNC2H1,ENSGMOP00000017279,ENSGMOP00000017317,traf4,ENSGMOP00000017367,ENSGMOP00000017385,ENSGMOP00000017401,ENSGMOP00000017472,ENSGMOP00000017484,ENSGMOP00000017523,ENSGMOP00000017545,ENSGMOP00000017587,ENSGMOP00000017598,ENSGMOP00000017628,ENSGMOP00000017646,ENSGMOP00000017686,ENSGMOP00000017691,EPHA7,ENSGMOP00000017800,ENSGMOP00000017831,ENSGMOP00000017842,ENSGMOP00000017944,ENSGMOP00000017946,ENSGMOP00000017970,ENSGMOP00000017987,ENSGMOP00000018008,ENSGMOP00000018010,NPC1L1,ENSGMOP00000018142,ATE1,ENSGMOP00000018242,ENSGMOP00000018274,IQSEC1,LOC115548846,ENSGMOP00000018378,ENSGMOP00000018410,NFKBID,ENSGMOP00000018501,ENSGMOP00000018508,ENSGMOP00000018589,ARAP1,ENSGMOP00000018651,ENSGMOP00000018652,ENSGMOP00000018669,ENSGMOP00000018687,ENSGMOP00000018767,ENSGMOP00000018777,ENSGMOP00000018866,ENSGMOP00000018876,ENSGMOP00000018897,ENSGMOP00000018921,ENSGMOP00000018982,ENSGMOP00000019065,ENSGMOP00000019131,ENSGMOP00000019163,PIP5K1A,ENSGMOP00000019427,ENSGMOP00000019499,ENSGMOP00000019559,dock7,ENSGMOP00000019580,ENSGMOP00000019664,ENSGMOP00000019698,ENSGMOP00000019758,PITPNM2,ENSGMOP00000019792,ENSGMOP00000019795,ENSGMOP00000019806,ENSGMOP00000019825,ENSGMOP00000019925,ENSGMOP00000019958,ENSGMOP00000020017,ENSGMOP00000020083,ENSGMOP00000020089,ENSGMOP00000020123,ENSGMOP00000020136,ENSGMOP00000020175,ENSGMOP00000020184,ENSGMOP00000020209,SCAF8,ENSGMOP00000020283,ENSGMOP00000020316,ENSGMOP00000020324,ENSGMOP00000020356,ENSGMOP00000020378,LOC115556064,ENSGMOP00000020575,ENSGMOP00000020764,PCLO,ENSGMOP00000020924,ENSGMOP00000020956,ENSGMOP00000020964,ENSGMOP00000021028,ENSGMOP00000021060,CTNND1,ENSGMOP00000021130,ENSGMOP00000021165,ENSGMOP00000021169
GO Process	GO:0030154	Cell differentiation	101	2526	0.16	0.29	0.0310	8049.ENSGMOP00000000295,8049.ENSGMOP00000000394,8049.ENSGMOP00000000409,8049.ENSGMOP00000001058,8049.ENSGMOP00000001366,8049.ENSGMOP00000001971,8049.ENSGMOP00000002722,8049.ENSGMOP00000002791,8049.ENSGMOP00000002912,8049.ENSGMOP00000003196,8049.ENSGMOP00000003381,8049.ENSGMOP00000003483,8049.ENSGMOP00000003762,8049.ENSGMOP00000003929,8049.ENSGMOP00000004042,8049.ENSGMOP00000004779,8049.ENSGMOP00000005306,8049.ENSGMOP00000005360,8049.ENSGMOP00000005796,8049.ENSGMOP00000006071,8049.ENSGMOP00000006144,8049.ENSGMOP00000006173,8049.ENSGMOP00000006446,8049.ENSGMOP00000006481,8049.ENSGMOP00000006502,8049.ENSGMOP00000006664,8049.ENSGMOP00000006782,8049.ENSGMOP00000006863,8049.ENSGMOP00000007129,8049.ENSGMOP00000007415,8049.ENSGMOP00000007617,8049.ENSGMOP00000007826,8049.ENSGMOP00000008308,8049.ENSGMOP00000008316,8049.ENSGMOP00000008350,8049.ENSGMOP00000008382,8049.ENSGMOP00000009025,8049.ENSGMOP00000009057,8049.ENSGMOP00000009437,8049.ENSGMOP00000009927,8049.ENSGMOP00000009994,8049.ENSGMOP00000010021,8049.ENSGMOP00000010232,8049.ENSGMOP00000010397,8049.ENSGMOP00000010431,8049.ENSGMOP00000010518,8049.ENSGMOP00000010519,8049.ENSGMOP00000010611,8049.ENSGMOP00000010949,8049.ENSGMOP00000010993,8049.ENSGMOP00000011071,8049.ENSGMOP00000011495,8049.ENSGMOP00000011795,8049.ENSGMOP00000011999,8049.ENSGMOP00000012028,8049.ENSGMOP00000012148,8049.ENSGMOP00000012162,8049.ENSGMOP00000012175,8049.ENSGMOP00000013123,8049.ENSGMOP00000013414,8049.ENSGMOP00000013421,8049.ENSGMOP00000013488,8049.ENSGMOP00000013735,8049.ENSGMOP00000013884,8049.ENSGMOP00000014411,8049.ENSGMOP00000014586,8049.ENSGMOP00000014786,8049.ENSGMOP00000014787,8049.ENSGMOP00000014864,8049.ENSGMOP00000014931,8049.ENSGMOP00000015513,8049.ENSGMOP00000015608,8049.ENSGMOP00000016289,8049.ENSGMOP00000016347,8049.ENSGMOP00000016370,8049.ENSGMOP00000016514,8049.ENSGMOP00000016537,8049.ENSGMOP00000016592,8049.ENSGMOP00000016695,8049.ENSGMOP00000016798,8049.ENSGMOP00000017194,8049.ENSGMOP00000017401,8049.ENSGMOP00000017587,8049.ENSGMOP00000017702,8049.ENSGMOP00000018242,8049.ENSGMOP00000018508,8049.ENSGMOP00000018651,8049.ENSGMOP00000019065,8049.ENSGMOP00000019559,8049.ENSGMOP00000019958,8049.ENSGMOP00000020136,8049.ENSGMOP00000020209,8049.ENSGMOP00000020283,8049.ENSGMOP00000020324,8049.ENSGMOP00000020356,8049.ENSGMOP00000020378,8049.ENSGMOP00000020575,8049.ENSGMOP00000020924,8049.ENSGMOP00000020964,8049.ENSGMOP00000021060,8049.ENSGMOP00000021165	ENSGMOP00000000295,ENSGMOP00000000394,ENSGMOP00000000409,MSI1,ENSGMOP00000001366,ENSGMOP00000001971,NTN1,ENSGMOP00000002791,ENSGMOP00000002912,ZNF521,ENSGMOP00000003381,LAMA3,ENSGMOP00000003762,ENSGMOP00000003929,ENSGMOP00000004042,ENSGMOP00000004779,ENSGMOP00000005306,ENSGMOP00000005360,ENSGMOP00000005796,ENSGMOP00000006071,ENSGMOP00000006144,ENSGMOP00000006173,vps18,ENSGMOP00000006481,ENSGMOP00000006502,ENSGMOP00000006664,ENSGMOP00000006782,ENSGMOP00000006863,ENSGMOP00000007129,ENSGMOP00000007415,ENSGMOP00000007617,SEMA6A,ENSGMOP00000008308,ENSGMOP00000008316,ENSGMOP00000008350,ENSGMOP00000008382,ENSGMOP00000009025,ENSGMOP00000009057,ENSGMOP00000009437,ENSGMOP00000009927,ENSGMOP00000009994,ENSGMOP00000010021,ENSGMOP00000010232,ENSGMOP00000010397,ENSGMOP00000010431,ENSGMOP00000010518,ENSGMOP00000010519,ENSGMOP00000010611,ENSGMOP00000010949,ENSGMOP00000010993,ENSGMOP00000011071,ENSGMOP00000011495,ENSGMOP00000011795,ENSGMOP00000011999,ENSGMOP00000012028,EIF2AK4,ENSGMOP00000012162,ENSGMOP00000012175,ENSGMOP00000013123,ENSGMOP00000013414,ENSGMOP00000013421,ENSGMOP00000013488,ENSGMOP00000013735,ENSGMOP00000013884,ENSGMOP00000014411,FZD7,ENSGMOP00000014786,ENSGMOP00000014787,ARHGEF26,ENSGMOP00000014931,ENSGMOP00000015513,ENSGMOP00000015608,ENSGMOP00000016289,ENSGMOP00000016347,ENSGMOP00000016370,ENSGMOP00000016514,ENSGMOP00000016537,ENSGMOP00000016592,ENSGMOP00000016695,ENSGMOP00000016798,nr2e1,ENSGMOP00000017401,ENSGMOP00000017587,EPHA7,ENSGMOP00000018242,ENSGMOP00000018508,ENSGMOP00000018651,ENSGMOP00000019065,ENSGMOP00000019559,ENSGMOP00000019958,ENSGMOP00000020136,ENSGMOP00000020209,ENSGMOP00000020283,ENSGMOP00000020324,ENSGMOP00000020356,ENSGMOP00000020378,ENSGMOP00000020575,ENSGMOP00000020924,ENSGMOP00000020964,ENSGMOP00000021060,ENSGMOP00000021165
GO Process	GO:0007399	Nervous system development	73	1685	0.19	0.29	0.0313	8049.ENSGMOP00000000161,8049.ENSGMOP00000000295,8049.ENSGMOP00000000394,8049.ENSGMOP00000000409,8049.ENSGMOP00000001058,8049.ENSGMOP00000001366,8049.ENSGMOP00000001971,8049.ENSGMOP00000002722,8049.ENSGMOP00000002791,8049.ENSGMOP00000002912,8049.ENSGMOP00000003196,8049.ENSGMOP00000003547,8049.ENSGMOP00000004060,8049.ENSGMOP00000005360,8049.ENSGMOP00000005796,8049.ENSGMOP00000006173,8049.ENSGMOP00000006481,8049.ENSGMOP00000006502,8049.ENSGMOP00000006863,8049.ENSGMOP00000007129,8049.ENSGMOP00000007415,8049.ENSGMOP00000007617,8049.ENSGMOP00000007826,8049.ENSGMOP00000008308,8049.ENSGMOP00000008316,8049.ENSGMOP00000008382,8049.ENSGMOP00000009025,8049.ENSGMOP00000009057,8049.ENSGMOP00000009927,8049.ENSGMOP00000009994,8049.ENSGMOP00000010021,8049.ENSGMOP00000010232,8049.ENSGMOP00000010431,8049.ENSGMOP00000010518,8049.ENSGMOP00000010519,8049.ENSGMOP00000010611,8049.ENSGMOP00000010993,8049.ENSGMOP00000011071,8049.ENSGMOP00000011795,8049.ENSGMOP00000011890,8049.ENSGMOP00000011999,8049.ENSGMOP00000012148,8049.ENSGMOP00000012175,8049.ENSGMOP00000012470,8049.ENSGMOP00000012838,8049.ENSGMOP00000013488,8049.ENSGMOP00000013503,8049.ENSGMOP00000013735,8049.ENSGMOP00000014246,8049.ENSGMOP00000014786,8049.ENSGMOP00000015257,8049.ENSGMOP00000015608,8049.ENSGMOP00000016370,8049.ENSGMOP00000016537,8049.ENSGMOP00000016695,8049.ENSGMOP00000016798,8049.ENSGMOP00000017587,8049.ENSGMOP00000017702,8049.ENSGMOP00000018508,8049.ENSGMOP00000018982,8049.ENSGMOP00000019065,8049.ENSGMOP00000019163,8049.ENSGMOP00000019958,8049.ENSGMOP00000020136,8049.ENSGMOP00000020324,8049.ENSGMOP00000020356,8049.ENSGMOP00000020575,8049.ENSGMOP00000020834,8049.ENSGMOP00000020924,8049.ENSGMOP00000021060,8049.ENSGMOP00000021165,8049.ENSGMOP00000021268,8049.ENSGMOP00000022095	ENSGMOP00000000161,ENSGMOP00000000295,ENSGMOP00000000394,ENSGMOP00000000409,MSI1,ENSGMOP00000001366,ENSGMOP00000001971,NTN1,ENSGMOP00000002791,ENSGMOP00000002912,ZNF521,ENSGMOP00000003547,ENSGMOP00000004060,ENSGMOP00000005360,ENSGMOP00000005796,ENSGMOP00000006173,ENSGMOP00000006481,ENSGMOP00000006502,ENSGMOP00000006863,ENSGMOP00000007129,ENSGMOP00000007415,ENSGMOP00000007617,SEMA6A,ENSGMOP00000008308,ENSGMOP00000008316,ENSGMOP00000008382,ENSGMOP00000009025,ENSGMOP00000009057,ENSGMOP00000009927,ENSGMOP00000009994,ENSGMOP00000010021,ENSGMOP00000010232,ENSGMOP00000010431,ENSGMOP00000010518,ENSGMOP00000010519,ENSGMOP00000010611,ENSGMOP00000010993,ENSGMOP00000011071,ENSGMOP00000011795,SHROOM2,ENSGMOP00000011999,EIF2AK4,ENSGMOP00000012175,ENSGMOP00000012470,ENSGMOP00000012838,ENSGMOP00000013488,ENSGMOP00000013503,ENSGMOP00000013735,ENSGMOP00000014246,ENSGMOP00000014786,ENSGMOP00000015257,ENSGMOP00000015608,ENSGMOP00000016370,ENSGMOP00000016537,ENSGMOP00000016695,ENSGMOP00000016798,ENSGMOP00000017587,EPHA7,ENSGMOP00000018508,ENSGMOP00000018982,ENSGMOP00000019065,ENSGMOP00000019163,ENSGMOP00000019958,ENSGMOP00000020136,ENSGMOP00000020324,ENSGMOP00000020356,ENSGMOP00000020575,PCLO,ENSGMOP00000020924,ENSGMOP00000021060,ENSGMOP00000021165,mab21l2,ENSGMOP00000022095
GO Process	GO:0061458	Reproductive system development	15	170	0.5	0.34	0.0315	8049.ENSGMOP00000000295,8049.ENSGMOP00000002912,8049.ENSGMOP00000003809,8049.ENSGMOP00000004779,8049.ENSGMOP00000005593,8049.ENSGMOP00000006173,8049.ENSGMOP00000006481,8049.ENSGMOP00000007208,8049.ENSGMOP00000008382,8049.ENSGMOP00000008778,8049.ENSGMOP00000009025,8049.ENSGMOP00000016370,8049.ENSGMOP00000016798,8049.ENSGMOP00000017691,8049.ENSGMOP00000017946	ENSGMOP00000000295,ENSGMOP00000002912,ENSGMOP00000003809,ENSGMOP00000004779,PLEKHA5,ENSGMOP00000006173,ENSGMOP00000006481,ENSGMOP00000007208,ENSGMOP00000008382,ENSGMOP00000008778,ENSGMOP00000009025,ENSGMOP00000016370,ENSGMOP00000016798,ENSGMOP00000017691,ENSGMOP00000017946
GO Process	GO:0007010	Cytoskeleton organization	52	1094	0.23	0.29	0.0361	8049.ENSGMOP00000000507,8049.ENSGMOP00000000655,8049.ENSGMOP00000000734,8049.ENSGMOP00000001588,8049.ENSGMOP00000001971,8049.ENSGMOP00000002229,8049.ENSGMOP00000002428,8049.ENSGMOP00000005714,8049.ENSGMOP00000006065,8049.ENSGMOP00000006071,8049.ENSGMOP00000006173,8049.ENSGMOP00000006247,8049.ENSGMOP00000006563,8049.ENSGMOP00000006664,8049.ENSGMOP00000007001,8049.ENSGMOP00000007415,8049.ENSGMOP00000009009,8049.ENSGMOP00000009994,8049.ENSGMOP00000010407,8049.ENSGMOP00000010761,8049.ENSGMOP00000011013,8049.ENSGMOP00000011365,8049.ENSGMOP00000011480,8049.ENSGMOP00000011626,8049.ENSGMOP00000011656,8049.ENSGMOP00000011890,8049.ENSGMOP00000011929,8049.ENSGMOP00000012028,8049.ENSGMOP00000012260,8049.ENSGMOP00000012487,8049.ENSGMOP00000013716,8049.ENSGMOP00000013898,8049.ENSGMOP00000014411,8049.ENSGMOP00000014503,8049.ENSGMOP00000014892,8049.ENSGMOP00000017088,8049.ENSGMOP00000017598,8049.ENSGMOP00000017628,8049.ENSGMOP00000017686,8049.ENSGMOP00000017970,8049.ENSGMOP00000018142,8049.ENSGMOP00000018313,8049.ENSGMOP00000018651,8049.ENSGMOP00000019664,8049.ENSGMOP00000019698,8049.ENSGMOP00000019792,8049.ENSGMOP00000019958,8049.ENSGMOP00000020017,8049.ENSGMOP00000020209,8049.ENSGMOP00000020324,8049.ENSGMOP00000020834,8049.ENSGMOP00000021169	ENSGMOP00000000507,ENSGMOP00000000655,MACF1,ENSGMOP00000001588,ENSGMOP00000001971,ENSGMOP00000002229,ENSGMOP00000002428,DST,ENSGMOP00000006065,ENSGMOP00000006071,ENSGMOP00000006173,ENSGMOP00000006247,ENSGMOP00000006563,ENSGMOP00000006664,ENSGMOP00000007001,ENSGMOP00000007415,JMY,ENSGMOP00000009994,ENSGMOP00000010407,ENSGMOP00000010761,ENSGMOP00000011013,LLGL1,ENSGMOP00000011480,ARHGEF17,ENSGMOP00000011656,SHROOM2,CARMIL1,ENSGMOP00000012028,ENSGMOP00000012260,ENSGMOP00000012487,ENSGMOP00000013716,ENSGMOP00000013898,ENSGMOP00000014411,ENSGMOP00000014503,ENSGMOP00000014892,ENSGMOP00000017088,ENSGMOP00000017598,ENSGMOP00000017628,ENSGMOP00000017686,ENSGMOP00000017970,ENSGMOP00000018142,IQSEC1,ENSGMOP00000018651,ENSGMOP00000019664,ENSGMOP00000019698,ENSGMOP00000019792,ENSGMOP00000019958,ENSGMOP00000020017,ENSGMOP00000020209,ENSGMOP00000020324,PCLO,ENSGMOP00000021169
GO Process	GO:0051173	Positive regulation of nitrogen compound metabolic process	88	2149	0.17	0.28	0.0369	8049.ENSGMOP00000000041,8049.ENSGMOP00000000295,8049.ENSGMOP00000000394,8049.ENSGMOP00000001262,8049.ENSGMOP00000002137,8049.ENSGMOP00000002428,8049.ENSGMOP00000002866,8049.ENSGMOP00000002912,8049.ENSGMOP00000003196,8049.ENSGMOP00000003547,8049.ENSGMOP00000003815,8049.ENSGMOP00000004055,8049.ENSGMOP00000004060,8049.ENSGMOP00000004080,8049.ENSGMOP00000004622,8049.ENSGMOP00000004779,8049.ENSGMOP00000005051,8049.ENSGMOP00000005084,8049.ENSGMOP00000005303,8049.ENSGMOP00000005945,8049.ENSGMOP00000006025,8049.ENSGMOP00000006173,8049.ENSGMOP00000006196,8049.ENSGMOP00000006445,8049.ENSGMOP00000006608,8049.ENSGMOP00000006709,8049.ENSGMOP00000007059,8049.ENSGMOP00000008350,8049.ENSGMOP00000008382,8049.ENSGMOP00000008547,8049.ENSGMOP00000008653,8049.ENSGMOP00000008712,8049.ENSGMOP00000008916,8049.ENSGMOP00000009009,8049.ENSGMOP00000009037,8049.ENSGMOP00000009051,8049.ENSGMOP00000009364,8049.ENSGMOP00000009512,8049.ENSGMOP00000009927,8049.ENSGMOP00000010218,8049.ENSGMOP00000010300,8049.ENSGMOP00000010431,8049.ENSGMOP00000010949,8049.ENSGMOP00000011350,8049.ENSGMOP00000011571,8049.ENSGMOP00000011775,8049.ENSGMOP00000012148,8049.ENSGMOP00000012162,8049.ENSGMOP00000012175,8049.ENSGMOP00000012193,8049.ENSGMOP00000012195,8049.ENSGMOP00000012848,8049.ENSGMOP00000013073,8049.ENSGMOP00000013310,8049.ENSGMOP00000013478,8049.ENSGMOP00000013716,8049.ENSGMOP00000013986,8049.ENSGMOP00000014586,8049.ENSGMOP00000015257,8049.ENSGMOP00000015513,8049.ENSGMOP00000015608,8049.ENSGMOP00000015921,8049.ENSGMOP00000016289,8049.ENSGMOP00000016370,8049.ENSGMOP00000016514,8049.ENSGMOP00000016537,8049.ENSGMOP00000016550,8049.ENSGMOP00000016592,8049.ENSGMOP00000017031,8049.ENSGMOP00000017190,8049.ENSGMOP00000017230,8049.ENSGMOP00000017345,8049.ENSGMOP00000017484,8049.ENSGMOP00000017598,8049.ENSGMOP00000017946,8049.ENSGMOP00000017970,8049.ENSGMOP00000018142,8049.ENSGMOP00000018651,8049.ENSGMOP00000018777,8049.ENSGMOP00000018866,8049.ENSGMOP00000018982,8049.ENSGMOP00000019131,8049.ENSGMOP00000019925,8049.ENSGMOP00000020136,8049.ENSGMOP00000020356,8049.ENSGMOP00000020501,8049.ENSGMOP00000020575,8049.ENSGMOP00000020924	ENSGMOP00000000041,ENSGMOP00000000295,ENSGMOP00000000394,ENSGMOP00000001262,babam2,ENSGMOP00000002428,ENSGMOP00000002866,ENSGMOP00000002912,ZNF521,ENSGMOP00000003547,ENSGMOP00000003815,ENSGMOP00000004055,ENSGMOP00000004060,ENSGMOP00000004080,ENSGMOP00000004622,ENSGMOP00000004779,ENSGMOP00000005051,ENSGMOP00000005084,ENSGMOP00000005303,ENSGMOP00000005945,ENSGMOP00000006025,ENSGMOP00000006173,ENSGMOP00000006196,ENSGMOP00000006445,ENSGMOP00000006608,ENSGMOP00000006709,NFATC1,ENSGMOP00000008350,ENSGMOP00000008382,ENSGMOP00000008547,ENSGMOP00000008653,ENSGMOP00000008712,ENSGMOP00000008916,JMY,ENSGMOP00000009037,ENSGMOP00000009051,ENSGMOP00000009364,ENSGMOP00000009512,ENSGMOP00000009927,ENSGMOP00000010218,ENSGMOP00000010300,ENSGMOP00000010431,ENSGMOP00000010949,ENSGMOP00000011350,ENSGMOP00000011571,ENSGMOP00000011775,EIF2AK4,ENSGMOP00000012162,ENSGMOP00000012175,ENSGMOP00000012193,ENSGMOP00000012195,ENSGMOP00000012848,ENSGMOP00000013073,ENSGMOP00000013310,ENSGMOP00000013478,ENSGMOP00000013716,ENSGMOP00000013986,FZD7,ENSGMOP00000015257,ENSGMOP00000015513,ENSGMOP00000015608,ENSGMOP00000015921,ENSGMOP00000016289,ENSGMOP00000016370,ENSGMOP00000016514,ENSGMOP00000016537,ENSGMOP00000016550,ENSGMOP00000016592,ENSGMOP00000017031,ENSGMOP00000017190,ENSGMOP00000017230,traf4,ENSGMOP00000017484,ENSGMOP00000017598,ENSGMOP00000017946,ENSGMOP00000017970,ENSGMOP00000018142,ENSGMOP00000018651,ENSGMOP00000018777,ENSGMOP00000018866,ENSGMOP00000018982,ENSGMOP00000019131,ENSGMOP00000019925,ENSGMOP00000020136,ENSGMOP00000020356,ENSGMOP00000020501,ENSGMOP00000020575,ENSGMOP00000020924
GO Process	GO:0120035	Regulation of plasma membrane bounded cell projection organization	25	394	0.36	0.31	0.0370	8049.ENSGMOP00000000394,8049.ENSGMOP00000002791,8049.ENSGMOP00000003381,8049.ENSGMOP00000005303,8049.ENSGMOP00000006487,8049.ENSGMOP00000007501,8049.ENSGMOP00000007826,8049.ENSGMOP00000010431,8049.ENSGMOP00000010519,8049.ENSGMOP00000011795,8049.ENSGMOP00000011929,8049.ENSGMOP00000013716,8049.ENSGMOP00000014786,8049.ENSGMOP00000016636,8049.ENSGMOP00000016837,8049.ENSGMOP00000017946,8049.ENSGMOP00000018508,8049.ENSGMOP00000018982,8049.ENSGMOP00000019792,8049.ENSGMOP00000020136,8049.ENSGMOP00000020184,8049.ENSGMOP00000020283,8049.ENSGMOP00000020324,8049.ENSGMOP00000020964,8049.ENSGMOP00000021165	ENSGMOP00000000394,ENSGMOP00000002791,ENSGMOP00000003381,ENSGMOP00000005303,cyld,ENSGMOP00000007501,SEMA6A,ENSGMOP00000010431,ENSGMOP00000010519,ENSGMOP00000011795,CARMIL1,ENSGMOP00000013716,ENSGMOP00000014786,TANC2,ENSGMOP00000016837,ENSGMOP00000017946,ENSGMOP00000018508,ENSGMOP00000018982,ENSGMOP00000019792,ENSGMOP00000020136,ENSGMOP00000020184,ENSGMOP00000020283,ENSGMOP00000020324,ENSGMOP00000020964,ENSGMOP00000021165
GO Process	GO:0035556	Intracellular signal transduction	53	1130	0.23	0.29	0.0378	8049.ENSGMOP00000000295,8049.ENSGMOP00000000394,8049.ENSGMOP00000000741,8049.ENSGMOP00000002137,8049.ENSGMOP00000002747,8049.ENSGMOP00000004735,8049.ENSGMOP00000004779,8049.ENSGMOP00000006065,8049.ENSGMOP00000006173,8049.ENSGMOP00000006558,8049.ENSGMOP00000006578,8049.ENSGMOP00000006699,8049.ENSGMOP00000006898,8049.ENSGMOP00000007059,8049.ENSGMOP00000007568,8049.ENSGMOP00000007903,8049.ENSGMOP00000008306,8049.ENSGMOP00000008403,8049.ENSGMOP00000008869,8049.ENSGMOP00000009009,8049.ENSGMOP00000009057,8049.ENSGMOP00000009093,8049.ENSGMOP00000009364,8049.ENSGMOP00000009927,8049.ENSGMOP00000010431,8049.ENSGMOP00000010518,8049.ENSGMOP00000011506,8049.ENSGMOP00000012148,8049.ENSGMOP00000012426,8049.ENSGMOP00000012990,8049.ENSGMOP00000013199,8049.ENSGMOP00000013237,8049.ENSGMOP00000013414,8049.ENSGMOP00000013735,8049.ENSGMOP00000014701,8049.ENSGMOP00000014980,8049.ENSGMOP00000015111,8049.ENSGMOP00000015517,8049.ENSGMOP00000015596,8049.ENSGMOP00000015783,8049.ENSGMOP00000016289,8049.ENSGMOP00000016514,8049.ENSGMOP00000016537,8049.ENSGMOP00000016798,8049.ENSGMOP00000016837,8049.ENSGMOP00000017031,8049.ENSGMOP00000017088,8049.ENSGMOP00000017345,8049.ENSGMOP00000018142,8049.ENSGMOP00000018897,8049.ENSGMOP00000019575,8049.ENSGMOP00000020184,8049.ENSGMOP00000021060	ENSGMOP00000000295,ENSGMOP00000000394,ENSGMOP00000000741,babam2,ENSGMOP00000002747,ENSGMOP00000004735,ENSGMOP00000004779,ENSGMOP00000006065,ENSGMOP00000006173,ENSGMOP00000006558,ENSGMOP00000006578,ENSGMOP00000006699,ENSGMOP00000006898,NFATC1,ENSGMOP00000007568,ENSGMOP00000007903,DOCK9,ENSGMOP00000008403,ENSGMOP00000008869,JMY,ENSGMOP00000009057,ENSGMOP00000009093,ENSGMOP00000009364,ENSGMOP00000009927,ENSGMOP00000010431,ENSGMOP00000010518,ENSGMOP00000011506,EIF2AK4,ENSGMOP00000012426,ENSGMOP00000012990,ENSGMOP00000013199,ENSGMOP00000013237,ENSGMOP00000013414,ENSGMOP00000013735,ENSGMOP00000014701,ENSGMOP00000014980,ENSGMOP00000015111,ENSGMOP00000015517,ENSGMOP00000015596,ENSGMOP00000015783,ENSGMOP00000016289,ENSGMOP00000016514,ENSGMOP00000016537,ENSGMOP00000016798,ENSGMOP00000016837,ENSGMOP00000017031,ENSGMOP00000017088,traf4,ENSGMOP00000018142,ENSGMOP00000018897,dock7,ENSGMOP00000020184,ENSGMOP00000021060
GO Process	GO:0048589	Developmental growth	19	259	0.42	0.32	0.0378	8049.ENSGMOP00000000295,8049.ENSGMOP00000001971,8049.ENSGMOP00000003813,8049.ENSGMOP00000004060,8049.ENSGMOP00000006173,8049.ENSGMOP00000007129,8049.ENSGMOP00000007208,8049.ENSGMOP00000007617,8049.ENSGMOP00000008382,8049.ENSGMOP00000009057,8049.ENSGMOP00000009994,8049.ENSGMOP00000010397,8049.ENSGMOP00000010431,8049.ENSGMOP00000012148,8049.ENSGMOP00000013488,8049.ENSGMOP00000017190,8049.ENSGMOP00000020324,8049.ENSGMOP00000020356,8049.ENSGMOP00000021060	ENSGMOP00000000295,ENSGMOP00000001971,ENSGMOP00000003813,ENSGMOP00000004060,ENSGMOP00000006173,ENSGMOP00000007129,ENSGMOP00000007208,ENSGMOP00000007617,ENSGMOP00000008382,ENSGMOP00000009057,ENSGMOP00000009994,ENSGMOP00000010397,ENSGMOP00000010431,EIF2AK4,ENSGMOP00000013488,ENSGMOP00000017190,ENSGMOP00000020324,ENSGMOP00000020356,ENSGMOP00000021060
GO Process	GO:0051716	Cellular response to stimulus	173	4867	0.11	0.26	0.0378	8049.ENSGMOP00000000161,8049.ENSGMOP00000000191,8049.ENSGMOP00000000192,8049.ENSGMOP00000000294,8049.ENSGMOP00000000295,8049.ENSGMOP00000000391,8049.ENSGMOP00000000394,8049.ENSGMOP00000000692,8049.ENSGMOP00000000741,8049.ENSGMOP00000001078,8049.ENSGMOP00000001118,8049.ENSGMOP00000001366,8049.ENSGMOP00000001971,8049.ENSGMOP00000002137,8049.ENSGMOP00000002229,8049.ENSGMOP00000002293,8049.ENSGMOP00000002422,8049.ENSGMOP00000002747,8049.ENSGMOP00000002791,8049.ENSGMOP00000002898,8049.ENSGMOP00000002912,8049.ENSGMOP00000002985,8049.ENSGMOP00000003026,8049.ENSGMOP00000003331,8049.ENSGMOP00000003547,8049.ENSGMOP00000003590,8049.ENSGMOP00000003697,8049.ENSGMOP00000003762,8049.ENSGMOP00000003809,8049.ENSGMOP00000003813,8049.ENSGMOP00000003911,8049.ENSGMOP00000003952,8049.ENSGMOP00000004042,8049.ENSGMOP00000004055,8049.ENSGMOP00000004735,8049.ENSGMOP00000004779,8049.ENSGMOP00000005051,8049.ENSGMOP00000005232,8049.ENSGMOP00000005303,8049.ENSGMOP00000005743,8049.ENSGMOP00000005762,8049.ENSGMOP00000005945,8049.ENSGMOP00000006025,8049.ENSGMOP00000006065,8049.ENSGMOP00000006173,8049.ENSGMOP00000006446,8049.ENSGMOP00000006487,8049.ENSGMOP00000006502,8049.ENSGMOP00000006558,8049.ENSGMOP00000006563,8049.ENSGMOP00000006578,8049.ENSGMOP00000006699,8049.ENSGMOP00000006898,8049.ENSGMOP00000007059,8049.ENSGMOP00000007129,8049.ENSGMOP00000007135,8049.ENSGMOP00000007501,8049.ENSGMOP00000007568,8049.ENSGMOP00000007826,8049.ENSGMOP00000007861,8049.ENSGMOP00000007903,8049.ENSGMOP00000008306,8049.ENSGMOP00000008350,8049.ENSGMOP00000008382,8049.ENSGMOP00000008403,8049.ENSGMOP00000008467,8049.ENSGMOP00000008547,8049.ENSGMOP00000008706,8049.ENSGMOP00000008869,8049.ENSGMOP00000008916,8049.ENSGMOP00000009009,8049.ENSGMOP00000009025,8049.ENSGMOP00000009051,8049.ENSGMOP00000009057,8049.ENSGMOP00000009058,8049.ENSGMOP00000009093,8049.ENSGMOP00000009364,8049.ENSGMOP00000009620,8049.ENSGMOP00000009709,8049.ENSGMOP00000009927,8049.ENSGMOP00000010033,8049.ENSGMOP00000010218,8049.ENSGMOP00000010300,8049.ENSGMOP00000010397,8049.ENSGMOP00000010431,8049.ENSGMOP00000010518,8049.ENSGMOP00000010519,8049.ENSGMOP00000010925,8049.ENSGMOP00000011506,8049.ENSGMOP00000011775,8049.ENSGMOP00000011795,8049.ENSGMOP00000011875,8049.ENSGMOP00000011931,8049.ENSGMOP00000011999,8049.ENSGMOP00000012148,8049.ENSGMOP00000012175,8049.ENSGMOP00000012195,8049.ENSGMOP00000012426,8049.ENSGMOP00000012990,8049.ENSGMOP00000013179,8049.ENSGMOP00000013199,8049.ENSGMOP00000013237,8049.ENSGMOP00000013289,8049.ENSGMOP00000013310,8049.ENSGMOP00000013403,8049.ENSGMOP00000013414,8049.ENSGMOP00000013488,8049.ENSGMOP00000013726,8049.ENSGMOP00000013735,8049.ENSGMOP00000014246,8049.ENSGMOP00000014586,8049.ENSGMOP00000014701,8049.ENSGMOP00000014732,8049.ENSGMOP00000014787,8049.ENSGMOP00000014980,8049.ENSGMOP00000015111,8049.ENSGMOP00000015513,8049.ENSGMOP00000015517,8049.ENSGMOP00000015595,8049.ENSGMOP00000015596,8049.ENSGMOP00000015608,8049.ENSGMOP00000015763,8049.ENSGMOP00000015783,8049.ENSGMOP00000016210,8049.ENSGMOP00000016289,8049.ENSGMOP00000016370,8049.ENSGMOP00000016451,8049.ENSGMOP00000016514,8049.ENSGMOP00000016537,8049.ENSGMOP00000016550,8049.ENSGMOP00000016798,8049.ENSGMOP00000016804,8049.ENSGMOP00000016837,8049.ENSGMOP00000016976,8049.ENSGMOP00000017025,8049.ENSGMOP00000017031,8049.ENSGMOP00000017088,8049.ENSGMOP00000017194,8049.ENSGMOP00000017345,8049.ENSGMOP00000017472,8049.ENSGMOP00000017523,8049.ENSGMOP00000017545,8049.ENSGMOP00000017691,8049.ENSGMOP00000017702,8049.ENSGMOP00000017831,8049.ENSGMOP00000018054,8049.ENSGMOP00000018142,8049.ENSGMOP00000018368,8049.ENSGMOP00000018378,8049.ENSGMOP00000018410,8049.ENSGMOP00000018456,8049.ENSGMOP00000018508,8049.ENSGMOP00000018619,8049.ENSGMOP00000018652,8049.ENSGMOP00000018669,8049.ENSGMOP00000018777,8049.ENSGMOP00000018876,8049.ENSGMOP00000018897,8049.ENSGMOP00000019427,8049.ENSGMOP00000019575,8049.ENSGMOP00000019580,8049.ENSGMOP00000019698,8049.ENSGMOP00000019806,8049.ENSGMOP00000020136,8049.ENSGMOP00000020184,8049.ENSGMOP00000020316,8049.ENSGMOP00000020356,8049.ENSGMOP00000020378,8049.ENSGMOP00000020834,8049.ENSGMOP00000020924,8049.ENSGMOP00000020956,8049.ENSGMOP00000021060,8049.ENSGMOP00000021165	ENSGMOP00000000161,ENSGMOP00000000191,ENSGMOP00000000192,ENSGMOP00000000294,ENSGMOP00000000295,ENSGMOP00000000391,ENSGMOP00000000394,ENSGMOP00000000692,ENSGMOP00000000741,LTBP3,ENSGMOP00000001118,ENSGMOP00000001366,ENSGMOP00000001971,babam2,ENSGMOP00000002229,ENSGMOP00000002293,ENSGMOP00000002422,ENSGMOP00000002747,ENSGMOP00000002791,ENSGMOP00000002898,ENSGMOP00000002912,ENSGMOP00000002985,SLC4A11,ENSGMOP00000003331,ENSGMOP00000003547,ENSGMOP00000003590,ENSGMOP00000003697,ENSGMOP00000003762,ENSGMOP00000003809,ENSGMOP00000003813,ENSGMOP00000003911,ENSGMOP00000003952,ENSGMOP00000004042,ENSGMOP00000004055,ENSGMOP00000004735,ENSGMOP00000004779,ENSGMOP00000005051,ENSGMOP00000005232,ENSGMOP00000005303,ENSGMOP00000005743,ENSGMOP00000005762,ENSGMOP00000005945,ENSGMOP00000006025,ENSGMOP00000006065,ENSGMOP00000006173,vps18,cyld,ENSGMOP00000006502,ENSGMOP00000006558,ENSGMOP00000006563,ENSGMOP00000006578,ENSGMOP00000006699,ENSGMOP00000006898,NFATC1,ENSGMOP00000007129,ENSGMOP00000007135,ENSGMOP00000007501,ENSGMOP00000007568,SEMA6A,ENSGMOP00000007861,ENSGMOP00000007903,DOCK9,ENSGMOP00000008350,ENSGMOP00000008382,ENSGMOP00000008403,ENSGMOP00000008467,ENSGMOP00000008547,ENSGMOP00000008706,ENSGMOP00000008869,ENSGMOP00000008916,JMY,ENSGMOP00000009025,ENSGMOP00000009051,ENSGMOP00000009057,ENSGMOP00000009058,ENSGMOP00000009093,ENSGMOP00000009364,ENSGMOP00000009620,ENSGMOP00000009709,ENSGMOP00000009927,ENSGMOP00000010033,ENSGMOP00000010218,ENSGMOP00000010300,ENSGMOP00000010397,ENSGMOP00000010431,ENSGMOP00000010518,ENSGMOP00000010519,ENSGMOP00000010925,ENSGMOP00000011506,ENSGMOP00000011775,ENSGMOP00000011795,ENSGMOP00000011875,ENSGMOP00000011931,ENSGMOP00000011999,EIF2AK4,ENSGMOP00000012175,ENSGMOP00000012195,ENSGMOP00000012426,ENSGMOP00000012990,ENSGMOP00000013179,ENSGMOP00000013199,ENSGMOP00000013237,ENSGMOP00000013289,ENSGMOP00000013310,ENSGMOP00000013403,ENSGMOP00000013414,ENSGMOP00000013488,ENSGMOP00000013726,ENSGMOP00000013735,ENSGMOP00000014246,FZD7,ENSGMOP00000014701,ENSGMOP00000014732,ENSGMOP00000014787,ENSGMOP00000014980,ENSGMOP00000015111,ENSGMOP00000015513,ENSGMOP00000015517,ENSGMOP00000015595,ENSGMOP00000015596,ENSGMOP00000015608,ENSGMOP00000015763,ENSGMOP00000015783,ENSGMOP00000016210,ENSGMOP00000016289,ENSGMOP00000016370,ENSGMOP00000016451,ENSGMOP00000016514,ENSGMOP00000016537,ENSGMOP00000016550,ENSGMOP00000016798,ENSGMOP00000016804,ENSGMOP00000016837,ENSGMOP00000016976,ENSGMOP00000017025,ENSGMOP00000017031,ENSGMOP00000017088,nr2e1,traf4,ENSGMOP00000017472,ENSGMOP00000017523,ENSGMOP00000017545,ENSGMOP00000017691,EPHA7,ENSGMOP00000017831,NPC1L1,ENSGMOP00000018142,LOC115548846,ENSGMOP00000018378,ENSGMOP00000018410,NFKBID,ENSGMOP00000018508,ARAP1,ENSGMOP00000018652,ENSGMOP00000018669,ENSGMOP00000018777,ENSGMOP00000018876,ENSGMOP00000018897,ENSGMOP00000019427,dock7,ENSGMOP00000019580,ENSGMOP00000019698,ENSGMOP00000019806,ENSGMOP00000020136,ENSGMOP00000020184,ENSGMOP00000020316,ENSGMOP00000020356,ENSGMOP00000020378,PCLO,ENSGMOP00000020924,ENSGMOP00000020956,ENSGMOP00000021060,ENSGMOP00000021165
GO Process	GO:0010557	Positive regulation of macromolecule biosynthetic process	59	1303	0.21	0.28	0.0383	8049.ENSGMOP00000000041,8049.ENSGMOP00000000295,8049.ENSGMOP00000001262,8049.ENSGMOP00000002428,8049.ENSGMOP00000002912,8049.ENSGMOP00000003196,8049.ENSGMOP00000003815,8049.ENSGMOP00000004055,8049.ENSGMOP00000004060,8049.ENSGMOP00000004080,8049.ENSGMOP00000004779,8049.ENSGMOP00000005051,8049.ENSGMOP00000006025,8049.ENSGMOP00000006173,8049.ENSGMOP00000006196,8049.ENSGMOP00000006445,8049.ENSGMOP00000006608,8049.ENSGMOP00000006709,8049.ENSGMOP00000007059,8049.ENSGMOP00000008382,8049.ENSGMOP00000008547,8049.ENSGMOP00000008653,8049.ENSGMOP00000008712,8049.ENSGMOP00000009009,8049.ENSGMOP00000009051,8049.ENSGMOP00000009364,8049.ENSGMOP00000010218,8049.ENSGMOP00000010300,8049.ENSGMOP00000010431,8049.ENSGMOP00000010949,8049.ENSGMOP00000011350,8049.ENSGMOP00000011571,8049.ENSGMOP00000011775,8049.ENSGMOP00000012148,8049.ENSGMOP00000012162,8049.ENSGMOP00000012193,8049.ENSGMOP00000012195,8049.ENSGMOP00000012848,8049.ENSGMOP00000013073,8049.ENSGMOP00000013310,8049.ENSGMOP00000013478,8049.ENSGMOP00000014586,8049.ENSGMOP00000015257,8049.ENSGMOP00000015513,8049.ENSGMOP00000015608,8049.ENSGMOP00000016289,8049.ENSGMOP00000016370,8049.ENSGMOP00000016537,8049.ENSGMOP00000017230,8049.ENSGMOP00000017484,8049.ENSGMOP00000018651,8049.ENSGMOP00000018777,8049.ENSGMOP00000018866,8049.ENSGMOP00000019131,8049.ENSGMOP00000019925,8049.ENSGMOP00000020356,8049.ENSGMOP00000020501,8049.ENSGMOP00000020575,8049.ENSGMOP00000020924	ENSGMOP00000000041,ENSGMOP00000000295,ENSGMOP00000001262,ENSGMOP00000002428,ENSGMOP00000002912,ZNF521,ENSGMOP00000003815,ENSGMOP00000004055,ENSGMOP00000004060,ENSGMOP00000004080,ENSGMOP00000004779,ENSGMOP00000005051,ENSGMOP00000006025,ENSGMOP00000006173,ENSGMOP00000006196,ENSGMOP00000006445,ENSGMOP00000006608,ENSGMOP00000006709,NFATC1,ENSGMOP00000008382,ENSGMOP00000008547,ENSGMOP00000008653,ENSGMOP00000008712,JMY,ENSGMOP00000009051,ENSGMOP00000009364,ENSGMOP00000010218,ENSGMOP00000010300,ENSGMOP00000010431,ENSGMOP00000010949,ENSGMOP00000011350,ENSGMOP00000011571,ENSGMOP00000011775,EIF2AK4,ENSGMOP00000012162,ENSGMOP00000012193,ENSGMOP00000012195,ENSGMOP00000012848,ENSGMOP00000013073,ENSGMOP00000013310,ENSGMOP00000013478,FZD7,ENSGMOP00000015257,ENSGMOP00000015513,ENSGMOP00000015608,ENSGMOP00000016289,ENSGMOP00000016370,ENSGMOP00000016537,ENSGMOP00000017230,ENSGMOP00000017484,ENSGMOP00000018651,ENSGMOP00000018777,ENSGMOP00000018866,ENSGMOP00000019131,ENSGMOP00000019925,ENSGMOP00000020356,ENSGMOP00000020501,ENSGMOP00000020575,ENSGMOP00000020924
GO Process	GO:0048583	Regulation of response to stimulus	103	2623	0.15	0.27	0.0386	8049.ENSGMOP00000000161,8049.ENSGMOP00000000191,8049.ENSGMOP00000000294,8049.ENSGMOP00000000295,8049.ENSGMOP00000000394,8049.ENSGMOP00000000692,8049.ENSGMOP00000000741,8049.ENSGMOP00000001090,8049.ENSGMOP00000001578,8049.ENSGMOP00000002137,8049.ENSGMOP00000002229,8049.ENSGMOP00000002866,8049.ENSGMOP00000002910,8049.ENSGMOP00000002912,8049.ENSGMOP00000002960,8049.ENSGMOP00000003762,8049.ENSGMOP00000003809,8049.ENSGMOP00000003818,8049.ENSGMOP00000003952,8049.ENSGMOP00000004055,8049.ENSGMOP00000004762,8049.ENSGMOP00000004779,8049.ENSGMOP00000004951,8049.ENSGMOP00000005051,8049.ENSGMOP00000005303,8049.ENSGMOP00000005486,8049.ENSGMOP00000005835,8049.ENSGMOP00000005945,8049.ENSGMOP00000005950,8049.ENSGMOP00000006144,8049.ENSGMOP00000006407,8049.ENSGMOP00000006487,8049.ENSGMOP00000006502,8049.ENSGMOP00000006558,8049.ENSGMOP00000006699,8049.ENSGMOP00000007440,8049.ENSGMOP00000007783,8049.ENSGMOP00000007826,8049.ENSGMOP00000007861,8049.ENSGMOP00000007903,8049.ENSGMOP00000008350,8049.ENSGMOP00000008938,8049.ENSGMOP00000009025,8049.ENSGMOP00000009093,8049.ENSGMOP00000009364,8049.ENSGMOP00000009693,8049.ENSGMOP00000009709,8049.ENSGMOP00000009927,8049.ENSGMOP00000009994,8049.ENSGMOP00000010218,8049.ENSGMOP00000010397,8049.ENSGMOP00000010431,8049.ENSGMOP00000010519,8049.ENSGMOP00000011365,8049.ENSGMOP00000011506,8049.ENSGMOP00000011712,8049.ENSGMOP00000011775,8049.ENSGMOP00000011795,8049.ENSGMOP00000011931,8049.ENSGMOP00000011999,8049.ENSGMOP00000012148,8049.ENSGMOP00000012175,8049.ENSGMOP00000012193,8049.ENSGMOP00000012426,8049.ENSGMOP00000012747,8049.ENSGMOP00000013133,8049.ENSGMOP00000013237,8049.ENSGMOP00000013310,8049.ENSGMOP00000013414,8049.ENSGMOP00000013771,8049.ENSGMOP00000013884,8049.ENSGMOP00000014786,8049.ENSGMOP00000014787,8049.ENSGMOP00000014980,8049.ENSGMOP00000015029,8049.ENSGMOP00000015257,8049.ENSGMOP00000015517,8049.ENSGMOP00000015595,8049.ENSGMOP00000015883,8049.ENSGMOP00000016289,8049.ENSGMOP00000016370,8049.ENSGMOP00000016514,8049.ENSGMOP00000016537,8049.ENSGMOP00000017190,8049.ENSGMOP00000017345,8049.ENSGMOP00000017472,8049.ENSGMOP00000017831,8049.ENSGMOP00000017970,8049.ENSGMOP00000017996,8049.ENSGMOP00000018142,8049.ENSGMOP00000018313,8049.ENSGMOP00000018456,8049.ENSGMOP00000019065,8049.ENSGMOP00000019879,8049.ENSGMOP00000020136,8049.ENSGMOP00000020153,8049.ENSGMOP00000020175,8049.ENSGMOP00000020209,8049.ENSGMOP00000020316,8049.ENSGMOP00000020356,8049.ENSGMOP00000021165,8049.ENSGMOP00000021515,8049.ENSGMOP00000021947	ENSGMOP00000000161,ENSGMOP00000000191,ENSGMOP00000000294,ENSGMOP00000000295,ENSGMOP00000000394,ENSGMOP00000000692,ENSGMOP00000000741,ENSGMOP00000001090,ENSGMOP00000001578,babam2,ENSGMOP00000002229,ENSGMOP00000002866,ENSGMOP00000002910,ENSGMOP00000002912,ENSGMOP00000002960,ENSGMOP00000003762,ENSGMOP00000003809,LOC115556833,ENSGMOP00000003952,ENSGMOP00000004055,ENSGMOP00000004762,ENSGMOP00000004779,ENSGMOP00000004951,ENSGMOP00000005051,ENSGMOP00000005303,ENSGMOP00000005486,ENSGMOP00000005835,ENSGMOP00000005945,ENSGMOP00000005950,ENSGMOP00000006144,ENSGMOP00000006407,cyld,ENSGMOP00000006502,ENSGMOP00000006558,ENSGMOP00000006699,ENSGMOP00000007440,ENSGMOP00000007783,SEMA6A,ENSGMOP00000007861,ENSGMOP00000007903,ENSGMOP00000008350,ENSGMOP00000008938,ENSGMOP00000009025,ENSGMOP00000009093,ENSGMOP00000009364,ENSGMOP00000009693,ENSGMOP00000009709,ENSGMOP00000009927,ENSGMOP00000009994,ENSGMOP00000010218,ENSGMOP00000010397,ENSGMOP00000010431,ENSGMOP00000010519,LLGL1,ENSGMOP00000011506,ENSGMOP00000011712,ENSGMOP00000011775,ENSGMOP00000011795,ENSGMOP00000011931,ENSGMOP00000011999,EIF2AK4,ENSGMOP00000012175,ENSGMOP00000012193,ENSGMOP00000012426,ENSGMOP00000012747,ENSGMOP00000013133,ENSGMOP00000013237,ENSGMOP00000013310,ENSGMOP00000013414,ENSGMOP00000013771,ENSGMOP00000013884,ENSGMOP00000014786,ENSGMOP00000014787,ENSGMOP00000014980,ENSGMOP00000015029,ENSGMOP00000015257,ENSGMOP00000015517,ENSGMOP00000015595,ENSGMOP00000015883,ENSGMOP00000016289,ENSGMOP00000016370,ENSGMOP00000016514,ENSGMOP00000016537,ENSGMOP00000017190,traf4,ENSGMOP00000017472,ENSGMOP00000017831,ENSGMOP00000017970,PLEKHG4B,ENSGMOP00000018142,IQSEC1,NFKBID,ENSGMOP00000019065,ENSGMOP00000019879,ENSGMOP00000020136,ENSGMOP00000020153,ENSGMOP00000020175,ENSGMOP00000020209,ENSGMOP00000020316,ENSGMOP00000020356,ENSGMOP00000021165,ENSGMOP00000021515,ENSGMOP00000021947
GO Process	GO:0048870	Cell motility	36	683	0.28	0.28	0.0478	8049.ENSGMOP00000000394,8049.ENSGMOP00000000741,8049.ENSGMOP00000000860,8049.ENSGMOP00000001366,8049.ENSGMOP00000002910,8049.ENSGMOP00000002985,8049.ENSGMOP00000003929,8049.ENSGMOP00000004080,8049.ENSGMOP00000007415,8049.ENSGMOP00000007826,8049.ENSGMOP00000009009,8049.ENSGMOP00000009927,8049.ENSGMOP00000009994,8049.ENSGMOP00000010519,8049.ENSGMOP00000011929,8049.ENSGMOP00000012175,8049.ENSGMOP00000012990,8049.ENSGMOP00000013123,8049.ENSGMOP00000013488,8049.ENSGMOP00000013716,8049.ENSGMOP00000014503,8049.ENSGMOP00000014787,8049.ENSGMOP00000014980,8049.ENSGMOP00000015111,8049.ENSGMOP00000015595,8049.ENSGMOP00000016347,8049.ENSGMOP00000016798,8049.ENSGMOP00000017025,8049.ENSGMOP00000017523,8049.ENSGMOP00000018651,8049.ENSGMOP00000019499,8049.ENSGMOP00000019698,8049.ENSGMOP00000020175,8049.ENSGMOP00000020316,8049.ENSGMOP00000020956,8049.ENSGMOP00000021165	ENSGMOP00000000394,ENSGMOP00000000741,ENSGMOP00000000860,ENSGMOP00000001366,ENSGMOP00000002910,ENSGMOP00000002985,ENSGMOP00000003929,ENSGMOP00000004080,ENSGMOP00000007415,SEMA6A,JMY,ENSGMOP00000009927,ENSGMOP00000009994,ENSGMOP00000010519,CARMIL1,ENSGMOP00000012175,ENSGMOP00000012990,ENSGMOP00000013123,ENSGMOP00000013488,ENSGMOP00000013716,ENSGMOP00000014503,ENSGMOP00000014787,ENSGMOP00000014980,ENSGMOP00000015111,ENSGMOP00000015595,ENSGMOP00000016347,ENSGMOP00000016798,ENSGMOP00000017025,ENSGMOP00000017523,ENSGMOP00000018651,ENSGMOP00000019499,ENSGMOP00000019698,ENSGMOP00000020175,ENSGMOP00000020316,ENSGMOP00000020956,ENSGMOP00000021165
GO Process	GO:0000904	Cell morphogenesis involved in differentiation	27	456	0.33	0.28	0.0495	8049.ENSGMOP00000000295,8049.ENSGMOP00000001971,8049.ENSGMOP00000002722,8049.ENSGMOP00000002791,8049.ENSGMOP00000007129,8049.ENSGMOP00000007415,8049.ENSGMOP00000007826,8049.ENSGMOP00000008308,8049.ENSGMOP00000009057,8049.ENSGMOP00000009994,8049.ENSGMOP00000010519,8049.ENSGMOP00000010993,8049.ENSGMOP00000013488,8049.ENSGMOP00000013735,8049.ENSGMOP00000014864,8049.ENSGMOP00000015608,8049.ENSGMOP00000016347,8049.ENSGMOP00000016537,8049.ENSGMOP00000016695,8049.ENSGMOP00000016798,8049.ENSGMOP00000017702,8049.ENSGMOP00000018242,8049.ENSGMOP00000018508,8049.ENSGMOP00000019958,8049.ENSGMOP00000020324,8049.ENSGMOP00000021060,8049.ENSGMOP00000021165	ENSGMOP00000000295,ENSGMOP00000001971,NTN1,ENSGMOP00000002791,ENSGMOP00000007129,ENSGMOP00000007415,SEMA6A,ENSGMOP00000008308,ENSGMOP00000009057,ENSGMOP00000009994,ENSGMOP00000010519,ENSGMOP00000010993,ENSGMOP00000013488,ENSGMOP00000013735,ARHGEF26,ENSGMOP00000015608,ENSGMOP00000016347,ENSGMOP00000016537,ENSGMOP00000016695,ENSGMOP00000016798,EPHA7,ENSGMOP00000018242,ENSGMOP00000018508,ENSGMOP00000019958,ENSGMOP00000020324,ENSGMOP00000021060,ENSGMOP00000021165
GO Function	GO:0030695	GTPase regulator activity	47	532	0.5	1.01	5.72e-08	8049.ENSGMOP00000000191,8049.ENSGMOP00000000294,8049.ENSGMOP00000000394,8049.ENSGMOP00000000409,8049.ENSGMOP00000002031,8049.ENSGMOP00000002229,8049.ENSGMOP00000002422,8049.ENSGMOP00000002701,8049.ENSGMOP00000003911,8049.ENSGMOP00000004951,8049.ENSGMOP00000006539,8049.ENSGMOP00000006699,8049.ENSGMOP00000007133,8049.ENSGMOP00000008306,8049.ENSGMOP00000008308,8049.ENSGMOP00000008403,8049.ENSGMOP00000008467,8049.ENSGMOP00000008938,8049.ENSGMOP00000009057,8049.ENSGMOP00000009658,8049.ENSGMOP00000010021,8049.ENSGMOP00000010611,8049.ENSGMOP00000011365,8049.ENSGMOP00000011506,8049.ENSGMOP00000011626,8049.ENSGMOP00000012049,8049.ENSGMOP00000012747,8049.ENSGMOP00000012990,8049.ENSGMOP00000013289,8049.ENSGMOP00000013735,8049.ENSGMOP00000013988,8049.ENSGMOP00000014701,8049.ENSGMOP00000014864,8049.ENSGMOP00000015085,8049.ENSGMOP00000016370,8049.ENSGMOP00000016837,8049.ENSGMOP00000017831,8049.ENSGMOP00000017996,8049.ENSGMOP00000018010,8049.ENSGMOP00000018313,8049.ENSGMOP00000018619,8049.ENSGMOP00000018876,8049.ENSGMOP00000019575,8049.ENSGMOP00000019806,8049.ENSGMOP00000019879,8049.ENSGMOP00000020184,8049.ENSGMOP00000021060	ENSGMOP00000000191,ENSGMOP00000000294,ENSGMOP00000000394,ENSGMOP00000000409,ENSGMOP00000002031,ENSGMOP00000002229,ENSGMOP00000002422,ENSGMOP00000002701,ENSGMOP00000003911,ENSGMOP00000004951,ENSGMOP00000006539,ENSGMOP00000006699,ENSGMOP00000007133,DOCK9,ENSGMOP00000008308,ENSGMOP00000008403,ENSGMOP00000008467,ENSGMOP00000008938,ENSGMOP00000009057,ENSGMOP00000009658,ENSGMOP00000010021,ENSGMOP00000010611,LLGL1,ENSGMOP00000011506,ARHGEF17,ENSGMOP00000012049,ENSGMOP00000012747,ENSGMOP00000012990,ENSGMOP00000013289,ENSGMOP00000013735,ENSGMOP00000013988,ENSGMOP00000014701,ARHGEF26,ENSGMOP00000015085,ENSGMOP00000016370,ENSGMOP00000016837,ENSGMOP00000017831,PLEKHG4B,ENSGMOP00000018010,IQSEC1,ARAP1,ENSGMOP00000018876,dock7,ENSGMOP00000019806,ENSGMOP00000019879,ENSGMOP00000020184,ENSGMOP00000021060
GO Function	GO:0005085	Guanyl-nucleotide exchange factor activity	25	256	0.55	0.7	0.00019	8049.ENSGMOP00000000294,8049.ENSGMOP00000000394,8049.ENSGMOP00000000409,8049.ENSGMOP00000002031,8049.ENSGMOP00000002701,8049.ENSGMOP00000006699,8049.ENSGMOP00000008306,8049.ENSGMOP00000008308,8049.ENSGMOP00000008938,8049.ENSGMOP00000010021,8049.ENSGMOP00000010611,8049.ENSGMOP00000011506,8049.ENSGMOP00000011626,8049.ENSGMOP00000012747,8049.ENSGMOP00000012990,8049.ENSGMOP00000013735,8049.ENSGMOP00000013988,8049.ENSGMOP00000014701,8049.ENSGMOP00000014864,8049.ENSGMOP00000016370,8049.ENSGMOP00000016837,8049.ENSGMOP00000017996,8049.ENSGMOP00000018313,8049.ENSGMOP00000019575,8049.ENSGMOP00000020184	ENSGMOP00000000294,ENSGMOP00000000394,ENSGMOP00000000409,ENSGMOP00000002031,ENSGMOP00000002701,ENSGMOP00000006699,DOCK9,ENSGMOP00000008308,ENSGMOP00000008938,ENSGMOP00000010021,ENSGMOP00000010611,ENSGMOP00000011506,ARHGEF17,ENSGMOP00000012747,ENSGMOP00000012990,ENSGMOP00000013735,ENSGMOP00000013988,ENSGMOP00000014701,ARHGEF26,ENSGMOP00000016370,ENSGMOP00000016837,PLEKHG4B,IQSEC1,dock7,ENSGMOP00000020184
GO Function	GO:0005096	GTPase activator activity	25	287	0.5	0.58	0.00098	8049.ENSGMOP00000000191,8049.ENSGMOP00000000394,8049.ENSGMOP00000002229,8049.ENSGMOP00000002422,8049.ENSGMOP00000003911,8049.ENSGMOP00000004951,8049.ENSGMOP00000006539,8049.ENSGMOP00000007133,8049.ENSGMOP00000008403,8049.ENSGMOP00000008467,8049.ENSGMOP00000009057,8049.ENSGMOP00000009658,8049.ENSGMOP00000011365,8049.ENSGMOP00000011506,8049.ENSGMOP00000012049,8049.ENSGMOP00000012990,8049.ENSGMOP00000013289,8049.ENSGMOP00000015085,8049.ENSGMOP00000017831,8049.ENSGMOP00000018010,8049.ENSGMOP00000018619,8049.ENSGMOP00000018876,8049.ENSGMOP00000019806,8049.ENSGMOP00000019879,8049.ENSGMOP00000021060	ENSGMOP00000000191,ENSGMOP00000000394,ENSGMOP00000002229,ENSGMOP00000002422,ENSGMOP00000003911,ENSGMOP00000004951,ENSGMOP00000006539,ENSGMOP00000007133,ENSGMOP00000008403,ENSGMOP00000008467,ENSGMOP00000009057,ENSGMOP00000009658,LLGL1,ENSGMOP00000011506,ENSGMOP00000012049,ENSGMOP00000012990,ENSGMOP00000013289,ENSGMOP00000015085,ENSGMOP00000017831,ENSGMOP00000018010,ARAP1,ENSGMOP00000018876,ENSGMOP00000019806,ENSGMOP00000019879,ENSGMOP00000021060
GO Function	GO:0030234	Enzyme regulator activity	58	1059	0.29	0.5	0.00098	8049.ENSGMOP00000000161,8049.ENSGMOP00000000191,8049.ENSGMOP00000000294,8049.ENSGMOP00000000394,8049.ENSGMOP00000000409,8049.ENSGMOP00000001971,8049.ENSGMOP00000002031,8049.ENSGMOP00000002229,8049.ENSGMOP00000002422,8049.ENSGMOP00000002701,8049.ENSGMOP00000003911,8049.ENSGMOP00000004951,8049.ENSGMOP00000006539,8049.ENSGMOP00000006699,8049.ENSGMOP00000007133,8049.ENSGMOP00000008306,8049.ENSGMOP00000008308,8049.ENSGMOP00000008316,8049.ENSGMOP00000008403,8049.ENSGMOP00000008467,8049.ENSGMOP00000008938,8049.ENSGMOP00000009057,8049.ENSGMOP00000009658,8049.ENSGMOP00000010021,8049.ENSGMOP00000010033,8049.ENSGMOP00000010611,8049.ENSGMOP00000011365,8049.ENSGMOP00000011506,8049.ENSGMOP00000011626,8049.ENSGMOP00000012049,8049.ENSGMOP00000012157,8049.ENSGMOP00000012747,8049.ENSGMOP00000012990,8049.ENSGMOP00000013237,8049.ENSGMOP00000013289,8049.ENSGMOP00000013735,8049.ENSGMOP00000013988,8049.ENSGMOP00000014701,8049.ENSGMOP00000014864,8049.ENSGMOP00000015085,8049.ENSGMOP00000016370,8049.ENSGMOP00000016550,8049.ENSGMOP00000016563,8049.ENSGMOP00000016837,8049.ENSGMOP00000017031,8049.ENSGMOP00000017831,8049.ENSGMOP00000017996,8049.ENSGMOP00000018010,8049.ENSGMOP00000018142,8049.ENSGMOP00000018313,8049.ENSGMOP00000018619,8049.ENSGMOP00000018876,8049.ENSGMOP00000019065,8049.ENSGMOP00000019575,8049.ENSGMOP00000019806,8049.ENSGMOP00000019879,8049.ENSGMOP00000020184,8049.ENSGMOP00000021060	ENSGMOP00000000161,ENSGMOP00000000191,ENSGMOP00000000294,ENSGMOP00000000394,ENSGMOP00000000409,ENSGMOP00000001971,ENSGMOP00000002031,ENSGMOP00000002229,ENSGMOP00000002422,ENSGMOP00000002701,ENSGMOP00000003911,ENSGMOP00000004951,ENSGMOP00000006539,ENSGMOP00000006699,ENSGMOP00000007133,DOCK9,ENSGMOP00000008308,ENSGMOP00000008316,ENSGMOP00000008403,ENSGMOP00000008467,ENSGMOP00000008938,ENSGMOP00000009057,ENSGMOP00000009658,ENSGMOP00000010021,ENSGMOP00000010033,ENSGMOP00000010611,LLGL1,ENSGMOP00000011506,ARHGEF17,ENSGMOP00000012049,ENSGMOP00000012157,ENSGMOP00000012747,ENSGMOP00000012990,ENSGMOP00000013237,ENSGMOP00000013289,ENSGMOP00000013735,ENSGMOP00000013988,ENSGMOP00000014701,ARHGEF26,ENSGMOP00000015085,ENSGMOP00000016370,ENSGMOP00000016550,ENSGMOP00000016563,ENSGMOP00000016837,ENSGMOP00000017031,ENSGMOP00000017831,PLEKHG4B,ENSGMOP00000018010,ENSGMOP00000018142,IQSEC1,ARAP1,ENSGMOP00000018876,ENSGMOP00000019065,dock7,ENSGMOP00000019806,ENSGMOP00000019879,ENSGMOP00000020184,ENSGMOP00000021060
GO Function	GO:0051015	Actin filament binding	23	260	0.5	0.57	0.0013	8049.ENSGMOP00000001588,8049.ENSGMOP00000003911,8049.ENSGMOP00000006071,8049.ENSGMOP00000006247,8049.ENSGMOP00000006664,8049.ENSGMOP00000007415,8049.ENSGMOP00000009057,8049.ENSGMOP00000010407,8049.ENSGMOP00000010761,8049.ENSGMOP00000011013,8049.ENSGMOP00000011890,8049.ENSGMOP00000012028,8049.ENSGMOP00000012260,8049.ENSGMOP00000014411,8049.ENSGMOP00000014503,8049.ENSGMOP00000016689,8049.ENSGMOP00000017631,8049.ENSGMOP00000017970,8049.ENSGMOP00000019664,8049.ENSGMOP00000020017,8049.ENSGMOP00000020283,8049.ENSGMOP00000020964,8049.ENSGMOP00000021060	ENSGMOP00000001588,ENSGMOP00000003911,ENSGMOP00000006071,ENSGMOP00000006247,ENSGMOP00000006664,ENSGMOP00000007415,ENSGMOP00000009057,ENSGMOP00000010407,ENSGMOP00000010761,ENSGMOP00000011013,SHROOM2,ENSGMOP00000012028,ENSGMOP00000012260,ENSGMOP00000014411,ENSGMOP00000014503,ENSGMOP00000016689,ENSGMOP00000017631,ENSGMOP00000017970,ENSGMOP00000019664,ENSGMOP00000020017,ENSGMOP00000020283,ENSGMOP00000020964,ENSGMOP00000021060
GO Function	GO:0003774	Cytoskeletal motor activity	16	137	0.62	0.6	0.0016	8049.ENSGMOP00000000421,8049.ENSGMOP00000001588,8049.ENSGMOP00000003506,8049.ENSGMOP00000006071,8049.ENSGMOP00000006247,8049.ENSGMOP00000008500,8049.ENSGMOP00000009057,8049.ENSGMOP00000010761,8049.ENSGMOP00000012028,8049.ENSGMOP00000012260,8049.ENSGMOP00000013595,8049.ENSGMOP00000013688,8049.ENSGMOP00000016689,8049.ENSGMOP00000017268,8049.ENSGMOP00000017631,8049.ENSGMOP00000021060	ENSGMOP00000000421,ENSGMOP00000001588,ENSGMOP00000003506,ENSGMOP00000006071,ENSGMOP00000006247,ENSGMOP00000008500,ENSGMOP00000009057,ENSGMOP00000010761,ENSGMOP00000012028,ENSGMOP00000012260,MYO1D,ENSGMOP00000013688,ENSGMOP00000016689,DYNC2H1,ENSGMOP00000017631,ENSGMOP00000021060
GO Function	GO:0005524	ATP binding	78	1712	0.21	0.39	0.0059	8049.ENSGMOP00000000192,8049.ENSGMOP00000000421,8049.ENSGMOP00000000741,8049.ENSGMOP00000001090,8049.ENSGMOP00000001588,8049.ENSGMOP00000002531,8049.ENSGMOP00000002898,8049.ENSGMOP00000003229,8049.ENSGMOP00000003506,8049.ENSGMOP00000003697,8049.ENSGMOP00000003813,8049.ENSGMOP00000003952,8049.ENSGMOP00000004042,8049.ENSGMOP00000004762,8049.ENSGMOP00000004779,8049.ENSGMOP00000005256,8049.ENSGMOP00000005627,8049.ENSGMOP00000005762,8049.ENSGMOP00000005945,8049.ENSGMOP00000006065,8049.ENSGMOP00000006071,8049.ENSGMOP00000006173,8049.ENSGMOP00000006247,8049.ENSGMOP00000006407,8049.ENSGMOP00000006445,8049.ENSGMOP00000006558,8049.ENSGMOP00000006578,8049.ENSGMOP00000008308,8049.ENSGMOP00000008500,8049.ENSGMOP00000008547,8049.ENSGMOP00000008869,8049.ENSGMOP00000009057,8049.ENSGMOP00000009093,8049.ENSGMOP00000010431,8049.ENSGMOP00000010761,8049.ENSGMOP00000010933,8049.ENSGMOP00000011309,8049.ENSGMOP00000011495,8049.ENSGMOP00000011795,8049.ENSGMOP00000011826,8049.ENSGMOP00000011931,8049.ENSGMOP00000012028,8049.ENSGMOP00000012148,8049.ENSGMOP00000012260,8049.ENSGMOP00000012426,8049.ENSGMOP00000012470,8049.ENSGMOP00000013133,8049.ENSGMOP00000013403,8049.ENSGMOP00000013595,8049.ENSGMOP00000013688,8049.ENSGMOP00000013716,8049.ENSGMOP00000014980,8049.ENSGMOP00000015111,8049.ENSGMOP00000015257,8049.ENSGMOP00000015517,8049.ENSGMOP00000015783,8049.ENSGMOP00000015883,8049.ENSGMOP00000016451,8049.ENSGMOP00000016514,8049.ENSGMOP00000016689,8049.ENSGMOP00000016798,8049.ENSGMOP00000016963,8049.ENSGMOP00000017088,8049.ENSGMOP00000017268,8049.ENSGMOP00000017545,8049.ENSGMOP00000017631,8049.ENSGMOP00000017691,8049.ENSGMOP00000017702,8049.ENSGMOP00000017987,8049.ENSGMOP00000018897,8049.ENSGMOP00000019065,8049.ENSGMOP00000019274,8049.ENSGMOP00000019580,8049.ENSGMOP00000019792,8049.ENSGMOP00000019825,8049.ENSGMOP00000020324,8049.ENSGMOP00000020575,8049.ENSGMOP00000021060	ENSGMOP00000000192,ENSGMOP00000000421,ENSGMOP00000000741,ENSGMOP00000001090,ENSGMOP00000001588,ENSGMOP00000002531,ENSGMOP00000002898,ENSGMOP00000003229,ENSGMOP00000003506,ENSGMOP00000003697,ENSGMOP00000003813,ENSGMOP00000003952,ENSGMOP00000004042,ENSGMOP00000004762,ENSGMOP00000004779,ENSGMOP00000005256,ENSGMOP00000005627,ENSGMOP00000005762,ENSGMOP00000005945,ENSGMOP00000006065,ENSGMOP00000006071,ENSGMOP00000006173,ENSGMOP00000006247,ENSGMOP00000006407,ENSGMOP00000006445,ENSGMOP00000006558,ENSGMOP00000006578,ENSGMOP00000008308,ENSGMOP00000008500,ENSGMOP00000008547,ENSGMOP00000008869,ENSGMOP00000009057,ENSGMOP00000009093,ENSGMOP00000010431,ENSGMOP00000010761,ENSGMOP00000010933,ENSGMOP00000011309,ENSGMOP00000011495,ENSGMOP00000011795,ENSGMOP00000011826,ENSGMOP00000011931,ENSGMOP00000012028,EIF2AK4,ENSGMOP00000012260,ENSGMOP00000012426,ENSGMOP00000012470,ENSGMOP00000013133,ENSGMOP00000013403,MYO1D,ENSGMOP00000013688,ENSGMOP00000013716,ENSGMOP00000014980,ENSGMOP00000015111,ENSGMOP00000015257,ENSGMOP00000015517,ENSGMOP00000015783,ENSGMOP00000015883,ENSGMOP00000016451,ENSGMOP00000016514,ENSGMOP00000016689,ENSGMOP00000016798,ATP13A3,ENSGMOP00000017088,DYNC2H1,ENSGMOP00000017545,ENSGMOP00000017631,ENSGMOP00000017691,EPHA7,ENSGMOP00000017987,ENSGMOP00000018897,ENSGMOP00000019065,PIP5K1A,ENSGMOP00000019580,ENSGMOP00000019792,ENSGMOP00000019825,ENSGMOP00000020324,ENSGMOP00000020575,ENSGMOP00000021060
GO Function	GO:0032559	Adenyl ribonucleotide binding	79	1757	0.21	0.38	0.0071	8049.ENSGMOP00000000192,8049.ENSGMOP00000000394,8049.ENSGMOP00000000421,8049.ENSGMOP00000000741,8049.ENSGMOP00000001090,8049.ENSGMOP00000001588,8049.ENSGMOP00000002531,8049.ENSGMOP00000002898,8049.ENSGMOP00000003229,8049.ENSGMOP00000003506,8049.ENSGMOP00000003697,8049.ENSGMOP00000003813,8049.ENSGMOP00000003952,8049.ENSGMOP00000004042,8049.ENSGMOP00000004762,8049.ENSGMOP00000004779,8049.ENSGMOP00000005256,8049.ENSGMOP00000005627,8049.ENSGMOP00000005762,8049.ENSGMOP00000005945,8049.ENSGMOP00000006065,8049.ENSGMOP00000006071,8049.ENSGMOP00000006173,8049.ENSGMOP00000006247,8049.ENSGMOP00000006407,8049.ENSGMOP00000006445,8049.ENSGMOP00000006558,8049.ENSGMOP00000006578,8049.ENSGMOP00000008308,8049.ENSGMOP00000008500,8049.ENSGMOP00000008547,8049.ENSGMOP00000008869,8049.ENSGMOP00000009057,8049.ENSGMOP00000009093,8049.ENSGMOP00000010431,8049.ENSGMOP00000010761,8049.ENSGMOP00000010933,8049.ENSGMOP00000011309,8049.ENSGMOP00000011495,8049.ENSGMOP00000011795,8049.ENSGMOP00000011826,8049.ENSGMOP00000011931,8049.ENSGMOP00000012028,8049.ENSGMOP00000012148,8049.ENSGMOP00000012260,8049.ENSGMOP00000012426,8049.ENSGMOP00000012470,8049.ENSGMOP00000013133,8049.ENSGMOP00000013403,8049.ENSGMOP00000013595,8049.ENSGMOP00000013688,8049.ENSGMOP00000013716,8049.ENSGMOP00000014980,8049.ENSGMOP00000015111,8049.ENSGMOP00000015257,8049.ENSGMOP00000015517,8049.ENSGMOP00000015783,8049.ENSGMOP00000015883,8049.ENSGMOP00000016451,8049.ENSGMOP00000016514,8049.ENSGMOP00000016689,8049.ENSGMOP00000016798,8049.ENSGMOP00000016963,8049.ENSGMOP00000017088,8049.ENSGMOP00000017268,8049.ENSGMOP00000017545,8049.ENSGMOP00000017631,8049.ENSGMOP00000017691,8049.ENSGMOP00000017702,8049.ENSGMOP00000017987,8049.ENSGMOP00000018897,8049.ENSGMOP00000019065,8049.ENSGMOP00000019274,8049.ENSGMOP00000019580,8049.ENSGMOP00000019792,8049.ENSGMOP00000019825,8049.ENSGMOP00000020324,8049.ENSGMOP00000020575,8049.ENSGMOP00000021060	ENSGMOP00000000192,ENSGMOP00000000394,ENSGMOP00000000421,ENSGMOP00000000741,ENSGMOP00000001090,ENSGMOP00000001588,ENSGMOP00000002531,ENSGMOP00000002898,ENSGMOP00000003229,ENSGMOP00000003506,ENSGMOP00000003697,ENSGMOP00000003813,ENSGMOP00000003952,ENSGMOP00000004042,ENSGMOP00000004762,ENSGMOP00000004779,ENSGMOP00000005256,ENSGMOP00000005627,ENSGMOP00000005762,ENSGMOP00000005945,ENSGMOP00000006065,ENSGMOP00000006071,ENSGMOP00000006173,ENSGMOP00000006247,ENSGMOP00000006407,ENSGMOP00000006445,ENSGMOP00000006558,ENSGMOP00000006578,ENSGMOP00000008308,ENSGMOP00000008500,ENSGMOP00000008547,ENSGMOP00000008869,ENSGMOP00000009057,ENSGMOP00000009093,ENSGMOP00000010431,ENSGMOP00000010761,ENSGMOP00000010933,ENSGMOP00000011309,ENSGMOP00000011495,ENSGMOP00000011795,ENSGMOP00000011826,ENSGMOP00000011931,ENSGMOP00000012028,EIF2AK4,ENSGMOP00000012260,ENSGMOP00000012426,ENSGMOP00000012470,ENSGMOP00000013133,ENSGMOP00000013403,MYO1D,ENSGMOP00000013688,ENSGMOP00000013716,ENSGMOP00000014980,ENSGMOP00000015111,ENSGMOP00000015257,ENSGMOP00000015517,ENSGMOP00000015783,ENSGMOP00000015883,ENSGMOP00000016451,ENSGMOP00000016514,ENSGMOP00000016689,ENSGMOP00000016798,ATP13A3,ENSGMOP00000017088,DYNC2H1,ENSGMOP00000017545,ENSGMOP00000017631,ENSGMOP00000017691,EPHA7,ENSGMOP00000017987,ENSGMOP00000018897,ENSGMOP00000019065,PIP5K1A,ENSGMOP00000019580,ENSGMOP00000019792,ENSGMOP00000019825,ENSGMOP00000020324,ENSGMOP00000020575,ENSGMOP00000021060
GO Function	GO:0005201	Extracellular matrix structural constituent	13	114	0.61	0.45	0.0099	8049.ENSGMOP00000000797,8049.ENSGMOP00000003483,8049.ENSGMOP00000005306,8049.ENSGMOP00000008329,8049.ENSGMOP00000009077,8049.ENSGMOP00000010783,8049.ENSGMOP00000011340,8049.ENSGMOP00000016347,8049.ENSGMOP00000017367,8049.ENSGMOP00000017800,8049.ENSGMOP00000017842,8049.ENSGMOP00000018626,8049.ENSGMOP00000020175	ENSGMOP00000000797,LAMA3,ENSGMOP00000005306,ENSGMOP00000008329,ENSGMOP00000009077,COL25A1,COL12A1,ENSGMOP00000016347,ENSGMOP00000017367,ENSGMOP00000017800,ENSGMOP00000017842,ENSGMOP00000018626,ENSGMOP00000020175
GO Function	GO:0000146	Microfilament motor activity	9	61	0.72	0.39	0.0235	8049.ENSGMOP00000001588,8049.ENSGMOP00000006071,8049.ENSGMOP00000006247,8049.ENSGMOP00000009057,8049.ENSGMOP00000012028,8049.ENSGMOP00000012260,8049.ENSGMOP00000016689,8049.ENSGMOP00000017631,8049.ENSGMOP00000021060	ENSGMOP00000001588,ENSGMOP00000006071,ENSGMOP00000006247,ENSGMOP00000009057,ENSGMOP00000012028,ENSGMOP00000012260,ENSGMOP00000016689,ENSGMOP00000017631,ENSGMOP00000021060
GO Function	GO:0005488	Binding	421	13660	0.04	0.27	0.0235	8049.ENSGMOP00000000029,8049.ENSGMOP00000000041,8049.ENSGMOP00000000084,8049.ENSGMOP00000000191,8049.ENSGMOP00000000192,8049.ENSGMOP00000000294,8049.ENSGMOP00000000295,8049.ENSGMOP00000000359,8049.ENSGMOP00000000386,8049.ENSGMOP00000000391,8049.ENSGMOP00000000394,8049.ENSGMOP00000000409,8049.ENSGMOP00000000421,8049.ENSGMOP00000000455,8049.ENSGMOP00000000507,8049.ENSGMOP00000000510,8049.ENSGMOP00000000608,8049.ENSGMOP00000000637,8049.ENSGMOP00000000641,8049.ENSGMOP00000000692,8049.ENSGMOP00000000734,8049.ENSGMOP00000000741,8049.ENSGMOP00000000746,8049.ENSGMOP00000000806,8049.ENSGMOP00000000858,8049.ENSGMOP00000000860,8049.ENSGMOP00000001058,8049.ENSGMOP00000001078,8049.ENSGMOP00000001090,8049.ENSGMOP00000001118,8049.ENSGMOP00000001262,8049.ENSGMOP00000001334,8049.ENSGMOP00000001366,8049.ENSGMOP00000001522,8049.ENSGMOP00000001588,8049.ENSGMOP00000001688,8049.ENSGMOP00000001807,8049.ENSGMOP00000001971,8049.ENSGMOP00000002137,8049.ENSGMOP00000002159,8049.ENSGMOP00000002229,8049.ENSGMOP00000002428,8049.ENSGMOP00000002433,8049.ENSGMOP00000002531,8049.ENSGMOP00000002564,8049.ENSGMOP00000002624,8049.ENSGMOP00000002722,8049.ENSGMOP00000002791,8049.ENSGMOP00000002866,8049.ENSGMOP00000002898,8049.ENSGMOP00000002910,8049.ENSGMOP00000002912,8049.ENSGMOP00000002960,8049.ENSGMOP00000002985,8049.ENSGMOP00000003026,8049.ENSGMOP00000003196,8049.ENSGMOP00000003229,8049.ENSGMOP00000003331,8049.ENSGMOP00000003381,8049.ENSGMOP00000003483,8049.ENSGMOP00000003485,8049.ENSGMOP00000003506,8049.ENSGMOP00000003514,8049.ENSGMOP00000003547,8049.ENSGMOP00000003590,8049.ENSGMOP00000003679,8049.ENSGMOP00000003697,8049.ENSGMOP00000003809,8049.ENSGMOP00000003813,8049.ENSGMOP00000003815,8049.ENSGMOP00000003911,8049.ENSGMOP00000003929,8049.ENSGMOP00000003952,8049.ENSGMOP00000004042,8049.ENSGMOP00000004060,8049.ENSGMOP00000004080,8049.ENSGMOP00000004084,8049.ENSGMOP00000004408,8049.ENSGMOP00000004505,8049.ENSGMOP00000004622,8049.ENSGMOP00000004711,8049.ENSGMOP00000004726,8049.ENSGMOP00000004735,8049.ENSGMOP00000004762,8049.ENSGMOP00000004779,8049.ENSGMOP00000004825,8049.ENSGMOP00000004932,8049.ENSGMOP00000005043,8049.ENSGMOP00000005051,8049.ENSGMOP00000005084,8049.ENSGMOP00000005232,8049.ENSGMOP00000005256,8049.ENSGMOP00000005303,8049.ENSGMOP00000005306,8049.ENSGMOP00000005486,8049.ENSGMOP00000005539,8049.ENSGMOP00000005570,8049.ENSGMOP00000005593,8049.ENSGMOP00000005627,8049.ENSGMOP00000005714,8049.ENSGMOP00000005743,8049.ENSGMOP00000005762,8049.ENSGMOP00000005796,8049.ENSGMOP00000005835,8049.ENSGMOP00000005945,8049.ENSGMOP00000006025,8049.ENSGMOP00000006035,8049.ENSGMOP00000006041,8049.ENSGMOP00000006059,8049.ENSGMOP00000006065,8049.ENSGMOP00000006071,8049.ENSGMOP00000006144,8049.ENSGMOP00000006173,8049.ENSGMOP00000006247,8049.ENSGMOP00000006360,8049.ENSGMOP00000006407,8049.ENSGMOP00000006445,8049.ENSGMOP00000006446,8049.ENSGMOP00000006481,8049.ENSGMOP00000006487,8049.ENSGMOP00000006532,8049.ENSGMOP00000006535,8049.ENSGMOP00000006539,8049.ENSGMOP00000006558,8049.ENSGMOP00000006563,8049.ENSGMOP00000006578,8049.ENSGMOP00000006594,8049.ENSGMOP00000006608,8049.ENSGMOP00000006664,8049.ENSGMOP00000006686,8049.ENSGMOP00000006709,8049.ENSGMOP00000006819,8049.ENSGMOP00000006863,8049.ENSGMOP00000006901,8049.ENSGMOP00000006909,8049.ENSGMOP00000007000,8049.ENSGMOP00000007001,8049.ENSGMOP00000007059,8049.ENSGMOP00000007106,8049.ENSGMOP00000007129,8049.ENSGMOP00000007133,8049.ENSGMOP00000007135,8049.ENSGMOP00000007208,8049.ENSGMOP00000007249,8049.ENSGMOP00000007259,8049.ENSGMOP00000007415,8049.ENSGMOP00000007440,8049.ENSGMOP00000007501,8049.ENSGMOP00000007568,8049.ENSGMOP00000007573,8049.ENSGMOP00000007617,8049.ENSGMOP00000007702,8049.ENSGMOP00000007826,8049.ENSGMOP00000007853,8049.ENSGMOP00000007861,8049.ENSGMOP00000007870,8049.ENSGMOP00000007903,8049.ENSGMOP00000007919,8049.ENSGMOP00000008048,8049.ENSGMOP00000008148,8049.ENSGMOP00000008302,8049.ENSGMOP00000008306,8049.ENSGMOP00000008308,8049.ENSGMOP00000008350,8049.ENSGMOP00000008382,8049.ENSGMOP00000008403,8049.ENSGMOP00000008500,8049.ENSGMOP00000008547,8049.ENSGMOP00000008653,8049.ENSGMOP00000008706,8049.ENSGMOP00000008712,8049.ENSGMOP00000008756,8049.ENSGMOP00000008778,8049.ENSGMOP00000008869,8049.ENSGMOP00000009009,8049.ENSGMOP00000009025,8049.ENSGMOP00000009037,8049.ENSGMOP00000009051,8049.ENSGMOP00000009057,8049.ENSGMOP00000009058,8049.ENSGMOP00000009093,8049.ENSGMOP00000009306,8049.ENSGMOP00000009386,8049.ENSGMOP00000009437,8049.ENSGMOP00000009512,8049.ENSGMOP00000009591,8049.ENSGMOP00000009620,8049.ENSGMOP00000009634,8049.ENSGMOP00000009658,8049.ENSGMOP00000009663,8049.ENSGMOP00000009693,8049.ENSGMOP00000009709,8049.ENSGMOP00000009774,8049.ENSGMOP00000009796,8049.ENSGMOP00000009927,8049.ENSGMOP00000009994,8049.ENSGMOP00000010006,8049.ENSGMOP00000010029,8049.ENSGMOP00000010044,8049.ENSGMOP00000010218,8049.ENSGMOP00000010232,8049.ENSGMOP00000010300,8049.ENSGMOP00000010374,8049.ENSGMOP00000010407,8049.ENSGMOP00000010431,8049.ENSGMOP00000010437,8049.ENSGMOP00000010490,8049.ENSGMOP00000010518,8049.ENSGMOP00000010519,8049.ENSGMOP00000010611,8049.ENSGMOP00000010754,8049.ENSGMOP00000010761,8049.ENSGMOP00000010898,8049.ENSGMOP00000010925,8049.ENSGMOP00000010933,8049.ENSGMOP00000010949,8049.ENSGMOP00000010993,8049.ENSGMOP00000011013,8049.ENSGMOP00000011071,8049.ENSGMOP00000011099,8049.ENSGMOP00000011291,8049.ENSGMOP00000011309,8049.ENSGMOP00000011336,8049.ENSGMOP00000011363,8049.ENSGMOP00000011365,8049.ENSGMOP00000011495,8049.ENSGMOP00000011571,8049.ENSGMOP00000011615,8049.ENSGMOP00000011656,8049.ENSGMOP00000011739,8049.ENSGMOP00000011775,8049.ENSGMOP00000011787,8049.ENSGMOP00000011795,8049.ENSGMOP00000011826,8049.ENSGMOP00000011875,8049.ENSGMOP00000011890,8049.ENSGMOP00000011896,8049.ENSGMOP00000011929,8049.ENSGMOP00000011931,8049.ENSGMOP00000011999,8049.ENSGMOP00000012028,8049.ENSGMOP00000012049,8049.ENSGMOP00000012148,8049.ENSGMOP00000012162,8049.ENSGMOP00000012175,8049.ENSGMOP00000012193,8049.ENSGMOP00000012195,8049.ENSGMOP00000012260,8049.ENSGMOP00000012426,8049.ENSGMOP00000012470,8049.ENSGMOP00000012487,8049.ENSGMOP00000012747,8049.ENSGMOP00000012838,8049.ENSGMOP00000012848,8049.ENSGMOP00000012990,8049.ENSGMOP00000013073,8049.ENSGMOP00000013107,8049.ENSGMOP00000013133,8049.ENSGMOP00000013161,8049.ENSGMOP00000013199,8049.ENSGMOP00000013237,8049.ENSGMOP00000013289,8049.ENSGMOP00000013310,8049.ENSGMOP00000013403,8049.ENSGMOP00000013414,8049.ENSGMOP00000013421,8049.ENSGMOP00000013478,8049.ENSGMOP00000013488,8049.ENSGMOP00000013495,8049.ENSGMOP00000013503,8049.ENSGMOP00000013595,8049.ENSGMOP00000013688,8049.ENSGMOP00000013716,8049.ENSGMOP00000013726,8049.ENSGMOP00000013771,8049.ENSGMOP00000013884,8049.ENSGMOP00000013898,8049.ENSGMOP00000013905,8049.ENSGMOP00000013951,8049.ENSGMOP00000013986,8049.ENSGMOP00000014028,8049.ENSGMOP00000014404,8049.ENSGMOP00000014411,8049.ENSGMOP00000014503,8049.ENSGMOP00000014551,8049.ENSGMOP00000014586,8049.ENSGMOP00000014630,8049.ENSGMOP00000014701,8049.ENSGMOP00000014732,8049.ENSGMOP00000014750,8049.ENSGMOP00000014787,8049.ENSGMOP00000014892,8049.ENSGMOP00000014980,8049.ENSGMOP00000015085,8049.ENSGMOP00000015111,8049.ENSGMOP00000015213,8049.ENSGMOP00000015257,8049.ENSGMOP00000015260,8049.ENSGMOP00000015399,8049.ENSGMOP00000015409,8049.ENSGMOP00000015513,8049.ENSGMOP00000015517,8049.ENSGMOP00000015595,8049.ENSGMOP00000015596,8049.ENSGMOP00000015608,8049.ENSGMOP00000015783,8049.ENSGMOP00000015883,8049.ENSGMOP00000015921,8049.ENSGMOP00000015954,8049.ENSGMOP00000016093,8049.ENSGMOP00000016134,8049.ENSGMOP00000016163,8049.ENSGMOP00000016210,8049.ENSGMOP00000016289,8049.ENSGMOP00000016347,8049.ENSGMOP00000016370,8049.ENSGMOP00000016451,8049.ENSGMOP00000016480,8049.ENSGMOP00000016514,8049.ENSGMOP00000016537,8049.ENSGMOP00000016563,8049.ENSGMOP00000016592,8049.ENSGMOP00000016689,8049.ENSGMOP00000016695,8049.ENSGMOP00000016798,8049.ENSGMOP00000016804,8049.ENSGMOP00000016963,8049.ENSGMOP00000017025,8049.ENSGMOP00000017031,8049.ENSGMOP00000017060,8049.ENSGMOP00000017088,8049.ENSGMOP00000017109,8049.ENSGMOP00000017190,8049.ENSGMOP00000017194,8049.ENSGMOP00000017230,8049.ENSGMOP00000017268,8049.ENSGMOP00000017279,8049.ENSGMOP00000017345,8049.ENSGMOP00000017385,8049.ENSGMOP00000017472,8049.ENSGMOP00000017484,8049.ENSGMOP00000017523,8049.ENSGMOP00000017545,8049.ENSGMOP00000017598,8049.ENSGMOP00000017631,8049.ENSGMOP00000017686,8049.ENSGMOP00000017691,8049.ENSGMOP00000017702,8049.ENSGMOP00000017723,8049.ENSGMOP00000017800,8049.ENSGMOP00000017970,8049.ENSGMOP00000017987,8049.ENSGMOP00000018000,8049.ENSGMOP00000018008,8049.ENSGMOP00000018010,8049.ENSGMOP00000018054,8049.ENSGMOP00000018142,8049.ENSGMOP00000018242,8049.ENSGMOP00000018360,8049.ENSGMOP00000018368,8049.ENSGMOP00000018378,8049.ENSGMOP00000018410,8049.ENSGMOP00000018456,8049.ENSGMOP00000018501,8049.ENSGMOP00000018589,8049.ENSGMOP00000018619,8049.ENSGMOP00000018626,8049.ENSGMOP00000018651,8049.ENSGMOP00000018652,8049.ENSGMOP00000018669,8049.ENSGMOP00000018777,8049.ENSGMOP00000018866,8049.ENSGMOP00000018897,8049.ENSGMOP00000018935,8049.ENSGMOP00000019062,8049.ENSGMOP00000019065,8049.ENSGMOP00000019131,8049.ENSGMOP00000019151,8049.ENSGMOP00000019163,8049.ENSGMOP00000019274,8049.ENSGMOP00000019422,8049.ENSGMOP00000019427,8049.ENSGMOP00000019437,8049.ENSGMOP00000019559,8049.ENSGMOP00000019580,8049.ENSGMOP00000019664,8049.ENSGMOP00000019698,8049.ENSGMOP00000019765,8049.ENSGMOP00000019792,8049.ENSGMOP00000019825,8049.ENSGMOP00000019925,8049.ENSGMOP00000019958,8049.ENSGMOP00000020014,8049.ENSGMOP00000020017,8049.ENSGMOP00000020089,8049.ENSGMOP00000020136,8049.ENSGMOP00000020153,8049.ENSGMOP00000020175,8049.ENSGMOP00000020209,8049.ENSGMOP00000020220,8049.ENSGMOP00000020283,8049.ENSGMOP00000020316,8049.ENSGMOP00000020324,8049.ENSGMOP00000020356,8049.ENSGMOP00000020378,8049.ENSGMOP00000020575,8049.ENSGMOP00000020834,8049.ENSGMOP00000020924,8049.ENSGMOP00000020956,8049.ENSGMOP00000020964,8049.ENSGMOP00000021028,8049.ENSGMOP00000021047,8049.ENSGMOP00000021060,8049.ENSGMOP00000021061,8049.ENSGMOP00000021130,8049.ENSGMOP00000021165,8049.ENSGMOP00000021169,8049.ENSGMOP00000021268,8049.ENSGMOP00000021515,8049.ENSGMOP00000021947,8049.ENSGMOP00000022095	ENSGMOP00000000029,ENSGMOP00000000041,ENSGMOP00000000084,ENSGMOP00000000191,ENSGMOP00000000192,ENSGMOP00000000294,ENSGMOP00000000295,ENSGMOP00000000359,ENSGMOP00000000386,ENSGMOP00000000391,ENSGMOP00000000394,ENSGMOP00000000409,ENSGMOP00000000421,SHKBP1,ENSGMOP00000000507,ENSGMOP00000000510,ENSGMOP00000000608,ENSGMOP00000000637,ENSGMOP00000000641,ENSGMOP00000000692,MACF1,ENSGMOP00000000741,PRICKLE1,ENSGMOP00000000806,ENSGMOP00000000858,ENSGMOP00000000860,MSI1,LTBP3,ENSGMOP00000001090,ENSGMOP00000001118,ENSGMOP00000001262,ENSGMOP00000001334,ENSGMOP00000001366,ENSGMOP00000001522,ENSGMOP00000001588,ENSGMOP00000001688,ENSGMOP00000001807,ENSGMOP00000001971,babam2,ENSGMOP00000002159,ENSGMOP00000002229,ENSGMOP00000002428,ENSGMOP00000002433,ENSGMOP00000002531,ENSGMOP00000002564,ENSGMOP00000002624,NTN1,ENSGMOP00000002791,ENSGMOP00000002866,ENSGMOP00000002898,ENSGMOP00000002910,ENSGMOP00000002912,ENSGMOP00000002960,ENSGMOP00000002985,SLC4A11,ZNF521,ENSGMOP00000003229,ENSGMOP00000003331,ENSGMOP00000003381,LAMA3,ENSGMOP00000003485,ENSGMOP00000003506,ENSGMOP00000003514,ENSGMOP00000003547,ENSGMOP00000003590,ENSGMOP00000003679,ENSGMOP00000003697,ENSGMOP00000003809,ENSGMOP00000003813,ENSGMOP00000003815,ENSGMOP00000003911,ENSGMOP00000003929,ENSGMOP00000003952,ENSGMOP00000004042,ENSGMOP00000004060,ENSGMOP00000004080,ENSGMOP00000004084,ENSGMOP00000004408,ENSGMOP00000004505,ENSGMOP00000004622,ENSGMOP00000004711,ENSGMOP00000004726,ENSGMOP00000004735,ENSGMOP00000004762,ENSGMOP00000004779,ENSGMOP00000004825,ENSGMOP00000004932,ENSGMOP00000005043,ENSGMOP00000005051,ENSGMOP00000005084,ENSGMOP00000005232,ENSGMOP00000005256,ENSGMOP00000005303,ENSGMOP00000005306,ENSGMOP00000005486,ENSGMOP00000005539,ENSGMOP00000005570,PLEKHA5,ENSGMOP00000005627,DST,ENSGMOP00000005743,ENSGMOP00000005762,ENSGMOP00000005796,ENSGMOP00000005835,ENSGMOP00000005945,ENSGMOP00000006025,ENSGMOP00000006035,ENSGMOP00000006041,ENSGMOP00000006059,ENSGMOP00000006065,ENSGMOP00000006071,ENSGMOP00000006144,ENSGMOP00000006173,ENSGMOP00000006247,ENSGMOP00000006360,ENSGMOP00000006407,ENSGMOP00000006445,vps18,ENSGMOP00000006481,cyld,ENSGMOP00000006532,ENSGMOP00000006535,ENSGMOP00000006539,ENSGMOP00000006558,ENSGMOP00000006563,ENSGMOP00000006578,ENSGMOP00000006594,ENSGMOP00000006608,ENSGMOP00000006664,LPP,ENSGMOP00000006709,ENSGMOP00000006819,ENSGMOP00000006863,ENSGMOP00000006901,ENSGMOP00000006909,ENSGMOP00000007000,ENSGMOP00000007001,NFATC1,ENSGMOP00000007106,ENSGMOP00000007129,ENSGMOP00000007133,ENSGMOP00000007135,ENSGMOP00000007208,ENSGMOP00000007249,ENSGMOP00000007259,ENSGMOP00000007415,ENSGMOP00000007440,ENSGMOP00000007501,ENSGMOP00000007568,ENSGMOP00000007573,ENSGMOP00000007617,ENSGMOP00000007702,SEMA6A,ENSGMOP00000007853,ENSGMOP00000007861,DMXL1,ENSGMOP00000007903,ENSGMOP00000007919,ENSGMOP00000008048,ENSGMOP00000008148,ENSGMOP00000008302,DOCK9,ENSGMOP00000008308,ENSGMOP00000008350,ENSGMOP00000008382,ENSGMOP00000008403,ENSGMOP00000008500,ENSGMOP00000008547,ENSGMOP00000008653,ENSGMOP00000008706,ENSGMOP00000008712,ENSGMOP00000008756,ENSGMOP00000008778,ENSGMOP00000008869,JMY,ENSGMOP00000009025,ENSGMOP00000009037,ENSGMOP00000009051,ENSGMOP00000009057,ENSGMOP00000009058,ENSGMOP00000009093,ENSGMOP00000009306,ENSGMOP00000009386,ENSGMOP00000009437,ENSGMOP00000009512,ENSGMOP00000009591,ENSGMOP00000009620,ENSGMOP00000009634,ENSGMOP00000009658,ENSGMOP00000009663,ENSGMOP00000009693,ENSGMOP00000009709,ENSGMOP00000009774,ADAMTS20,ENSGMOP00000009927,ENSGMOP00000009994,ENSGMOP00000010006,ENSGMOP00000010029,ENSGMOP00000010044,ENSGMOP00000010218,ENSGMOP00000010232,ENSGMOP00000010300,ENSGMOP00000010374,ENSGMOP00000010407,ENSGMOP00000010431,ENSGMOP00000010437,ENSGMOP00000010490,ENSGMOP00000010518,ENSGMOP00000010519,ENSGMOP00000010611,ENSGMOP00000010754,ENSGMOP00000010761,ENSGMOP00000010898,ENSGMOP00000010925,ENSGMOP00000010933,ENSGMOP00000010949,ENSGMOP00000010993,ENSGMOP00000011013,ENSGMOP00000011071,ENSGMOP00000011099,ENSGMOP00000011291,ENSGMOP00000011309,ENSGMOP00000011336,ENSGMOP00000011363,LLGL1,ENSGMOP00000011495,ENSGMOP00000011571,ENSGMOP00000011615,ENSGMOP00000011656,TTN,ENSGMOP00000011775,ENSGMOP00000011787,ENSGMOP00000011795,ENSGMOP00000011826,ENSGMOP00000011875,SHROOM2,ENSGMOP00000011896,CARMIL1,ENSGMOP00000011931,ENSGMOP00000011999,ENSGMOP00000012028,ENSGMOP00000012049,EIF2AK4,ENSGMOP00000012162,ENSGMOP00000012175,ENSGMOP00000012193,ENSGMOP00000012195,ENSGMOP00000012260,ENSGMOP00000012426,ENSGMOP00000012470,ENSGMOP00000012487,ENSGMOP00000012747,ENSGMOP00000012838,ENSGMOP00000012848,ENSGMOP00000012990,ENSGMOP00000013073,ENSGMOP00000013107,ENSGMOP00000013133,ENSGMOP00000013161,ENSGMOP00000013199,ENSGMOP00000013237,ENSGMOP00000013289,ENSGMOP00000013310,ENSGMOP00000013403,ENSGMOP00000013414,ENSGMOP00000013421,ENSGMOP00000013478,ENSGMOP00000013488,ENSGMOP00000013495,ENSGMOP00000013503,MYO1D,ENSGMOP00000013688,ENSGMOP00000013716,ENSGMOP00000013726,ENSGMOP00000013771,ENSGMOP00000013884,ENSGMOP00000013898,ENSGMOP00000013905,ENSGMOP00000013951,ENSGMOP00000013986,ENSGMOP00000014028,ENSGMOP00000014404,ENSGMOP00000014411,ENSGMOP00000014503,ENSGMOP00000014551,FZD7,ENSGMOP00000014630,ENSGMOP00000014701,ENSGMOP00000014732,TC2N,ENSGMOP00000014787,ENSGMOP00000014892,ENSGMOP00000014980,ENSGMOP00000015085,ENSGMOP00000015111,ENSGMOP00000015213,ENSGMOP00000015257,ENSGMOP00000015260,ENSGMOP00000015399,ENSGMOP00000015409,ENSGMOP00000015513,ENSGMOP00000015517,ENSGMOP00000015595,ENSGMOP00000015596,ENSGMOP00000015608,ENSGMOP00000015783,ENSGMOP00000015883,ENSGMOP00000015921,ENSGMOP00000015954,ENSGMOP00000016093,ENSGMOP00000016134,LOC115530884,ENSGMOP00000016210,ENSGMOP00000016289,ENSGMOP00000016347,ENSGMOP00000016370,ENSGMOP00000016451,ENSGMOP00000016480,ENSGMOP00000016514,ENSGMOP00000016537,ENSGMOP00000016563,ENSGMOP00000016592,ENSGMOP00000016689,ENSGMOP00000016695,ENSGMOP00000016798,ENSGMOP00000016804,ATP13A3,ENSGMOP00000017025,ENSGMOP00000017031,ENSGMOP00000017060,ENSGMOP00000017088,ENSGMOP00000017109,ENSGMOP00000017190,nr2e1,ENSGMOP00000017230,DYNC2H1,ENSGMOP00000017279,traf4,ENSGMOP00000017385,ENSGMOP00000017472,ENSGMOP00000017484,ENSGMOP00000017523,ENSGMOP00000017545,ENSGMOP00000017598,ENSGMOP00000017631,ENSGMOP00000017686,ENSGMOP00000017691,EPHA7,TCERG1,ENSGMOP00000017800,ENSGMOP00000017970,ENSGMOP00000017987,ENSGMOP00000018000,ENSGMOP00000018008,ENSGMOP00000018010,NPC1L1,ENSGMOP00000018142,ENSGMOP00000018242,ENSGMOP00000018360,LOC115548846,ENSGMOP00000018378,ENSGMOP00000018410,NFKBID,ENSGMOP00000018501,ENSGMOP00000018589,ARAP1,ENSGMOP00000018626,ENSGMOP00000018651,ENSGMOP00000018652,ENSGMOP00000018669,ENSGMOP00000018777,ENSGMOP00000018866,ENSGMOP00000018897,ENSGMOP00000018935,ENSGMOP00000019062,ENSGMOP00000019065,ENSGMOP00000019131,ENSGMOP00000019151,ENSGMOP00000019163,PIP5K1A,ENSGMOP00000019422,ENSGMOP00000019427,ENSGMOP00000019437,ENSGMOP00000019559,ENSGMOP00000019580,ENSGMOP00000019664,ENSGMOP00000019698,PITPNM2,ENSGMOP00000019792,ENSGMOP00000019825,ENSGMOP00000019925,ENSGMOP00000019958,ENSGMOP00000020014,ENSGMOP00000020017,ENSGMOP00000020089,ENSGMOP00000020136,ENSGMOP00000020153,ENSGMOP00000020175,ENSGMOP00000020209,SCAF8,ENSGMOP00000020283,ENSGMOP00000020316,ENSGMOP00000020324,ENSGMOP00000020356,ENSGMOP00000020378,ENSGMOP00000020575,PCLO,ENSGMOP00000020924,ENSGMOP00000020956,ENSGMOP00000020964,ENSGMOP00000021028,ENSGMOP00000021047,ENSGMOP00000021060,CTNND1,ENSGMOP00000021130,ENSGMOP00000021165,ENSGMOP00000021169,mab21l2,ENSGMOP00000021515,ENSGMOP00000021947,ENSGMOP00000022095
GO Function	GO:0140657	ATP-dependent activity	34	598	0.31	0.33	0.0235	8049.ENSGMOP00000000421,8049.ENSGMOP00000001090,8049.ENSGMOP00000001588,8049.ENSGMOP00000002898,8049.ENSGMOP00000003229,8049.ENSGMOP00000003506,8049.ENSGMOP00000003813,8049.ENSGMOP00000005256,8049.ENSGMOP00000005360,8049.ENSGMOP00000005627,8049.ENSGMOP00000005762,8049.ENSGMOP00000005945,8049.ENSGMOP00000006071,8049.ENSGMOP00000006173,8049.ENSGMOP00000006247,8049.ENSGMOP00000006445,8049.ENSGMOP00000008500,8049.ENSGMOP00000009057,8049.ENSGMOP00000010925,8049.ENSGMOP00000011495,8049.ENSGMOP00000011826,8049.ENSGMOP00000012028,8049.ENSGMOP00000012260,8049.ENSGMOP00000013688,8049.ENSGMOP00000015257,8049.ENSGMOP00000016689,8049.ENSGMOP00000016963,8049.ENSGMOP00000017268,8049.ENSGMOP00000017631,8049.ENSGMOP00000017691,8049.ENSGMOP00000017944,8049.ENSGMOP00000019580,8049.ENSGMOP00000020324,8049.ENSGMOP00000021060	ENSGMOP00000000421,ENSGMOP00000001090,ENSGMOP00000001588,ENSGMOP00000002898,ENSGMOP00000003229,ENSGMOP00000003506,ENSGMOP00000003813,ENSGMOP00000005256,ENSGMOP00000005360,ENSGMOP00000005627,ENSGMOP00000005762,ENSGMOP00000005945,ENSGMOP00000006071,ENSGMOP00000006173,ENSGMOP00000006247,ENSGMOP00000006445,ENSGMOP00000008500,ENSGMOP00000009057,ENSGMOP00000010925,ENSGMOP00000011495,ENSGMOP00000011826,ENSGMOP00000012028,ENSGMOP00000012260,ENSGMOP00000013688,ENSGMOP00000015257,ENSGMOP00000016689,ATP13A3,DYNC2H1,ENSGMOP00000017631,ENSGMOP00000017691,ENSGMOP00000017944,ENSGMOP00000019580,ENSGMOP00000020324,ENSGMOP00000021060
GO Function	GO:0003779	Actin binding	30	511	0.32	0.31	0.0319	8049.ENSGMOP00000000507,8049.ENSGMOP00000001588,8049.ENSGMOP00000002428,8049.ENSGMOP00000003911,8049.ENSGMOP00000006071,8049.ENSGMOP00000006247,8049.ENSGMOP00000006664,8049.ENSGMOP00000007415,8049.ENSGMOP00000009009,8049.ENSGMOP00000009057,8049.ENSGMOP00000010407,8049.ENSGMOP00000010761,8049.ENSGMOP00000011013,8049.ENSGMOP00000011656,8049.ENSGMOP00000011890,8049.ENSGMOP00000012028,8049.ENSGMOP00000012260,8049.ENSGMOP00000013595,8049.ENSGMOP00000014411,8049.ENSGMOP00000014503,8049.ENSGMOP00000016689,8049.ENSGMOP00000017631,8049.ENSGMOP00000017970,8049.ENSGMOP00000018410,8049.ENSGMOP00000018651,8049.ENSGMOP00000019664,8049.ENSGMOP00000020017,8049.ENSGMOP00000020283,8049.ENSGMOP00000020964,8049.ENSGMOP00000021060	ENSGMOP00000000507,ENSGMOP00000001588,ENSGMOP00000002428,ENSGMOP00000003911,ENSGMOP00000006071,ENSGMOP00000006247,ENSGMOP00000006664,ENSGMOP00000007415,JMY,ENSGMOP00000009057,ENSGMOP00000010407,ENSGMOP00000010761,ENSGMOP00000011013,ENSGMOP00000011656,SHROOM2,ENSGMOP00000012028,ENSGMOP00000012260,MYO1D,ENSGMOP00000014411,ENSGMOP00000014503,ENSGMOP00000016689,ENSGMOP00000017631,ENSGMOP00000017970,ENSGMOP00000018410,ENSGMOP00000018651,ENSGMOP00000019664,ENSGMOP00000020017,ENSGMOP00000020283,ENSGMOP00000020964,ENSGMOP00000021060
GO Function	GO:0004672	Protein kinase activity	37	692	0.28	0.31	0.0330	8049.ENSGMOP00000000192,8049.ENSGMOP00000002531,8049.ENSGMOP00000003697,8049.ENSGMOP00000004042,8049.ENSGMOP00000004762,8049.ENSGMOP00000004779,8049.ENSGMOP00000006065,8049.ENSGMOP00000006407,8049.ENSGMOP00000006558,8049.ENSGMOP00000008308,8049.ENSGMOP00000009093,8049.ENSGMOP00000010431,8049.ENSGMOP00000010933,8049.ENSGMOP00000011795,8049.ENSGMOP00000011931,8049.ENSGMOP00000012148,8049.ENSGMOP00000012426,8049.ENSGMOP00000013133,8049.ENSGMOP00000013403,8049.ENSGMOP00000013488,8049.ENSGMOP00000013716,8049.ENSGMOP00000014787,8049.ENSGMOP00000015111,8049.ENSGMOP00000015517,8049.ENSGMOP00000015783,8049.ENSGMOP00000015883,8049.ENSGMOP00000016451,8049.ENSGMOP00000016514,8049.ENSGMOP00000016798,8049.ENSGMOP00000017088,8049.ENSGMOP00000017484,8049.ENSGMOP00000017702,8049.ENSGMOP00000017987,8049.ENSGMOP00000018897,8049.ENSGMOP00000019065,8049.ENSGMOP00000019792,8049.ENSGMOP00000019825	ENSGMOP00000000192,ENSGMOP00000002531,ENSGMOP00000003697,ENSGMOP00000004042,ENSGMOP00000004762,ENSGMOP00000004779,ENSGMOP00000006065,ENSGMOP00000006407,ENSGMOP00000006558,ENSGMOP00000008308,ENSGMOP00000009093,ENSGMOP00000010431,ENSGMOP00000010933,ENSGMOP00000011795,ENSGMOP00000011931,EIF2AK4,ENSGMOP00000012426,ENSGMOP00000013133,ENSGMOP00000013403,ENSGMOP00000013488,ENSGMOP00000013716,ENSGMOP00000014787,ENSGMOP00000015111,ENSGMOP00000015517,ENSGMOP00000015783,ENSGMOP00000015883,ENSGMOP00000016451,ENSGMOP00000016514,ENSGMOP00000016798,ENSGMOP00000017088,ENSGMOP00000017484,EPHA7,ENSGMOP00000017987,ENSGMOP00000018897,ENSGMOP00000019065,ENSGMOP00000019792,ENSGMOP00000019825
GO Function	GO:0004674	Protein serine/threonine kinase activity	29	493	0.33	0.31	0.0348	8049.ENSGMOP00000002531,8049.ENSGMOP00000003697,8049.ENSGMOP00000004762,8049.ENSGMOP00000004779,8049.ENSGMOP00000006065,8049.ENSGMOP00000006407,8049.ENSGMOP00000006558,8049.ENSGMOP00000008308,8049.ENSGMOP00000009093,8049.ENSGMOP00000010431,8049.ENSGMOP00000010933,8049.ENSGMOP00000011931,8049.ENSGMOP00000012148,8049.ENSGMOP00000012426,8049.ENSGMOP00000013133,8049.ENSGMOP00000013716,8049.ENSGMOP00000014787,8049.ENSGMOP00000015111,8049.ENSGMOP00000015517,8049.ENSGMOP00000015783,8049.ENSGMOP00000015883,8049.ENSGMOP00000016514,8049.ENSGMOP00000017088,8049.ENSGMOP00000017484,8049.ENSGMOP00000017987,8049.ENSGMOP00000018897,8049.ENSGMOP00000019065,8049.ENSGMOP00000019792,8049.ENSGMOP00000019825	ENSGMOP00000002531,ENSGMOP00000003697,ENSGMOP00000004762,ENSGMOP00000004779,ENSGMOP00000006065,ENSGMOP00000006407,ENSGMOP00000006558,ENSGMOP00000008308,ENSGMOP00000009093,ENSGMOP00000010431,ENSGMOP00000010933,ENSGMOP00000011931,EIF2AK4,ENSGMOP00000012426,ENSGMOP00000013133,ENSGMOP00000013716,ENSGMOP00000014787,ENSGMOP00000015111,ENSGMOP00000015517,ENSGMOP00000015783,ENSGMOP00000015883,ENSGMOP00000016514,ENSGMOP00000017088,ENSGMOP00000017484,ENSGMOP00000017987,ENSGMOP00000018897,ENSGMOP00000019065,ENSGMOP00000019792,ENSGMOP00000019825
GO Function	GO:0098772	Molecular function regulator activity	68	1584	0.19	0.26	0.0498	8049.ENSGMOP00000000161,8049.ENSGMOP00000000191,8049.ENSGMOP00000000294,8049.ENSGMOP00000000394,8049.ENSGMOP00000000409,8049.ENSGMOP00000001971,8049.ENSGMOP00000002031,8049.ENSGMOP00000002229,8049.ENSGMOP00000002422,8049.ENSGMOP00000002701,8049.ENSGMOP00000002912,8049.ENSGMOP00000003381,8049.ENSGMOP00000003911,8049.ENSGMOP00000004951,8049.ENSGMOP00000006539,8049.ENSGMOP00000006699,8049.ENSGMOP00000007133,8049.ENSGMOP00000007568,8049.ENSGMOP00000007826,8049.ENSGMOP00000008306,8049.ENSGMOP00000008308,8049.ENSGMOP00000008316,8049.ENSGMOP00000008382,8049.ENSGMOP00000008403,8049.ENSGMOP00000008467,8049.ENSGMOP00000008938,8049.ENSGMOP00000009057,8049.ENSGMOP00000009658,8049.ENSGMOP00000010021,8049.ENSGMOP00000010033,8049.ENSGMOP00000010300,8049.ENSGMOP00000010519,8049.ENSGMOP00000010611,8049.ENSGMOP00000011365,8049.ENSGMOP00000011506,8049.ENSGMOP00000011626,8049.ENSGMOP00000012049,8049.ENSGMOP00000012157,8049.ENSGMOP00000012747,8049.ENSGMOP00000012990,8049.ENSGMOP00000013237,8049.ENSGMOP00000013289,8049.ENSGMOP00000013735,8049.ENSGMOP00000013988,8049.ENSGMOP00000014701,8049.ENSGMOP00000014864,8049.ENSGMOP00000015085,8049.ENSGMOP00000015763,8049.ENSGMOP00000016370,8049.ENSGMOP00000016550,8049.ENSGMOP00000016563,8049.ENSGMOP00000016837,8049.ENSGMOP00000017031,8049.ENSGMOP00000017646,8049.ENSGMOP00000017831,8049.ENSGMOP00000017996,8049.ENSGMOP00000018010,8049.ENSGMOP00000018142,8049.ENSGMOP00000018313,8049.ENSGMOP00000018619,8049.ENSGMOP00000018876,8049.ENSGMOP00000019065,8049.ENSGMOP00000019575,8049.ENSGMOP00000019806,8049.ENSGMOP00000019879,8049.ENSGMOP00000020184,8049.ENSGMOP00000021060,8049.ENSGMOP00000021165	ENSGMOP00000000161,ENSGMOP00000000191,ENSGMOP00000000294,ENSGMOP00000000394,ENSGMOP00000000409,ENSGMOP00000001971,ENSGMOP00000002031,ENSGMOP00000002229,ENSGMOP00000002422,ENSGMOP00000002701,ENSGMOP00000002912,ENSGMOP00000003381,ENSGMOP00000003911,ENSGMOP00000004951,ENSGMOP00000006539,ENSGMOP00000006699,ENSGMOP00000007133,ENSGMOP00000007568,SEMA6A,DOCK9,ENSGMOP00000008308,ENSGMOP00000008316,ENSGMOP00000008382,ENSGMOP00000008403,ENSGMOP00000008467,ENSGMOP00000008938,ENSGMOP00000009057,ENSGMOP00000009658,ENSGMOP00000010021,ENSGMOP00000010033,ENSGMOP00000010300,ENSGMOP00000010519,ENSGMOP00000010611,LLGL1,ENSGMOP00000011506,ARHGEF17,ENSGMOP00000012049,ENSGMOP00000012157,ENSGMOP00000012747,ENSGMOP00000012990,ENSGMOP00000013237,ENSGMOP00000013289,ENSGMOP00000013735,ENSGMOP00000013988,ENSGMOP00000014701,ARHGEF26,ENSGMOP00000015085,ENSGMOP00000015763,ENSGMOP00000016370,ENSGMOP00000016550,ENSGMOP00000016563,ENSGMOP00000016837,ENSGMOP00000017031,ENSGMOP00000017646,ENSGMOP00000017831,PLEKHG4B,ENSGMOP00000018010,ENSGMOP00000018142,IQSEC1,ARAP1,ENSGMOP00000018876,ENSGMOP00000019065,dock7,ENSGMOP00000019806,ENSGMOP00000019879,ENSGMOP00000020184,ENSGMOP00000021060,ENSGMOP00000021165
GO Component	GO:0005856	Cytoskeleton	91	1887	0.24	0.52	0.00027	8049.ENSGMOP00000000295,8049.ENSGMOP00000000386,8049.ENSGMOP00000000409,8049.ENSGMOP00000000421,8049.ENSGMOP00000000507,8049.ENSGMOP00000000655,8049.ENSGMOP00000000734,8049.ENSGMOP00000000858,8049.ENSGMOP00000001588,8049.ENSGMOP00000001807,8049.ENSGMOP00000002422,8049.ENSGMOP00000002960,8049.ENSGMOP00000003073,8049.ENSGMOP00000003506,8049.ENSGMOP00000003547,8049.ENSGMOP00000003697,8049.ENSGMOP00000005486,8049.ENSGMOP00000005714,8049.ENSGMOP00000006025,8049.ENSGMOP00000006071,8049.ENSGMOP00000006247,8049.ENSGMOP00000006487,8049.ENSGMOP00000006594,8049.ENSGMOP00000006641,8049.ENSGMOP00000006664,8049.ENSGMOP00000006686,8049.ENSGMOP00000007000,8049.ENSGMOP00000007001,8049.ENSGMOP00000007415,8049.ENSGMOP00000007501,8049.ENSGMOP00000007958,8049.ENSGMOP00000008500,8049.ENSGMOP00000009009,8049.ENSGMOP00000009051,8049.ENSGMOP00000009057,8049.ENSGMOP00000010232,8049.ENSGMOP00000010374,8049.ENSGMOP00000010397,8049.ENSGMOP00000010407,8049.ENSGMOP00000010611,8049.ENSGMOP00000010761,8049.ENSGMOP00000011071,8049.ENSGMOP00000011365,8049.ENSGMOP00000011480,8049.ENSGMOP00000011656,8049.ENSGMOP00000011795,8049.ENSGMOP00000011826,8049.ENSGMOP00000011890,8049.ENSGMOP00000011929,8049.ENSGMOP00000012028,8049.ENSGMOP00000012175,8049.ENSGMOP00000012193,8049.ENSGMOP00000012260,8049.ENSGMOP00000012487,8049.ENSGMOP00000012897,8049.ENSGMOP00000013161,8049.ENSGMOP00000013237,8049.ENSGMOP00000013495,8049.ENSGMOP00000013595,8049.ENSGMOP00000013688,8049.ENSGMOP00000013716,8049.ENSGMOP00000013898,8049.ENSGMOP00000014503,8049.ENSGMOP00000014786,8049.ENSGMOP00000014892,8049.ENSGMOP00000015399,8049.ENSGMOP00000016134,8049.ENSGMOP00000016689,8049.ENSGMOP00000017268,8049.ENSGMOP00000017598,8049.ENSGMOP00000017628,8049.ENSGMOP00000017631,8049.ENSGMOP00000017686,8049.ENSGMOP00000018410,8049.ENSGMOP00000018687,8049.ENSGMOP00000018876,8049.ENSGMOP00000018897,8049.ENSGMOP00000019065,8049.ENSGMOP00000019664,8049.ENSGMOP00000019792,8049.ENSGMOP00000019958,8049.ENSGMOP00000020017,8049.ENSGMOP00000020083,8049.ENSGMOP00000020089,8049.ENSGMOP00000020136,8049.ENSGMOP00000020283,8049.ENSGMOP00000020324,8049.ENSGMOP00000020834,8049.ENSGMOP00000020964,8049.ENSGMOP00000021060,8049.ENSGMOP00000021169	ENSGMOP00000000295,ENSGMOP00000000386,ENSGMOP00000000409,ENSGMOP00000000421,ENSGMOP00000000507,ENSGMOP00000000655,MACF1,ENSGMOP00000000858,ENSGMOP00000001588,ENSGMOP00000001807,ENSGMOP00000002422,ENSGMOP00000002960,ENSGMOP00000003073,ENSGMOP00000003506,ENSGMOP00000003547,ENSGMOP00000003697,ENSGMOP00000005486,DST,ENSGMOP00000006025,ENSGMOP00000006071,ENSGMOP00000006247,cyld,ENSGMOP00000006594,ENSGMOP00000006641,ENSGMOP00000006664,LPP,ENSGMOP00000007000,ENSGMOP00000007001,ENSGMOP00000007415,ENSGMOP00000007501,FRMD4B,ENSGMOP00000008500,JMY,ENSGMOP00000009051,ENSGMOP00000009057,ENSGMOP00000010232,ENSGMOP00000010374,ENSGMOP00000010397,ENSGMOP00000010407,ENSGMOP00000010611,ENSGMOP00000010761,ENSGMOP00000011071,LLGL1,ENSGMOP00000011480,ENSGMOP00000011656,ENSGMOP00000011795,ENSGMOP00000011826,SHROOM2,CARMIL1,ENSGMOP00000012028,ENSGMOP00000012175,ENSGMOP00000012193,ENSGMOP00000012260,ENSGMOP00000012487,ENSGMOP00000012897,ENSGMOP00000013161,ENSGMOP00000013237,ENSGMOP00000013495,MYO1D,ENSGMOP00000013688,ENSGMOP00000013716,ENSGMOP00000013898,ENSGMOP00000014503,ENSGMOP00000014786,ENSGMOP00000014892,ENSGMOP00000015399,ENSGMOP00000016134,ENSGMOP00000016689,DYNC2H1,ENSGMOP00000017598,ENSGMOP00000017628,ENSGMOP00000017631,ENSGMOP00000017686,ENSGMOP00000018410,ENSGMOP00000018687,ENSGMOP00000018876,ENSGMOP00000018897,ENSGMOP00000019065,ENSGMOP00000019664,ENSGMOP00000019792,ENSGMOP00000019958,ENSGMOP00000020017,ENSGMOP00000020083,ENSGMOP00000020089,ENSGMOP00000020136,ENSGMOP00000020283,ENSGMOP00000020324,PCLO,ENSGMOP00000020964,ENSGMOP00000021060,ENSGMOP00000021169
GO Component	GO:0110165	Cellular anatomical entity	551	18923	0.02	0.4	0.00027	8049.ENSGMOP00000000029,8049.ENSGMOP00000000041,8049.ENSGMOP00000000084,8049.ENSGMOP00000000161,8049.ENSGMOP00000000191,8049.ENSGMOP00000000192,8049.ENSGMOP00000000267,8049.ENSGMOP00000000294,8049.ENSGMOP00000000295,8049.ENSGMOP00000000320,8049.ENSGMOP00000000349,8049.ENSGMOP00000000359,8049.ENSGMOP00000000386,8049.ENSGMOP00000000391,8049.ENSGMOP00000000394,8049.ENSGMOP00000000409,8049.ENSGMOP00000000421,8049.ENSGMOP00000000455,8049.ENSGMOP00000000507,8049.ENSGMOP00000000510,8049.ENSGMOP00000000608,8049.ENSGMOP00000000637,8049.ENSGMOP00000000641,8049.ENSGMOP00000000655,8049.ENSGMOP00000000692,8049.ENSGMOP00000000734,8049.ENSGMOP00000000741,8049.ENSGMOP00000000746,8049.ENSGMOP00000000797,8049.ENSGMOP00000000806,8049.ENSGMOP00000000858,8049.ENSGMOP00000000860,8049.ENSGMOP00000000993,8049.ENSGMOP00000001058,8049.ENSGMOP00000001078,8049.ENSGMOP00000001090,8049.ENSGMOP00000001118,8049.ENSGMOP00000001262,8049.ENSGMOP00000001334,8049.ENSGMOP00000001366,8049.ENSGMOP00000001522,8049.ENSGMOP00000001578,8049.ENSGMOP00000001588,8049.ENSGMOP00000001688,8049.ENSGMOP00000001807,8049.ENSGMOP00000001971,8049.ENSGMOP00000002031,8049.ENSGMOP00000002137,8049.ENSGMOP00000002159,8049.ENSGMOP00000002229,8049.ENSGMOP00000002269,8049.ENSGMOP00000002293,8049.ENSGMOP00000002422,8049.ENSGMOP00000002428,8049.ENSGMOP00000002433,8049.ENSGMOP00000002531,8049.ENSGMOP00000002561,8049.ENSGMOP00000002564,8049.ENSGMOP00000002624,8049.ENSGMOP00000002701,8049.ENSGMOP00000002722,8049.ENSGMOP00000002747,8049.ENSGMOP00000002791,8049.ENSGMOP00000002866,8049.ENSGMOP00000002898,8049.ENSGMOP00000002910,8049.ENSGMOP00000002912,8049.ENSGMOP00000002934,8049.ENSGMOP00000002960,8049.ENSGMOP00000002985,8049.ENSGMOP00000003026,8049.ENSGMOP00000003073,8049.ENSGMOP00000003098,8049.ENSGMOP00000003196,8049.ENSGMOP00000003229,8049.ENSGMOP00000003331,8049.ENSGMOP00000003381,8049.ENSGMOP00000003483,8049.ENSGMOP00000003485,8049.ENSGMOP00000003506,8049.ENSGMOP00000003514,8049.ENSGMOP00000003547,8049.ENSGMOP00000003590,8049.ENSGMOP00000003679,8049.ENSGMOP00000003697,8049.ENSGMOP00000003762,8049.ENSGMOP00000003809,8049.ENSGMOP00000003813,8049.ENSGMOP00000003815,8049.ENSGMOP00000003818,8049.ENSGMOP00000003911,8049.ENSGMOP00000003929,8049.ENSGMOP00000003952,8049.ENSGMOP00000004042,8049.ENSGMOP00000004055,8049.ENSGMOP00000004060,8049.ENSGMOP00000004076,8049.ENSGMOP00000004080,8049.ENSGMOP00000004084,8049.ENSGMOP00000004408,8049.ENSGMOP00000004491,8049.ENSGMOP00000004505,8049.ENSGMOP00000004622,8049.ENSGMOP00000004711,8049.ENSGMOP00000004726,8049.ENSGMOP00000004735,8049.ENSGMOP00000004762,8049.ENSGMOP00000004779,8049.ENSGMOP00000004815,8049.ENSGMOP00000004825,8049.ENSGMOP00000004932,8049.ENSGMOP00000004951,8049.ENSGMOP00000005024,8049.ENSGMOP00000005043,8049.ENSGMOP00000005051,8049.ENSGMOP00000005084,8049.ENSGMOP00000005232,8049.ENSGMOP00000005256,8049.ENSGMOP00000005303,8049.ENSGMOP00000005306,8049.ENSGMOP00000005360,8049.ENSGMOP00000005486,8049.ENSGMOP00000005539,8049.ENSGMOP00000005570,8049.ENSGMOP00000005593,8049.ENSGMOP00000005627,8049.ENSGMOP00000005714,8049.ENSGMOP00000005743,8049.ENSGMOP00000005762,8049.ENSGMOP00000005796,8049.ENSGMOP00000005834,8049.ENSGMOP00000005835,8049.ENSGMOP00000005945,8049.ENSGMOP00000005950,8049.ENSGMOP00000006025,8049.ENSGMOP00000006035,8049.ENSGMOP00000006041,8049.ENSGMOP00000006045,8049.ENSGMOP00000006059,8049.ENSGMOP00000006065,8049.ENSGMOP00000006071,8049.ENSGMOP00000006144,8049.ENSGMOP00000006173,8049.ENSGMOP00000006196,8049.ENSGMOP00000006247,8049.ENSGMOP00000006360,8049.ENSGMOP00000006407,8049.ENSGMOP00000006445,8049.ENSGMOP00000006446,8049.ENSGMOP00000006481,8049.ENSGMOP00000006487,8049.ENSGMOP00000006501,8049.ENSGMOP00000006502,8049.ENSGMOP00000006532,8049.ENSGMOP00000006535,8049.ENSGMOP00000006539,8049.ENSGMOP00000006558,8049.ENSGMOP00000006563,8049.ENSGMOP00000006578,8049.ENSGMOP00000006594,8049.ENSGMOP00000006608,8049.ENSGMOP00000006641,8049.ENSGMOP00000006664,8049.ENSGMOP00000006686,8049.ENSGMOP00000006699,8049.ENSGMOP00000006709,8049.ENSGMOP00000006782,8049.ENSGMOP00000006819,8049.ENSGMOP00000006863,8049.ENSGMOP00000006898,8049.ENSGMOP00000006901,8049.ENSGMOP00000006909,8049.ENSGMOP00000007000,8049.ENSGMOP00000007001,8049.ENSGMOP00000007059,8049.ENSGMOP00000007071,8049.ENSGMOP00000007106,8049.ENSGMOP00000007112,8049.ENSGMOP00000007129,8049.ENSGMOP00000007133,8049.ENSGMOP00000007135,8049.ENSGMOP00000007150,8049.ENSGMOP00000007208,8049.ENSGMOP00000007249,8049.ENSGMOP00000007259,8049.ENSGMOP00000007415,8049.ENSGMOP00000007440,8049.ENSGMOP00000007501,8049.ENSGMOP00000007568,8049.ENSGMOP00000007573,8049.ENSGMOP00000007617,8049.ENSGMOP00000007702,8049.ENSGMOP00000007783,8049.ENSGMOP00000007826,8049.ENSGMOP00000007853,8049.ENSGMOP00000007861,8049.ENSGMOP00000007870,8049.ENSGMOP00000007903,8049.ENSGMOP00000007919,8049.ENSGMOP00000007958,8049.ENSGMOP00000008048,8049.ENSGMOP00000008148,8049.ENSGMOP00000008302,8049.ENSGMOP00000008306,8049.ENSGMOP00000008308,8049.ENSGMOP00000008316,8049.ENSGMOP00000008329,8049.ENSGMOP00000008350,8049.ENSGMOP00000008361,8049.ENSGMOP00000008382,8049.ENSGMOP00000008403,8049.ENSGMOP00000008467,8049.ENSGMOP00000008500,8049.ENSGMOP00000008547,8049.ENSGMOP00000008653,8049.ENSGMOP00000008706,8049.ENSGMOP00000008712,8049.ENSGMOP00000008756,8049.ENSGMOP00000008778,8049.ENSGMOP00000008869,8049.ENSGMOP00000008916,8049.ENSGMOP00000008938,8049.ENSGMOP00000009009,8049.ENSGMOP00000009025,8049.ENSGMOP00000009037,8049.ENSGMOP00000009051,8049.ENSGMOP00000009057,8049.ENSGMOP00000009058,8049.ENSGMOP00000009077,8049.ENSGMOP00000009093,8049.ENSGMOP00000009306,8049.ENSGMOP00000009364,8049.ENSGMOP00000009386,8049.ENSGMOP00000009422,8049.ENSGMOP00000009437,8049.ENSGMOP00000009512,8049.ENSGMOP00000009574,8049.ENSGMOP00000009591,8049.ENSGMOP00000009620,8049.ENSGMOP00000009634,8049.ENSGMOP00000009658,8049.ENSGMOP00000009663,8049.ENSGMOP00000009693,8049.ENSGMOP00000009709,8049.ENSGMOP00000009710,8049.ENSGMOP00000009774,8049.ENSGMOP00000009796,8049.ENSGMOP00000009903,8049.ENSGMOP00000009920,8049.ENSGMOP00000009927,8049.ENSGMOP00000009994,8049.ENSGMOP00000010006,8049.ENSGMOP00000010021,8049.ENSGMOP00000010029,8049.ENSGMOP00000010033,8049.ENSGMOP00000010044,8049.ENSGMOP00000010153,8049.ENSGMOP00000010218,8049.ENSGMOP00000010232,8049.ENSGMOP00000010300,8049.ENSGMOP00000010374,8049.ENSGMOP00000010397,8049.ENSGMOP00000010407,8049.ENSGMOP00000010431,8049.ENSGMOP00000010432,8049.ENSGMOP00000010437,8049.ENSGMOP00000010490,8049.ENSGMOP00000010518,8049.ENSGMOP00000010519,8049.ENSGMOP00000010611,8049.ENSGMOP00000010644,8049.ENSGMOP00000010690,8049.ENSGMOP00000010754,8049.ENSGMOP00000010761,8049.ENSGMOP00000010783,8049.ENSGMOP00000010898,8049.ENSGMOP00000010925,8049.ENSGMOP00000010933,8049.ENSGMOP00000010949,8049.ENSGMOP00000010993,8049.ENSGMOP00000011013,8049.ENSGMOP00000011071,8049.ENSGMOP00000011081,8049.ENSGMOP00000011099,8049.ENSGMOP00000011286,8049.ENSGMOP00000011291,8049.ENSGMOP00000011309,8049.ENSGMOP00000011336,8049.ENSGMOP00000011340,8049.ENSGMOP00000011350,8049.ENSGMOP00000011363,8049.ENSGMOP00000011365,8049.ENSGMOP00000011399,8049.ENSGMOP00000011480,8049.ENSGMOP00000011495,8049.ENSGMOP00000011506,8049.ENSGMOP00000011571,8049.ENSGMOP00000011615,8049.ENSGMOP00000011626,8049.ENSGMOP00000011656,8049.ENSGMOP00000011712,8049.ENSGMOP00000011739,8049.ENSGMOP00000011775,8049.ENSGMOP00000011787,8049.ENSGMOP00000011795,8049.ENSGMOP00000011826,8049.ENSGMOP00000011875,8049.ENSGMOP00000011890,8049.ENSGMOP00000011896,8049.ENSGMOP00000011929,8049.ENSGMOP00000011931,8049.ENSGMOP00000011999,8049.ENSGMOP00000012028,8049.ENSGMOP00000012049,8049.ENSGMOP00000012148,8049.ENSGMOP00000012157,8049.ENSGMOP00000012162,8049.ENSGMOP00000012175,8049.ENSGMOP00000012193,8049.ENSGMOP00000012195,8049.ENSGMOP00000012260,8049.ENSGMOP00000012426,8049.ENSGMOP00000012470,8049.ENSGMOP00000012485,8049.ENSGMOP00000012487,8049.ENSGMOP00000012747,8049.ENSGMOP00000012819,8049.ENSGMOP00000012838,8049.ENSGMOP00000012848,8049.ENSGMOP00000012897,8049.ENSGMOP00000012990,8049.ENSGMOP00000013064,8049.ENSGMOP00000013073,8049.ENSGMOP00000013107,8049.ENSGMOP00000013123,8049.ENSGMOP00000013133,8049.ENSGMOP00000013161,8049.ENSGMOP00000013163,8049.ENSGMOP00000013179,8049.ENSGMOP00000013199,8049.ENSGMOP00000013237,8049.ENSGMOP00000013289,8049.ENSGMOP00000013310,8049.ENSGMOP00000013341,8049.ENSGMOP00000013403,8049.ENSGMOP00000013414,8049.ENSGMOP00000013421,8049.ENSGMOP00000013478,8049.ENSGMOP00000013488,8049.ENSGMOP00000013495,8049.ENSGMOP00000013503,8049.ENSGMOP00000013595,8049.ENSGMOP00000013688,8049.ENSGMOP00000013716,8049.ENSGMOP00000013726,8049.ENSGMOP00000013735,8049.ENSGMOP00000013771,8049.ENSGMOP00000013884,8049.ENSGMOP00000013898,8049.ENSGMOP00000013905,8049.ENSGMOP00000013936,8049.ENSGMOP00000013951,8049.ENSGMOP00000013986,8049.ENSGMOP00000013988,8049.ENSGMOP00000014028,8049.ENSGMOP00000014246,8049.ENSGMOP00000014278,8049.ENSGMOP00000014404,8049.ENSGMOP00000014411,8049.ENSGMOP00000014503,8049.ENSGMOP00000014510,8049.ENSGMOP00000014551,8049.ENSGMOP00000014586,8049.ENSGMOP00000014630,8049.ENSGMOP00000014674,8049.ENSGMOP00000014701,8049.ENSGMOP00000014732,8049.ENSGMOP00000014750,8049.ENSGMOP00000014786,8049.ENSGMOP00000014787,8049.ENSGMOP00000014864,8049.ENSGMOP00000014892,8049.ENSGMOP00000014931,8049.ENSGMOP00000014980,8049.ENSGMOP00000015029,8049.ENSGMOP00000015085,8049.ENSGMOP00000015111,8049.ENSGMOP00000015213,8049.ENSGMOP00000015257,8049.ENSGMOP00000015260,8049.ENSGMOP00000015399,8049.ENSGMOP00000015409,8049.ENSGMOP00000015513,8049.ENSGMOP00000015517,8049.ENSGMOP00000015595,8049.ENSGMOP00000015596,8049.ENSGMOP00000015608,8049.ENSGMOP00000015704,8049.ENSGMOP00000015763,8049.ENSGMOP00000015783,8049.ENSGMOP00000015883,8049.ENSGMOP00000015921,8049.ENSGMOP00000015954,8049.ENSGMOP00000016093,8049.ENSGMOP00000016134,8049.ENSGMOP00000016163,8049.ENSGMOP00000016210,8049.ENSGMOP00000016289,8049.ENSGMOP00000016347,8049.ENSGMOP00000016370,8049.ENSGMOP00000016451,8049.ENSGMOP00000016480,8049.ENSGMOP00000016514,8049.ENSGMOP00000016537,8049.ENSGMOP00000016550,8049.ENSGMOP00000016563,8049.ENSGMOP00000016592,8049.ENSGMOP00000016636,8049.ENSGMOP00000016689,8049.ENSGMOP00000016695,8049.ENSGMOP00000016729,8049.ENSGMOP00000016798,8049.ENSGMOP00000016804,8049.ENSGMOP00000016837,8049.ENSGMOP00000016963,8049.ENSGMOP00000016976,8049.ENSGMOP00000017025,8049.ENSGMOP00000017031,8049.ENSGMOP00000017060,8049.ENSGMOP00000017088,8049.ENSGMOP00000017109,8049.ENSGMOP00000017190,8049.ENSGMOP00000017194,8049.ENSGMOP00000017230,8049.ENSGMOP00000017268,8049.ENSGMOP00000017279,8049.ENSGMOP00000017317,8049.ENSGMOP00000017345,8049.ENSGMOP00000017367,8049.ENSGMOP00000017385,8049.ENSGMOP00000017401,8049.ENSGMOP00000017472,8049.ENSGMOP00000017484,8049.ENSGMOP00000017523,8049.ENSGMOP00000017545,8049.ENSGMOP00000017587,8049.ENSGMOP00000017598,8049.ENSGMOP00000017628,8049.ENSGMOP00000017631,8049.ENSGMOP00000017646,8049.ENSGMOP00000017686,8049.ENSGMOP00000017691,8049.ENSGMOP00000017702,8049.ENSGMOP00000017723,8049.ENSGMOP00000017800,8049.ENSGMOP00000017831,8049.ENSGMOP00000017842,8049.ENSGMOP00000017944,8049.ENSGMOP00000017946,8049.ENSGMOP00000017970,8049.ENSGMOP00000017987,8049.ENSGMOP00000017996,8049.ENSGMOP00000018000,8049.ENSGMOP00000018008,8049.ENSGMOP00000018010,8049.ENSGMOP00000018054,8049.ENSGMOP00000018218,8049.ENSGMOP00000018242,8049.ENSGMOP00000018274,8049.ENSGMOP00000018313,8049.ENSGMOP00000018360,8049.ENSGMOP00000018368,8049.ENSGMOP00000018378,8049.ENSGMOP00000018410,8049.ENSGMOP00000018456,8049.ENSGMOP00000018501,8049.ENSGMOP00000018508,8049.ENSGMOP00000018589,8049.ENSGMOP00000018619,8049.ENSGMOP00000018626,8049.ENSGMOP00000018651,8049.ENSGMOP00000018652,8049.ENSGMOP00000018669,8049.ENSGMOP00000018687,8049.ENSGMOP00000018767,8049.ENSGMOP00000018777,8049.ENSGMOP00000018866,8049.ENSGMOP00000018876,8049.ENSGMOP00000018897,8049.ENSGMOP00000018921,8049.ENSGMOP00000018935,8049.ENSGMOP00000018982,8049.ENSGMOP00000019062,8049.ENSGMOP00000019065,8049.ENSGMOP00000019131,8049.ENSGMOP00000019151,8049.ENSGMOP00000019163,8049.ENSGMOP00000019274,8049.ENSGMOP00000019422,8049.ENSGMOP00000019427,8049.ENSGMOP00000019437,8049.ENSGMOP00000019499,8049.ENSGMOP00000019559,8049.ENSGMOP00000019575,8049.ENSGMOP00000019580,8049.ENSGMOP00000019664,8049.ENSGMOP00000019698,8049.ENSGMOP00000019758,8049.ENSGMOP00000019765,8049.ENSGMOP00000019792,8049.ENSGMOP00000019795,8049.ENSGMOP00000019806,8049.ENSGMOP00000019825,8049.ENSGMOP00000019879,8049.ENSGMOP00000019925,8049.ENSGMOP00000019958,8049.ENSGMOP00000020014,8049.ENSGMOP00000020017,8049.ENSGMOP00000020083,8049.ENSGMOP00000020089,8049.ENSGMOP00000020123,8049.ENSGMOP00000020136,8049.ENSGMOP00000020153,8049.ENSGMOP00000020175,8049.ENSGMOP00000020184,8049.ENSGMOP00000020209,8049.ENSGMOP00000020220,8049.ENSGMOP00000020283,8049.ENSGMOP00000020316,8049.ENSGMOP00000020324,8049.ENSGMOP00000020356,8049.ENSGMOP00000020378,8049.ENSGMOP00000020485,8049.ENSGMOP00000020501,8049.ENSGMOP00000020575,8049.ENSGMOP00000020764,8049.ENSGMOP00000020834,8049.ENSGMOP00000020924,8049.ENSGMOP00000020956,8049.ENSGMOP00000020964,8049.ENSGMOP00000021028,8049.ENSGMOP00000021047,8049.ENSGMOP00000021060,8049.ENSGMOP00000021061,8049.ENSGMOP00000021130,8049.ENSGMOP00000021165,8049.ENSGMOP00000021169,8049.ENSGMOP00000021268,8049.ENSGMOP00000021515,8049.ENSGMOP00000021947,8049.ENSGMOP00000022095	ENSGMOP00000000029,ENSGMOP00000000041,ENSGMOP00000000084,ENSGMOP00000000161,ENSGMOP00000000191,ENSGMOP00000000192,ENSGMOP00000000267,ENSGMOP00000000294,ENSGMOP00000000295,ENSGMOP00000000320,ENSGMOP00000000349,ENSGMOP00000000359,ENSGMOP00000000386,ENSGMOP00000000391,ENSGMOP00000000394,ENSGMOP00000000409,ENSGMOP00000000421,SHKBP1,ENSGMOP00000000507,ENSGMOP00000000510,ENSGMOP00000000608,ENSGMOP00000000637,ENSGMOP00000000641,ENSGMOP00000000655,ENSGMOP00000000692,MACF1,ENSGMOP00000000741,PRICKLE1,ENSGMOP00000000797,ENSGMOP00000000806,ENSGMOP00000000858,ENSGMOP00000000860,TMC6,MSI1,LTBP3,ENSGMOP00000001090,ENSGMOP00000001118,ENSGMOP00000001262,ENSGMOP00000001334,ENSGMOP00000001366,ENSGMOP00000001522,ENSGMOP00000001578,ENSGMOP00000001588,ENSGMOP00000001688,ENSGMOP00000001807,ENSGMOP00000001971,ENSGMOP00000002031,babam2,ENSGMOP00000002159,ENSGMOP00000002229,ENSGMOP00000002269,ENSGMOP00000002293,ENSGMOP00000002422,ENSGMOP00000002428,ENSGMOP00000002433,ENSGMOP00000002531,HECTD4,ENSGMOP00000002564,ENSGMOP00000002624,ENSGMOP00000002701,NTN1,ENSGMOP00000002747,ENSGMOP00000002791,ENSGMOP00000002866,ENSGMOP00000002898,ENSGMOP00000002910,ENSGMOP00000002912,ENSGMOP00000002934,ENSGMOP00000002960,ENSGMOP00000002985,SLC4A11,ENSGMOP00000003073,ENSGMOP00000003098,ZNF521,ENSGMOP00000003229,ENSGMOP00000003331,ENSGMOP00000003381,LAMA3,ENSGMOP00000003485,ENSGMOP00000003506,ENSGMOP00000003514,ENSGMOP00000003547,ENSGMOP00000003590,ENSGMOP00000003679,ENSGMOP00000003697,ENSGMOP00000003762,ENSGMOP00000003809,ENSGMOP00000003813,ENSGMOP00000003815,LOC115556833,ENSGMOP00000003911,ENSGMOP00000003929,ENSGMOP00000003952,ENSGMOP00000004042,ENSGMOP00000004055,ENSGMOP00000004060,ENSGMOP00000004076,ENSGMOP00000004080,ENSGMOP00000004084,ENSGMOP00000004408,ENSGMOP00000004491,ENSGMOP00000004505,ENSGMOP00000004622,ENSGMOP00000004711,ENSGMOP00000004726,ENSGMOP00000004735,ENSGMOP00000004762,ENSGMOP00000004779,chsy1,ENSGMOP00000004825,ENSGMOP00000004932,ENSGMOP00000004951,ENSGMOP00000005024,ENSGMOP00000005043,ENSGMOP00000005051,ENSGMOP00000005084,ENSGMOP00000005232,ENSGMOP00000005256,ENSGMOP00000005303,ENSGMOP00000005306,ENSGMOP00000005360,ENSGMOP00000005486,ENSGMOP00000005539,ENSGMOP00000005570,PLEKHA5,ENSGMOP00000005627,DST,ENSGMOP00000005743,ENSGMOP00000005762,ENSGMOP00000005796,ENSGMOP00000005834,ENSGMOP00000005835,ENSGMOP00000005945,ENSGMOP00000005950,ENSGMOP00000006025,ENSGMOP00000006035,ENSGMOP00000006041,ENSGMOP00000006045,ENSGMOP00000006059,ENSGMOP00000006065,ENSGMOP00000006071,ENSGMOP00000006144,ENSGMOP00000006173,ENSGMOP00000006196,ENSGMOP00000006247,ENSGMOP00000006360,ENSGMOP00000006407,ENSGMOP00000006445,vps18,ENSGMOP00000006481,cyld,ENSGMOP00000006501,ENSGMOP00000006502,ENSGMOP00000006532,ENSGMOP00000006535,ENSGMOP00000006539,ENSGMOP00000006558,ENSGMOP00000006563,ENSGMOP00000006578,ENSGMOP00000006594,ENSGMOP00000006608,ENSGMOP00000006641,ENSGMOP00000006664,LPP,ENSGMOP00000006699,ENSGMOP00000006709,ENSGMOP00000006782,ENSGMOP00000006819,ENSGMOP00000006863,ENSGMOP00000006898,ENSGMOP00000006901,ENSGMOP00000006909,ENSGMOP00000007000,ENSGMOP00000007001,NFATC1,ENSGMOP00000007071,ENSGMOP00000007106,ENSGMOP00000007112,ENSGMOP00000007129,ENSGMOP00000007133,ENSGMOP00000007135,ENSGMOP00000007150,ENSGMOP00000007208,ENSGMOP00000007249,ENSGMOP00000007259,ENSGMOP00000007415,ENSGMOP00000007440,ENSGMOP00000007501,ENSGMOP00000007568,ENSGMOP00000007573,ENSGMOP00000007617,ENSGMOP00000007702,ENSGMOP00000007783,SEMA6A,ENSGMOP00000007853,ENSGMOP00000007861,DMXL1,ENSGMOP00000007903,ENSGMOP00000007919,FRMD4B,ENSGMOP00000008048,ENSGMOP00000008148,ENSGMOP00000008302,DOCK9,ENSGMOP00000008308,ENSGMOP00000008316,ENSGMOP00000008329,ENSGMOP00000008350,ENSGMOP00000008361,ENSGMOP00000008382,ENSGMOP00000008403,ENSGMOP00000008467,ENSGMOP00000008500,ENSGMOP00000008547,ENSGMOP00000008653,ENSGMOP00000008706,ENSGMOP00000008712,ENSGMOP00000008756,ENSGMOP00000008778,ENSGMOP00000008869,ENSGMOP00000008916,ENSGMOP00000008938,JMY,ENSGMOP00000009025,ENSGMOP00000009037,ENSGMOP00000009051,ENSGMOP00000009057,ENSGMOP00000009058,ENSGMOP00000009077,ENSGMOP00000009093,ENSGMOP00000009306,ENSGMOP00000009364,ENSGMOP00000009386,ENSGMOP00000009422,ENSGMOP00000009437,ENSGMOP00000009512,ENSGMOP00000009574,ENSGMOP00000009591,ENSGMOP00000009620,ENSGMOP00000009634,ENSGMOP00000009658,ENSGMOP00000009663,ENSGMOP00000009693,ENSGMOP00000009709,TIPARP,ENSGMOP00000009774,ADAMTS20,ENSGMOP00000009903,ENSGMOP00000009920,ENSGMOP00000009927,ENSGMOP00000009994,ENSGMOP00000010006,ENSGMOP00000010021,ENSGMOP00000010029,ENSGMOP00000010033,ENSGMOP00000010044,FAM126B,ENSGMOP00000010218,ENSGMOP00000010232,ENSGMOP00000010300,ENSGMOP00000010374,ENSGMOP00000010397,ENSGMOP00000010407,ENSGMOP00000010431,ENSGMOP00000010432,ENSGMOP00000010437,ENSGMOP00000010490,ENSGMOP00000010518,ENSGMOP00000010519,ENSGMOP00000010611,ENSGMOP00000010644,ANKRD50,ENSGMOP00000010754,ENSGMOP00000010761,COL25A1,ENSGMOP00000010898,ENSGMOP00000010925,ENSGMOP00000010933,ENSGMOP00000010949,ENSGMOP00000010993,ENSGMOP00000011013,ENSGMOP00000011071,ENSGMOP00000011081,ENSGMOP00000011099,ENSGMOP00000011286,ENSGMOP00000011291,ENSGMOP00000011309,ENSGMOP00000011336,COL12A1,ENSGMOP00000011350,ENSGMOP00000011363,LLGL1,ENSGMOP00000011399,ENSGMOP00000011480,ENSGMOP00000011495,ENSGMOP00000011506,ENSGMOP00000011571,ENSGMOP00000011615,ARHGEF17,ENSGMOP00000011656,ENSGMOP00000011712,TTN,ENSGMOP00000011775,ENSGMOP00000011787,ENSGMOP00000011795,ENSGMOP00000011826,ENSGMOP00000011875,SHROOM2,ENSGMOP00000011896,CARMIL1,ENSGMOP00000011931,ENSGMOP00000011999,ENSGMOP00000012028,ENSGMOP00000012049,EIF2AK4,ENSGMOP00000012157,ENSGMOP00000012162,ENSGMOP00000012175,ENSGMOP00000012193,ENSGMOP00000012195,ENSGMOP00000012260,ENSGMOP00000012426,ENSGMOP00000012470,ENSGMOP00000012485,ENSGMOP00000012487,ENSGMOP00000012747,ENSGMOP00000012819,ENSGMOP00000012838,ENSGMOP00000012848,ENSGMOP00000012897,ENSGMOP00000012990,ENSGMOP00000013064,ENSGMOP00000013073,ENSGMOP00000013107,ENSGMOP00000013123,ENSGMOP00000013133,ENSGMOP00000013161,ENSGMOP00000013163,ENSGMOP00000013179,ENSGMOP00000013199,ENSGMOP00000013237,ENSGMOP00000013289,ENSGMOP00000013310,ENSGMOP00000013341,ENSGMOP00000013403,ENSGMOP00000013414,ENSGMOP00000013421,ENSGMOP00000013478,ENSGMOP00000013488,ENSGMOP00000013495,ENSGMOP00000013503,MYO1D,ENSGMOP00000013688,ENSGMOP00000013716,ENSGMOP00000013726,ENSGMOP00000013735,ENSGMOP00000013771,ENSGMOP00000013884,ENSGMOP00000013898,ENSGMOP00000013905,ENSGMOP00000013936,ENSGMOP00000013951,ENSGMOP00000013986,ENSGMOP00000013988,ENSGMOP00000014028,ENSGMOP00000014246,ENSGMOP00000014278,ENSGMOP00000014404,ENSGMOP00000014411,ENSGMOP00000014503,ENSGMOP00000014510,ENSGMOP00000014551,FZD7,ENSGMOP00000014630,ENSGMOP00000014674,ENSGMOP00000014701,ENSGMOP00000014732,TC2N,ENSGMOP00000014786,ENSGMOP00000014787,ARHGEF26,ENSGMOP00000014892,ENSGMOP00000014931,ENSGMOP00000014980,ENSGMOP00000015029,ENSGMOP00000015085,ENSGMOP00000015111,ENSGMOP00000015213,ENSGMOP00000015257,ENSGMOP00000015260,ENSGMOP00000015399,ENSGMOP00000015409,ENSGMOP00000015513,ENSGMOP00000015517,ENSGMOP00000015595,ENSGMOP00000015596,ENSGMOP00000015608,ENSGMOP00000015704,ENSGMOP00000015763,ENSGMOP00000015783,ENSGMOP00000015883,ENSGMOP00000015921,ENSGMOP00000015954,ENSGMOP00000016093,ENSGMOP00000016134,LOC115530884,ENSGMOP00000016210,ENSGMOP00000016289,ENSGMOP00000016347,ENSGMOP00000016370,ENSGMOP00000016451,ENSGMOP00000016480,ENSGMOP00000016514,ENSGMOP00000016537,ENSGMOP00000016550,ENSGMOP00000016563,ENSGMOP00000016592,TANC2,ENSGMOP00000016689,ENSGMOP00000016695,ENSGMOP00000016729,ENSGMOP00000016798,ENSGMOP00000016804,ENSGMOP00000016837,ATP13A3,ENSGMOP00000016976,ENSGMOP00000017025,ENSGMOP00000017031,ENSGMOP00000017060,ENSGMOP00000017088,ENSGMOP00000017109,ENSGMOP00000017190,nr2e1,ENSGMOP00000017230,DYNC2H1,ENSGMOP00000017279,ENSGMOP00000017317,traf4,ENSGMOP00000017367,ENSGMOP00000017385,ENSGMOP00000017401,ENSGMOP00000017472,ENSGMOP00000017484,ENSGMOP00000017523,ENSGMOP00000017545,ENSGMOP00000017587,ENSGMOP00000017598,ENSGMOP00000017628,ENSGMOP00000017631,ENSGMOP00000017646,ENSGMOP00000017686,ENSGMOP00000017691,EPHA7,TCERG1,ENSGMOP00000017800,ENSGMOP00000017831,ENSGMOP00000017842,ENSGMOP00000017944,ENSGMOP00000017946,ENSGMOP00000017970,ENSGMOP00000017987,PLEKHG4B,ENSGMOP00000018000,ENSGMOP00000018008,ENSGMOP00000018010,NPC1L1,ATE1,ENSGMOP00000018242,ENSGMOP00000018274,IQSEC1,ENSGMOP00000018360,LOC115548846,ENSGMOP00000018378,ENSGMOP00000018410,NFKBID,ENSGMOP00000018501,ENSGMOP00000018508,ENSGMOP00000018589,ARAP1,ENSGMOP00000018626,ENSGMOP00000018651,ENSGMOP00000018652,ENSGMOP00000018669,ENSGMOP00000018687,ENSGMOP00000018767,ENSGMOP00000018777,ENSGMOP00000018866,ENSGMOP00000018876,ENSGMOP00000018897,ENSGMOP00000018921,ENSGMOP00000018935,ENSGMOP00000018982,ENSGMOP00000019062,ENSGMOP00000019065,ENSGMOP00000019131,ENSGMOP00000019151,ENSGMOP00000019163,PIP5K1A,ENSGMOP00000019422,ENSGMOP00000019427,ENSGMOP00000019437,ENSGMOP00000019499,ENSGMOP00000019559,dock7,ENSGMOP00000019580,ENSGMOP00000019664,ENSGMOP00000019698,ENSGMOP00000019758,PITPNM2,ENSGMOP00000019792,ENSGMOP00000019795,ENSGMOP00000019806,ENSGMOP00000019825,ENSGMOP00000019879,ENSGMOP00000019925,ENSGMOP00000019958,ENSGMOP00000020014,ENSGMOP00000020017,ENSGMOP00000020083,ENSGMOP00000020089,ENSGMOP00000020123,ENSGMOP00000020136,ENSGMOP00000020153,ENSGMOP00000020175,ENSGMOP00000020184,ENSGMOP00000020209,SCAF8,ENSGMOP00000020283,ENSGMOP00000020316,ENSGMOP00000020324,ENSGMOP00000020356,ENSGMOP00000020378,LOC115556064,ENSGMOP00000020501,ENSGMOP00000020575,ENSGMOP00000020764,PCLO,ENSGMOP00000020924,ENSGMOP00000020956,ENSGMOP00000020964,ENSGMOP00000021028,ENSGMOP00000021047,ENSGMOP00000021060,CTNND1,ENSGMOP00000021130,ENSGMOP00000021165,ENSGMOP00000021169,mab21l2,ENSGMOP00000021515,ENSGMOP00000021947,ENSGMOP00000022095
GO Component	GO:0062023	Collagen-containing extracellular matrix	22	275	0.46	0.43	0.0090	8049.ENSGMOP00000000797,8049.ENSGMOP00000001078,8049.ENSGMOP00000001688,8049.ENSGMOP00000002722,8049.ENSGMOP00000002910,8049.ENSGMOP00000003483,8049.ENSGMOP00000004711,8049.ENSGMOP00000005306,8049.ENSGMOP00000008329,8049.ENSGMOP00000008382,8049.ENSGMOP00000009025,8049.ENSGMOP00000009058,8049.ENSGMOP00000009077,8049.ENSGMOP00000010437,8049.ENSGMOP00000010490,8049.ENSGMOP00000010783,8049.ENSGMOP00000011340,8049.ENSGMOP00000016347,8049.ENSGMOP00000017367,8049.ENSGMOP00000017800,8049.ENSGMOP00000017842,8049.ENSGMOP00000020175	ENSGMOP00000000797,LTBP3,ENSGMOP00000001688,NTN1,ENSGMOP00000002910,LAMA3,ENSGMOP00000004711,ENSGMOP00000005306,ENSGMOP00000008329,ENSGMOP00000008382,ENSGMOP00000009025,ENSGMOP00000009058,ENSGMOP00000009077,ENSGMOP00000010437,ENSGMOP00000010490,COL25A1,COL12A1,ENSGMOP00000016347,ENSGMOP00000017367,ENSGMOP00000017800,ENSGMOP00000017842,ENSGMOP00000020175
GO Component	GO:0016459	Myosin complex	11	81	0.69	0.45	0.0120	8049.ENSGMOP00000001588,8049.ENSGMOP00000006071,8049.ENSGMOP00000006247,8049.ENSGMOP00000009057,8049.ENSGMOP00000010761,8049.ENSGMOP00000012028,8049.ENSGMOP00000012260,8049.ENSGMOP00000013595,8049.ENSGMOP00000016689,8049.ENSGMOP00000017631,8049.ENSGMOP00000021060	ENSGMOP00000001588,ENSGMOP00000006071,ENSGMOP00000006247,ENSGMOP00000009057,ENSGMOP00000010761,ENSGMOP00000012028,ENSGMOP00000012260,MYO1D,ENSGMOP00000016689,ENSGMOP00000017631,ENSGMOP00000021060
GO Component	GO:0015629	Actin cytoskeleton	24	384	0.35	0.3	0.0435	8049.ENSGMOP00000000507,8049.ENSGMOP00000001588,8049.ENSGMOP00000006071,8049.ENSGMOP00000006247,8049.ENSGMOP00000006686,8049.ENSGMOP00000007415,8049.ENSGMOP00000009057,8049.ENSGMOP00000010761,8049.ENSGMOP00000011365,8049.ENSGMOP00000011480,8049.ENSGMOP00000011656,8049.ENSGMOP00000011890,8049.ENSGMOP00000011929,8049.ENSGMOP00000012028,8049.ENSGMOP00000012260,8049.ENSGMOP00000013595,8049.ENSGMOP00000014503,8049.ENSGMOP00000016689,8049.ENSGMOP00000017598,8049.ENSGMOP00000017631,8049.ENSGMOP00000018410,8049.ENSGMOP00000019664,8049.ENSGMOP00000020017,8049.ENSGMOP00000021060	ENSGMOP00000000507,ENSGMOP00000001588,ENSGMOP00000006071,ENSGMOP00000006247,LPP,ENSGMOP00000007415,ENSGMOP00000009057,ENSGMOP00000010761,LLGL1,ENSGMOP00000011480,ENSGMOP00000011656,SHROOM2,CARMIL1,ENSGMOP00000012028,ENSGMOP00000012260,MYO1D,ENSGMOP00000014503,ENSGMOP00000016689,ENSGMOP00000017598,ENSGMOP00000017631,ENSGMOP00000018410,ENSGMOP00000019664,ENSGMOP00000020017,ENSGMOP00000021060
GO Component	GO:0031012	Extracellular matrix	27	443	0.34	0.29	0.0435	8049.ENSGMOP00000000797,8049.ENSGMOP00000001078,8049.ENSGMOP00000001688,8049.ENSGMOP00000002722,8049.ENSGMOP00000002910,8049.ENSGMOP00000003483,8049.ENSGMOP00000004711,8049.ENSGMOP00000004825,8049.ENSGMOP00000005306,8049.ENSGMOP00000006035,8049.ENSGMOP00000008329,8049.ENSGMOP00000008382,8049.ENSGMOP00000009025,8049.ENSGMOP00000009058,8049.ENSGMOP00000009077,8049.ENSGMOP00000009796,8049.ENSGMOP00000010437,8049.ENSGMOP00000010490,8049.ENSGMOP00000010783,8049.ENSGMOP00000011340,8049.ENSGMOP00000016347,8049.ENSGMOP00000017367,8049.ENSGMOP00000017800,8049.ENSGMOP00000017842,8049.ENSGMOP00000019427,8049.ENSGMOP00000019795,8049.ENSGMOP00000020175	ENSGMOP00000000797,LTBP3,ENSGMOP00000001688,NTN1,ENSGMOP00000002910,LAMA3,ENSGMOP00000004711,ENSGMOP00000004825,ENSGMOP00000005306,ENSGMOP00000006035,ENSGMOP00000008329,ENSGMOP00000008382,ENSGMOP00000009025,ENSGMOP00000009058,ENSGMOP00000009077,ADAMTS20,ENSGMOP00000010437,ENSGMOP00000010490,COL25A1,COL12A1,ENSGMOP00000016347,ENSGMOP00000017367,ENSGMOP00000017800,ENSGMOP00000017842,ENSGMOP00000019427,ENSGMOP00000019795,ENSGMOP00000020175
GO Component	GO:0043232	Intracellular non-membrane-bounded organelle	135	3613	0.13	0.26	0.0435	8049.ENSGMOP00000000295,8049.ENSGMOP00000000386,8049.ENSGMOP00000000409,8049.ENSGMOP00000000421,8049.ENSGMOP00000000507,8049.ENSGMOP00000000655,8049.ENSGMOP00000000734,8049.ENSGMOP00000000858,8049.ENSGMOP00000001090,8049.ENSGMOP00000001588,8049.ENSGMOP00000001807,8049.ENSGMOP00000001971,8049.ENSGMOP00000002422,8049.ENSGMOP00000002898,8049.ENSGMOP00000002960,8049.ENSGMOP00000003073,8049.ENSGMOP00000003506,8049.ENSGMOP00000003514,8049.ENSGMOP00000003547,8049.ENSGMOP00000003697,8049.ENSGMOP00000003809,8049.ENSGMOP00000003813,8049.ENSGMOP00000004055,8049.ENSGMOP00000004060,8049.ENSGMOP00000005084,8049.ENSGMOP00000005360,8049.ENSGMOP00000005486,8049.ENSGMOP00000005714,8049.ENSGMOP00000005945,8049.ENSGMOP00000006025,8049.ENSGMOP00000006071,8049.ENSGMOP00000006173,8049.ENSGMOP00000006247,8049.ENSGMOP00000006445,8049.ENSGMOP00000006487,8049.ENSGMOP00000006501,8049.ENSGMOP00000006594,8049.ENSGMOP00000006608,8049.ENSGMOP00000006641,8049.ENSGMOP00000006664,8049.ENSGMOP00000006686,8049.ENSGMOP00000006819,8049.ENSGMOP00000007000,8049.ENSGMOP00000007001,8049.ENSGMOP00000007059,8049.ENSGMOP00000007415,8049.ENSGMOP00000007440,8049.ENSGMOP00000007501,8049.ENSGMOP00000007568,8049.ENSGMOP00000007958,8049.ENSGMOP00000008500,8049.ENSGMOP00000008547,8049.ENSGMOP00000009009,8049.ENSGMOP00000009051,8049.ENSGMOP00000009057,8049.ENSGMOP00000009306,8049.ENSGMOP00000009386,8049.ENSGMOP00000009437,8049.ENSGMOP00000009512,8049.ENSGMOP00000010232,8049.ENSGMOP00000010374,8049.ENSGMOP00000010397,8049.ENSGMOP00000010407,8049.ENSGMOP00000010611,8049.ENSGMOP00000010761,8049.ENSGMOP00000011071,8049.ENSGMOP00000011365,8049.ENSGMOP00000011480,8049.ENSGMOP00000011495,8049.ENSGMOP00000011571,8049.ENSGMOP00000011656,8049.ENSGMOP00000011739,8049.ENSGMOP00000011795,8049.ENSGMOP00000011826,8049.ENSGMOP00000011890,8049.ENSGMOP00000011929,8049.ENSGMOP00000012028,8049.ENSGMOP00000012175,8049.ENSGMOP00000012193,8049.ENSGMOP00000012260,8049.ENSGMOP00000012487,8049.ENSGMOP00000012897,8049.ENSGMOP00000012990,8049.ENSGMOP00000013161,8049.ENSGMOP00000013199,8049.ENSGMOP00000013237,8049.ENSGMOP00000013495,8049.ENSGMOP00000013595,8049.ENSGMOP00000013688,8049.ENSGMOP00000013716,8049.ENSGMOP00000013726,8049.ENSGMOP00000013898,8049.ENSGMOP00000013905,8049.ENSGMOP00000013986,8049.ENSGMOP00000014411,8049.ENSGMOP00000014503,8049.ENSGMOP00000014786,8049.ENSGMOP00000014892,8049.ENSGMOP00000015257,8049.ENSGMOP00000015399,8049.ENSGMOP00000015596,8049.ENSGMOP00000016134,8049.ENSGMOP00000016537,8049.ENSGMOP00000016689,8049.ENSGMOP00000017190,8049.ENSGMOP00000017268,8049.ENSGMOP00000017345,8049.ENSGMOP00000017598,8049.ENSGMOP00000017628,8049.ENSGMOP00000017631,8049.ENSGMOP00000017686,8049.ENSGMOP00000017691,8049.ENSGMOP00000017831,8049.ENSGMOP00000018313,8049.ENSGMOP00000018410,8049.ENSGMOP00000018687,8049.ENSGMOP00000018876,8049.ENSGMOP00000018897,8049.ENSGMOP00000019065,8049.ENSGMOP00000019559,8049.ENSGMOP00000019664,8049.ENSGMOP00000019792,8049.ENSGMOP00000019958,8049.ENSGMOP00000020017,8049.ENSGMOP00000020083,8049.ENSGMOP00000020089,8049.ENSGMOP00000020136,8049.ENSGMOP00000020283,8049.ENSGMOP00000020324,8049.ENSGMOP00000020356,8049.ENSGMOP00000020575,8049.ENSGMOP00000020834,8049.ENSGMOP00000020964,8049.ENSGMOP00000021060,8049.ENSGMOP00000021169	ENSGMOP00000000295,ENSGMOP00000000386,ENSGMOP00000000409,ENSGMOP00000000421,ENSGMOP00000000507,ENSGMOP00000000655,MACF1,ENSGMOP00000000858,ENSGMOP00000001090,ENSGMOP00000001588,ENSGMOP00000001807,ENSGMOP00000001971,ENSGMOP00000002422,ENSGMOP00000002898,ENSGMOP00000002960,ENSGMOP00000003073,ENSGMOP00000003506,ENSGMOP00000003514,ENSGMOP00000003547,ENSGMOP00000003697,ENSGMOP00000003809,ENSGMOP00000003813,ENSGMOP00000004055,ENSGMOP00000004060,ENSGMOP00000005084,ENSGMOP00000005360,ENSGMOP00000005486,DST,ENSGMOP00000005945,ENSGMOP00000006025,ENSGMOP00000006071,ENSGMOP00000006173,ENSGMOP00000006247,ENSGMOP00000006445,cyld,ENSGMOP00000006501,ENSGMOP00000006594,ENSGMOP00000006608,ENSGMOP00000006641,ENSGMOP00000006664,LPP,ENSGMOP00000006819,ENSGMOP00000007000,ENSGMOP00000007001,NFATC1,ENSGMOP00000007415,ENSGMOP00000007440,ENSGMOP00000007501,ENSGMOP00000007568,FRMD4B,ENSGMOP00000008500,ENSGMOP00000008547,JMY,ENSGMOP00000009051,ENSGMOP00000009057,ENSGMOP00000009306,ENSGMOP00000009386,ENSGMOP00000009437,ENSGMOP00000009512,ENSGMOP00000010232,ENSGMOP00000010374,ENSGMOP00000010397,ENSGMOP00000010407,ENSGMOP00000010611,ENSGMOP00000010761,ENSGMOP00000011071,LLGL1,ENSGMOP00000011480,ENSGMOP00000011495,ENSGMOP00000011571,ENSGMOP00000011656,TTN,ENSGMOP00000011795,ENSGMOP00000011826,SHROOM2,CARMIL1,ENSGMOP00000012028,ENSGMOP00000012175,ENSGMOP00000012193,ENSGMOP00000012260,ENSGMOP00000012487,ENSGMOP00000012897,ENSGMOP00000012990,ENSGMOP00000013161,ENSGMOP00000013199,ENSGMOP00000013237,ENSGMOP00000013495,MYO1D,ENSGMOP00000013688,ENSGMOP00000013716,ENSGMOP00000013726,ENSGMOP00000013898,ENSGMOP00000013905,ENSGMOP00000013986,ENSGMOP00000014411,ENSGMOP00000014503,ENSGMOP00000014786,ENSGMOP00000014892,ENSGMOP00000015257,ENSGMOP00000015399,ENSGMOP00000015596,ENSGMOP00000016134,ENSGMOP00000016537,ENSGMOP00000016689,ENSGMOP00000017190,DYNC2H1,traf4,ENSGMOP00000017598,ENSGMOP00000017628,ENSGMOP00000017631,ENSGMOP00000017686,ENSGMOP00000017691,ENSGMOP00000017831,IQSEC1,ENSGMOP00000018410,ENSGMOP00000018687,ENSGMOP00000018876,ENSGMOP00000018897,ENSGMOP00000019065,ENSGMOP00000019559,ENSGMOP00000019664,ENSGMOP00000019792,ENSGMOP00000019958,ENSGMOP00000020017,ENSGMOP00000020083,ENSGMOP00000020089,ENSGMOP00000020136,ENSGMOP00000020283,ENSGMOP00000020324,ENSGMOP00000020356,ENSGMOP00000020575,PCLO,ENSGMOP00000020964,ENSGMOP00000021060,ENSGMOP00000021169
GO Component	GO:0071944	Cell periphery	183	5178	0.1	0.26	0.0435	8049.ENSGMOP00000000161,8049.ENSGMOP00000000191,8049.ENSGMOP00000000192,8049.ENSGMOP00000000267,8049.ENSGMOP00000000294,8049.ENSGMOP00000000386,8049.ENSGMOP00000000391,8049.ENSGMOP00000000394,8049.ENSGMOP00000000637,8049.ENSGMOP00000000734,8049.ENSGMOP00000000741,8049.ENSGMOP00000000797,8049.ENSGMOP00000000860,8049.ENSGMOP00000000993,8049.ENSGMOP00000001078,8049.ENSGMOP00000001334,8049.ENSGMOP00000001366,8049.ENSGMOP00000001522,8049.ENSGMOP00000001588,8049.ENSGMOP00000001688,8049.ENSGMOP00000002159,8049.ENSGMOP00000002293,8049.ENSGMOP00000002433,8049.ENSGMOP00000002531,8049.ENSGMOP00000002722,8049.ENSGMOP00000002791,8049.ENSGMOP00000002910,8049.ENSGMOP00000002934,8049.ENSGMOP00000002960,8049.ENSGMOP00000002985,8049.ENSGMOP00000003026,8049.ENSGMOP00000003098,8049.ENSGMOP00000003483,8049.ENSGMOP00000003485,8049.ENSGMOP00000003762,8049.ENSGMOP00000003911,8049.ENSGMOP00000003929,8049.ENSGMOP00000003952,8049.ENSGMOP00000004042,8049.ENSGMOP00000004408,8049.ENSGMOP00000004711,8049.ENSGMOP00000004735,8049.ENSGMOP00000004825,8049.ENSGMOP00000004932,8049.ENSGMOP00000005232,8049.ENSGMOP00000005256,8049.ENSGMOP00000005303,8049.ENSGMOP00000005306,8049.ENSGMOP00000005539,8049.ENSGMOP00000005627,8049.ENSGMOP00000005714,8049.ENSGMOP00000005762,8049.ENSGMOP00000006035,8049.ENSGMOP00000006247,8049.ENSGMOP00000006407,8049.ENSGMOP00000006487,8049.ENSGMOP00000006502,8049.ENSGMOP00000006532,8049.ENSGMOP00000006539,8049.ENSGMOP00000006578,8049.ENSGMOP00000006664,8049.ENSGMOP00000006782,8049.ENSGMOP00000006898,8049.ENSGMOP00000007001,8049.ENSGMOP00000007129,8049.ENSGMOP00000007415,8049.ENSGMOP00000007501,8049.ENSGMOP00000007568,8049.ENSGMOP00000007826,8049.ENSGMOP00000007903,8049.ENSGMOP00000008316,8049.ENSGMOP00000008329,8049.ENSGMOP00000008350,8049.ENSGMOP00000008382,8049.ENSGMOP00000008403,8049.ENSGMOP00000008756,8049.ENSGMOP00000008778,8049.ENSGMOP00000008869,8049.ENSGMOP00000009025,8049.ENSGMOP00000009058,8049.ENSGMOP00000009077,8049.ENSGMOP00000009620,8049.ENSGMOP00000009693,8049.ENSGMOP00000009796,8049.ENSGMOP00000009994,8049.ENSGMOP00000010006,8049.ENSGMOP00000010029,8049.ENSGMOP00000010153,8049.ENSGMOP00000010232,8049.ENSGMOP00000010437,8049.ENSGMOP00000010490,8049.ENSGMOP00000010518,8049.ENSGMOP00000010519,8049.ENSGMOP00000010644,8049.ENSGMOP00000010783,8049.ENSGMOP00000010925,8049.ENSGMOP00000010993,8049.ENSGMOP00000011291,8049.ENSGMOP00000011309,8049.ENSGMOP00000011340,8049.ENSGMOP00000011350,8049.ENSGMOP00000011365,8049.ENSGMOP00000011775,8049.ENSGMOP00000011787,8049.ENSGMOP00000011795,8049.ENSGMOP00000011890,8049.ENSGMOP00000011929,8049.ENSGMOP00000011931,8049.ENSGMOP00000011999,8049.ENSGMOP00000012049,8049.ENSGMOP00000012157,8049.ENSGMOP00000012175,8049.ENSGMOP00000012260,8049.ENSGMOP00000012485,8049.ENSGMOP00000012747,8049.ENSGMOP00000012838,8049.ENSGMOP00000012990,8049.ENSGMOP00000013107,8049.ENSGMOP00000013161,8049.ENSGMOP00000013179,8049.ENSGMOP00000013237,8049.ENSGMOP00000013403,8049.ENSGMOP00000013421,8049.ENSGMOP00000013488,8049.ENSGMOP00000013495,8049.ENSGMOP00000013595,8049.ENSGMOP00000013936,8049.ENSGMOP00000013951,8049.ENSGMOP00000014246,8049.ENSGMOP00000014503,8049.ENSGMOP00000014551,8049.ENSGMOP00000014586,8049.ENSGMOP00000014630,8049.ENSGMOP00000014931,8049.ENSGMOP00000014980,8049.ENSGMOP00000015029,8049.ENSGMOP00000015213,8049.ENSGMOP00000015595,8049.ENSGMOP00000015763,8049.ENSGMOP00000016347,8049.ENSGMOP00000016451,8049.ENSGMOP00000016695,8049.ENSGMOP00000016729,8049.ENSGMOP00000016798,8049.ENSGMOP00000017025,8049.ENSGMOP00000017190,8049.ENSGMOP00000017367,8049.ENSGMOP00000017472,8049.ENSGMOP00000017523,8049.ENSGMOP00000017646,8049.ENSGMOP00000017686,8049.ENSGMOP00000017702,8049.ENSGMOP00000017800,8049.ENSGMOP00000017831,8049.ENSGMOP00000017842,8049.ENSGMOP00000017944,8049.ENSGMOP00000017970,8049.ENSGMOP00000018000,8049.ENSGMOP00000018054,8049.ENSGMOP00000018368,8049.ENSGMOP00000018410,8049.ENSGMOP00000018508,8049.ENSGMOP00000018767,8049.ENSGMOP00000018897,8049.ENSGMOP00000019065,8049.ENSGMOP00000019274,8049.ENSGMOP00000019427,8049.ENSGMOP00000019698,8049.ENSGMOP00000019758,8049.ENSGMOP00000019795,8049.ENSGMOP00000019958,8049.ENSGMOP00000020017,8049.ENSGMOP00000020083,8049.ENSGMOP00000020136,8049.ENSGMOP00000020175,8049.ENSGMOP00000020283,8049.ENSGMOP00000020485,8049.ENSGMOP00000020764,8049.ENSGMOP00000020834,8049.ENSGMOP00000020964,8049.ENSGMOP00000021061,8049.ENSGMOP00000021130,8049.ENSGMOP00000021165	ENSGMOP00000000161,ENSGMOP00000000191,ENSGMOP00000000192,ENSGMOP00000000267,ENSGMOP00000000294,ENSGMOP00000000386,ENSGMOP00000000391,ENSGMOP00000000394,ENSGMOP00000000637,MACF1,ENSGMOP00000000741,ENSGMOP00000000797,ENSGMOP00000000860,TMC6,LTBP3,ENSGMOP00000001334,ENSGMOP00000001366,ENSGMOP00000001522,ENSGMOP00000001588,ENSGMOP00000001688,ENSGMOP00000002159,ENSGMOP00000002293,ENSGMOP00000002433,ENSGMOP00000002531,NTN1,ENSGMOP00000002791,ENSGMOP00000002910,ENSGMOP00000002934,ENSGMOP00000002960,ENSGMOP00000002985,SLC4A11,ENSGMOP00000003098,LAMA3,ENSGMOP00000003485,ENSGMOP00000003762,ENSGMOP00000003911,ENSGMOP00000003929,ENSGMOP00000003952,ENSGMOP00000004042,ENSGMOP00000004408,ENSGMOP00000004711,ENSGMOP00000004735,ENSGMOP00000004825,ENSGMOP00000004932,ENSGMOP00000005232,ENSGMOP00000005256,ENSGMOP00000005303,ENSGMOP00000005306,ENSGMOP00000005539,ENSGMOP00000005627,DST,ENSGMOP00000005762,ENSGMOP00000006035,ENSGMOP00000006247,ENSGMOP00000006407,cyld,ENSGMOP00000006502,ENSGMOP00000006532,ENSGMOP00000006539,ENSGMOP00000006578,ENSGMOP00000006664,ENSGMOP00000006782,ENSGMOP00000006898,ENSGMOP00000007001,ENSGMOP00000007129,ENSGMOP00000007415,ENSGMOP00000007501,ENSGMOP00000007568,SEMA6A,ENSGMOP00000007903,ENSGMOP00000008316,ENSGMOP00000008329,ENSGMOP00000008350,ENSGMOP00000008382,ENSGMOP00000008403,ENSGMOP00000008756,ENSGMOP00000008778,ENSGMOP00000008869,ENSGMOP00000009025,ENSGMOP00000009058,ENSGMOP00000009077,ENSGMOP00000009620,ENSGMOP00000009693,ADAMTS20,ENSGMOP00000009994,ENSGMOP00000010006,ENSGMOP00000010029,FAM126B,ENSGMOP00000010232,ENSGMOP00000010437,ENSGMOP00000010490,ENSGMOP00000010518,ENSGMOP00000010519,ENSGMOP00000010644,COL25A1,ENSGMOP00000010925,ENSGMOP00000010993,ENSGMOP00000011291,ENSGMOP00000011309,COL12A1,ENSGMOP00000011350,LLGL1,ENSGMOP00000011775,ENSGMOP00000011787,ENSGMOP00000011795,SHROOM2,CARMIL1,ENSGMOP00000011931,ENSGMOP00000011999,ENSGMOP00000012049,ENSGMOP00000012157,ENSGMOP00000012175,ENSGMOP00000012260,ENSGMOP00000012485,ENSGMOP00000012747,ENSGMOP00000012838,ENSGMOP00000012990,ENSGMOP00000013107,ENSGMOP00000013161,ENSGMOP00000013179,ENSGMOP00000013237,ENSGMOP00000013403,ENSGMOP00000013421,ENSGMOP00000013488,ENSGMOP00000013495,MYO1D,ENSGMOP00000013936,ENSGMOP00000013951,ENSGMOP00000014246,ENSGMOP00000014503,ENSGMOP00000014551,FZD7,ENSGMOP00000014630,ENSGMOP00000014931,ENSGMOP00000014980,ENSGMOP00000015029,ENSGMOP00000015213,ENSGMOP00000015595,ENSGMOP00000015763,ENSGMOP00000016347,ENSGMOP00000016451,ENSGMOP00000016695,ENSGMOP00000016729,ENSGMOP00000016798,ENSGMOP00000017025,ENSGMOP00000017190,ENSGMOP00000017367,ENSGMOP00000017472,ENSGMOP00000017523,ENSGMOP00000017646,ENSGMOP00000017686,EPHA7,ENSGMOP00000017800,ENSGMOP00000017831,ENSGMOP00000017842,ENSGMOP00000017944,ENSGMOP00000017970,ENSGMOP00000018000,NPC1L1,LOC115548846,ENSGMOP00000018410,ENSGMOP00000018508,ENSGMOP00000018767,ENSGMOP00000018897,ENSGMOP00000019065,PIP5K1A,ENSGMOP00000019427,ENSGMOP00000019698,ENSGMOP00000019758,ENSGMOP00000019795,ENSGMOP00000019958,ENSGMOP00000020017,ENSGMOP00000020083,ENSGMOP00000020136,ENSGMOP00000020175,ENSGMOP00000020283,LOC115556064,ENSGMOP00000020764,PCLO,ENSGMOP00000020964,CTNND1,ENSGMOP00000021130,ENSGMOP00000021165
GO Component	GO:0098636	Protein complex involved in cell adhesion	7	39	0.81	0.34	0.0435	8049.ENSGMOP00000002985,8049.ENSGMOP00000003929,8049.ENSGMOP00000005232,8049.ENSGMOP00000009025,8049.ENSGMOP00000017025,8049.ENSGMOP00000017523,8049.ENSGMOP00000020175	ENSGMOP00000002985,ENSGMOP00000003929,ENSGMOP00000005232,ENSGMOP00000009025,ENSGMOP00000017025,ENSGMOP00000017523,ENSGMOP00000020175
GO Component	GO:0099512	Supramolecular fiber	36	695	0.27	0.28	0.0451	8049.ENSGMOP00000000421,8049.ENSGMOP00000000507,8049.ENSGMOP00000000734,8049.ENSGMOP00000001588,8049.ENSGMOP00000001807,8049.ENSGMOP00000001971,8049.ENSGMOP00000003506,8049.ENSGMOP00000005714,8049.ENSGMOP00000006071,8049.ENSGMOP00000006487,8049.ENSGMOP00000006501,8049.ENSGMOP00000006664,8049.ENSGMOP00000007000,8049.ENSGMOP00000007001,8049.ENSGMOP00000008500,8049.ENSGMOP00000009057,8049.ENSGMOP00000010761,8049.ENSGMOP00000011480,8049.ENSGMOP00000011890,8049.ENSGMOP00000012028,8049.ENSGMOP00000012487,8049.ENSGMOP00000012897,8049.ENSGMOP00000013161,8049.ENSGMOP00000013199,8049.ENSGMOP00000013237,8049.ENSGMOP00000013688,8049.ENSGMOP00000014411,8049.ENSGMOP00000014503,8049.ENSGMOP00000017268,8049.ENSGMOP00000017598,8049.ENSGMOP00000017631,8049.ENSGMOP00000017686,8049.ENSGMOP00000020283,8049.ENSGMOP00000020324,8049.ENSGMOP00000020964,8049.ENSGMOP00000021060	ENSGMOP00000000421,ENSGMOP00000000507,MACF1,ENSGMOP00000001588,ENSGMOP00000001807,ENSGMOP00000001971,ENSGMOP00000003506,DST,ENSGMOP00000006071,cyld,ENSGMOP00000006501,ENSGMOP00000006664,ENSGMOP00000007000,ENSGMOP00000007001,ENSGMOP00000008500,ENSGMOP00000009057,ENSGMOP00000010761,ENSGMOP00000011480,SHROOM2,ENSGMOP00000012028,ENSGMOP00000012487,ENSGMOP00000012897,ENSGMOP00000013161,ENSGMOP00000013199,ENSGMOP00000013237,ENSGMOP00000013688,ENSGMOP00000014411,ENSGMOP00000014503,DYNC2H1,ENSGMOP00000017598,ENSGMOP00000017631,ENSGMOP00000017686,ENSGMOP00000020283,ENSGMOP00000020324,ENSGMOP00000020964,ENSGMOP00000021060
STRING clusters	CL:1084	Mixed, incl. Small GTPase mediated signal transduction, and CDC42 GTPase cycle	21	192	0.59	0.59	0.0016	8049.ENSGMOP00000000191,8049.ENSGMOP00000000294,8049.ENSGMOP00000000394,8049.ENSGMOP00000000507,8049.ENSGMOP00000003911,8049.ENSGMOP00000004951,8049.ENSGMOP00000006558,8049.ENSGMOP00000007568,8049.ENSGMOP00000008308,8049.ENSGMOP00000008403,8049.ENSGMOP00000008467,8049.ENSGMOP00000009057,8049.ENSGMOP00000011506,8049.ENSGMOP00000011656,8049.ENSGMOP00000012990,8049.ENSGMOP00000013289,8049.ENSGMOP00000014864,8049.ENSGMOP00000019065,8049.ENSGMOP00000019792,8049.ENSGMOP00000020184,8049.ENSGMOP00000021060	ENSGMOP00000000191,ENSGMOP00000000294,ENSGMOP00000000394,ENSGMOP00000000507,ENSGMOP00000003911,ENSGMOP00000004951,ENSGMOP00000006558,ENSGMOP00000007568,ENSGMOP00000008308,ENSGMOP00000008403,ENSGMOP00000008467,ENSGMOP00000009057,ENSGMOP00000011506,ENSGMOP00000011656,ENSGMOP00000012990,ENSGMOP00000013289,ARHGEF26,ENSGMOP00000019065,ENSGMOP00000019792,ENSGMOP00000020184,ENSGMOP00000021060
STRING clusters	CL:1085	Mixed, incl. CDC42 GTPase cycle, and Rho (Ras homology) subfamily of Ras-like small GTPases	18	145	0.65	0.6	0.0016	8049.ENSGMOP00000000294,8049.ENSGMOP00000000507,8049.ENSGMOP00000003911,8049.ENSGMOP00000006558,8049.ENSGMOP00000007568,8049.ENSGMOP00000008308,8049.ENSGMOP00000008403,8049.ENSGMOP00000008467,8049.ENSGMOP00000009057,8049.ENSGMOP00000011506,8049.ENSGMOP00000011656,8049.ENSGMOP00000012990,8049.ENSGMOP00000013289,8049.ENSGMOP00000014864,8049.ENSGMOP00000019065,8049.ENSGMOP00000019792,8049.ENSGMOP00000020184,8049.ENSGMOP00000021060	ENSGMOP00000000294,ENSGMOP00000000507,ENSGMOP00000003911,ENSGMOP00000006558,ENSGMOP00000007568,ENSGMOP00000008308,ENSGMOP00000008403,ENSGMOP00000008467,ENSGMOP00000009057,ENSGMOP00000011506,ENSGMOP00000011656,ENSGMOP00000012990,ENSGMOP00000013289,ARHGEF26,ENSGMOP00000019065,ENSGMOP00000019792,ENSGMOP00000020184,ENSGMOP00000021060
STRING clusters	CL:1090	Mixed, incl. CDC42 GTPase cycle, and Rho (Ras homology) subfamily of Ras-like small GTPases	17	140	0.64	0.59	0.0018	8049.ENSGMOP00000000294,8049.ENSGMOP00000000507,8049.ENSGMOP00000003911,8049.ENSGMOP00000006558,8049.ENSGMOP00000007568,8049.ENSGMOP00000008308,8049.ENSGMOP00000008403,8049.ENSGMOP00000009057,8049.ENSGMOP00000011506,8049.ENSGMOP00000011656,8049.ENSGMOP00000012990,8049.ENSGMOP00000013289,8049.ENSGMOP00000014864,8049.ENSGMOP00000019065,8049.ENSGMOP00000019792,8049.ENSGMOP00000020184,8049.ENSGMOP00000021060	ENSGMOP00000000294,ENSGMOP00000000507,ENSGMOP00000003911,ENSGMOP00000006558,ENSGMOP00000007568,ENSGMOP00000008308,ENSGMOP00000008403,ENSGMOP00000009057,ENSGMOP00000011506,ENSGMOP00000011656,ENSGMOP00000012990,ENSGMOP00000013289,ARHGEF26,ENSGMOP00000019065,ENSGMOP00000019792,ENSGMOP00000020184,ENSGMOP00000021060
STRING clusters	CL:1093	Mixed, incl. CDC42 GTPase cycle, and Rho (Ras homology) subfamily of Ras-like small GTPases	16	135	0.63	0.53	0.0037	8049.ENSGMOP00000000294,8049.ENSGMOP00000000507,8049.ENSGMOP00000003911,8049.ENSGMOP00000006558,8049.ENSGMOP00000008308,8049.ENSGMOP00000008403,8049.ENSGMOP00000009057,8049.ENSGMOP00000011506,8049.ENSGMOP00000011656,8049.ENSGMOP00000012990,8049.ENSGMOP00000013289,8049.ENSGMOP00000014864,8049.ENSGMOP00000019065,8049.ENSGMOP00000019792,8049.ENSGMOP00000020184,8049.ENSGMOP00000021060	ENSGMOP00000000294,ENSGMOP00000000507,ENSGMOP00000003911,ENSGMOP00000006558,ENSGMOP00000008308,ENSGMOP00000008403,ENSGMOP00000009057,ENSGMOP00000011506,ENSGMOP00000011656,ENSGMOP00000012990,ENSGMOP00000013289,ARHGEF26,ENSGMOP00000019065,ENSGMOP00000019792,ENSGMOP00000020184,ENSGMOP00000021060
STRING clusters	CL:1094	Mixed, incl. Cortical cytoskeleton organization, and CDC42 GTPase cycle	14	119	0.63	0.43	0.0129	8049.ENSGMOP00000000294,8049.ENSGMOP00000000507,8049.ENSGMOP00000003911,8049.ENSGMOP00000006558,8049.ENSGMOP00000008308,8049.ENSGMOP00000008403,8049.ENSGMOP00000009057,8049.ENSGMOP00000011656,8049.ENSGMOP00000012990,8049.ENSGMOP00000014864,8049.ENSGMOP00000019065,8049.ENSGMOP00000019792,8049.ENSGMOP00000020184,8049.ENSGMOP00000021060	ENSGMOP00000000294,ENSGMOP00000000507,ENSGMOP00000003911,ENSGMOP00000006558,ENSGMOP00000008308,ENSGMOP00000008403,ENSGMOP00000009057,ENSGMOP00000011656,ENSGMOP00000012990,ARHGEF26,ENSGMOP00000019065,ENSGMOP00000019792,ENSGMOP00000020184,ENSGMOP00000021060
STRING clusters	CL:1502	ECM-receptor interaction	11	74	0.73	0.45	0.0129	8049.ENSGMOP00000000797,8049.ENSGMOP00000002985,8049.ENSGMOP00000003483,8049.ENSGMOP00000004711,8049.ENSGMOP00000005232,8049.ENSGMOP00000005306,8049.ENSGMOP00000009025,8049.ENSGMOP00000009077,8049.ENSGMOP00000016347,8049.ENSGMOP00000017025,8049.ENSGMOP00000017523	ENSGMOP00000000797,ENSGMOP00000002985,LAMA3,ENSGMOP00000004711,ENSGMOP00000005232,ENSGMOP00000005306,ENSGMOP00000009025,ENSGMOP00000009077,ENSGMOP00000016347,ENSGMOP00000017025,ENSGMOP00000017523
KEGG	map04510	Focal adhesion	25	300	0.48	0.61	0.00060	8049.ENSGMOP00000000192,8049.ENSGMOP00000000741,8049.ENSGMOP00000000797,8049.ENSGMOP00000001971,8049.ENSGMOP00000002985,8049.ENSGMOP00000003483,8049.ENSGMOP00000004042,8049.ENSGMOP00000004711,8049.ENSGMOP00000005232,8049.ENSGMOP00000005306,8049.ENSGMOP00000006558,8049.ENSGMOP00000006664,8049.ENSGMOP00000008403,8049.ENSGMOP00000009025,8049.ENSGMOP00000009077,8049.ENSGMOP00000010949,8049.ENSGMOP00000014980,8049.ENSGMOP00000016347,8049.ENSGMOP00000016451,8049.ENSGMOP00000016550,8049.ENSGMOP00000017025,8049.ENSGMOP00000017031,8049.ENSGMOP00000017523,8049.ENSGMOP00000019274,8049.ENSGMOP00000020316	ENSGMOP00000000192,ENSGMOP00000000741,ENSGMOP00000000797,ENSGMOP00000001971,ENSGMOP00000002985,LAMA3,ENSGMOP00000004042,ENSGMOP00000004711,ENSGMOP00000005232,ENSGMOP00000005306,ENSGMOP00000006558,ENSGMOP00000006664,ENSGMOP00000008403,ENSGMOP00000009025,ENSGMOP00000009077,ENSGMOP00000010949,ENSGMOP00000014980,ENSGMOP00000016347,ENSGMOP00000016451,ENSGMOP00000016550,ENSGMOP00000017025,ENSGMOP00000017031,ENSGMOP00000017523,PIP5K1A,ENSGMOP00000020316
KEGG	map04070	Phosphatidylinositol signaling system	14	172	0.47	0.35	0.0267	8049.ENSGMOP00000000741,8049.ENSGMOP00000002031,8049.ENSGMOP00000002866,8049.ENSGMOP00000004735,8049.ENSGMOP00000007903,8049.ENSGMOP00000011309,8049.ENSGMOP00000011890,8049.ENSGMOP00000013988,8049.ENSGMOP00000014980,8049.ENSGMOP00000017031,8049.ENSGMOP00000017317,8049.ENSGMOP00000019274,8049.ENSGMOP00000019499,8049.ENSGMOP00000021169	ENSGMOP00000000741,ENSGMOP00000002031,ENSGMOP00000002866,ENSGMOP00000004735,ENSGMOP00000007903,ENSGMOP00000011309,SHROOM2,ENSGMOP00000013988,ENSGMOP00000014980,ENSGMOP00000017031,ENSGMOP00000017317,PIP5K1A,ENSGMOP00000019499,ENSGMOP00000021169
KEGG	map04512	ECM-receptor interaction	13	143	0.51	0.36	0.0267	8049.ENSGMOP00000000797,8049.ENSGMOP00000001688,8049.ENSGMOP00000002985,8049.ENSGMOP00000003483,8049.ENSGMOP00000004711,8049.ENSGMOP00000005232,8049.ENSGMOP00000005306,8049.ENSGMOP00000009025,8049.ENSGMOP00000009077,8049.ENSGMOP00000016347,8049.ENSGMOP00000017025,8049.ENSGMOP00000017523,8049.ENSGMOP00000019427	ENSGMOP00000000797,ENSGMOP00000001688,ENSGMOP00000002985,LAMA3,ENSGMOP00000004711,ENSGMOP00000005232,ENSGMOP00000005306,ENSGMOP00000009025,ENSGMOP00000009077,ENSGMOP00000016347,ENSGMOP00000017025,ENSGMOP00000017523,ENSGMOP00000019427
KEGG	map04520	Adherens junction	13	140	0.52	0.36	0.0267	8049.ENSGMOP00000000192,8049.ENSGMOP00000000295,8049.ENSGMOP00000000409,8049.ENSGMOP00000006563,8049.ENSGMOP00000007415,8049.ENSGMOP00000009057,8049.ENSGMOP00000010611,8049.ENSGMOP00000013403,8049.ENSGMOP00000016451,8049.ENSGMOP00000019151,8049.ENSGMOP00000019958,8049.ENSGMOP00000021060,8049.ENSGMOP00000021061	ENSGMOP00000000192,ENSGMOP00000000295,ENSGMOP00000000409,ENSGMOP00000006563,ENSGMOP00000007415,ENSGMOP00000009057,ENSGMOP00000010611,ENSGMOP00000013403,ENSGMOP00000016451,ENSGMOP00000019151,ENSGMOP00000019958,ENSGMOP00000021060,CTNND1
KEGG	map04530	Tight junction	19	271	0.4	0.34	0.0267	8049.ENSGMOP00000000394,8049.ENSGMOP00000002985,8049.ENSGMOP00000003381,8049.ENSGMOP00000003929,8049.ENSGMOP00000004505,8049.ENSGMOP00000005796,8049.ENSGMOP00000006071,8049.ENSGMOP00000009774,8049.ENSGMOP00000010006,8049.ENSGMOP00000011365,8049.ENSGMOP00000012028,8049.ENSGMOP00000012162,8049.ENSGMOP00000013073,8049.ENSGMOP00000015260,8049.ENSGMOP00000016837,8049.ENSGMOP00000017523,8049.ENSGMOP00000019698,8049.ENSGMOP00000019958,8049.ENSGMOP00000020184	ENSGMOP00000000394,ENSGMOP00000002985,ENSGMOP00000003381,ENSGMOP00000003929,ENSGMOP00000004505,ENSGMOP00000005796,ENSGMOP00000006071,ENSGMOP00000009774,ENSGMOP00000010006,LLGL1,ENSGMOP00000012028,ENSGMOP00000012162,ENSGMOP00000013073,ENSGMOP00000015260,ENSGMOP00000016837,ENSGMOP00000017523,ENSGMOP00000019698,ENSGMOP00000019958,ENSGMOP00000020184
Reactome	MAP-8980692	RHOA GTPase cycle	25	219	0.61	0.86	2.19e-05	8049.ENSGMOP00000000294,8049.ENSGMOP00000000409,8049.ENSGMOP00000000507,8049.ENSGMOP00000002229,8049.ENSGMOP00000002422,8049.ENSGMOP00000002531,8049.ENSGMOP00000003071,8049.ENSGMOP00000003911,8049.ENSGMOP00000006699,8049.ENSGMOP00000008308,8049.ENSGMOP00000008361,8049.ENSGMOP00000008403,8049.ENSGMOP00000009057,8049.ENSGMOP00000011506,8049.ENSGMOP00000011626,8049.ENSGMOP00000011656,8049.ENSGMOP00000013289,8049.ENSGMOP00000015111,8049.ENSGMOP00000016837,8049.ENSGMOP00000018619,8049.ENSGMOP00000018876,8049.ENSGMOP00000018897,8049.ENSGMOP00000019065,8049.ENSGMOP00000019806,8049.ENSGMOP00000021060	ENSGMOP00000000294,ENSGMOP00000000409,ENSGMOP00000000507,ENSGMOP00000002229,ENSGMOP00000002422,ENSGMOP00000002531,SOWAHC,ENSGMOP00000003911,ENSGMOP00000006699,ENSGMOP00000008308,ENSGMOP00000008361,ENSGMOP00000008403,ENSGMOP00000009057,ENSGMOP00000011506,ARHGEF17,ENSGMOP00000011656,ENSGMOP00000013289,ENSGMOP00000015111,ENSGMOP00000016837,ARAP1,ENSGMOP00000018876,ENSGMOP00000018897,ENSGMOP00000019065,ENSGMOP00000019806,ENSGMOP00000021060
Reactome	MAP-9013148	CDC42 GTPase cycle	22	183	0.64	0.85	3.55e-05	8049.ENSGMOP00000000409,8049.ENSGMOP00000000455,8049.ENSGMOP00000002229,8049.ENSGMOP00000002422,8049.ENSGMOP00000003911,8049.ENSGMOP00000006558,8049.ENSGMOP00000008306,8049.ENSGMOP00000008403,8049.ENSGMOP00000008467,8049.ENSGMOP00000011506,8049.ENSGMOP00000011656,8049.ENSGMOP00000013289,8049.ENSGMOP00000013735,8049.ENSGMOP00000014701,8049.ENSGMOP00000014864,8049.ENSGMOP00000016837,8049.ENSGMOP00000017987,8049.ENSGMOP00000017996,8049.ENSGMOP00000018619,8049.ENSGMOP00000018876,8049.ENSGMOP00000019575,8049.ENSGMOP00000019806	ENSGMOP00000000409,SHKBP1,ENSGMOP00000002229,ENSGMOP00000002422,ENSGMOP00000003911,ENSGMOP00000006558,DOCK9,ENSGMOP00000008403,ENSGMOP00000008467,ENSGMOP00000011506,ENSGMOP00000011656,ENSGMOP00000013289,ENSGMOP00000013735,ENSGMOP00000014701,ARHGEF26,ENSGMOP00000016837,ENSGMOP00000017987,PLEKHG4B,ARAP1,ENSGMOP00000018876,dock7,ENSGMOP00000019806
Reactome	MAP-9012999	RHO GTPase cycle	48	724	0.38	0.67	4.49e-05	8049.ENSGMOP00000000294,8049.ENSGMOP00000000409,8049.ENSGMOP00000000455,8049.ENSGMOP00000000507,8049.ENSGMOP00000001058,8049.ENSGMOP00000002229,8049.ENSGMOP00000002422,8049.ENSGMOP00000002531,8049.ENSGMOP00000002960,8049.ENSGMOP00000003071,8049.ENSGMOP00000003911,8049.ENSGMOP00000006558,8049.ENSGMOP00000006699,8049.ENSGMOP00000007573,8049.ENSGMOP00000008306,8049.ENSGMOP00000008308,8049.ENSGMOP00000008361,8049.ENSGMOP00000008403,8049.ENSGMOP00000008467,8049.ENSGMOP00000009057,8049.ENSGMOP00000010611,8049.ENSGMOP00000011506,8049.ENSGMOP00000011626,8049.ENSGMOP00000011656,8049.ENSGMOP00000011826,8049.ENSGMOP00000012426,8049.ENSGMOP00000012990,8049.ENSGMOP00000013289,8049.ENSGMOP00000013735,8049.ENSGMOP00000014701,8049.ENSGMOP00000014864,8049.ENSGMOP00000015111,8049.ENSGMOP00000015596,8049.ENSGMOP00000016837,8049.ENSGMOP00000017031,8049.ENSGMOP00000017987,8049.ENSGMOP00000017996,8049.ENSGMOP00000018619,8049.ENSGMOP00000018876,8049.ENSGMOP00000018897,8049.ENSGMOP00000019065,8049.ENSGMOP00000019575,8049.ENSGMOP00000019806,8049.ENSGMOP00000019825,8049.ENSGMOP00000020184,8049.ENSGMOP00000020220,8049.ENSGMOP00000020378,8049.ENSGMOP00000021060	ENSGMOP00000000294,ENSGMOP00000000409,SHKBP1,ENSGMOP00000000507,MSI1,ENSGMOP00000002229,ENSGMOP00000002422,ENSGMOP00000002531,ENSGMOP00000002960,SOWAHC,ENSGMOP00000003911,ENSGMOP00000006558,ENSGMOP00000006699,ENSGMOP00000007573,DOCK9,ENSGMOP00000008308,ENSGMOP00000008361,ENSGMOP00000008403,ENSGMOP00000008467,ENSGMOP00000009057,ENSGMOP00000010611,ENSGMOP00000011506,ARHGEF17,ENSGMOP00000011656,ENSGMOP00000011826,ENSGMOP00000012426,ENSGMOP00000012990,ENSGMOP00000013289,ENSGMOP00000013735,ENSGMOP00000014701,ARHGEF26,ENSGMOP00000015111,ENSGMOP00000015596,ENSGMOP00000016837,ENSGMOP00000017031,ENSGMOP00000017987,PLEKHG4B,ARAP1,ENSGMOP00000018876,ENSGMOP00000018897,ENSGMOP00000019065,dock7,ENSGMOP00000019806,ENSGMOP00000019825,ENSGMOP00000020184,SCAF8,ENSGMOP00000020378,ENSGMOP00000021060
Reactome	MAP-9013149	RAC1 GTPase cycle	27	292	0.52	0.74	7.88e-05	8049.ENSGMOP00000000409,8049.ENSGMOP00000002229,8049.ENSGMOP00000002422,8049.ENSGMOP00000003911,8049.ENSGMOP00000006558,8049.ENSGMOP00000008306,8049.ENSGMOP00000008308,8049.ENSGMOP00000008403,8049.ENSGMOP00000008467,8049.ENSGMOP00000010611,8049.ENSGMOP00000011506,8049.ENSGMOP00000012426,8049.ENSGMOP00000012990,8049.ENSGMOP00000013289,8049.ENSGMOP00000013735,8049.ENSGMOP00000014701,8049.ENSGMOP00000015111,8049.ENSGMOP00000015596,8049.ENSGMOP00000016837,8049.ENSGMOP00000017031,8049.ENSGMOP00000018619,8049.ENSGMOP00000018876,8049.ENSGMOP00000019065,8049.ENSGMOP00000019575,8049.ENSGMOP00000019806,8049.ENSGMOP00000020184,8049.ENSGMOP00000020378	ENSGMOP00000000409,ENSGMOP00000002229,ENSGMOP00000002422,ENSGMOP00000003911,ENSGMOP00000006558,DOCK9,ENSGMOP00000008308,ENSGMOP00000008403,ENSGMOP00000008467,ENSGMOP00000010611,ENSGMOP00000011506,ENSGMOP00000012426,ENSGMOP00000012990,ENSGMOP00000013289,ENSGMOP00000013735,ENSGMOP00000014701,ENSGMOP00000015111,ENSGMOP00000015596,ENSGMOP00000016837,ENSGMOP00000017031,ARAP1,ENSGMOP00000018876,ENSGMOP00000019065,dock7,ENSGMOP00000019806,ENSGMOP00000020184,ENSGMOP00000020378
Reactome	MAP-162582	Signal Transduction	148	3555	0.18	0.52	7.89e-05	8049.ENSGMOP00000000191,8049.ENSGMOP00000000192,8049.ENSGMOP00000000294,8049.ENSGMOP00000000295,8049.ENSGMOP00000000391,8049.ENSGMOP00000000394,8049.ENSGMOP00000000409,8049.ENSGMOP00000000455,8049.ENSGMOP00000000507,8049.ENSGMOP00000000510,8049.ENSGMOP00000000692,8049.ENSGMOP00000000741,8049.ENSGMOP00000000746,8049.ENSGMOP00000001058,8049.ENSGMOP00000001078,8049.ENSGMOP00000001578,8049.ENSGMOP00000001971,8049.ENSGMOP00000002159,8049.ENSGMOP00000002229,8049.ENSGMOP00000002293,8049.ENSGMOP00000002422,8049.ENSGMOP00000002531,8049.ENSGMOP00000002791,8049.ENSGMOP00000002960,8049.ENSGMOP00000003071,8049.ENSGMOP00000003381,8049.ENSGMOP00000003483,8049.ENSGMOP00000003697,8049.ENSGMOP00000003762,8049.ENSGMOP00000003818,8049.ENSGMOP00000003911,8049.ENSGMOP00000004042,8049.ENSGMOP00000004055,8049.ENSGMOP00000004060,8049.ENSGMOP00000004080,8049.ENSGMOP00000004711,8049.ENSGMOP00000004735,8049.ENSGMOP00000005232,8049.ENSGMOP00000005306,8049.ENSGMOP00000006041,8049.ENSGMOP00000006071,8049.ENSGMOP00000006487,8049.ENSGMOP00000006558,8049.ENSGMOP00000006578,8049.ENSGMOP00000006699,8049.ENSGMOP00000006782,8049.ENSGMOP00000007059,8049.ENSGMOP00000007129,8049.ENSGMOP00000007440,8049.ENSGMOP00000007568,8049.ENSGMOP00000007573,8049.ENSGMOP00000007903,8049.ENSGMOP00000008306,8049.ENSGMOP00000008308,8049.ENSGMOP00000008350,8049.ENSGMOP00000008361,8049.ENSGMOP00000008382,8049.ENSGMOP00000008403,8049.ENSGMOP00000008467,8049.ENSGMOP00000008500,8049.ENSGMOP00000008706,8049.ENSGMOP00000008869,8049.ENSGMOP00000009057,8049.ENSGMOP00000009058,8049.ENSGMOP00000009422,8049.ENSGMOP00000009620,8049.ENSGMOP00000009709,8049.ENSGMOP00000010033,8049.ENSGMOP00000010218,8049.ENSGMOP00000010431,8049.ENSGMOP00000010490,8049.ENSGMOP00000010611,8049.ENSGMOP00000010925,8049.ENSGMOP00000011399,8049.ENSGMOP00000011506,8049.ENSGMOP00000011626,8049.ENSGMOP00000011656,8049.ENSGMOP00000011775,8049.ENSGMOP00000011795,8049.ENSGMOP00000011826,8049.ENSGMOP00000011999,8049.ENSGMOP00000012028,8049.ENSGMOP00000012175,8049.ENSGMOP00000012193,8049.ENSGMOP00000012426,8049.ENSGMOP00000012990,8049.ENSGMOP00000013237,8049.ENSGMOP00000013289,8049.ENSGMOP00000013310,8049.ENSGMOP00000013403,8049.ENSGMOP00000013414,8049.ENSGMOP00000013488,8049.ENSGMOP00000013735,8049.ENSGMOP00000013884,8049.ENSGMOP00000014246,8049.ENSGMOP00000014551,8049.ENSGMOP00000014586,8049.ENSGMOP00000014701,8049.ENSGMOP00000014732,8049.ENSGMOP00000014786,8049.ENSGMOP00000014864,8049.ENSGMOP00000014892,8049.ENSGMOP00000014931,8049.ENSGMOP00000014980,8049.ENSGMOP00000015029,8049.ENSGMOP00000015111,8049.ENSGMOP00000015257,8049.ENSGMOP00000015399,8049.ENSGMOP00000015513,8049.ENSGMOP00000015596,8049.ENSGMOP00000015763,8049.ENSGMOP00000016347,8049.ENSGMOP00000016451,8049.ENSGMOP00000016550,8049.ENSGMOP00000016798,8049.ENSGMOP00000016837,8049.ENSGMOP00000017031,8049.ENSGMOP00000017268,8049.ENSGMOP00000017831,8049.ENSGMOP00000017987,8049.ENSGMOP00000017996,8049.ENSGMOP00000018142,8049.ENSGMOP00000018368,8049.ENSGMOP00000018501,8049.ENSGMOP00000018619,8049.ENSGMOP00000018651,8049.ENSGMOP00000018669,8049.ENSGMOP00000018777,8049.ENSGMOP00000018876,8049.ENSGMOP00000018897,8049.ENSGMOP00000019065,8049.ENSGMOP00000019274,8049.ENSGMOP00000019499,8049.ENSGMOP00000019575,8049.ENSGMOP00000019698,8049.ENSGMOP00000019792,8049.ENSGMOP00000019806,8049.ENSGMOP00000019825,8049.ENSGMOP00000019925,8049.ENSGMOP00000019958,8049.ENSGMOP00000020017,8049.ENSGMOP00000020184,8049.ENSGMOP00000020220,8049.ENSGMOP00000020316,8049.ENSGMOP00000020378,8049.ENSGMOP00000021060,8049.ENSGMOP00000021061,8049.ENSGMOP00000021130	ENSGMOP00000000191,ENSGMOP00000000192,ENSGMOP00000000294,ENSGMOP00000000295,ENSGMOP00000000391,ENSGMOP00000000394,ENSGMOP00000000409,SHKBP1,ENSGMOP00000000507,ENSGMOP00000000510,ENSGMOP00000000692,ENSGMOP00000000741,PRICKLE1,MSI1,LTBP3,ENSGMOP00000001578,ENSGMOP00000001971,ENSGMOP00000002159,ENSGMOP00000002229,ENSGMOP00000002293,ENSGMOP00000002422,ENSGMOP00000002531,ENSGMOP00000002791,ENSGMOP00000002960,SOWAHC,ENSGMOP00000003381,LAMA3,ENSGMOP00000003697,ENSGMOP00000003762,LOC115556833,ENSGMOP00000003911,ENSGMOP00000004042,ENSGMOP00000004055,ENSGMOP00000004060,ENSGMOP00000004080,ENSGMOP00000004711,ENSGMOP00000004735,ENSGMOP00000005232,ENSGMOP00000005306,ENSGMOP00000006041,ENSGMOP00000006071,cyld,ENSGMOP00000006558,ENSGMOP00000006578,ENSGMOP00000006699,ENSGMOP00000006782,NFATC1,ENSGMOP00000007129,ENSGMOP00000007440,ENSGMOP00000007568,ENSGMOP00000007573,ENSGMOP00000007903,DOCK9,ENSGMOP00000008308,ENSGMOP00000008350,ENSGMOP00000008361,ENSGMOP00000008382,ENSGMOP00000008403,ENSGMOP00000008467,ENSGMOP00000008500,ENSGMOP00000008706,ENSGMOP00000008869,ENSGMOP00000009057,ENSGMOP00000009058,ENSGMOP00000009422,ENSGMOP00000009620,ENSGMOP00000009709,ENSGMOP00000010033,ENSGMOP00000010218,ENSGMOP00000010431,ENSGMOP00000010490,ENSGMOP00000010611,ENSGMOP00000010925,ENSGMOP00000011399,ENSGMOP00000011506,ARHGEF17,ENSGMOP00000011656,ENSGMOP00000011775,ENSGMOP00000011795,ENSGMOP00000011826,ENSGMOP00000011999,ENSGMOP00000012028,ENSGMOP00000012175,ENSGMOP00000012193,ENSGMOP00000012426,ENSGMOP00000012990,ENSGMOP00000013237,ENSGMOP00000013289,ENSGMOP00000013310,ENSGMOP00000013403,ENSGMOP00000013414,ENSGMOP00000013488,ENSGMOP00000013735,ENSGMOP00000013884,ENSGMOP00000014246,ENSGMOP00000014551,FZD7,ENSGMOP00000014701,ENSGMOP00000014732,ENSGMOP00000014786,ARHGEF26,ENSGMOP00000014892,ENSGMOP00000014931,ENSGMOP00000014980,ENSGMOP00000015029,ENSGMOP00000015111,ENSGMOP00000015257,ENSGMOP00000015399,ENSGMOP00000015513,ENSGMOP00000015596,ENSGMOP00000015763,ENSGMOP00000016347,ENSGMOP00000016451,ENSGMOP00000016550,ENSGMOP00000016798,ENSGMOP00000016837,ENSGMOP00000017031,DYNC2H1,ENSGMOP00000017831,ENSGMOP00000017987,PLEKHG4B,ENSGMOP00000018142,LOC115548846,ENSGMOP00000018501,ARAP1,ENSGMOP00000018651,ENSGMOP00000018669,ENSGMOP00000018777,ENSGMOP00000018876,ENSGMOP00000018897,ENSGMOP00000019065,PIP5K1A,ENSGMOP00000019499,dock7,ENSGMOP00000019698,ENSGMOP00000019792,ENSGMOP00000019806,ENSGMOP00000019825,ENSGMOP00000019925,ENSGMOP00000019958,ENSGMOP00000020017,ENSGMOP00000020184,SCAF8,ENSGMOP00000020316,ENSGMOP00000020378,ENSGMOP00000021060,CTNND1,ENSGMOP00000021130
Reactome	MAP-9013026	RHOB GTPase cycle	15	94	0.76	0.86	7.89e-05	8049.ENSGMOP00000000294,8049.ENSGMOP00000002229,8049.ENSGMOP00000002531,8049.ENSGMOP00000003071,8049.ENSGMOP00000006699,8049.ENSGMOP00000008403,8049.ENSGMOP00000009057,8049.ENSGMOP00000011506,8049.ENSGMOP00000011626,8049.ENSGMOP00000011656,8049.ENSGMOP00000015111,8049.ENSGMOP00000018876,8049.ENSGMOP00000018897,8049.ENSGMOP00000019065,8049.ENSGMOP00000021060	ENSGMOP00000000294,ENSGMOP00000002229,ENSGMOP00000002531,SOWAHC,ENSGMOP00000006699,ENSGMOP00000008403,ENSGMOP00000009057,ENSGMOP00000011506,ARHGEF17,ENSGMOP00000011656,ENSGMOP00000015111,ENSGMOP00000018876,ENSGMOP00000018897,ENSGMOP00000019065,ENSGMOP00000021060
Reactome	MAP-9013106	RHOC GTPase cycle	13	93	0.7	0.63	0.0014	8049.ENSGMOP00000000294,8049.ENSGMOP00000002229,8049.ENSGMOP00000002531,8049.ENSGMOP00000003911,8049.ENSGMOP00000008361,8049.ENSGMOP00000008403,8049.ENSGMOP00000011506,8049.ENSGMOP00000011626,8049.ENSGMOP00000011656,8049.ENSGMOP00000015111,8049.ENSGMOP00000018876,8049.ENSGMOP00000018897,8049.ENSGMOP00000019065	ENSGMOP00000000294,ENSGMOP00000002229,ENSGMOP00000002531,ENSGMOP00000003911,ENSGMOP00000008361,ENSGMOP00000008403,ENSGMOP00000011506,ARHGEF17,ENSGMOP00000011656,ENSGMOP00000015111,ENSGMOP00000018876,ENSGMOP00000018897,ENSGMOP00000019065
Reactome	MAP-194315	Signaling by Rho GTPases	55	1048	0.28	0.46	0.0020	8049.ENSGMOP00000000294,8049.ENSGMOP00000000409,8049.ENSGMOP00000000455,8049.ENSGMOP00000000507,8049.ENSGMOP00000001058,8049.ENSGMOP00000001971,8049.ENSGMOP00000002229,8049.ENSGMOP00000002422,8049.ENSGMOP00000002531,8049.ENSGMOP00000002960,8049.ENSGMOP00000003071,8049.ENSGMOP00000003697,8049.ENSGMOP00000003911,8049.ENSGMOP00000006071,8049.ENSGMOP00000006558,8049.ENSGMOP00000006699,8049.ENSGMOP00000007573,8049.ENSGMOP00000008306,8049.ENSGMOP00000008308,8049.ENSGMOP00000008361,8049.ENSGMOP00000008403,8049.ENSGMOP00000008467,8049.ENSGMOP00000009057,8049.ENSGMOP00000010033,8049.ENSGMOP00000010611,8049.ENSGMOP00000011506,8049.ENSGMOP00000011626,8049.ENSGMOP00000011656,8049.ENSGMOP00000011826,8049.ENSGMOP00000012028,8049.ENSGMOP00000012426,8049.ENSGMOP00000012990,8049.ENSGMOP00000013289,8049.ENSGMOP00000013735,8049.ENSGMOP00000014701,8049.ENSGMOP00000014864,8049.ENSGMOP00000015111,8049.ENSGMOP00000015596,8049.ENSGMOP00000016837,8049.ENSGMOP00000017031,8049.ENSGMOP00000017987,8049.ENSGMOP00000017996,8049.ENSGMOP00000018619,8049.ENSGMOP00000018651,8049.ENSGMOP00000018876,8049.ENSGMOP00000018897,8049.ENSGMOP00000019065,8049.ENSGMOP00000019575,8049.ENSGMOP00000019792,8049.ENSGMOP00000019806,8049.ENSGMOP00000019825,8049.ENSGMOP00000020184,8049.ENSGMOP00000020220,8049.ENSGMOP00000020378,8049.ENSGMOP00000021060	ENSGMOP00000000294,ENSGMOP00000000409,SHKBP1,ENSGMOP00000000507,MSI1,ENSGMOP00000001971,ENSGMOP00000002229,ENSGMOP00000002422,ENSGMOP00000002531,ENSGMOP00000002960,SOWAHC,ENSGMOP00000003697,ENSGMOP00000003911,ENSGMOP00000006071,ENSGMOP00000006558,ENSGMOP00000006699,ENSGMOP00000007573,DOCK9,ENSGMOP00000008308,ENSGMOP00000008361,ENSGMOP00000008403,ENSGMOP00000008467,ENSGMOP00000009057,ENSGMOP00000010033,ENSGMOP00000010611,ENSGMOP00000011506,ARHGEF17,ENSGMOP00000011656,ENSGMOP00000011826,ENSGMOP00000012028,ENSGMOP00000012426,ENSGMOP00000012990,ENSGMOP00000013289,ENSGMOP00000013735,ENSGMOP00000014701,ARHGEF26,ENSGMOP00000015111,ENSGMOP00000015596,ENSGMOP00000016837,ENSGMOP00000017031,ENSGMOP00000017987,PLEKHG4B,ARAP1,ENSGMOP00000018651,ENSGMOP00000018876,ENSGMOP00000018897,ENSGMOP00000019065,dock7,ENSGMOP00000019792,ENSGMOP00000019806,ENSGMOP00000019825,ENSGMOP00000020184,SCAF8,ENSGMOP00000020378,ENSGMOP00000021060
Reactome	MAP-9716542	Signaling by Rho GTPases, Miro GTPases and RHOBTB3	55	1073	0.27	0.43	0.0033	8049.ENSGMOP00000000294,8049.ENSGMOP00000000409,8049.ENSGMOP00000000455,8049.ENSGMOP00000000507,8049.ENSGMOP00000001058,8049.ENSGMOP00000001971,8049.ENSGMOP00000002229,8049.ENSGMOP00000002422,8049.ENSGMOP00000002531,8049.ENSGMOP00000002960,8049.ENSGMOP00000003071,8049.ENSGMOP00000003697,8049.ENSGMOP00000003911,8049.ENSGMOP00000006071,8049.ENSGMOP00000006558,8049.ENSGMOP00000006699,8049.ENSGMOP00000007573,8049.ENSGMOP00000008306,8049.ENSGMOP00000008308,8049.ENSGMOP00000008361,8049.ENSGMOP00000008403,8049.ENSGMOP00000008467,8049.ENSGMOP00000009057,8049.ENSGMOP00000010033,8049.ENSGMOP00000010611,8049.ENSGMOP00000011506,8049.ENSGMOP00000011626,8049.ENSGMOP00000011656,8049.ENSGMOP00000011826,8049.ENSGMOP00000012028,8049.ENSGMOP00000012426,8049.ENSGMOP00000012990,8049.ENSGMOP00000013289,8049.ENSGMOP00000013735,8049.ENSGMOP00000014701,8049.ENSGMOP00000014864,8049.ENSGMOP00000015111,8049.ENSGMOP00000015596,8049.ENSGMOP00000016837,8049.ENSGMOP00000017031,8049.ENSGMOP00000017987,8049.ENSGMOP00000017996,8049.ENSGMOP00000018619,8049.ENSGMOP00000018651,8049.ENSGMOP00000018876,8049.ENSGMOP00000018897,8049.ENSGMOP00000019065,8049.ENSGMOP00000019575,8049.ENSGMOP00000019792,8049.ENSGMOP00000019806,8049.ENSGMOP00000019825,8049.ENSGMOP00000020184,8049.ENSGMOP00000020220,8049.ENSGMOP00000020378,8049.ENSGMOP00000021060	ENSGMOP00000000294,ENSGMOP00000000409,SHKBP1,ENSGMOP00000000507,MSI1,ENSGMOP00000001971,ENSGMOP00000002229,ENSGMOP00000002422,ENSGMOP00000002531,ENSGMOP00000002960,SOWAHC,ENSGMOP00000003697,ENSGMOP00000003911,ENSGMOP00000006071,ENSGMOP00000006558,ENSGMOP00000006699,ENSGMOP00000007573,DOCK9,ENSGMOP00000008308,ENSGMOP00000008361,ENSGMOP00000008403,ENSGMOP00000008467,ENSGMOP00000009057,ENSGMOP00000010033,ENSGMOP00000010611,ENSGMOP00000011506,ARHGEF17,ENSGMOP00000011656,ENSGMOP00000011826,ENSGMOP00000012028,ENSGMOP00000012426,ENSGMOP00000012990,ENSGMOP00000013289,ENSGMOP00000013735,ENSGMOP00000014701,ARHGEF26,ENSGMOP00000015111,ENSGMOP00000015596,ENSGMOP00000016837,ENSGMOP00000017031,ENSGMOP00000017987,PLEKHG4B,ARAP1,ENSGMOP00000018651,ENSGMOP00000018876,ENSGMOP00000018897,ENSGMOP00000019065,dock7,ENSGMOP00000019792,ENSGMOP00000019806,ENSGMOP00000019825,ENSGMOP00000020184,SCAF8,ENSGMOP00000020378,ENSGMOP00000021060
Reactome	MAP-1474244	Extracellular matrix organization	28	429	0.37	0.41	0.0092	8049.ENSGMOP00000000797,8049.ENSGMOP00000001078,8049.ENSGMOP00000002912,8049.ENSGMOP00000002985,8049.ENSGMOP00000003483,8049.ENSGMOP00000003929,8049.ENSGMOP00000005232,8049.ENSGMOP00000005306,8049.ENSGMOP00000006144,8049.ENSGMOP00000006898,8049.ENSGMOP00000008329,8049.ENSGMOP00000009025,8049.ENSGMOP00000009058,8049.ENSGMOP00000009077,8049.ENSGMOP00000009774,8049.ENSGMOP00000010490,8049.ENSGMOP00000010754,8049.ENSGMOP00000010783,8049.ENSGMOP00000011340,8049.ENSGMOP00000011399,8049.ENSGMOP00000016347,8049.ENSGMOP00000016563,8049.ENSGMOP00000017025,8049.ENSGMOP00000017367,8049.ENSGMOP00000017523,8049.ENSGMOP00000017842,8049.ENSGMOP00000018360,8049.ENSGMOP00000020956	ENSGMOP00000000797,LTBP3,ENSGMOP00000002912,ENSGMOP00000002985,LAMA3,ENSGMOP00000003929,ENSGMOP00000005232,ENSGMOP00000005306,ENSGMOP00000006144,ENSGMOP00000006898,ENSGMOP00000008329,ENSGMOP00000009025,ENSGMOP00000009058,ENSGMOP00000009077,ENSGMOP00000009774,ENSGMOP00000010490,ENSGMOP00000010754,COL25A1,COL12A1,ENSGMOP00000011399,ENSGMOP00000016347,ENSGMOP00000016563,ENSGMOP00000017025,ENSGMOP00000017367,ENSGMOP00000017523,ENSGMOP00000017842,ENSGMOP00000018360,ENSGMOP00000020956
TISSUES	BTO:0000000	Tissues, cell types and enzyme sources	453	13769	0.07	0.6	2.91e-10	8049.ENSGMOP00000000029,8049.ENSGMOP00000000041,8049.ENSGMOP00000000084,8049.ENSGMOP00000000161,8049.ENSGMOP00000000191,8049.ENSGMOP00000000192,8049.ENSGMOP00000000267,8049.ENSGMOP00000000294,8049.ENSGMOP00000000295,8049.ENSGMOP00000000320,8049.ENSGMOP00000000349,8049.ENSGMOP00000000391,8049.ENSGMOP00000000394,8049.ENSGMOP00000000409,8049.ENSGMOP00000000455,8049.ENSGMOP00000000641,8049.ENSGMOP00000000692,8049.ENSGMOP00000000734,8049.ENSGMOP00000000741,8049.ENSGMOP00000000746,8049.ENSGMOP00000000797,8049.ENSGMOP00000000806,8049.ENSGMOP00000001058,8049.ENSGMOP00000001078,8049.ENSGMOP00000001090,8049.ENSGMOP00000001118,8049.ENSGMOP00000001262,8049.ENSGMOP00000001366,8049.ENSGMOP00000001578,8049.ENSGMOP00000001588,8049.ENSGMOP00000001807,8049.ENSGMOP00000001971,8049.ENSGMOP00000002031,8049.ENSGMOP00000002159,8049.ENSGMOP00000002269,8049.ENSGMOP00000002293,8049.ENSGMOP00000002422,8049.ENSGMOP00000002428,8049.ENSGMOP00000002433,8049.ENSGMOP00000002531,8049.ENSGMOP00000002624,8049.ENSGMOP00000002701,8049.ENSGMOP00000002747,8049.ENSGMOP00000002791,8049.ENSGMOP00000002866,8049.ENSGMOP00000002898,8049.ENSGMOP00000002910,8049.ENSGMOP00000002912,8049.ENSGMOP00000002934,8049.ENSGMOP00000002985,8049.ENSGMOP00000003026,8049.ENSGMOP00000003073,8049.ENSGMOP00000003098,8049.ENSGMOP00000003196,8049.ENSGMOP00000003229,8049.ENSGMOP00000003331,8049.ENSGMOP00000003381,8049.ENSGMOP00000003483,8049.ENSGMOP00000003485,8049.ENSGMOP00000003506,8049.ENSGMOP00000003514,8049.ENSGMOP00000003679,8049.ENSGMOP00000003697,8049.ENSGMOP00000003762,8049.ENSGMOP00000003809,8049.ENSGMOP00000003815,8049.ENSGMOP00000003818,8049.ENSGMOP00000003911,8049.ENSGMOP00000003929,8049.ENSGMOP00000003952,8049.ENSGMOP00000004042,8049.ENSGMOP00000004080,8049.ENSGMOP00000004084,8049.ENSGMOP00000004491,8049.ENSGMOP00000004622,8049.ENSGMOP00000004711,8049.ENSGMOP00000004735,8049.ENSGMOP00000004762,8049.ENSGMOP00000004779,8049.ENSGMOP00000004815,8049.ENSGMOP00000004932,8049.ENSGMOP00000004951,8049.ENSGMOP00000005024,8049.ENSGMOP00000005043,8049.ENSGMOP00000005084,8049.ENSGMOP00000005232,8049.ENSGMOP00000005256,8049.ENSGMOP00000005303,8049.ENSGMOP00000005306,8049.ENSGMOP00000005486,8049.ENSGMOP00000005593,8049.ENSGMOP00000005627,8049.ENSGMOP00000005714,8049.ENSGMOP00000005762,8049.ENSGMOP00000005796,8049.ENSGMOP00000005835,8049.ENSGMOP00000005945,8049.ENSGMOP00000005950,8049.ENSGMOP00000006025,8049.ENSGMOP00000006035,8049.ENSGMOP00000006041,8049.ENSGMOP00000006045,8049.ENSGMOP00000006059,8049.ENSGMOP00000006065,8049.ENSGMOP00000006071,8049.ENSGMOP00000006144,8049.ENSGMOP00000006173,8049.ENSGMOP00000006196,8049.ENSGMOP00000006247,8049.ENSGMOP00000006360,8049.ENSGMOP00000006407,8049.ENSGMOP00000006445,8049.ENSGMOP00000006446,8049.ENSGMOP00000006481,8049.ENSGMOP00000006487,8049.ENSGMOP00000006501,8049.ENSGMOP00000006502,8049.ENSGMOP00000006535,8049.ENSGMOP00000006539,8049.ENSGMOP00000006558,8049.ENSGMOP00000006563,8049.ENSGMOP00000006578,8049.ENSGMOP00000006594,8049.ENSGMOP00000006608,8049.ENSGMOP00000006641,8049.ENSGMOP00000006664,8049.ENSGMOP00000006686,8049.ENSGMOP00000006709,8049.ENSGMOP00000006819,8049.ENSGMOP00000006898,8049.ENSGMOP00000006901,8049.ENSGMOP00000006909,8049.ENSGMOP00000007000,8049.ENSGMOP00000007001,8049.ENSGMOP00000007059,8049.ENSGMOP00000007071,8049.ENSGMOP00000007106,8049.ENSGMOP00000007112,8049.ENSGMOP00000007129,8049.ENSGMOP00000007133,8049.ENSGMOP00000007135,8049.ENSGMOP00000007150,8049.ENSGMOP00000007208,8049.ENSGMOP00000007249,8049.ENSGMOP00000007259,8049.ENSGMOP00000007415,8049.ENSGMOP00000007440,8049.ENSGMOP00000007501,8049.ENSGMOP00000007573,8049.ENSGMOP00000007617,8049.ENSGMOP00000007783,8049.ENSGMOP00000007826,8049.ENSGMOP00000007861,8049.ENSGMOP00000007870,8049.ENSGMOP00000007903,8049.ENSGMOP00000007919,8049.ENSGMOP00000007958,8049.ENSGMOP00000008048,8049.ENSGMOP00000008148,8049.ENSGMOP00000008308,8049.ENSGMOP00000008316,8049.ENSGMOP00000008329,8049.ENSGMOP00000008350,8049.ENSGMOP00000008361,8049.ENSGMOP00000008403,8049.ENSGMOP00000008467,8049.ENSGMOP00000008500,8049.ENSGMOP00000008547,8049.ENSGMOP00000008653,8049.ENSGMOP00000008706,8049.ENSGMOP00000008712,8049.ENSGMOP00000008756,8049.ENSGMOP00000008778,8049.ENSGMOP00000008869,8049.ENSGMOP00000008916,8049.ENSGMOP00000008938,8049.ENSGMOP00000009009,8049.ENSGMOP00000009025,8049.ENSGMOP00000009051,8049.ENSGMOP00000009057,8049.ENSGMOP00000009058,8049.ENSGMOP00000009077,8049.ENSGMOP00000009306,8049.ENSGMOP00000009386,8049.ENSGMOP00000009422,8049.ENSGMOP00000009437,8049.ENSGMOP00000009512,8049.ENSGMOP00000009591,8049.ENSGMOP00000009620,8049.ENSGMOP00000009658,8049.ENSGMOP00000009693,8049.ENSGMOP00000009709,8049.ENSGMOP00000009774,8049.ENSGMOP00000009796,8049.ENSGMOP00000009920,8049.ENSGMOP00000009927,8049.ENSGMOP00000009994,8049.ENSGMOP00000010006,8049.ENSGMOP00000010021,8049.ENSGMOP00000010029,8049.ENSGMOP00000010033,8049.ENSGMOP00000010044,8049.ENSGMOP00000010153,8049.ENSGMOP00000010232,8049.ENSGMOP00000010374,8049.ENSGMOP00000010397,8049.ENSGMOP00000010407,8049.ENSGMOP00000010431,8049.ENSGMOP00000010437,8049.ENSGMOP00000010490,8049.ENSGMOP00000010518,8049.ENSGMOP00000010519,8049.ENSGMOP00000010611,8049.ENSGMOP00000010644,8049.ENSGMOP00000010690,8049.ENSGMOP00000010754,8049.ENSGMOP00000010761,8049.ENSGMOP00000010783,8049.ENSGMOP00000010898,8049.ENSGMOP00000010925,8049.ENSGMOP00000010933,8049.ENSGMOP00000010949,8049.ENSGMOP00000011013,8049.ENSGMOP00000011071,8049.ENSGMOP00000011099,8049.ENSGMOP00000011286,8049.ENSGMOP00000011291,8049.ENSGMOP00000011309,8049.ENSGMOP00000011336,8049.ENSGMOP00000011340,8049.ENSGMOP00000011350,8049.ENSGMOP00000011363,8049.ENSGMOP00000011365,8049.ENSGMOP00000011399,8049.ENSGMOP00000011480,8049.ENSGMOP00000011495,8049.ENSGMOP00000011506,8049.ENSGMOP00000011615,8049.ENSGMOP00000011656,8049.ENSGMOP00000011712,8049.ENSGMOP00000011739,8049.ENSGMOP00000011775,8049.ENSGMOP00000011787,8049.ENSGMOP00000011795,8049.ENSGMOP00000011826,8049.ENSGMOP00000011875,8049.ENSGMOP00000011890,8049.ENSGMOP00000011896,8049.ENSGMOP00000011929,8049.ENSGMOP00000011931,8049.ENSGMOP00000011999,8049.ENSGMOP00000012028,8049.ENSGMOP00000012049,8049.ENSGMOP00000012157,8049.ENSGMOP00000012162,8049.ENSGMOP00000012175,8049.ENSGMOP00000012193,8049.ENSGMOP00000012195,8049.ENSGMOP00000012260,8049.ENSGMOP00000012426,8049.ENSGMOP00000012470,8049.ENSGMOP00000012485,8049.ENSGMOP00000012487,8049.ENSGMOP00000012747,8049.ENSGMOP00000012819,8049.ENSGMOP00000012838,8049.ENSGMOP00000012848,8049.ENSGMOP00000012897,8049.ENSGMOP00000012990,8049.ENSGMOP00000013064,8049.ENSGMOP00000013073,8049.ENSGMOP00000013107,8049.ENSGMOP00000013123,8049.ENSGMOP00000013133,8049.ENSGMOP00000013161,8049.ENSGMOP00000013163,8049.ENSGMOP00000013179,8049.ENSGMOP00000013237,8049.ENSGMOP00000013289,8049.ENSGMOP00000013310,8049.ENSGMOP00000013341,8049.ENSGMOP00000013403,8049.ENSGMOP00000013414,8049.ENSGMOP00000013421,8049.ENSGMOP00000013478,8049.ENSGMOP00000013488,8049.ENSGMOP00000013495,8049.ENSGMOP00000013503,8049.ENSGMOP00000013595,8049.ENSGMOP00000013688,8049.ENSGMOP00000013716,8049.ENSGMOP00000013726,8049.ENSGMOP00000013884,8049.ENSGMOP00000013936,8049.ENSGMOP00000013951,8049.ENSGMOP00000013986,8049.ENSGMOP00000013988,8049.ENSGMOP00000014028,8049.ENSGMOP00000014246,8049.ENSGMOP00000014411,8049.ENSGMOP00000014503,8049.ENSGMOP00000014510,8049.ENSGMOP00000014551,8049.ENSGMOP00000014630,8049.ENSGMOP00000014732,8049.ENSGMOP00000014750,8049.ENSGMOP00000014786,8049.ENSGMOP00000014787,8049.ENSGMOP00000014864,8049.ENSGMOP00000014892,8049.ENSGMOP00000014980,8049.ENSGMOP00000015029,8049.ENSGMOP00000015085,8049.ENSGMOP00000015111,8049.ENSGMOP00000015257,8049.ENSGMOP00000015260,8049.ENSGMOP00000015399,8049.ENSGMOP00000015409,8049.ENSGMOP00000015513,8049.ENSGMOP00000015595,8049.ENSGMOP00000015596,8049.ENSGMOP00000015608,8049.ENSGMOP00000015704,8049.ENSGMOP00000015783,8049.ENSGMOP00000015883,8049.ENSGMOP00000015921,8049.ENSGMOP00000015954,8049.ENSGMOP00000016093,8049.ENSGMOP00000016134,8049.ENSGMOP00000016163,8049.ENSGMOP00000016289,8049.ENSGMOP00000016347,8049.ENSGMOP00000016370,8049.ENSGMOP00000016451,8049.ENSGMOP00000016480,8049.ENSGMOP00000016514,8049.ENSGMOP00000016537,8049.ENSGMOP00000016550,8049.ENSGMOP00000016563,8049.ENSGMOP00000016592,8049.ENSGMOP00000016636,8049.ENSGMOP00000016689,8049.ENSGMOP00000016695,8049.ENSGMOP00000016729,8049.ENSGMOP00000016798,8049.ENSGMOP00000016837,8049.ENSGMOP00000016976,8049.ENSGMOP00000017025,8049.ENSGMOP00000017031,8049.ENSGMOP00000017060,8049.ENSGMOP00000017088,8049.ENSGMOP00000017190,8049.ENSGMOP00000017194,8049.ENSGMOP00000017230,8049.ENSGMOP00000017268,8049.ENSGMOP00000017317,8049.ENSGMOP00000017345,8049.ENSGMOP00000017367,8049.ENSGMOP00000017385,8049.ENSGMOP00000017401,8049.ENSGMOP00000017484,8049.ENSGMOP00000017523,8049.ENSGMOP00000017545,8049.ENSGMOP00000017587,8049.ENSGMOP00000017598,8049.ENSGMOP00000017628,8049.ENSGMOP00000017631,8049.ENSGMOP00000017646,8049.ENSGMOP00000017686,8049.ENSGMOP00000017691,8049.ENSGMOP00000017723,8049.ENSGMOP00000017800,8049.ENSGMOP00000017831,8049.ENSGMOP00000017842,8049.ENSGMOP00000017944,8049.ENSGMOP00000017946,8049.ENSGMOP00000017987,8049.ENSGMOP00000018000,8049.ENSGMOP00000018010,8049.ENSGMOP00000018054,8049.ENSGMOP00000018218,8049.ENSGMOP00000018242,8049.ENSGMOP00000018274,8049.ENSGMOP00000018313,8049.ENSGMOP00000018360,8049.ENSGMOP00000018368,8049.ENSGMOP00000018378,8049.ENSGMOP00000018410,8049.ENSGMOP00000018456,8049.ENSGMOP00000018501,8049.ENSGMOP00000018508,8049.ENSGMOP00000018589,8049.ENSGMOP00000018619,8049.ENSGMOP00000018651,8049.ENSGMOP00000018652,8049.ENSGMOP00000018767,8049.ENSGMOP00000018777,8049.ENSGMOP00000018866,8049.ENSGMOP00000018876,8049.ENSGMOP00000018897,8049.ENSGMOP00000018935,8049.ENSGMOP00000018982,8049.ENSGMOP00000019065,8049.ENSGMOP00000019131,8049.ENSGMOP00000019163,8049.ENSGMOP00000019274,8049.ENSGMOP00000019422,8049.ENSGMOP00000019427,8049.ENSGMOP00000019437,8049.ENSGMOP00000019499,8049.ENSGMOP00000019559,8049.ENSGMOP00000019575,8049.ENSGMOP00000019580,8049.ENSGMOP00000019664,8049.ENSGMOP00000019698,8049.ENSGMOP00000019758,8049.ENSGMOP00000019765,8049.ENSGMOP00000019795,8049.ENSGMOP00000019806,8049.ENSGMOP00000019825,8049.ENSGMOP00000019879,8049.ENSGMOP00000019925,8049.ENSGMOP00000019958,8049.ENSGMOP00000020014,8049.ENSGMOP00000020017,8049.ENSGMOP00000020083,8049.ENSGMOP00000020089,8049.ENSGMOP00000020123,8049.ENSGMOP00000020136,8049.ENSGMOP00000020153,8049.ENSGMOP00000020175,8049.ENSGMOP00000020184,8049.ENSGMOP00000020209,8049.ENSGMOP00000020220,8049.ENSGMOP00000020283,8049.ENSGMOP00000020316,8049.ENSGMOP00000020324,8049.ENSGMOP00000020356,8049.ENSGMOP00000020378,8049.ENSGMOP00000020485,8049.ENSGMOP00000020575,8049.ENSGMOP00000020764,8049.ENSGMOP00000020834,8049.ENSGMOP00000020924,8049.ENSGMOP00000020956,8049.ENSGMOP00000020964,8049.ENSGMOP00000021028,8049.ENSGMOP00000021060,8049.ENSGMOP00000021061,8049.ENSGMOP00000021130,8049.ENSGMOP00000021169,8049.ENSGMOP00000021268,8049.ENSGMOP00000021515	ENSGMOP00000000029,ENSGMOP00000000041,ENSGMOP00000000084,ENSGMOP00000000161,ENSGMOP00000000191,ENSGMOP00000000192,ENSGMOP00000000267,ENSGMOP00000000294,ENSGMOP00000000295,ENSGMOP00000000320,ENSGMOP00000000349,ENSGMOP00000000391,ENSGMOP00000000394,ENSGMOP00000000409,SHKBP1,ENSGMOP00000000641,ENSGMOP00000000692,MACF1,ENSGMOP00000000741,PRICKLE1,ENSGMOP00000000797,ENSGMOP00000000806,MSI1,LTBP3,ENSGMOP00000001090,ENSGMOP00000001118,ENSGMOP00000001262,ENSGMOP00000001366,ENSGMOP00000001578,ENSGMOP00000001588,ENSGMOP00000001807,ENSGMOP00000001971,ENSGMOP00000002031,ENSGMOP00000002159,ENSGMOP00000002269,ENSGMOP00000002293,ENSGMOP00000002422,ENSGMOP00000002428,ENSGMOP00000002433,ENSGMOP00000002531,ENSGMOP00000002624,ENSGMOP00000002701,ENSGMOP00000002747,ENSGMOP00000002791,ENSGMOP00000002866,ENSGMOP00000002898,ENSGMOP00000002910,ENSGMOP00000002912,ENSGMOP00000002934,ENSGMOP00000002985,SLC4A11,ENSGMOP00000003073,ENSGMOP00000003098,ZNF521,ENSGMOP00000003229,ENSGMOP00000003331,ENSGMOP00000003381,LAMA3,ENSGMOP00000003485,ENSGMOP00000003506,ENSGMOP00000003514,ENSGMOP00000003679,ENSGMOP00000003697,ENSGMOP00000003762,ENSGMOP00000003809,ENSGMOP00000003815,LOC115556833,ENSGMOP00000003911,ENSGMOP00000003929,ENSGMOP00000003952,ENSGMOP00000004042,ENSGMOP00000004080,ENSGMOP00000004084,ENSGMOP00000004491,ENSGMOP00000004622,ENSGMOP00000004711,ENSGMOP00000004735,ENSGMOP00000004762,ENSGMOP00000004779,chsy1,ENSGMOP00000004932,ENSGMOP00000004951,ENSGMOP00000005024,ENSGMOP00000005043,ENSGMOP00000005084,ENSGMOP00000005232,ENSGMOP00000005256,ENSGMOP00000005303,ENSGMOP00000005306,ENSGMOP00000005486,PLEKHA5,ENSGMOP00000005627,DST,ENSGMOP00000005762,ENSGMOP00000005796,ENSGMOP00000005835,ENSGMOP00000005945,ENSGMOP00000005950,ENSGMOP00000006025,ENSGMOP00000006035,ENSGMOP00000006041,ENSGMOP00000006045,ENSGMOP00000006059,ENSGMOP00000006065,ENSGMOP00000006071,ENSGMOP00000006144,ENSGMOP00000006173,ENSGMOP00000006196,ENSGMOP00000006247,ENSGMOP00000006360,ENSGMOP00000006407,ENSGMOP00000006445,vps18,ENSGMOP00000006481,cyld,ENSGMOP00000006501,ENSGMOP00000006502,ENSGMOP00000006535,ENSGMOP00000006539,ENSGMOP00000006558,ENSGMOP00000006563,ENSGMOP00000006578,ENSGMOP00000006594,ENSGMOP00000006608,ENSGMOP00000006641,ENSGMOP00000006664,LPP,ENSGMOP00000006709,ENSGMOP00000006819,ENSGMOP00000006898,ENSGMOP00000006901,ENSGMOP00000006909,ENSGMOP00000007000,ENSGMOP00000007001,NFATC1,ENSGMOP00000007071,ENSGMOP00000007106,ENSGMOP00000007112,ENSGMOP00000007129,ENSGMOP00000007133,ENSGMOP00000007135,ENSGMOP00000007150,ENSGMOP00000007208,ENSGMOP00000007249,ENSGMOP00000007259,ENSGMOP00000007415,ENSGMOP00000007440,ENSGMOP00000007501,ENSGMOP00000007573,ENSGMOP00000007617,ENSGMOP00000007783,SEMA6A,ENSGMOP00000007861,DMXL1,ENSGMOP00000007903,ENSGMOP00000007919,FRMD4B,ENSGMOP00000008048,ENSGMOP00000008148,ENSGMOP00000008308,ENSGMOP00000008316,ENSGMOP00000008329,ENSGMOP00000008350,ENSGMOP00000008361,ENSGMOP00000008403,ENSGMOP00000008467,ENSGMOP00000008500,ENSGMOP00000008547,ENSGMOP00000008653,ENSGMOP00000008706,ENSGMOP00000008712,ENSGMOP00000008756,ENSGMOP00000008778,ENSGMOP00000008869,ENSGMOP00000008916,ENSGMOP00000008938,JMY,ENSGMOP00000009025,ENSGMOP00000009051,ENSGMOP00000009057,ENSGMOP00000009058,ENSGMOP00000009077,ENSGMOP00000009306,ENSGMOP00000009386,ENSGMOP00000009422,ENSGMOP00000009437,ENSGMOP00000009512,ENSGMOP00000009591,ENSGMOP00000009620,ENSGMOP00000009658,ENSGMOP00000009693,ENSGMOP00000009709,ENSGMOP00000009774,ADAMTS20,ENSGMOP00000009920,ENSGMOP00000009927,ENSGMOP00000009994,ENSGMOP00000010006,ENSGMOP00000010021,ENSGMOP00000010029,ENSGMOP00000010033,ENSGMOP00000010044,FAM126B,ENSGMOP00000010232,ENSGMOP00000010374,ENSGMOP00000010397,ENSGMOP00000010407,ENSGMOP00000010431,ENSGMOP00000010437,ENSGMOP00000010490,ENSGMOP00000010518,ENSGMOP00000010519,ENSGMOP00000010611,ENSGMOP00000010644,ANKRD50,ENSGMOP00000010754,ENSGMOP00000010761,COL25A1,ENSGMOP00000010898,ENSGMOP00000010925,ENSGMOP00000010933,ENSGMOP00000010949,ENSGMOP00000011013,ENSGMOP00000011071,ENSGMOP00000011099,ENSGMOP00000011286,ENSGMOP00000011291,ENSGMOP00000011309,ENSGMOP00000011336,COL12A1,ENSGMOP00000011350,ENSGMOP00000011363,LLGL1,ENSGMOP00000011399,ENSGMOP00000011480,ENSGMOP00000011495,ENSGMOP00000011506,ENSGMOP00000011615,ENSGMOP00000011656,ENSGMOP00000011712,TTN,ENSGMOP00000011775,ENSGMOP00000011787,ENSGMOP00000011795,ENSGMOP00000011826,ENSGMOP00000011875,SHROOM2,ENSGMOP00000011896,CARMIL1,ENSGMOP00000011931,ENSGMOP00000011999,ENSGMOP00000012028,ENSGMOP00000012049,ENSGMOP00000012157,ENSGMOP00000012162,ENSGMOP00000012175,ENSGMOP00000012193,ENSGMOP00000012195,ENSGMOP00000012260,ENSGMOP00000012426,ENSGMOP00000012470,ENSGMOP00000012485,ENSGMOP00000012487,ENSGMOP00000012747,ENSGMOP00000012819,ENSGMOP00000012838,ENSGMOP00000012848,ENSGMOP00000012897,ENSGMOP00000012990,ENSGMOP00000013064,ENSGMOP00000013073,ENSGMOP00000013107,ENSGMOP00000013123,ENSGMOP00000013133,ENSGMOP00000013161,ENSGMOP00000013163,ENSGMOP00000013179,ENSGMOP00000013237,ENSGMOP00000013289,ENSGMOP00000013310,ENSGMOP00000013341,ENSGMOP00000013403,ENSGMOP00000013414,ENSGMOP00000013421,ENSGMOP00000013478,ENSGMOP00000013488,ENSGMOP00000013495,ENSGMOP00000013503,MYO1D,ENSGMOP00000013688,ENSGMOP00000013716,ENSGMOP00000013726,ENSGMOP00000013884,ENSGMOP00000013936,ENSGMOP00000013951,ENSGMOP00000013986,ENSGMOP00000013988,ENSGMOP00000014028,ENSGMOP00000014246,ENSGMOP00000014411,ENSGMOP00000014503,ENSGMOP00000014510,ENSGMOP00000014551,ENSGMOP00000014630,ENSGMOP00000014732,TC2N,ENSGMOP00000014786,ENSGMOP00000014787,ARHGEF26,ENSGMOP00000014892,ENSGMOP00000014980,ENSGMOP00000015029,ENSGMOP00000015085,ENSGMOP00000015111,ENSGMOP00000015257,ENSGMOP00000015260,ENSGMOP00000015399,ENSGMOP00000015409,ENSGMOP00000015513,ENSGMOP00000015595,ENSGMOP00000015596,ENSGMOP00000015608,ENSGMOP00000015704,ENSGMOP00000015783,ENSGMOP00000015883,ENSGMOP00000015921,ENSGMOP00000015954,ENSGMOP00000016093,ENSGMOP00000016134,LOC115530884,ENSGMOP00000016289,ENSGMOP00000016347,ENSGMOP00000016370,ENSGMOP00000016451,ENSGMOP00000016480,ENSGMOP00000016514,ENSGMOP00000016537,ENSGMOP00000016550,ENSGMOP00000016563,ENSGMOP00000016592,TANC2,ENSGMOP00000016689,ENSGMOP00000016695,ENSGMOP00000016729,ENSGMOP00000016798,ENSGMOP00000016837,ENSGMOP00000016976,ENSGMOP00000017025,ENSGMOP00000017031,ENSGMOP00000017060,ENSGMOP00000017088,ENSGMOP00000017190,nr2e1,ENSGMOP00000017230,DYNC2H1,ENSGMOP00000017317,traf4,ENSGMOP00000017367,ENSGMOP00000017385,ENSGMOP00000017401,ENSGMOP00000017484,ENSGMOP00000017523,ENSGMOP00000017545,ENSGMOP00000017587,ENSGMOP00000017598,ENSGMOP00000017628,ENSGMOP00000017631,ENSGMOP00000017646,ENSGMOP00000017686,ENSGMOP00000017691,TCERG1,ENSGMOP00000017800,ENSGMOP00000017831,ENSGMOP00000017842,ENSGMOP00000017944,ENSGMOP00000017946,ENSGMOP00000017987,ENSGMOP00000018000,ENSGMOP00000018010,NPC1L1,ATE1,ENSGMOP00000018242,ENSGMOP00000018274,IQSEC1,ENSGMOP00000018360,LOC115548846,ENSGMOP00000018378,ENSGMOP00000018410,NFKBID,ENSGMOP00000018501,ENSGMOP00000018508,ENSGMOP00000018589,ARAP1,ENSGMOP00000018651,ENSGMOP00000018652,ENSGMOP00000018767,ENSGMOP00000018777,ENSGMOP00000018866,ENSGMOP00000018876,ENSGMOP00000018897,ENSGMOP00000018935,ENSGMOP00000018982,ENSGMOP00000019065,ENSGMOP00000019131,ENSGMOP00000019163,PIP5K1A,ENSGMOP00000019422,ENSGMOP00000019427,ENSGMOP00000019437,ENSGMOP00000019499,ENSGMOP00000019559,dock7,ENSGMOP00000019580,ENSGMOP00000019664,ENSGMOP00000019698,ENSGMOP00000019758,PITPNM2,ENSGMOP00000019795,ENSGMOP00000019806,ENSGMOP00000019825,ENSGMOP00000019879,ENSGMOP00000019925,ENSGMOP00000019958,ENSGMOP00000020014,ENSGMOP00000020017,ENSGMOP00000020083,ENSGMOP00000020089,ENSGMOP00000020123,ENSGMOP00000020136,ENSGMOP00000020153,ENSGMOP00000020175,ENSGMOP00000020184,ENSGMOP00000020209,SCAF8,ENSGMOP00000020283,ENSGMOP00000020316,ENSGMOP00000020324,ENSGMOP00000020356,ENSGMOP00000020378,LOC115556064,ENSGMOP00000020575,ENSGMOP00000020764,PCLO,ENSGMOP00000020924,ENSGMOP00000020956,ENSGMOP00000020964,ENSGMOP00000021028,ENSGMOP00000021060,CTNND1,ENSGMOP00000021130,ENSGMOP00000021169,mab21l2,ENSGMOP00000021515
TISSUES	BTO:0000042	Animal	443	13511	0.07	0.58	1.61e-09	8049.ENSGMOP00000000029,8049.ENSGMOP00000000041,8049.ENSGMOP00000000084,8049.ENSGMOP00000000161,8049.ENSGMOP00000000191,8049.ENSGMOP00000000192,8049.ENSGMOP00000000267,8049.ENSGMOP00000000294,8049.ENSGMOP00000000295,8049.ENSGMOP00000000320,8049.ENSGMOP00000000391,8049.ENSGMOP00000000394,8049.ENSGMOP00000000409,8049.ENSGMOP00000000455,8049.ENSGMOP00000000641,8049.ENSGMOP00000000692,8049.ENSGMOP00000000734,8049.ENSGMOP00000000741,8049.ENSGMOP00000000746,8049.ENSGMOP00000000797,8049.ENSGMOP00000000806,8049.ENSGMOP00000001058,8049.ENSGMOP00000001078,8049.ENSGMOP00000001090,8049.ENSGMOP00000001118,8049.ENSGMOP00000001262,8049.ENSGMOP00000001366,8049.ENSGMOP00000001578,8049.ENSGMOP00000001588,8049.ENSGMOP00000001807,8049.ENSGMOP00000001971,8049.ENSGMOP00000002031,8049.ENSGMOP00000002159,8049.ENSGMOP00000002269,8049.ENSGMOP00000002293,8049.ENSGMOP00000002422,8049.ENSGMOP00000002428,8049.ENSGMOP00000002433,8049.ENSGMOP00000002531,8049.ENSGMOP00000002624,8049.ENSGMOP00000002701,8049.ENSGMOP00000002747,8049.ENSGMOP00000002791,8049.ENSGMOP00000002866,8049.ENSGMOP00000002898,8049.ENSGMOP00000002910,8049.ENSGMOP00000002912,8049.ENSGMOP00000002934,8049.ENSGMOP00000002985,8049.ENSGMOP00000003026,8049.ENSGMOP00000003073,8049.ENSGMOP00000003098,8049.ENSGMOP00000003196,8049.ENSGMOP00000003229,8049.ENSGMOP00000003331,8049.ENSGMOP00000003381,8049.ENSGMOP00000003483,8049.ENSGMOP00000003485,8049.ENSGMOP00000003506,8049.ENSGMOP00000003514,8049.ENSGMOP00000003679,8049.ENSGMOP00000003697,8049.ENSGMOP00000003762,8049.ENSGMOP00000003809,8049.ENSGMOP00000003815,8049.ENSGMOP00000003818,8049.ENSGMOP00000003911,8049.ENSGMOP00000003929,8049.ENSGMOP00000003952,8049.ENSGMOP00000004042,8049.ENSGMOP00000004080,8049.ENSGMOP00000004084,8049.ENSGMOP00000004491,8049.ENSGMOP00000004622,8049.ENSGMOP00000004711,8049.ENSGMOP00000004735,8049.ENSGMOP00000004762,8049.ENSGMOP00000004779,8049.ENSGMOP00000004815,8049.ENSGMOP00000004932,8049.ENSGMOP00000004951,8049.ENSGMOP00000005024,8049.ENSGMOP00000005043,8049.ENSGMOP00000005084,8049.ENSGMOP00000005232,8049.ENSGMOP00000005256,8049.ENSGMOP00000005303,8049.ENSGMOP00000005306,8049.ENSGMOP00000005486,8049.ENSGMOP00000005593,8049.ENSGMOP00000005627,8049.ENSGMOP00000005714,8049.ENSGMOP00000005762,8049.ENSGMOP00000005796,8049.ENSGMOP00000005835,8049.ENSGMOP00000005945,8049.ENSGMOP00000005950,8049.ENSGMOP00000006025,8049.ENSGMOP00000006035,8049.ENSGMOP00000006041,8049.ENSGMOP00000006059,8049.ENSGMOP00000006065,8049.ENSGMOP00000006071,8049.ENSGMOP00000006144,8049.ENSGMOP00000006173,8049.ENSGMOP00000006196,8049.ENSGMOP00000006247,8049.ENSGMOP00000006360,8049.ENSGMOP00000006407,8049.ENSGMOP00000006445,8049.ENSGMOP00000006446,8049.ENSGMOP00000006481,8049.ENSGMOP00000006487,8049.ENSGMOP00000006501,8049.ENSGMOP00000006502,8049.ENSGMOP00000006535,8049.ENSGMOP00000006539,8049.ENSGMOP00000006558,8049.ENSGMOP00000006563,8049.ENSGMOP00000006578,8049.ENSGMOP00000006594,8049.ENSGMOP00000006608,8049.ENSGMOP00000006641,8049.ENSGMOP00000006664,8049.ENSGMOP00000006686,8049.ENSGMOP00000006709,8049.ENSGMOP00000006819,8049.ENSGMOP00000006898,8049.ENSGMOP00000006901,8049.ENSGMOP00000006909,8049.ENSGMOP00000007000,8049.ENSGMOP00000007001,8049.ENSGMOP00000007059,8049.ENSGMOP00000007071,8049.ENSGMOP00000007106,8049.ENSGMOP00000007112,8049.ENSGMOP00000007129,8049.ENSGMOP00000007133,8049.ENSGMOP00000007135,8049.ENSGMOP00000007150,8049.ENSGMOP00000007208,8049.ENSGMOP00000007249,8049.ENSGMOP00000007259,8049.ENSGMOP00000007415,8049.ENSGMOP00000007440,8049.ENSGMOP00000007501,8049.ENSGMOP00000007573,8049.ENSGMOP00000007617,8049.ENSGMOP00000007783,8049.ENSGMOP00000007826,8049.ENSGMOP00000007861,8049.ENSGMOP00000007870,8049.ENSGMOP00000007903,8049.ENSGMOP00000007919,8049.ENSGMOP00000007958,8049.ENSGMOP00000008048,8049.ENSGMOP00000008148,8049.ENSGMOP00000008308,8049.ENSGMOP00000008316,8049.ENSGMOP00000008329,8049.ENSGMOP00000008350,8049.ENSGMOP00000008361,8049.ENSGMOP00000008403,8049.ENSGMOP00000008467,8049.ENSGMOP00000008500,8049.ENSGMOP00000008547,8049.ENSGMOP00000008653,8049.ENSGMOP00000008706,8049.ENSGMOP00000008712,8049.ENSGMOP00000008756,8049.ENSGMOP00000008778,8049.ENSGMOP00000008869,8049.ENSGMOP00000008916,8049.ENSGMOP00000008938,8049.ENSGMOP00000009009,8049.ENSGMOP00000009025,8049.ENSGMOP00000009051,8049.ENSGMOP00000009057,8049.ENSGMOP00000009058,8049.ENSGMOP00000009077,8049.ENSGMOP00000009306,8049.ENSGMOP00000009386,8049.ENSGMOP00000009422,8049.ENSGMOP00000009437,8049.ENSGMOP00000009512,8049.ENSGMOP00000009591,8049.ENSGMOP00000009658,8049.ENSGMOP00000009693,8049.ENSGMOP00000009709,8049.ENSGMOP00000009774,8049.ENSGMOP00000009796,8049.ENSGMOP00000009920,8049.ENSGMOP00000009927,8049.ENSGMOP00000009994,8049.ENSGMOP00000010021,8049.ENSGMOP00000010029,8049.ENSGMOP00000010033,8049.ENSGMOP00000010044,8049.ENSGMOP00000010232,8049.ENSGMOP00000010374,8049.ENSGMOP00000010397,8049.ENSGMOP00000010407,8049.ENSGMOP00000010431,8049.ENSGMOP00000010437,8049.ENSGMOP00000010490,8049.ENSGMOP00000010518,8049.ENSGMOP00000010519,8049.ENSGMOP00000010611,8049.ENSGMOP00000010644,8049.ENSGMOP00000010690,8049.ENSGMOP00000010754,8049.ENSGMOP00000010761,8049.ENSGMOP00000010783,8049.ENSGMOP00000010898,8049.ENSGMOP00000010925,8049.ENSGMOP00000010933,8049.ENSGMOP00000010949,8049.ENSGMOP00000011071,8049.ENSGMOP00000011099,8049.ENSGMOP00000011286,8049.ENSGMOP00000011291,8049.ENSGMOP00000011309,8049.ENSGMOP00000011336,8049.ENSGMOP00000011340,8049.ENSGMOP00000011350,8049.ENSGMOP00000011363,8049.ENSGMOP00000011365,8049.ENSGMOP00000011399,8049.ENSGMOP00000011480,8049.ENSGMOP00000011495,8049.ENSGMOP00000011506,8049.ENSGMOP00000011615,8049.ENSGMOP00000011656,8049.ENSGMOP00000011712,8049.ENSGMOP00000011739,8049.ENSGMOP00000011775,8049.ENSGMOP00000011787,8049.ENSGMOP00000011795,8049.ENSGMOP00000011826,8049.ENSGMOP00000011875,8049.ENSGMOP00000011890,8049.ENSGMOP00000011896,8049.ENSGMOP00000011929,8049.ENSGMOP00000011931,8049.ENSGMOP00000012028,8049.ENSGMOP00000012049,8049.ENSGMOP00000012157,8049.ENSGMOP00000012162,8049.ENSGMOP00000012175,8049.ENSGMOP00000012193,8049.ENSGMOP00000012195,8049.ENSGMOP00000012260,8049.ENSGMOP00000012426,8049.ENSGMOP00000012470,8049.ENSGMOP00000012485,8049.ENSGMOP00000012487,8049.ENSGMOP00000012747,8049.ENSGMOP00000012819,8049.ENSGMOP00000012838,8049.ENSGMOP00000012848,8049.ENSGMOP00000012897,8049.ENSGMOP00000012990,8049.ENSGMOP00000013064,8049.ENSGMOP00000013073,8049.ENSGMOP00000013107,8049.ENSGMOP00000013123,8049.ENSGMOP00000013133,8049.ENSGMOP00000013161,8049.ENSGMOP00000013163,8049.ENSGMOP00000013179,8049.ENSGMOP00000013237,8049.ENSGMOP00000013289,8049.ENSGMOP00000013310,8049.ENSGMOP00000013341,8049.ENSGMOP00000013403,8049.ENSGMOP00000013414,8049.ENSGMOP00000013421,8049.ENSGMOP00000013478,8049.ENSGMOP00000013488,8049.ENSGMOP00000013495,8049.ENSGMOP00000013503,8049.ENSGMOP00000013595,8049.ENSGMOP00000013688,8049.ENSGMOP00000013716,8049.ENSGMOP00000013726,8049.ENSGMOP00000013884,8049.ENSGMOP00000013936,8049.ENSGMOP00000013951,8049.ENSGMOP00000013986,8049.ENSGMOP00000013988,8049.ENSGMOP00000014028,8049.ENSGMOP00000014246,8049.ENSGMOP00000014411,8049.ENSGMOP00000014503,8049.ENSGMOP00000014510,8049.ENSGMOP00000014551,8049.ENSGMOP00000014630,8049.ENSGMOP00000014732,8049.ENSGMOP00000014750,8049.ENSGMOP00000014786,8049.ENSGMOP00000014787,8049.ENSGMOP00000014864,8049.ENSGMOP00000014892,8049.ENSGMOP00000014980,8049.ENSGMOP00000015029,8049.ENSGMOP00000015085,8049.ENSGMOP00000015111,8049.ENSGMOP00000015257,8049.ENSGMOP00000015260,8049.ENSGMOP00000015399,8049.ENSGMOP00000015409,8049.ENSGMOP00000015513,8049.ENSGMOP00000015595,8049.ENSGMOP00000015596,8049.ENSGMOP00000015608,8049.ENSGMOP00000015704,8049.ENSGMOP00000015883,8049.ENSGMOP00000015921,8049.ENSGMOP00000015954,8049.ENSGMOP00000016093,8049.ENSGMOP00000016134,8049.ENSGMOP00000016163,8049.ENSGMOP00000016289,8049.ENSGMOP00000016347,8049.ENSGMOP00000016370,8049.ENSGMOP00000016451,8049.ENSGMOP00000016480,8049.ENSGMOP00000016514,8049.ENSGMOP00000016537,8049.ENSGMOP00000016550,8049.ENSGMOP00000016563,8049.ENSGMOP00000016592,8049.ENSGMOP00000016636,8049.ENSGMOP00000016689,8049.ENSGMOP00000016695,8049.ENSGMOP00000016729,8049.ENSGMOP00000016798,8049.ENSGMOP00000016837,8049.ENSGMOP00000016976,8049.ENSGMOP00000017025,8049.ENSGMOP00000017031,8049.ENSGMOP00000017060,8049.ENSGMOP00000017088,8049.ENSGMOP00000017190,8049.ENSGMOP00000017194,8049.ENSGMOP00000017230,8049.ENSGMOP00000017268,8049.ENSGMOP00000017317,8049.ENSGMOP00000017345,8049.ENSGMOP00000017367,8049.ENSGMOP00000017385,8049.ENSGMOP00000017401,8049.ENSGMOP00000017484,8049.ENSGMOP00000017523,8049.ENSGMOP00000017545,8049.ENSGMOP00000017587,8049.ENSGMOP00000017598,8049.ENSGMOP00000017628,8049.ENSGMOP00000017631,8049.ENSGMOP00000017646,8049.ENSGMOP00000017686,8049.ENSGMOP00000017723,8049.ENSGMOP00000017800,8049.ENSGMOP00000017831,8049.ENSGMOP00000017842,8049.ENSGMOP00000017944,8049.ENSGMOP00000017946,8049.ENSGMOP00000017987,8049.ENSGMOP00000018000,8049.ENSGMOP00000018010,8049.ENSGMOP00000018054,8049.ENSGMOP00000018218,8049.ENSGMOP00000018242,8049.ENSGMOP00000018274,8049.ENSGMOP00000018313,8049.ENSGMOP00000018360,8049.ENSGMOP00000018368,8049.ENSGMOP00000018378,8049.ENSGMOP00000018410,8049.ENSGMOP00000018456,8049.ENSGMOP00000018501,8049.ENSGMOP00000018508,8049.ENSGMOP00000018589,8049.ENSGMOP00000018619,8049.ENSGMOP00000018651,8049.ENSGMOP00000018652,8049.ENSGMOP00000018767,8049.ENSGMOP00000018777,8049.ENSGMOP00000018866,8049.ENSGMOP00000018876,8049.ENSGMOP00000018897,8049.ENSGMOP00000018982,8049.ENSGMOP00000019065,8049.ENSGMOP00000019131,8049.ENSGMOP00000019163,8049.ENSGMOP00000019274,8049.ENSGMOP00000019422,8049.ENSGMOP00000019427,8049.ENSGMOP00000019437,8049.ENSGMOP00000019499,8049.ENSGMOP00000019559,8049.ENSGMOP00000019575,8049.ENSGMOP00000019580,8049.ENSGMOP00000019664,8049.ENSGMOP00000019698,8049.ENSGMOP00000019758,8049.ENSGMOP00000019765,8049.ENSGMOP00000019795,8049.ENSGMOP00000019806,8049.ENSGMOP00000019825,8049.ENSGMOP00000019879,8049.ENSGMOP00000019925,8049.ENSGMOP00000019958,8049.ENSGMOP00000020014,8049.ENSGMOP00000020017,8049.ENSGMOP00000020083,8049.ENSGMOP00000020089,8049.ENSGMOP00000020123,8049.ENSGMOP00000020136,8049.ENSGMOP00000020153,8049.ENSGMOP00000020175,8049.ENSGMOP00000020184,8049.ENSGMOP00000020209,8049.ENSGMOP00000020220,8049.ENSGMOP00000020283,8049.ENSGMOP00000020316,8049.ENSGMOP00000020324,8049.ENSGMOP00000020356,8049.ENSGMOP00000020378,8049.ENSGMOP00000020485,8049.ENSGMOP00000020575,8049.ENSGMOP00000020764,8049.ENSGMOP00000020834,8049.ENSGMOP00000020924,8049.ENSGMOP00000020956,8049.ENSGMOP00000020964,8049.ENSGMOP00000021028,8049.ENSGMOP00000021060,8049.ENSGMOP00000021061,8049.ENSGMOP00000021130,8049.ENSGMOP00000021169,8049.ENSGMOP00000021268,8049.ENSGMOP00000021515	ENSGMOP00000000029,ENSGMOP00000000041,ENSGMOP00000000084,ENSGMOP00000000161,ENSGMOP00000000191,ENSGMOP00000000192,ENSGMOP00000000267,ENSGMOP00000000294,ENSGMOP00000000295,ENSGMOP00000000320,ENSGMOP00000000391,ENSGMOP00000000394,ENSGMOP00000000409,SHKBP1,ENSGMOP00000000641,ENSGMOP00000000692,MACF1,ENSGMOP00000000741,PRICKLE1,ENSGMOP00000000797,ENSGMOP00000000806,MSI1,LTBP3,ENSGMOP00000001090,ENSGMOP00000001118,ENSGMOP00000001262,ENSGMOP00000001366,ENSGMOP00000001578,ENSGMOP00000001588,ENSGMOP00000001807,ENSGMOP00000001971,ENSGMOP00000002031,ENSGMOP00000002159,ENSGMOP00000002269,ENSGMOP00000002293,ENSGMOP00000002422,ENSGMOP00000002428,ENSGMOP00000002433,ENSGMOP00000002531,ENSGMOP00000002624,ENSGMOP00000002701,ENSGMOP00000002747,ENSGMOP00000002791,ENSGMOP00000002866,ENSGMOP00000002898,ENSGMOP00000002910,ENSGMOP00000002912,ENSGMOP00000002934,ENSGMOP00000002985,SLC4A11,ENSGMOP00000003073,ENSGMOP00000003098,ZNF521,ENSGMOP00000003229,ENSGMOP00000003331,ENSGMOP00000003381,LAMA3,ENSGMOP00000003485,ENSGMOP00000003506,ENSGMOP00000003514,ENSGMOP00000003679,ENSGMOP00000003697,ENSGMOP00000003762,ENSGMOP00000003809,ENSGMOP00000003815,LOC115556833,ENSGMOP00000003911,ENSGMOP00000003929,ENSGMOP00000003952,ENSGMOP00000004042,ENSGMOP00000004080,ENSGMOP00000004084,ENSGMOP00000004491,ENSGMOP00000004622,ENSGMOP00000004711,ENSGMOP00000004735,ENSGMOP00000004762,ENSGMOP00000004779,chsy1,ENSGMOP00000004932,ENSGMOP00000004951,ENSGMOP00000005024,ENSGMOP00000005043,ENSGMOP00000005084,ENSGMOP00000005232,ENSGMOP00000005256,ENSGMOP00000005303,ENSGMOP00000005306,ENSGMOP00000005486,PLEKHA5,ENSGMOP00000005627,DST,ENSGMOP00000005762,ENSGMOP00000005796,ENSGMOP00000005835,ENSGMOP00000005945,ENSGMOP00000005950,ENSGMOP00000006025,ENSGMOP00000006035,ENSGMOP00000006041,ENSGMOP00000006059,ENSGMOP00000006065,ENSGMOP00000006071,ENSGMOP00000006144,ENSGMOP00000006173,ENSGMOP00000006196,ENSGMOP00000006247,ENSGMOP00000006360,ENSGMOP00000006407,ENSGMOP00000006445,vps18,ENSGMOP00000006481,cyld,ENSGMOP00000006501,ENSGMOP00000006502,ENSGMOP00000006535,ENSGMOP00000006539,ENSGMOP00000006558,ENSGMOP00000006563,ENSGMOP00000006578,ENSGMOP00000006594,ENSGMOP00000006608,ENSGMOP00000006641,ENSGMOP00000006664,LPP,ENSGMOP00000006709,ENSGMOP00000006819,ENSGMOP00000006898,ENSGMOP00000006901,ENSGMOP00000006909,ENSGMOP00000007000,ENSGMOP00000007001,NFATC1,ENSGMOP00000007071,ENSGMOP00000007106,ENSGMOP00000007112,ENSGMOP00000007129,ENSGMOP00000007133,ENSGMOP00000007135,ENSGMOP00000007150,ENSGMOP00000007208,ENSGMOP00000007249,ENSGMOP00000007259,ENSGMOP00000007415,ENSGMOP00000007440,ENSGMOP00000007501,ENSGMOP00000007573,ENSGMOP00000007617,ENSGMOP00000007783,SEMA6A,ENSGMOP00000007861,DMXL1,ENSGMOP00000007903,ENSGMOP00000007919,FRMD4B,ENSGMOP00000008048,ENSGMOP00000008148,ENSGMOP00000008308,ENSGMOP00000008316,ENSGMOP00000008329,ENSGMOP00000008350,ENSGMOP00000008361,ENSGMOP00000008403,ENSGMOP00000008467,ENSGMOP00000008500,ENSGMOP00000008547,ENSGMOP00000008653,ENSGMOP00000008706,ENSGMOP00000008712,ENSGMOP00000008756,ENSGMOP00000008778,ENSGMOP00000008869,ENSGMOP00000008916,ENSGMOP00000008938,JMY,ENSGMOP00000009025,ENSGMOP00000009051,ENSGMOP00000009057,ENSGMOP00000009058,ENSGMOP00000009077,ENSGMOP00000009306,ENSGMOP00000009386,ENSGMOP00000009422,ENSGMOP00000009437,ENSGMOP00000009512,ENSGMOP00000009591,ENSGMOP00000009658,ENSGMOP00000009693,ENSGMOP00000009709,ENSGMOP00000009774,ADAMTS20,ENSGMOP00000009920,ENSGMOP00000009927,ENSGMOP00000009994,ENSGMOP00000010021,ENSGMOP00000010029,ENSGMOP00000010033,ENSGMOP00000010044,ENSGMOP00000010232,ENSGMOP00000010374,ENSGMOP00000010397,ENSGMOP00000010407,ENSGMOP00000010431,ENSGMOP00000010437,ENSGMOP00000010490,ENSGMOP00000010518,ENSGMOP00000010519,ENSGMOP00000010611,ENSGMOP00000010644,ANKRD50,ENSGMOP00000010754,ENSGMOP00000010761,COL25A1,ENSGMOP00000010898,ENSGMOP00000010925,ENSGMOP00000010933,ENSGMOP00000010949,ENSGMOP00000011071,ENSGMOP00000011099,ENSGMOP00000011286,ENSGMOP00000011291,ENSGMOP00000011309,ENSGMOP00000011336,COL12A1,ENSGMOP00000011350,ENSGMOP00000011363,LLGL1,ENSGMOP00000011399,ENSGMOP00000011480,ENSGMOP00000011495,ENSGMOP00000011506,ENSGMOP00000011615,ENSGMOP00000011656,ENSGMOP00000011712,TTN,ENSGMOP00000011775,ENSGMOP00000011787,ENSGMOP00000011795,ENSGMOP00000011826,ENSGMOP00000011875,SHROOM2,ENSGMOP00000011896,CARMIL1,ENSGMOP00000011931,ENSGMOP00000012028,ENSGMOP00000012049,ENSGMOP00000012157,ENSGMOP00000012162,ENSGMOP00000012175,ENSGMOP00000012193,ENSGMOP00000012195,ENSGMOP00000012260,ENSGMOP00000012426,ENSGMOP00000012470,ENSGMOP00000012485,ENSGMOP00000012487,ENSGMOP00000012747,ENSGMOP00000012819,ENSGMOP00000012838,ENSGMOP00000012848,ENSGMOP00000012897,ENSGMOP00000012990,ENSGMOP00000013064,ENSGMOP00000013073,ENSGMOP00000013107,ENSGMOP00000013123,ENSGMOP00000013133,ENSGMOP00000013161,ENSGMOP00000013163,ENSGMOP00000013179,ENSGMOP00000013237,ENSGMOP00000013289,ENSGMOP00000013310,ENSGMOP00000013341,ENSGMOP00000013403,ENSGMOP00000013414,ENSGMOP00000013421,ENSGMOP00000013478,ENSGMOP00000013488,ENSGMOP00000013495,ENSGMOP00000013503,MYO1D,ENSGMOP00000013688,ENSGMOP00000013716,ENSGMOP00000013726,ENSGMOP00000013884,ENSGMOP00000013936,ENSGMOP00000013951,ENSGMOP00000013986,ENSGMOP00000013988,ENSGMOP00000014028,ENSGMOP00000014246,ENSGMOP00000014411,ENSGMOP00000014503,ENSGMOP00000014510,ENSGMOP00000014551,ENSGMOP00000014630,ENSGMOP00000014732,TC2N,ENSGMOP00000014786,ENSGMOP00000014787,ARHGEF26,ENSGMOP00000014892,ENSGMOP00000014980,ENSGMOP00000015029,ENSGMOP00000015085,ENSGMOP00000015111,ENSGMOP00000015257,ENSGMOP00000015260,ENSGMOP00000015399,ENSGMOP00000015409,ENSGMOP00000015513,ENSGMOP00000015595,ENSGMOP00000015596,ENSGMOP00000015608,ENSGMOP00000015704,ENSGMOP00000015883,ENSGMOP00000015921,ENSGMOP00000015954,ENSGMOP00000016093,ENSGMOP00000016134,LOC115530884,ENSGMOP00000016289,ENSGMOP00000016347,ENSGMOP00000016370,ENSGMOP00000016451,ENSGMOP00000016480,ENSGMOP00000016514,ENSGMOP00000016537,ENSGMOP00000016550,ENSGMOP00000016563,ENSGMOP00000016592,TANC2,ENSGMOP00000016689,ENSGMOP00000016695,ENSGMOP00000016729,ENSGMOP00000016798,ENSGMOP00000016837,ENSGMOP00000016976,ENSGMOP00000017025,ENSGMOP00000017031,ENSGMOP00000017060,ENSGMOP00000017088,ENSGMOP00000017190,nr2e1,ENSGMOP00000017230,DYNC2H1,ENSGMOP00000017317,traf4,ENSGMOP00000017367,ENSGMOP00000017385,ENSGMOP00000017401,ENSGMOP00000017484,ENSGMOP00000017523,ENSGMOP00000017545,ENSGMOP00000017587,ENSGMOP00000017598,ENSGMOP00000017628,ENSGMOP00000017631,ENSGMOP00000017646,ENSGMOP00000017686,TCERG1,ENSGMOP00000017800,ENSGMOP00000017831,ENSGMOP00000017842,ENSGMOP00000017944,ENSGMOP00000017946,ENSGMOP00000017987,ENSGMOP00000018000,ENSGMOP00000018010,NPC1L1,ATE1,ENSGMOP00000018242,ENSGMOP00000018274,IQSEC1,ENSGMOP00000018360,LOC115548846,ENSGMOP00000018378,ENSGMOP00000018410,NFKBID,ENSGMOP00000018501,ENSGMOP00000018508,ENSGMOP00000018589,ARAP1,ENSGMOP00000018651,ENSGMOP00000018652,ENSGMOP00000018767,ENSGMOP00000018777,ENSGMOP00000018866,ENSGMOP00000018876,ENSGMOP00000018897,ENSGMOP00000018982,ENSGMOP00000019065,ENSGMOP00000019131,ENSGMOP00000019163,PIP5K1A,ENSGMOP00000019422,ENSGMOP00000019427,ENSGMOP00000019437,ENSGMOP00000019499,ENSGMOP00000019559,dock7,ENSGMOP00000019580,ENSGMOP00000019664,ENSGMOP00000019698,ENSGMOP00000019758,PITPNM2,ENSGMOP00000019795,ENSGMOP00000019806,ENSGMOP00000019825,ENSGMOP00000019879,ENSGMOP00000019925,ENSGMOP00000019958,ENSGMOP00000020014,ENSGMOP00000020017,ENSGMOP00000020083,ENSGMOP00000020089,ENSGMOP00000020123,ENSGMOP00000020136,ENSGMOP00000020153,ENSGMOP00000020175,ENSGMOP00000020184,ENSGMOP00000020209,SCAF8,ENSGMOP00000020283,ENSGMOP00000020316,ENSGMOP00000020324,ENSGMOP00000020356,ENSGMOP00000020378,LOC115556064,ENSGMOP00000020575,ENSGMOP00000020764,PCLO,ENSGMOP00000020924,ENSGMOP00000020956,ENSGMOP00000020964,ENSGMOP00000021028,ENSGMOP00000021060,CTNND1,ENSGMOP00000021130,ENSGMOP00000021169,mab21l2,ENSGMOP00000021515
TISSUES	BTO:0001489	Whole body	391	11852	0.07	0.54	2.29e-07	8049.ENSGMOP00000000029,8049.ENSGMOP00000000041,8049.ENSGMOP00000000084,8049.ENSGMOP00000000161,8049.ENSGMOP00000000191,8049.ENSGMOP00000000192,8049.ENSGMOP00000000267,8049.ENSGMOP00000000294,8049.ENSGMOP00000000295,8049.ENSGMOP00000000391,8049.ENSGMOP00000000394,8049.ENSGMOP00000000409,8049.ENSGMOP00000000455,8049.ENSGMOP00000000641,8049.ENSGMOP00000000692,8049.ENSGMOP00000000734,8049.ENSGMOP00000000741,8049.ENSGMOP00000000746,8049.ENSGMOP00000000797,8049.ENSGMOP00000000806,8049.ENSGMOP00000001058,8049.ENSGMOP00000001078,8049.ENSGMOP00000001090,8049.ENSGMOP00000001118,8049.ENSGMOP00000001262,8049.ENSGMOP00000001366,8049.ENSGMOP00000001578,8049.ENSGMOP00000001588,8049.ENSGMOP00000001807,8049.ENSGMOP00000001971,8049.ENSGMOP00000002031,8049.ENSGMOP00000002159,8049.ENSGMOP00000002269,8049.ENSGMOP00000002428,8049.ENSGMOP00000002433,8049.ENSGMOP00000002531,8049.ENSGMOP00000002624,8049.ENSGMOP00000002701,8049.ENSGMOP00000002747,8049.ENSGMOP00000002791,8049.ENSGMOP00000002866,8049.ENSGMOP00000002898,8049.ENSGMOP00000002910,8049.ENSGMOP00000002912,8049.ENSGMOP00000002934,8049.ENSGMOP00000002985,8049.ENSGMOP00000003026,8049.ENSGMOP00000003073,8049.ENSGMOP00000003196,8049.ENSGMOP00000003229,8049.ENSGMOP00000003331,8049.ENSGMOP00000003381,8049.ENSGMOP00000003483,8049.ENSGMOP00000003506,8049.ENSGMOP00000003514,8049.ENSGMOP00000003679,8049.ENSGMOP00000003762,8049.ENSGMOP00000003809,8049.ENSGMOP00000003815,8049.ENSGMOP00000003818,8049.ENSGMOP00000003911,8049.ENSGMOP00000003929,8049.ENSGMOP00000003952,8049.ENSGMOP00000004042,8049.ENSGMOP00000004080,8049.ENSGMOP00000004084,8049.ENSGMOP00000004491,8049.ENSGMOP00000004622,8049.ENSGMOP00000004711,8049.ENSGMOP00000004735,8049.ENSGMOP00000004762,8049.ENSGMOP00000004779,8049.ENSGMOP00000004932,8049.ENSGMOP00000005024,8049.ENSGMOP00000005043,8049.ENSGMOP00000005084,8049.ENSGMOP00000005232,8049.ENSGMOP00000005256,8049.ENSGMOP00000005303,8049.ENSGMOP00000005306,8049.ENSGMOP00000005593,8049.ENSGMOP00000005627,8049.ENSGMOP00000005714,8049.ENSGMOP00000005762,8049.ENSGMOP00000005796,8049.ENSGMOP00000005945,8049.ENSGMOP00000005950,8049.ENSGMOP00000006025,8049.ENSGMOP00000006041,8049.ENSGMOP00000006059,8049.ENSGMOP00000006065,8049.ENSGMOP00000006071,8049.ENSGMOP00000006144,8049.ENSGMOP00000006173,8049.ENSGMOP00000006196,8049.ENSGMOP00000006247,8049.ENSGMOP00000006360,8049.ENSGMOP00000006407,8049.ENSGMOP00000006445,8049.ENSGMOP00000006446,8049.ENSGMOP00000006481,8049.ENSGMOP00000006487,8049.ENSGMOP00000006501,8049.ENSGMOP00000006502,8049.ENSGMOP00000006535,8049.ENSGMOP00000006539,8049.ENSGMOP00000006558,8049.ENSGMOP00000006563,8049.ENSGMOP00000006578,8049.ENSGMOP00000006594,8049.ENSGMOP00000006608,8049.ENSGMOP00000006641,8049.ENSGMOP00000006664,8049.ENSGMOP00000006686,8049.ENSGMOP00000006709,8049.ENSGMOP00000006819,8049.ENSGMOP00000006898,8049.ENSGMOP00000006901,8049.ENSGMOP00000006909,8049.ENSGMOP00000007000,8049.ENSGMOP00000007001,8049.ENSGMOP00000007059,8049.ENSGMOP00000007071,8049.ENSGMOP00000007106,8049.ENSGMOP00000007129,8049.ENSGMOP00000007133,8049.ENSGMOP00000007208,8049.ENSGMOP00000007249,8049.ENSGMOP00000007259,8049.ENSGMOP00000007415,8049.ENSGMOP00000007440,8049.ENSGMOP00000007501,8049.ENSGMOP00000007573,8049.ENSGMOP00000007617,8049.ENSGMOP00000007861,8049.ENSGMOP00000007903,8049.ENSGMOP00000007919,8049.ENSGMOP00000007958,8049.ENSGMOP00000008048,8049.ENSGMOP00000008148,8049.ENSGMOP00000008308,8049.ENSGMOP00000008329,8049.ENSGMOP00000008350,8049.ENSGMOP00000008361,8049.ENSGMOP00000008403,8049.ENSGMOP00000008467,8049.ENSGMOP00000008500,8049.ENSGMOP00000008547,8049.ENSGMOP00000008653,8049.ENSGMOP00000008706,8049.ENSGMOP00000008712,8049.ENSGMOP00000008756,8049.ENSGMOP00000008778,8049.ENSGMOP00000008869,8049.ENSGMOP00000008916,8049.ENSGMOP00000008938,8049.ENSGMOP00000009009,8049.ENSGMOP00000009025,8049.ENSGMOP00000009057,8049.ENSGMOP00000009058,8049.ENSGMOP00000009077,8049.ENSGMOP00000009306,8049.ENSGMOP00000009386,8049.ENSGMOP00000009422,8049.ENSGMOP00000009437,8049.ENSGMOP00000009512,8049.ENSGMOP00000009709,8049.ENSGMOP00000009774,8049.ENSGMOP00000009920,8049.ENSGMOP00000009927,8049.ENSGMOP00000009994,8049.ENSGMOP00000010021,8049.ENSGMOP00000010029,8049.ENSGMOP00000010033,8049.ENSGMOP00000010044,8049.ENSGMOP00000010232,8049.ENSGMOP00000010374,8049.ENSGMOP00000010397,8049.ENSGMOP00000010407,8049.ENSGMOP00000010431,8049.ENSGMOP00000010437,8049.ENSGMOP00000010490,8049.ENSGMOP00000010518,8049.ENSGMOP00000010611,8049.ENSGMOP00000010644,8049.ENSGMOP00000010690,8049.ENSGMOP00000010754,8049.ENSGMOP00000010761,8049.ENSGMOP00000010783,8049.ENSGMOP00000010898,8049.ENSGMOP00000010925,8049.ENSGMOP00000010933,8049.ENSGMOP00000010949,8049.ENSGMOP00000011071,8049.ENSGMOP00000011099,8049.ENSGMOP00000011286,8049.ENSGMOP00000011291,8049.ENSGMOP00000011309,8049.ENSGMOP00000011336,8049.ENSGMOP00000011340,8049.ENSGMOP00000011350,8049.ENSGMOP00000011363,8049.ENSGMOP00000011365,8049.ENSGMOP00000011399,8049.ENSGMOP00000011480,8049.ENSGMOP00000011495,8049.ENSGMOP00000011506,8049.ENSGMOP00000011615,8049.ENSGMOP00000011656,8049.ENSGMOP00000011739,8049.ENSGMOP00000011775,8049.ENSGMOP00000011787,8049.ENSGMOP00000011875,8049.ENSGMOP00000011890,8049.ENSGMOP00000011896,8049.ENSGMOP00000011929,8049.ENSGMOP00000011931,8049.ENSGMOP00000012028,8049.ENSGMOP00000012049,8049.ENSGMOP00000012162,8049.ENSGMOP00000012175,8049.ENSGMOP00000012193,8049.ENSGMOP00000012260,8049.ENSGMOP00000012426,8049.ENSGMOP00000012470,8049.ENSGMOP00000012485,8049.ENSGMOP00000012747,8049.ENSGMOP00000012819,8049.ENSGMOP00000012848,8049.ENSGMOP00000012897,8049.ENSGMOP00000012990,8049.ENSGMOP00000013064,8049.ENSGMOP00000013073,8049.ENSGMOP00000013107,8049.ENSGMOP00000013123,8049.ENSGMOP00000013133,8049.ENSGMOP00000013161,8049.ENSGMOP00000013163,8049.ENSGMOP00000013179,8049.ENSGMOP00000013237,8049.ENSGMOP00000013289,8049.ENSGMOP00000013310,8049.ENSGMOP00000013341,8049.ENSGMOP00000013403,8049.ENSGMOP00000013414,8049.ENSGMOP00000013421,8049.ENSGMOP00000013478,8049.ENSGMOP00000013488,8049.ENSGMOP00000013495,8049.ENSGMOP00000013503,8049.ENSGMOP00000013595,8049.ENSGMOP00000013688,8049.ENSGMOP00000013716,8049.ENSGMOP00000013726,8049.ENSGMOP00000013936,8049.ENSGMOP00000013951,8049.ENSGMOP00000013988,8049.ENSGMOP00000014246,8049.ENSGMOP00000014411,8049.ENSGMOP00000014503,8049.ENSGMOP00000014510,8049.ENSGMOP00000014732,8049.ENSGMOP00000014750,8049.ENSGMOP00000014786,8049.ENSGMOP00000014787,8049.ENSGMOP00000014864,8049.ENSGMOP00000014892,8049.ENSGMOP00000014980,8049.ENSGMOP00000015029,8049.ENSGMOP00000015085,8049.ENSGMOP00000015111,8049.ENSGMOP00000015257,8049.ENSGMOP00000015260,8049.ENSGMOP00000015409,8049.ENSGMOP00000015513,8049.ENSGMOP00000015595,8049.ENSGMOP00000015608,8049.ENSGMOP00000015883,8049.ENSGMOP00000015954,8049.ENSGMOP00000016093,8049.ENSGMOP00000016134,8049.ENSGMOP00000016163,8049.ENSGMOP00000016289,8049.ENSGMOP00000016347,8049.ENSGMOP00000016370,8049.ENSGMOP00000016451,8049.ENSGMOP00000016480,8049.ENSGMOP00000016514,8049.ENSGMOP00000016537,8049.ENSGMOP00000016550,8049.ENSGMOP00000016563,8049.ENSGMOP00000016592,8049.ENSGMOP00000016636,8049.ENSGMOP00000016689,8049.ENSGMOP00000016695,8049.ENSGMOP00000016729,8049.ENSGMOP00000016798,8049.ENSGMOP00000016837,8049.ENSGMOP00000016976,8049.ENSGMOP00000017025,8049.ENSGMOP00000017031,8049.ENSGMOP00000017060,8049.ENSGMOP00000017088,8049.ENSGMOP00000017190,8049.ENSGMOP00000017194,8049.ENSGMOP00000017230,8049.ENSGMOP00000017268,8049.ENSGMOP00000017317,8049.ENSGMOP00000017345,8049.ENSGMOP00000017367,8049.ENSGMOP00000017385,8049.ENSGMOP00000017401,8049.ENSGMOP00000017484,8049.ENSGMOP00000017523,8049.ENSGMOP00000017545,8049.ENSGMOP00000017587,8049.ENSGMOP00000017598,8049.ENSGMOP00000017628,8049.ENSGMOP00000017631,8049.ENSGMOP00000017646,8049.ENSGMOP00000017686,8049.ENSGMOP00000017723,8049.ENSGMOP00000017800,8049.ENSGMOP00000017831,8049.ENSGMOP00000017842,8049.ENSGMOP00000017944,8049.ENSGMOP00000018000,8049.ENSGMOP00000018054,8049.ENSGMOP00000018218,8049.ENSGMOP00000018242,8049.ENSGMOP00000018274,8049.ENSGMOP00000018313,8049.ENSGMOP00000018360,8049.ENSGMOP00000018368,8049.ENSGMOP00000018378,8049.ENSGMOP00000018410,8049.ENSGMOP00000018456,8049.ENSGMOP00000018501,8049.ENSGMOP00000018508,8049.ENSGMOP00000018589,8049.ENSGMOP00000018619,8049.ENSGMOP00000018651,8049.ENSGMOP00000018652,8049.ENSGMOP00000018767,8049.ENSGMOP00000018777,8049.ENSGMOP00000018866,8049.ENSGMOP00000018876,8049.ENSGMOP00000018897,8049.ENSGMOP00000019065,8049.ENSGMOP00000019131,8049.ENSGMOP00000019163,8049.ENSGMOP00000019274,8049.ENSGMOP00000019422,8049.ENSGMOP00000019427,8049.ENSGMOP00000019437,8049.ENSGMOP00000019499,8049.ENSGMOP00000019559,8049.ENSGMOP00000019575,8049.ENSGMOP00000019580,8049.ENSGMOP00000019664,8049.ENSGMOP00000019698,8049.ENSGMOP00000019806,8049.ENSGMOP00000019958,8049.ENSGMOP00000020014,8049.ENSGMOP00000020017,8049.ENSGMOP00000020083,8049.ENSGMOP00000020089,8049.ENSGMOP00000020136,8049.ENSGMOP00000020153,8049.ENSGMOP00000020175,8049.ENSGMOP00000020184,8049.ENSGMOP00000020209,8049.ENSGMOP00000020220,8049.ENSGMOP00000020283,8049.ENSGMOP00000020316,8049.ENSGMOP00000020324,8049.ENSGMOP00000020356,8049.ENSGMOP00000020378,8049.ENSGMOP00000020485,8049.ENSGMOP00000020575,8049.ENSGMOP00000020764,8049.ENSGMOP00000020834,8049.ENSGMOP00000020924,8049.ENSGMOP00000020956,8049.ENSGMOP00000020964,8049.ENSGMOP00000021028,8049.ENSGMOP00000021060,8049.ENSGMOP00000021061,8049.ENSGMOP00000021169,8049.ENSGMOP00000021268,8049.ENSGMOP00000021515	ENSGMOP00000000029,ENSGMOP00000000041,ENSGMOP00000000084,ENSGMOP00000000161,ENSGMOP00000000191,ENSGMOP00000000192,ENSGMOP00000000267,ENSGMOP00000000294,ENSGMOP00000000295,ENSGMOP00000000391,ENSGMOP00000000394,ENSGMOP00000000409,SHKBP1,ENSGMOP00000000641,ENSGMOP00000000692,MACF1,ENSGMOP00000000741,PRICKLE1,ENSGMOP00000000797,ENSGMOP00000000806,MSI1,LTBP3,ENSGMOP00000001090,ENSGMOP00000001118,ENSGMOP00000001262,ENSGMOP00000001366,ENSGMOP00000001578,ENSGMOP00000001588,ENSGMOP00000001807,ENSGMOP00000001971,ENSGMOP00000002031,ENSGMOP00000002159,ENSGMOP00000002269,ENSGMOP00000002428,ENSGMOP00000002433,ENSGMOP00000002531,ENSGMOP00000002624,ENSGMOP00000002701,ENSGMOP00000002747,ENSGMOP00000002791,ENSGMOP00000002866,ENSGMOP00000002898,ENSGMOP00000002910,ENSGMOP00000002912,ENSGMOP00000002934,ENSGMOP00000002985,SLC4A11,ENSGMOP00000003073,ZNF521,ENSGMOP00000003229,ENSGMOP00000003331,ENSGMOP00000003381,LAMA3,ENSGMOP00000003506,ENSGMOP00000003514,ENSGMOP00000003679,ENSGMOP00000003762,ENSGMOP00000003809,ENSGMOP00000003815,LOC115556833,ENSGMOP00000003911,ENSGMOP00000003929,ENSGMOP00000003952,ENSGMOP00000004042,ENSGMOP00000004080,ENSGMOP00000004084,ENSGMOP00000004491,ENSGMOP00000004622,ENSGMOP00000004711,ENSGMOP00000004735,ENSGMOP00000004762,ENSGMOP00000004779,ENSGMOP00000004932,ENSGMOP00000005024,ENSGMOP00000005043,ENSGMOP00000005084,ENSGMOP00000005232,ENSGMOP00000005256,ENSGMOP00000005303,ENSGMOP00000005306,PLEKHA5,ENSGMOP00000005627,DST,ENSGMOP00000005762,ENSGMOP00000005796,ENSGMOP00000005945,ENSGMOP00000005950,ENSGMOP00000006025,ENSGMOP00000006041,ENSGMOP00000006059,ENSGMOP00000006065,ENSGMOP00000006071,ENSGMOP00000006144,ENSGMOP00000006173,ENSGMOP00000006196,ENSGMOP00000006247,ENSGMOP00000006360,ENSGMOP00000006407,ENSGMOP00000006445,vps18,ENSGMOP00000006481,cyld,ENSGMOP00000006501,ENSGMOP00000006502,ENSGMOP00000006535,ENSGMOP00000006539,ENSGMOP00000006558,ENSGMOP00000006563,ENSGMOP00000006578,ENSGMOP00000006594,ENSGMOP00000006608,ENSGMOP00000006641,ENSGMOP00000006664,LPP,ENSGMOP00000006709,ENSGMOP00000006819,ENSGMOP00000006898,ENSGMOP00000006901,ENSGMOP00000006909,ENSGMOP00000007000,ENSGMOP00000007001,NFATC1,ENSGMOP00000007071,ENSGMOP00000007106,ENSGMOP00000007129,ENSGMOP00000007133,ENSGMOP00000007208,ENSGMOP00000007249,ENSGMOP00000007259,ENSGMOP00000007415,ENSGMOP00000007440,ENSGMOP00000007501,ENSGMOP00000007573,ENSGMOP00000007617,ENSGMOP00000007861,ENSGMOP00000007903,ENSGMOP00000007919,FRMD4B,ENSGMOP00000008048,ENSGMOP00000008148,ENSGMOP00000008308,ENSGMOP00000008329,ENSGMOP00000008350,ENSGMOP00000008361,ENSGMOP00000008403,ENSGMOP00000008467,ENSGMOP00000008500,ENSGMOP00000008547,ENSGMOP00000008653,ENSGMOP00000008706,ENSGMOP00000008712,ENSGMOP00000008756,ENSGMOP00000008778,ENSGMOP00000008869,ENSGMOP00000008916,ENSGMOP00000008938,JMY,ENSGMOP00000009025,ENSGMOP00000009057,ENSGMOP00000009058,ENSGMOP00000009077,ENSGMOP00000009306,ENSGMOP00000009386,ENSGMOP00000009422,ENSGMOP00000009437,ENSGMOP00000009512,ENSGMOP00000009709,ENSGMOP00000009774,ENSGMOP00000009920,ENSGMOP00000009927,ENSGMOP00000009994,ENSGMOP00000010021,ENSGMOP00000010029,ENSGMOP00000010033,ENSGMOP00000010044,ENSGMOP00000010232,ENSGMOP00000010374,ENSGMOP00000010397,ENSGMOP00000010407,ENSGMOP00000010431,ENSGMOP00000010437,ENSGMOP00000010490,ENSGMOP00000010518,ENSGMOP00000010611,ENSGMOP00000010644,ANKRD50,ENSGMOP00000010754,ENSGMOP00000010761,COL25A1,ENSGMOP00000010898,ENSGMOP00000010925,ENSGMOP00000010933,ENSGMOP00000010949,ENSGMOP00000011071,ENSGMOP00000011099,ENSGMOP00000011286,ENSGMOP00000011291,ENSGMOP00000011309,ENSGMOP00000011336,COL12A1,ENSGMOP00000011350,ENSGMOP00000011363,LLGL1,ENSGMOP00000011399,ENSGMOP00000011480,ENSGMOP00000011495,ENSGMOP00000011506,ENSGMOP00000011615,ENSGMOP00000011656,TTN,ENSGMOP00000011775,ENSGMOP00000011787,ENSGMOP00000011875,SHROOM2,ENSGMOP00000011896,CARMIL1,ENSGMOP00000011931,ENSGMOP00000012028,ENSGMOP00000012049,ENSGMOP00000012162,ENSGMOP00000012175,ENSGMOP00000012193,ENSGMOP00000012260,ENSGMOP00000012426,ENSGMOP00000012470,ENSGMOP00000012485,ENSGMOP00000012747,ENSGMOP00000012819,ENSGMOP00000012848,ENSGMOP00000012897,ENSGMOP00000012990,ENSGMOP00000013064,ENSGMOP00000013073,ENSGMOP00000013107,ENSGMOP00000013123,ENSGMOP00000013133,ENSGMOP00000013161,ENSGMOP00000013163,ENSGMOP00000013179,ENSGMOP00000013237,ENSGMOP00000013289,ENSGMOP00000013310,ENSGMOP00000013341,ENSGMOP00000013403,ENSGMOP00000013414,ENSGMOP00000013421,ENSGMOP00000013478,ENSGMOP00000013488,ENSGMOP00000013495,ENSGMOP00000013503,MYO1D,ENSGMOP00000013688,ENSGMOP00000013716,ENSGMOP00000013726,ENSGMOP00000013936,ENSGMOP00000013951,ENSGMOP00000013988,ENSGMOP00000014246,ENSGMOP00000014411,ENSGMOP00000014503,ENSGMOP00000014510,ENSGMOP00000014732,TC2N,ENSGMOP00000014786,ENSGMOP00000014787,ARHGEF26,ENSGMOP00000014892,ENSGMOP00000014980,ENSGMOP00000015029,ENSGMOP00000015085,ENSGMOP00000015111,ENSGMOP00000015257,ENSGMOP00000015260,ENSGMOP00000015409,ENSGMOP00000015513,ENSGMOP00000015595,ENSGMOP00000015608,ENSGMOP00000015883,ENSGMOP00000015954,ENSGMOP00000016093,ENSGMOP00000016134,LOC115530884,ENSGMOP00000016289,ENSGMOP00000016347,ENSGMOP00000016370,ENSGMOP00000016451,ENSGMOP00000016480,ENSGMOP00000016514,ENSGMOP00000016537,ENSGMOP00000016550,ENSGMOP00000016563,ENSGMOP00000016592,TANC2,ENSGMOP00000016689,ENSGMOP00000016695,ENSGMOP00000016729,ENSGMOP00000016798,ENSGMOP00000016837,ENSGMOP00000016976,ENSGMOP00000017025,ENSGMOP00000017031,ENSGMOP00000017060,ENSGMOP00000017088,ENSGMOP00000017190,nr2e1,ENSGMOP00000017230,DYNC2H1,ENSGMOP00000017317,traf4,ENSGMOP00000017367,ENSGMOP00000017385,ENSGMOP00000017401,ENSGMOP00000017484,ENSGMOP00000017523,ENSGMOP00000017545,ENSGMOP00000017587,ENSGMOP00000017598,ENSGMOP00000017628,ENSGMOP00000017631,ENSGMOP00000017646,ENSGMOP00000017686,TCERG1,ENSGMOP00000017800,ENSGMOP00000017831,ENSGMOP00000017842,ENSGMOP00000017944,ENSGMOP00000018000,NPC1L1,ATE1,ENSGMOP00000018242,ENSGMOP00000018274,IQSEC1,ENSGMOP00000018360,LOC115548846,ENSGMOP00000018378,ENSGMOP00000018410,NFKBID,ENSGMOP00000018501,ENSGMOP00000018508,ENSGMOP00000018589,ARAP1,ENSGMOP00000018651,ENSGMOP00000018652,ENSGMOP00000018767,ENSGMOP00000018777,ENSGMOP00000018866,ENSGMOP00000018876,ENSGMOP00000018897,ENSGMOP00000019065,ENSGMOP00000019131,ENSGMOP00000019163,PIP5K1A,ENSGMOP00000019422,ENSGMOP00000019427,ENSGMOP00000019437,ENSGMOP00000019499,ENSGMOP00000019559,dock7,ENSGMOP00000019580,ENSGMOP00000019664,ENSGMOP00000019698,ENSGMOP00000019806,ENSGMOP00000019958,ENSGMOP00000020014,ENSGMOP00000020017,ENSGMOP00000020083,ENSGMOP00000020089,ENSGMOP00000020136,ENSGMOP00000020153,ENSGMOP00000020175,ENSGMOP00000020184,ENSGMOP00000020209,SCAF8,ENSGMOP00000020283,ENSGMOP00000020316,ENSGMOP00000020324,ENSGMOP00000020356,ENSGMOP00000020378,LOC115556064,ENSGMOP00000020575,ENSGMOP00000020764,PCLO,ENSGMOP00000020924,ENSGMOP00000020956,ENSGMOP00000020964,ENSGMOP00000021028,ENSGMOP00000021060,CTNND1,ENSGMOP00000021169,mab21l2,ENSGMOP00000021515
UniProt Keywords	KW-0175	Coiled coil	186	4434	0.18	0.63	4.67e-07	8049.ENSGMOP00000000041,8049.ENSGMOP00000000084,8049.ENSGMOP00000000191,8049.ENSGMOP00000000294,8049.ENSGMOP00000000295,8049.ENSGMOP00000000320,8049.ENSGMOP00000000386,8049.ENSGMOP00000000409,8049.ENSGMOP00000000421,8049.ENSGMOP00000000507,8049.ENSGMOP00000000655,8049.ENSGMOP00000000734,8049.ENSGMOP00000000858,8049.ENSGMOP00000001578,8049.ENSGMOP00000001971,8049.ENSGMOP00000002031,8049.ENSGMOP00000002229,8049.ENSGMOP00000002422,8049.ENSGMOP00000002531,8049.ENSGMOP00000002701,8049.ENSGMOP00000002747,8049.ENSGMOP00000003073,8049.ENSGMOP00000003506,8049.ENSGMOP00000003547,8049.ENSGMOP00000003697,8049.ENSGMOP00000003809,8049.ENSGMOP00000003911,8049.ENSGMOP00000004055,8049.ENSGMOP00000004076,8049.ENSGMOP00000004505,8049.ENSGMOP00000004779,8049.ENSGMOP00000004932,8049.ENSGMOP00000004951,8049.ENSGMOP00000005084,8049.ENSGMOP00000005360,8049.ENSGMOP00000005593,8049.ENSGMOP00000005714,8049.ENSGMOP00000005796,8049.ENSGMOP00000005835,8049.ENSGMOP00000005945,8049.ENSGMOP00000006041,8049.ENSGMOP00000006071,8049.ENSGMOP00000006173,8049.ENSGMOP00000006196,8049.ENSGMOP00000006247,8049.ENSGMOP00000006446,8049.ENSGMOP00000006481,8049.ENSGMOP00000006594,8049.ENSGMOP00000006901,8049.ENSGMOP00000007001,8049.ENSGMOP00000007129,8049.ENSGMOP00000007208,8049.ENSGMOP00000007415,8049.ENSGMOP00000007440,8049.ENSGMOP00000007501,8049.ENSGMOP00000007573,8049.ENSGMOP00000007853,8049.ENSGMOP00000007861,8049.ENSGMOP00000007958,8049.ENSGMOP00000008048,8049.ENSGMOP00000008306,8049.ENSGMOP00000008308,8049.ENSGMOP00000008316,8049.ENSGMOP00000008403,8049.ENSGMOP00000008467,8049.ENSGMOP00000008500,8049.ENSGMOP00000008653,8049.ENSGMOP00000008869,8049.ENSGMOP00000008938,8049.ENSGMOP00000009009,8049.ENSGMOP00000009025,8049.ENSGMOP00000009051,8049.ENSGMOP00000009057,8049.ENSGMOP00000009364,8049.ENSGMOP00000009386,8049.ENSGMOP00000009437,8049.ENSGMOP00000009512,8049.ENSGMOP00000009574,8049.ENSGMOP00000009634,8049.ENSGMOP00000009658,8049.ENSGMOP00000010021,8049.ENSGMOP00000010033,8049.ENSGMOP00000010232,8049.ENSGMOP00000010407,8049.ENSGMOP00000010431,8049.ENSGMOP00000010437,8049.ENSGMOP00000010611,8049.ENSGMOP00000010690,8049.ENSGMOP00000010761,8049.ENSGMOP00000010925,8049.ENSGMOP00000011071,8049.ENSGMOP00000011099,8049.ENSGMOP00000011286,8049.ENSGMOP00000011336,8049.ENSGMOP00000011350,8049.ENSGMOP00000011480,8049.ENSGMOP00000011506,8049.ENSGMOP00000011615,8049.ENSGMOP00000011626,8049.ENSGMOP00000011656,8049.ENSGMOP00000011787,8049.ENSGMOP00000011875,8049.ENSGMOP00000011890,8049.ENSGMOP00000011896,8049.ENSGMOP00000011929,8049.ENSGMOP00000012028,8049.ENSGMOP00000012148,8049.ENSGMOP00000012175,8049.ENSGMOP00000012426,8049.ENSGMOP00000012470,8049.ENSGMOP00000012487,8049.ENSGMOP00000012747,8049.ENSGMOP00000012990,8049.ENSGMOP00000013073,8049.ENSGMOP00000013107,8049.ENSGMOP00000013289,8049.ENSGMOP00000013310,8049.ENSGMOP00000013414,8049.ENSGMOP00000013688,8049.ENSGMOP00000013884,8049.ENSGMOP00000013905,8049.ENSGMOP00000013988,8049.ENSGMOP00000014278,8049.ENSGMOP00000014503,8049.ENSGMOP00000014786,8049.ENSGMOP00000014892,8049.ENSGMOP00000015260,8049.ENSGMOP00000015399,8049.ENSGMOP00000015409,8049.ENSGMOP00000015513,8049.ENSGMOP00000015596,8049.ENSGMOP00000015921,8049.ENSGMOP00000015954,8049.ENSGMOP00000016134,8049.ENSGMOP00000016163,8049.ENSGMOP00000016347,8049.ENSGMOP00000016480,8049.ENSGMOP00000016837,8049.ENSGMOP00000016976,8049.ENSGMOP00000017031,8049.ENSGMOP00000017109,8049.ENSGMOP00000017268,8049.ENSGMOP00000017345,8049.ENSGMOP00000017401,8049.ENSGMOP00000017472,8049.ENSGMOP00000017484,8049.ENSGMOP00000017598,8049.ENSGMOP00000017628,8049.ENSGMOP00000017631,8049.ENSGMOP00000017686,8049.ENSGMOP00000017723,8049.ENSGMOP00000017970,8049.ENSGMOP00000017987,8049.ENSGMOP00000017996,8049.ENSGMOP00000018008,8049.ENSGMOP00000018010,8049.ENSGMOP00000018313,8049.ENSGMOP00000018410,8049.ENSGMOP00000018508,8049.ENSGMOP00000018651,8049.ENSGMOP00000018687,8049.ENSGMOP00000018897,8049.ENSGMOP00000018921,8049.ENSGMOP00000019065,8049.ENSGMOP00000019575,8049.ENSGMOP00000019580,8049.ENSGMOP00000019664,8049.ENSGMOP00000019698,8049.ENSGMOP00000019765,8049.ENSGMOP00000019806,8049.ENSGMOP00000019825,8049.ENSGMOP00000019879,8049.ENSGMOP00000019958,8049.ENSGMOP00000020014,8049.ENSGMOP00000020017,8049.ENSGMOP00000020083,8049.ENSGMOP00000020175,8049.ENSGMOP00000020209,8049.ENSGMOP00000020283,8049.ENSGMOP00000020501,8049.ENSGMOP00000020834,8049.ENSGMOP00000020924,8049.ENSGMOP00000020964,8049.ENSGMOP00000021028,8049.ENSGMOP00000021061,8049.ENSGMOP00000021169	ENSGMOP00000000041,ENSGMOP00000000084,ENSGMOP00000000191,ENSGMOP00000000294,ENSGMOP00000000295,ENSGMOP00000000320,ENSGMOP00000000386,ENSGMOP00000000409,ENSGMOP00000000421,ENSGMOP00000000507,ENSGMOP00000000655,MACF1,ENSGMOP00000000858,ENSGMOP00000001578,ENSGMOP00000001971,ENSGMOP00000002031,ENSGMOP00000002229,ENSGMOP00000002422,ENSGMOP00000002531,ENSGMOP00000002701,ENSGMOP00000002747,ENSGMOP00000003073,ENSGMOP00000003506,ENSGMOP00000003547,ENSGMOP00000003697,ENSGMOP00000003809,ENSGMOP00000003911,ENSGMOP00000004055,ENSGMOP00000004076,ENSGMOP00000004505,ENSGMOP00000004779,ENSGMOP00000004932,ENSGMOP00000004951,ENSGMOP00000005084,ENSGMOP00000005360,PLEKHA5,DST,ENSGMOP00000005796,ENSGMOP00000005835,ENSGMOP00000005945,ENSGMOP00000006041,ENSGMOP00000006071,ENSGMOP00000006173,ENSGMOP00000006196,ENSGMOP00000006247,vps18,ENSGMOP00000006481,ENSGMOP00000006594,ENSGMOP00000006901,ENSGMOP00000007001,ENSGMOP00000007129,ENSGMOP00000007208,ENSGMOP00000007415,ENSGMOP00000007440,ENSGMOP00000007501,ENSGMOP00000007573,ENSGMOP00000007853,ENSGMOP00000007861,FRMD4B,ENSGMOP00000008048,DOCK9,ENSGMOP00000008308,ENSGMOP00000008316,ENSGMOP00000008403,ENSGMOP00000008467,ENSGMOP00000008500,ENSGMOP00000008653,ENSGMOP00000008869,ENSGMOP00000008938,JMY,ENSGMOP00000009025,ENSGMOP00000009051,ENSGMOP00000009057,ENSGMOP00000009364,ENSGMOP00000009386,ENSGMOP00000009437,ENSGMOP00000009512,ENSGMOP00000009574,ENSGMOP00000009634,ENSGMOP00000009658,ENSGMOP00000010021,ENSGMOP00000010033,ENSGMOP00000010232,ENSGMOP00000010407,ENSGMOP00000010431,ENSGMOP00000010437,ENSGMOP00000010611,ANKRD50,ENSGMOP00000010761,ENSGMOP00000010925,ENSGMOP00000011071,ENSGMOP00000011099,ENSGMOP00000011286,ENSGMOP00000011336,ENSGMOP00000011350,ENSGMOP00000011480,ENSGMOP00000011506,ENSGMOP00000011615,ARHGEF17,ENSGMOP00000011656,ENSGMOP00000011787,ENSGMOP00000011875,SHROOM2,ENSGMOP00000011896,CARMIL1,ENSGMOP00000012028,EIF2AK4,ENSGMOP00000012175,ENSGMOP00000012426,ENSGMOP00000012470,ENSGMOP00000012487,ENSGMOP00000012747,ENSGMOP00000012990,ENSGMOP00000013073,ENSGMOP00000013107,ENSGMOP00000013289,ENSGMOP00000013310,ENSGMOP00000013414,ENSGMOP00000013688,ENSGMOP00000013884,ENSGMOP00000013905,ENSGMOP00000013988,ENSGMOP00000014278,ENSGMOP00000014503,ENSGMOP00000014786,ENSGMOP00000014892,ENSGMOP00000015260,ENSGMOP00000015399,ENSGMOP00000015409,ENSGMOP00000015513,ENSGMOP00000015596,ENSGMOP00000015921,ENSGMOP00000015954,ENSGMOP00000016134,LOC115530884,ENSGMOP00000016347,ENSGMOP00000016480,ENSGMOP00000016837,ENSGMOP00000016976,ENSGMOP00000017031,ENSGMOP00000017109,DYNC2H1,traf4,ENSGMOP00000017401,ENSGMOP00000017472,ENSGMOP00000017484,ENSGMOP00000017598,ENSGMOP00000017628,ENSGMOP00000017631,ENSGMOP00000017686,TCERG1,ENSGMOP00000017970,ENSGMOP00000017987,PLEKHG4B,ENSGMOP00000018008,ENSGMOP00000018010,IQSEC1,ENSGMOP00000018410,ENSGMOP00000018508,ENSGMOP00000018651,ENSGMOP00000018687,ENSGMOP00000018897,ENSGMOP00000018921,ENSGMOP00000019065,dock7,ENSGMOP00000019580,ENSGMOP00000019664,ENSGMOP00000019698,PITPNM2,ENSGMOP00000019806,ENSGMOP00000019825,ENSGMOP00000019879,ENSGMOP00000019958,ENSGMOP00000020014,ENSGMOP00000020017,ENSGMOP00000020083,ENSGMOP00000020175,ENSGMOP00000020209,ENSGMOP00000020283,ENSGMOP00000020501,PCLO,ENSGMOP00000020924,ENSGMOP00000020964,ENSGMOP00000021028,CTNND1,ENSGMOP00000021169
UniProt Keywords	KW-0245	EGF-like domain	21	206	0.56	0.71	0.00018	8049.ENSGMOP00000000860,8049.ENSGMOP00000001078,8049.ENSGMOP00000001366,8049.ENSGMOP00000001522,8049.ENSGMOP00000002791,8049.ENSGMOP00000004408,8049.ENSGMOP00000004711,8049.ENSGMOP00000005539,8049.ENSGMOP00000006144,8049.ENSGMOP00000006898,8049.ENSGMOP00000006909,8049.ENSGMOP00000007259,8049.ENSGMOP00000009025,8049.ENSGMOP00000009058,8049.ENSGMOP00000010490,8049.ENSGMOP00000011291,8049.ENSGMOP00000011999,8049.ENSGMOP00000016804,8049.ENSGMOP00000017385,8049.ENSGMOP00000017800,8049.ENSGMOP00000020378	ENSGMOP00000000860,LTBP3,ENSGMOP00000001366,ENSGMOP00000001522,ENSGMOP00000002791,ENSGMOP00000004408,ENSGMOP00000004711,ENSGMOP00000005539,ENSGMOP00000006144,ENSGMOP00000006898,ENSGMOP00000006909,ENSGMOP00000007259,ENSGMOP00000009025,ENSGMOP00000009058,ENSGMOP00000010490,ENSGMOP00000011291,ENSGMOP00000011999,ENSGMOP00000016804,ENSGMOP00000017385,ENSGMOP00000017800,ENSGMOP00000020378
UniProt Keywords	KW-0518	Myosin	11	64	0.79	0.72	0.00061	8049.ENSGMOP00000001588,8049.ENSGMOP00000006071,8049.ENSGMOP00000006247,8049.ENSGMOP00000009057,8049.ENSGMOP00000010761,8049.ENSGMOP00000012028,8049.ENSGMOP00000012260,8049.ENSGMOP00000013595,8049.ENSGMOP00000016689,8049.ENSGMOP00000017631,8049.ENSGMOP00000021060	ENSGMOP00000001588,ENSGMOP00000006071,ENSGMOP00000006247,ENSGMOP00000009057,ENSGMOP00000010761,ENSGMOP00000012028,ENSGMOP00000012260,MYO1D,ENSGMOP00000016689,ENSGMOP00000017631,ENSGMOP00000021060
UniProt Keywords	KW-0677	Repeat	58	1184	0.25	0.43	0.0031	8049.ENSGMOP00000000192,8049.ENSGMOP00000000637,8049.ENSGMOP00000000734,8049.ENSGMOP00000000746,8049.ENSGMOP00000000860,8049.ENSGMOP00000001078,8049.ENSGMOP00000001366,8049.ENSGMOP00000001522,8049.ENSGMOP00000002791,8049.ENSGMOP00000004042,8049.ENSGMOP00000004408,8049.ENSGMOP00000004711,8049.ENSGMOP00000004735,8049.ENSGMOP00000004932,8049.ENSGMOP00000005232,8049.ENSGMOP00000005539,8049.ENSGMOP00000005714,8049.ENSGMOP00000006144,8049.ENSGMOP00000006664,8049.ENSGMOP00000006863,8049.ENSGMOP00000006898,8049.ENSGMOP00000007000,8049.ENSGMOP00000007001,8049.ENSGMOP00000007106,8049.ENSGMOP00000007259,8049.ENSGMOP00000008308,8049.ENSGMOP00000008778,8049.ENSGMOP00000009058,8049.ENSGMOP00000009306,8049.ENSGMOP00000010490,8049.ENSGMOP00000010518,8049.ENSGMOP00000010993,8049.ENSGMOP00000011291,8049.ENSGMOP00000011739,8049.ENSGMOP00000011999,8049.ENSGMOP00000012193,8049.ENSGMOP00000012838,8049.ENSGMOP00000012897,8049.ENSGMOP00000013199,8049.ENSGMOP00000013341,8049.ENSGMOP00000013403,8049.ENSGMOP00000014503,8049.ENSGMOP00000014551,8049.ENSGMOP00000015608,8049.ENSGMOP00000015704,8049.ENSGMOP00000016451,8049.ENSGMOP00000016695,8049.ENSGMOP00000016804,8049.ENSGMOP00000017025,8049.ENSGMOP00000017702,8049.ENSGMOP00000018777,8049.ENSGMOP00000020017,8049.ENSGMOP00000020283,8049.ENSGMOP00000020378,8049.ENSGMOP00000020964,8049.ENSGMOP00000021130,8049.ENSGMOP00000021515,8049.ENSGMOP00000021947	ENSGMOP00000000192,ENSGMOP00000000637,MACF1,PRICKLE1,ENSGMOP00000000860,LTBP3,ENSGMOP00000001366,ENSGMOP00000001522,ENSGMOP00000002791,ENSGMOP00000004042,ENSGMOP00000004408,ENSGMOP00000004711,ENSGMOP00000004735,ENSGMOP00000004932,ENSGMOP00000005232,ENSGMOP00000005539,DST,ENSGMOP00000006144,ENSGMOP00000006664,ENSGMOP00000006863,ENSGMOP00000006898,ENSGMOP00000007000,ENSGMOP00000007001,ENSGMOP00000007106,ENSGMOP00000007259,ENSGMOP00000008308,ENSGMOP00000008778,ENSGMOP00000009058,ENSGMOP00000009306,ENSGMOP00000010490,ENSGMOP00000010518,ENSGMOP00000010993,ENSGMOP00000011291,TTN,ENSGMOP00000011999,ENSGMOP00000012193,ENSGMOP00000012838,ENSGMOP00000012897,ENSGMOP00000013199,ENSGMOP00000013341,ENSGMOP00000013403,ENSGMOP00000014503,ENSGMOP00000014551,ENSGMOP00000015608,ENSGMOP00000015704,ENSGMOP00000016451,ENSGMOP00000016695,ENSGMOP00000016804,ENSGMOP00000017025,EPHA7,ENSGMOP00000018777,ENSGMOP00000020017,ENSGMOP00000020283,ENSGMOP00000020378,ENSGMOP00000020964,ENSGMOP00000021130,ENSGMOP00000021515,ENSGMOP00000021947
UniProt Keywords	KW-0505	Motor protein	13	121	0.59	0.5	0.0050	8049.ENSGMOP00000001588,8049.ENSGMOP00000003506,8049.ENSGMOP00000006071,8049.ENSGMOP00000006247,8049.ENSGMOP00000009057,8049.ENSGMOP00000010761,8049.ENSGMOP00000012028,8049.ENSGMOP00000012260,8049.ENSGMOP00000013595,8049.ENSGMOP00000013688,8049.ENSGMOP00000016689,8049.ENSGMOP00000017631,8049.ENSGMOP00000021060	ENSGMOP00000001588,ENSGMOP00000003506,ENSGMOP00000006071,ENSGMOP00000006247,ENSGMOP00000009057,ENSGMOP00000010761,ENSGMOP00000012028,ENSGMOP00000012260,MYO1D,ENSGMOP00000013688,ENSGMOP00000016689,ENSGMOP00000017631,ENSGMOP00000021060
UniProt Keywords	KW-0009	Actin-binding	13	124	0.58	0.49	0.0053	8049.ENSGMOP00000001588,8049.ENSGMOP00000006071,8049.ENSGMOP00000006247,8049.ENSGMOP00000006664,8049.ENSGMOP00000009057,8049.ENSGMOP00000010761,8049.ENSGMOP00000012028,8049.ENSGMOP00000012260,8049.ENSGMOP00000013595,8049.ENSGMOP00000016689,8049.ENSGMOP00000017631,8049.ENSGMOP00000020017,8049.ENSGMOP00000021060	ENSGMOP00000001588,ENSGMOP00000006071,ENSGMOP00000006247,ENSGMOP00000006664,ENSGMOP00000009057,ENSGMOP00000010761,ENSGMOP00000012028,ENSGMOP00000012260,MYO1D,ENSGMOP00000016689,ENSGMOP00000017631,ENSGMOP00000020017,ENSGMOP00000021060
SMART	SM00233	Pleckstrin homology domain.	30	283	0.58	0.96	1.69e-06	8049.ENSGMOP00000000294,8049.ENSGMOP00000000409,8049.ENSGMOP00000002031,8049.ENSGMOP00000002422,8049.ENSGMOP00000005593,8049.ENSGMOP00000006539,8049.ENSGMOP00000007129,8049.ENSGMOP00000007133,8049.ENSGMOP00000008306,8049.ENSGMOP00000008308,8049.ENSGMOP00000010611,8049.ENSGMOP00000011350,8049.ENSGMOP00000011506,8049.ENSGMOP00000011787,8049.ENSGMOP00000012049,8049.ENSGMOP00000012747,8049.ENSGMOP00000013107,8049.ENSGMOP00000013988,8049.ENSGMOP00000014701,8049.ENSGMOP00000014732,8049.ENSGMOP00000014864,8049.ENSGMOP00000016689,8049.ENSGMOP00000016837,8049.ENSGMOP00000017996,8049.ENSGMOP00000018313,8049.ENSGMOP00000018619,8049.ENSGMOP00000019065,8049.ENSGMOP00000019664,8049.ENSGMOP00000020017,8049.ENSGMOP00000020184	ENSGMOP00000000294,ENSGMOP00000000409,ENSGMOP00000002031,ENSGMOP00000002422,PLEKHA5,ENSGMOP00000006539,ENSGMOP00000007129,ENSGMOP00000007133,DOCK9,ENSGMOP00000008308,ENSGMOP00000010611,ENSGMOP00000011350,ENSGMOP00000011506,ENSGMOP00000011787,ENSGMOP00000012049,ENSGMOP00000012747,ENSGMOP00000013107,ENSGMOP00000013988,ENSGMOP00000014701,ENSGMOP00000014732,ARHGEF26,ENSGMOP00000016689,ENSGMOP00000016837,PLEKHG4B,IQSEC1,ARAP1,ENSGMOP00000019065,ENSGMOP00000019664,ENSGMOP00000020017,ENSGMOP00000020184
SMART	SM00181	Epidermal growth factor-like domain.	23	207	0.6	0.84	2.92e-05	8049.ENSGMOP00000000860,8049.ENSGMOP00000001078,8049.ENSGMOP00000001366,8049.ENSGMOP00000001522,8049.ENSGMOP00000002791,8049.ENSGMOP00000004408,8049.ENSGMOP00000004711,8049.ENSGMOP00000004825,8049.ENSGMOP00000005539,8049.ENSGMOP00000006898,8049.ENSGMOP00000007259,8049.ENSGMOP00000009025,8049.ENSGMOP00000009058,8049.ENSGMOP00000009994,8049.ENSGMOP00000010490,8049.ENSGMOP00000010518,8049.ENSGMOP00000011291,8049.ENSGMOP00000011999,8049.ENSGMOP00000016804,8049.ENSGMOP00000017385,8049.ENSGMOP00000017523,8049.ENSGMOP00000018626,8049.ENSGMOP00000020378	ENSGMOP00000000860,LTBP3,ENSGMOP00000001366,ENSGMOP00000001522,ENSGMOP00000002791,ENSGMOP00000004408,ENSGMOP00000004711,ENSGMOP00000004825,ENSGMOP00000005539,ENSGMOP00000006898,ENSGMOP00000007259,ENSGMOP00000009025,ENSGMOP00000009058,ENSGMOP00000009994,ENSGMOP00000010490,ENSGMOP00000010518,ENSGMOP00000011291,ENSGMOP00000011999,ENSGMOP00000016804,ENSGMOP00000017385,ENSGMOP00000017523,ENSGMOP00000018626,ENSGMOP00000020378
SMART	SM00033	Calponin homology domain	13	73	0.81	0.84	0.00013	8049.ENSGMOP00000000734,8049.ENSGMOP00000002428,8049.ENSGMOP00000003911,8049.ENSGMOP00000004932,8049.ENSGMOP00000005714,8049.ENSGMOP00000005796,8049.ENSGMOP00000006664,8049.ENSGMOP00000007001,8049.ENSGMOP00000007150,8049.ENSGMOP00000011480,8049.ENSGMOP00000020017,8049.ENSGMOP00000020283,8049.ENSGMOP00000020964	MACF1,ENSGMOP00000002428,ENSGMOP00000003911,ENSGMOP00000004932,DST,ENSGMOP00000005796,ENSGMOP00000006664,ENSGMOP00000007001,ENSGMOP00000007150,ENSGMOP00000011480,ENSGMOP00000020017,ENSGMOP00000020283,ENSGMOP00000020964
SMART	SM00179	Calcium-binding EGF-like domain	15	107	0.7	0.77	0.00020	8049.ENSGMOP00000000860,8049.ENSGMOP00000001078,8049.ENSGMOP00000001366,8049.ENSGMOP00000001522,8049.ENSGMOP00000004408,8049.ENSGMOP00000005539,8049.ENSGMOP00000006144,8049.ENSGMOP00000006909,8049.ENSGMOP00000009058,8049.ENSGMOP00000010490,8049.ENSGMOP00000010518,8049.ENSGMOP00000011291,8049.ENSGMOP00000011999,8049.ENSGMOP00000016804,8049.ENSGMOP00000020378	ENSGMOP00000000860,LTBP3,ENSGMOP00000001366,ENSGMOP00000001522,ENSGMOP00000004408,ENSGMOP00000005539,ENSGMOP00000006144,ENSGMOP00000006909,ENSGMOP00000009058,ENSGMOP00000010490,ENSGMOP00000010518,ENSGMOP00000011291,ENSGMOP00000011999,ENSGMOP00000016804,ENSGMOP00000020378
SMART	SM00015	Short calmodulin-binding motif containing conserved Ile and Gln residues.	12	77	0.75	0.69	0.00072	8049.ENSGMOP00000001588,8049.ENSGMOP00000003911,8049.ENSGMOP00000006071,8049.ENSGMOP00000006247,8049.ENSGMOP00000009057,8049.ENSGMOP00000010644,8049.ENSGMOP00000010761,8049.ENSGMOP00000012028,8049.ENSGMOP00000012260,8049.ENSGMOP00000013595,8049.ENSGMOP00000017631,8049.ENSGMOP00000021060	ENSGMOP00000001588,ENSGMOP00000003911,ENSGMOP00000006071,ENSGMOP00000006247,ENSGMOP00000009057,ENSGMOP00000010644,ENSGMOP00000010761,ENSGMOP00000012028,ENSGMOP00000012260,MYO1D,ENSGMOP00000017631,ENSGMOP00000021060
SMART	SM00324	GTPase-activator protein for Rho-like GTPases	12	78	0.74	0.69	0.00072	8049.ENSGMOP00000002229,8049.ENSGMOP00000002422,8049.ENSGMOP00000008403,8049.ENSGMOP00000008467,8049.ENSGMOP00000009057,8049.ENSGMOP00000011506,8049.ENSGMOP00000013289,8049.ENSGMOP00000017031,8049.ENSGMOP00000018619,8049.ENSGMOP00000018876,8049.ENSGMOP00000019806,8049.ENSGMOP00000021060	ENSGMOP00000002229,ENSGMOP00000002422,ENSGMOP00000008403,ENSGMOP00000008467,ENSGMOP00000009057,ENSGMOP00000011506,ENSGMOP00000013289,ENSGMOP00000017031,ARAP1,ENSGMOP00000018876,ENSGMOP00000019806,ENSGMOP00000021060
SMART	SM00325	Guanine nucleotide exchange factor for Rho/Rac/Cdc42-like GTPases	11	67	0.77	0.69	0.00082	8049.ENSGMOP00000000294,8049.ENSGMOP00000000409,8049.ENSGMOP00000006699,8049.ENSGMOP00000008308,8049.ENSGMOP00000010611,8049.ENSGMOP00000011506,8049.ENSGMOP00000011626,8049.ENSGMOP00000014864,8049.ENSGMOP00000016837,8049.ENSGMOP00000017996,8049.ENSGMOP00000020184	ENSGMOP00000000294,ENSGMOP00000000409,ENSGMOP00000006699,ENSGMOP00000008308,ENSGMOP00000010611,ENSGMOP00000011506,ARHGEF17,ARHGEF26,ENSGMOP00000016837,PLEKHG4B,ENSGMOP00000020184
SMART	SM00001	EGF domain, unclasssified subfamily	12	83	0.72	0.67	0.00089	8049.ENSGMOP00000001522,8049.ENSGMOP00000002159,8049.ENSGMOP00000002791,8049.ENSGMOP00000003483,8049.ENSGMOP00000004408,8049.ENSGMOP00000004711,8049.ENSGMOP00000005306,8049.ENSGMOP00000005539,8049.ENSGMOP00000006898,8049.ENSGMOP00000006909,8049.ENSGMOP00000016347,8049.ENSGMOP00000017523	ENSGMOP00000001522,ENSGMOP00000002159,ENSGMOP00000002791,LAMA3,ENSGMOP00000004408,ENSGMOP00000004711,ENSGMOP00000005306,ENSGMOP00000005539,ENSGMOP00000006898,ENSGMOP00000006909,ENSGMOP00000016347,ENSGMOP00000017523
SMART	SM00150	Spectrin repeats	8	33	0.94	0.72	0.00089	8049.ENSGMOP00000000734,8049.ENSGMOP00000004932,8049.ENSGMOP00000005714,8049.ENSGMOP00000007001,8049.ENSGMOP00000008308,8049.ENSGMOP00000020017,8049.ENSGMOP00000020283,8049.ENSGMOP00000020964	MACF1,ENSGMOP00000004932,DST,ENSGMOP00000007001,ENSGMOP00000008308,ENSGMOP00000020017,ENSGMOP00000020283,ENSGMOP00000020964
SMART	SM00242	Myosin. Large ATPases.	10	56	0.81	0.69	0.00089	8049.ENSGMOP00000001588,8049.ENSGMOP00000006071,8049.ENSGMOP00000006247,8049.ENSGMOP00000009057,8049.ENSGMOP00000010761,8049.ENSGMOP00000012028,8049.ENSGMOP00000012260,8049.ENSGMOP00000013595,8049.ENSGMOP00000017631,8049.ENSGMOP00000021060	ENSGMOP00000001588,ENSGMOP00000006071,ENSGMOP00000006247,ENSGMOP00000009057,ENSGMOP00000010761,ENSGMOP00000012028,ENSGMOP00000012260,MYO1D,ENSGMOP00000017631,ENSGMOP00000021060
SMART	SM00228	Domain present in PSD-95, Dlg, and ZO-1/2.	16	171	0.53	0.51	0.0035	8049.ENSGMOP00000000394,8049.ENSGMOP00000002960,8049.ENSGMOP00000003952,8049.ENSGMOP00000006065,8049.ENSGMOP00000010006,8049.ENSGMOP00000010761,8049.ENSGMOP00000011890,8049.ENSGMOP00000013495,8049.ENSGMOP00000014630,8049.ENSGMOP00000017088,8049.ENSGMOP00000017831,8049.ENSGMOP00000019879,8049.ENSGMOP00000019958,8049.ENSGMOP00000020136,8049.ENSGMOP00000020184,8049.ENSGMOP00000020834	ENSGMOP00000000394,ENSGMOP00000002960,ENSGMOP00000003952,ENSGMOP00000006065,ENSGMOP00000010006,ENSGMOP00000010761,SHROOM2,ENSGMOP00000013495,ENSGMOP00000014630,ENSGMOP00000017088,ENSGMOP00000017831,ENSGMOP00000019879,ENSGMOP00000019958,ENSGMOP00000020136,ENSGMOP00000020184,PCLO
SMART	SM00060	Fibronectin type 3 domain	18	217	0.47	0.48	0.0048	8049.ENSGMOP00000000192,8049.ENSGMOP00000000797,8049.ENSGMOP00000006782,8049.ENSGMOP00000008308,8049.ENSGMOP00000008329,8049.ENSGMOP00000009025,8049.ENSGMOP00000011340,8049.ENSGMOP00000011739,8049.ENSGMOP00000012838,8049.ENSGMOP00000013199,8049.ENSGMOP00000013403,8049.ENSGMOP00000014931,8049.ENSGMOP00000016451,8049.ENSGMOP00000016695,8049.ENSGMOP00000016798,8049.ENSGMOP00000017702,8049.ENSGMOP00000017842,8049.ENSGMOP00000018501	ENSGMOP00000000192,ENSGMOP00000000797,ENSGMOP00000006782,ENSGMOP00000008308,ENSGMOP00000008329,ENSGMOP00000009025,COL12A1,TTN,ENSGMOP00000012838,ENSGMOP00000013199,ENSGMOP00000013403,ENSGMOP00000014931,ENSGMOP00000016451,ENSGMOP00000016695,ENSGMOP00000016798,EPHA7,ENSGMOP00000017842,ENSGMOP00000018501
SMART	SM00261	Furin-like repeats	5	21	0.93	0.38	0.0331	8049.ENSGMOP00000000192,8049.ENSGMOP00000002159,8049.ENSGMOP00000007259,8049.ENSGMOP00000013403,8049.ENSGMOP00000016451	ENSGMOP00000000192,ENSGMOP00000002159,ENSGMOP00000007259,ENSGMOP00000013403,ENSGMOP00000016451
SMART	SM00194	Protein tyrosine phosphatase, catalytic domain	7	49	0.71	0.34	0.0386	8049.ENSGMOP00000002960,8049.ENSGMOP00000005303,8049.ENSGMOP00000006782,8049.ENSGMOP00000013495,8049.ENSGMOP00000014931,8049.ENSGMOP00000015029,8049.ENSGMOP00000018501	ENSGMOP00000002960,ENSGMOP00000005303,ENSGMOP00000006782,ENSGMOP00000013495,ENSGMOP00000014931,ENSGMOP00000015029,ENSGMOP00000018501
SMART	SM00248	Ankyrin repeats	16	223	0.41	0.31	0.0386	8049.ENSGMOP00000000641,8049.ENSGMOP00000001971,8049.ENSGMOP00000003071,8049.ENSGMOP00000006481,8049.ENSGMOP00000006539,8049.ENSGMOP00000007133,8049.ENSGMOP00000010690,8049.ENSGMOP00000011013,8049.ENSGMOP00000012049,8049.ENSGMOP00000012175,8049.ENSGMOP00000013898,8049.ENSGMOP00000015399,8049.ENSGMOP00000015517,8049.ENSGMOP00000016514,8049.ENSGMOP00000016636,8049.ENSGMOP00000018456	ENSGMOP00000000641,ENSGMOP00000001971,SOWAHC,ENSGMOP00000006481,ENSGMOP00000006539,ENSGMOP00000007133,ANKRD50,ENSGMOP00000011013,ENSGMOP00000012049,ENSGMOP00000012175,ENSGMOP00000013898,ENSGMOP00000015399,ENSGMOP00000015517,ENSGMOP00000016514,TANC2,NFKBID
SMART	SM00282	Laminin G domain	7	50	0.7	0.34	0.0386	8049.ENSGMOP00000000860,8049.ENSGMOP00000001366,8049.ENSGMOP00000003483,8049.ENSGMOP00000005306,8049.ENSGMOP00000009927,8049.ENSGMOP00000010518,8049.ENSGMOP00000017385	ENSGMOP00000000860,ENSGMOP00000001366,LAMA3,ENSGMOP00000005306,ENSGMOP00000009927,ENSGMOP00000010518,ENSGMOP00000017385
SMART	SM00326	Src homology 3 domains	17	242	0.4	0.31	0.0386	8049.ENSGMOP00000002866,8049.ENSGMOP00000006539,8049.ENSGMOP00000006563,8049.ENSGMOP00000007001,8049.ENSGMOP00000007501,8049.ENSGMOP00000007573,8049.ENSGMOP00000007903,8049.ENSGMOP00000008308,8049.ENSGMOP00000010006,8049.ENSGMOP00000012990,8049.ENSGMOP00000014411,8049.ENSGMOP00000014630,8049.ENSGMOP00000014864,8049.ENSGMOP00000017031,8049.ENSGMOP00000017987,8049.ENSGMOP00000019806,8049.ENSGMOP00000019825	ENSGMOP00000002866,ENSGMOP00000006539,ENSGMOP00000006563,ENSGMOP00000007001,ENSGMOP00000007501,ENSGMOP00000007573,ENSGMOP00000007903,ENSGMOP00000008308,ENSGMOP00000010006,ENSGMOP00000012990,ENSGMOP00000014411,ENSGMOP00000014630,ARHGEF26,ENSGMOP00000017031,ENSGMOP00000017987,ENSGMOP00000019806,ENSGMOP00000019825
SMART	SM00180	Laminin-type epidermal growth factor-like domai	6	37	0.77	0.34	0.0407	8049.ENSGMOP00000001366,8049.ENSGMOP00000002722,8049.ENSGMOP00000003483,8049.ENSGMOP00000005306,8049.ENSGMOP00000006898,8049.ENSGMOP00000016347	ENSGMOP00000001366,NTN1,LAMA3,ENSGMOP00000005306,ENSGMOP00000006898,ENSGMOP00000016347
