#category	term ID	term description	observed gene count	background gene count	strength	signal	false discovery rate	matching proteins in your network (IDs)	matching proteins in your network (labels)
GO Process	GO:0050794	Regulation of cellular process	90	9536	0.2	0.54	1.73e-06	8049.ENSGMOP00000000192,8049.ENSGMOP00000000295,8049.ENSGMOP00000000394,8049.ENSGMOP00000000741,8049.ENSGMOP00000002985,8049.ENSGMOP00000003381,8049.ENSGMOP00000003483,8049.ENSGMOP00000003514,8049.ENSGMOP00000003547,8049.ENSGMOP00000003809,8049.ENSGMOP00000003815,8049.ENSGMOP00000003911,8049.ENSGMOP00000003952,8049.ENSGMOP00000004042,8049.ENSGMOP00000004055,8049.ENSGMOP00000004711,8049.ENSGMOP00000004735,8049.ENSGMOP00000005051,8049.ENSGMOP00000005084,8049.ENSGMOP00000005232,8049.ENSGMOP00000005306,8049.ENSGMOP00000006025,8049.ENSGMOP00000006481,8049.ENSGMOP00000006558,8049.ENSGMOP00000007440,8049.ENSGMOP00000007568,8049.ENSGMOP00000007573,8049.ENSGMOP00000007861,8049.ENSGMOP00000007903,8049.ENSGMOP00000007919,8049.ENSGMOP00000008916,8049.ENSGMOP00000009025,8049.ENSGMOP00000009057,8049.ENSGMOP00000009364,8049.ENSGMOP00000009512,8049.ENSGMOP00000009774,8049.ENSGMOP00000010033,8049.ENSGMOP00000010232,8049.ENSGMOP00000010397,8049.ENSGMOP00000010431,8049.ENSGMOP00000010644,8049.ENSGMOP00000010933,8049.ENSGMOP00000011363,8049.ENSGMOP00000011506,8049.ENSGMOP00000011775,8049.ENSGMOP00000012148,8049.ENSGMOP00000012193,8049.ENSGMOP00000012747,8049.ENSGMOP00000012990,8049.ENSGMOP00000013161,8049.ENSGMOP00000013403,8049.ENSGMOP00000013414,8049.ENSGMOP00000013986,8049.ENSGMOP00000014278,8049.ENSGMOP00000014732,8049.ENSGMOP00000014786,8049.ENSGMOP00000014980,8049.ENSGMOP00000015513,8049.ENSGMOP00000015596,8049.ENSGMOP00000015608,8049.ENSGMOP00000016163,8049.ENSGMOP00000016370,8049.ENSGMOP00000016451,8049.ENSGMOP00000016550,8049.ENSGMOP00000016798,8049.ENSGMOP00000016804,8049.ENSGMOP00000016837,8049.ENSGMOP00000017025,8049.ENSGMOP00000017031,8049.ENSGMOP00000017194,8049.ENSGMOP00000017484,8049.ENSGMOP00000017523,8049.ENSGMOP00000017598,8049.ENSGMOP00000017970,8049.ENSGMOP00000018142,8049.ENSGMOP00000018378,8049.ENSGMOP00000018687,8049.ENSGMOP00000018777,8049.ENSGMOP00000019065,8049.ENSGMOP00000019559,8049.ENSGMOP00000019698,8049.ENSGMOP00000019958,8049.ENSGMOP00000020136,8049.ENSGMOP00000020184,8049.ENSGMOP00000020283,8049.ENSGMOP00000020316,8049.ENSGMOP00000020324,8049.ENSGMOP00000020924,8049.ENSGMOP00000020964,8049.ENSGMOP00000021060	ENSGMOP00000000192,ENSGMOP00000000295,ENSGMOP00000000394,ENSGMOP00000000741,ENSGMOP00000002985,ENSGMOP00000003381,LAMA3,ENSGMOP00000003514,ENSGMOP00000003547,ENSGMOP00000003809,ENSGMOP00000003815,ENSGMOP00000003911,ENSGMOP00000003952,ENSGMOP00000004042,ENSGMOP00000004055,ENSGMOP00000004711,ENSGMOP00000004735,ENSGMOP00000005051,ENSGMOP00000005084,ENSGMOP00000005232,ENSGMOP00000005306,ENSGMOP00000006025,ENSGMOP00000006481,ENSGMOP00000006558,ENSGMOP00000007440,ENSGMOP00000007568,ENSGMOP00000007573,ENSGMOP00000007861,ENSGMOP00000007903,ENSGMOP00000007919,ENSGMOP00000008916,ENSGMOP00000009025,ENSGMOP00000009057,ENSGMOP00000009364,ENSGMOP00000009512,ENSGMOP00000009774,ENSGMOP00000010033,ENSGMOP00000010232,ENSGMOP00000010397,ENSGMOP00000010431,ENSGMOP00000010644,ENSGMOP00000010933,ENSGMOP00000011363,ENSGMOP00000011506,ENSGMOP00000011775,EIF2AK4,ENSGMOP00000012193,ENSGMOP00000012747,ENSGMOP00000012990,ENSGMOP00000013161,ENSGMOP00000013403,ENSGMOP00000013414,ENSGMOP00000013986,ENSGMOP00000014278,ENSGMOP00000014732,ENSGMOP00000014786,ENSGMOP00000014980,ENSGMOP00000015513,ENSGMOP00000015596,ENSGMOP00000015608,LOC115530884,ENSGMOP00000016370,ENSGMOP00000016451,ENSGMOP00000016550,ENSGMOP00000016798,ENSGMOP00000016804,ENSGMOP00000016837,ENSGMOP00000017025,ENSGMOP00000017031,nr2e1,ENSGMOP00000017484,ENSGMOP00000017523,ENSGMOP00000017598,ENSGMOP00000017970,ENSGMOP00000018142,ENSGMOP00000018378,ENSGMOP00000018687,ENSGMOP00000018777,ENSGMOP00000019065,ENSGMOP00000019559,ENSGMOP00000019698,ENSGMOP00000019958,ENSGMOP00000020136,ENSGMOP00000020184,ENSGMOP00000020283,ENSGMOP00000020316,ENSGMOP00000020324,ENSGMOP00000020924,ENSGMOP00000020964,ENSGMOP00000021060
GO Process	GO:0051716	Cellular response to stimulus	61	4867	0.33	0.64	1.73e-06	8049.ENSGMOP00000000192,8049.ENSGMOP00000000295,8049.ENSGMOP00000000394,8049.ENSGMOP00000000741,8049.ENSGMOP00000001118,8049.ENSGMOP00000002985,8049.ENSGMOP00000003547,8049.ENSGMOP00000003809,8049.ENSGMOP00000003911,8049.ENSGMOP00000003952,8049.ENSGMOP00000004042,8049.ENSGMOP00000004055,8049.ENSGMOP00000004735,8049.ENSGMOP00000005051,8049.ENSGMOP00000005232,8049.ENSGMOP00000005743,8049.ENSGMOP00000006025,8049.ENSGMOP00000006558,8049.ENSGMOP00000007568,8049.ENSGMOP00000007861,8049.ENSGMOP00000007903,8049.ENSGMOP00000008916,8049.ENSGMOP00000009025,8049.ENSGMOP00000009057,8049.ENSGMOP00000009364,8049.ENSGMOP00000010033,8049.ENSGMOP00000010397,8049.ENSGMOP00000010431,8049.ENSGMOP00000011506,8049.ENSGMOP00000011775,8049.ENSGMOP00000012148,8049.ENSGMOP00000012990,8049.ENSGMOP00000013403,8049.ENSGMOP00000013414,8049.ENSGMOP00000013726,8049.ENSGMOP00000014732,8049.ENSGMOP00000014980,8049.ENSGMOP00000015513,8049.ENSGMOP00000015596,8049.ENSGMOP00000015608,8049.ENSGMOP00000016370,8049.ENSGMOP00000016451,8049.ENSGMOP00000016550,8049.ENSGMOP00000016798,8049.ENSGMOP00000016804,8049.ENSGMOP00000016837,8049.ENSGMOP00000017025,8049.ENSGMOP00000017031,8049.ENSGMOP00000017194,8049.ENSGMOP00000017523,8049.ENSGMOP00000017545,8049.ENSGMOP00000018142,8049.ENSGMOP00000018378,8049.ENSGMOP00000018777,8049.ENSGMOP00000019698,8049.ENSGMOP00000020136,8049.ENSGMOP00000020184,8049.ENSGMOP00000020316,8049.ENSGMOP00000020924,8049.ENSGMOP00000020956,8049.ENSGMOP00000021060	ENSGMOP00000000192,ENSGMOP00000000295,ENSGMOP00000000394,ENSGMOP00000000741,ENSGMOP00000001118,ENSGMOP00000002985,ENSGMOP00000003547,ENSGMOP00000003809,ENSGMOP00000003911,ENSGMOP00000003952,ENSGMOP00000004042,ENSGMOP00000004055,ENSGMOP00000004735,ENSGMOP00000005051,ENSGMOP00000005232,ENSGMOP00000005743,ENSGMOP00000006025,ENSGMOP00000006558,ENSGMOP00000007568,ENSGMOP00000007861,ENSGMOP00000007903,ENSGMOP00000008916,ENSGMOP00000009025,ENSGMOP00000009057,ENSGMOP00000009364,ENSGMOP00000010033,ENSGMOP00000010397,ENSGMOP00000010431,ENSGMOP00000011506,ENSGMOP00000011775,EIF2AK4,ENSGMOP00000012990,ENSGMOP00000013403,ENSGMOP00000013414,ENSGMOP00000013726,ENSGMOP00000014732,ENSGMOP00000014980,ENSGMOP00000015513,ENSGMOP00000015596,ENSGMOP00000015608,ENSGMOP00000016370,ENSGMOP00000016451,ENSGMOP00000016550,ENSGMOP00000016798,ENSGMOP00000016804,ENSGMOP00000016837,ENSGMOP00000017025,ENSGMOP00000017031,nr2e1,ENSGMOP00000017523,ENSGMOP00000017545,ENSGMOP00000018142,ENSGMOP00000018378,ENSGMOP00000018777,ENSGMOP00000019698,ENSGMOP00000020136,ENSGMOP00000020184,ENSGMOP00000020316,ENSGMOP00000020924,ENSGMOP00000020956,ENSGMOP00000021060
GO Process	GO:0048518	Positive regulation of biological process	56	4423	0.33	0.63	4.23e-06	8049.ENSGMOP00000000192,8049.ENSGMOP00000000295,8049.ENSGMOP00000000394,8049.ENSGMOP00000000741,8049.ENSGMOP00000002985,8049.ENSGMOP00000003381,8049.ENSGMOP00000003547,8049.ENSGMOP00000003815,8049.ENSGMOP00000004042,8049.ENSGMOP00000004055,8049.ENSGMOP00000004711,8049.ENSGMOP00000005051,8049.ENSGMOP00000005084,8049.ENSGMOP00000006025,8049.ENSGMOP00000007440,8049.ENSGMOP00000007573,8049.ENSGMOP00000007617,8049.ENSGMOP00000007903,8049.ENSGMOP00000007919,8049.ENSGMOP00000008916,8049.ENSGMOP00000009025,8049.ENSGMOP00000009364,8049.ENSGMOP00000009512,8049.ENSGMOP00000010232,8049.ENSGMOP00000010431,8049.ENSGMOP00000011775,8049.ENSGMOP00000012148,8049.ENSGMOP00000012193,8049.ENSGMOP00000012990,8049.ENSGMOP00000013403,8049.ENSGMOP00000013414,8049.ENSGMOP00000013986,8049.ENSGMOP00000014980,8049.ENSGMOP00000015513,8049.ENSGMOP00000015608,8049.ENSGMOP00000016370,8049.ENSGMOP00000016451,8049.ENSGMOP00000016550,8049.ENSGMOP00000016798,8049.ENSGMOP00000016837,8049.ENSGMOP00000017031,8049.ENSGMOP00000017484,8049.ENSGMOP00000017523,8049.ENSGMOP00000017598,8049.ENSGMOP00000017970,8049.ENSGMOP00000018142,8049.ENSGMOP00000018687,8049.ENSGMOP00000018777,8049.ENSGMOP00000019065,8049.ENSGMOP00000019958,8049.ENSGMOP00000020136,8049.ENSGMOP00000020184,8049.ENSGMOP00000020316,8049.ENSGMOP00000020324,8049.ENSGMOP00000020924,8049.ENSGMOP00000020956	ENSGMOP00000000192,ENSGMOP00000000295,ENSGMOP00000000394,ENSGMOP00000000741,ENSGMOP00000002985,ENSGMOP00000003381,ENSGMOP00000003547,ENSGMOP00000003815,ENSGMOP00000004042,ENSGMOP00000004055,ENSGMOP00000004711,ENSGMOP00000005051,ENSGMOP00000005084,ENSGMOP00000006025,ENSGMOP00000007440,ENSGMOP00000007573,ENSGMOP00000007617,ENSGMOP00000007903,ENSGMOP00000007919,ENSGMOP00000008916,ENSGMOP00000009025,ENSGMOP00000009364,ENSGMOP00000009512,ENSGMOP00000010232,ENSGMOP00000010431,ENSGMOP00000011775,EIF2AK4,ENSGMOP00000012193,ENSGMOP00000012990,ENSGMOP00000013403,ENSGMOP00000013414,ENSGMOP00000013986,ENSGMOP00000014980,ENSGMOP00000015513,ENSGMOP00000015608,ENSGMOP00000016370,ENSGMOP00000016451,ENSGMOP00000016550,ENSGMOP00000016798,ENSGMOP00000016837,ENSGMOP00000017031,ENSGMOP00000017484,ENSGMOP00000017523,ENSGMOP00000017598,ENSGMOP00000017970,ENSGMOP00000018142,ENSGMOP00000018687,ENSGMOP00000018777,ENSGMOP00000019065,ENSGMOP00000019958,ENSGMOP00000020136,ENSGMOP00000020184,ENSGMOP00000020316,ENSGMOP00000020324,ENSGMOP00000020924,ENSGMOP00000020956
GO Process	GO:0032502	Developmental process	55	4479	0.32	0.59	1.26e-05	8049.ENSGMOP00000000192,8049.ENSGMOP00000000295,8049.ENSGMOP00000000394,8049.ENSGMOP00000000741,8049.ENSGMOP00000001688,8049.ENSGMOP00000002985,8049.ENSGMOP00000003381,8049.ENSGMOP00000003483,8049.ENSGMOP00000003547,8049.ENSGMOP00000003809,8049.ENSGMOP00000003929,8049.ENSGMOP00000004042,8049.ENSGMOP00000005232,8049.ENSGMOP00000005306,8049.ENSGMOP00000005360,8049.ENSGMOP00000005796,8049.ENSGMOP00000006481,8049.ENSGMOP00000006594,8049.ENSGMOP00000006664,8049.ENSGMOP00000007617,8049.ENSGMOP00000007903,8049.ENSGMOP00000009025,8049.ENSGMOP00000009057,8049.ENSGMOP00000010232,8049.ENSGMOP00000010397,8049.ENSGMOP00000010431,8049.ENSGMOP00000012148,8049.ENSGMOP00000013403,8049.ENSGMOP00000013414,8049.ENSGMOP00000014786,8049.ENSGMOP00000014980,8049.ENSGMOP00000015513,8049.ENSGMOP00000015608,8049.ENSGMOP00000016347,8049.ENSGMOP00000016370,8049.ENSGMOP00000016451,8049.ENSGMOP00000016798,8049.ENSGMOP00000016804,8049.ENSGMOP00000017194,8049.ENSGMOP00000017401,8049.ENSGMOP00000017523,8049.ENSGMOP00000017970,8049.ENSGMOP00000018142,8049.ENSGMOP00000019065,8049.ENSGMOP00000019559,8049.ENSGMOP00000019698,8049.ENSGMOP00000019958,8049.ENSGMOP00000020136,8049.ENSGMOP00000020283,8049.ENSGMOP00000020316,8049.ENSGMOP00000020324,8049.ENSGMOP00000020924,8049.ENSGMOP00000020956,8049.ENSGMOP00000020964,8049.ENSGMOP00000021060	ENSGMOP00000000192,ENSGMOP00000000295,ENSGMOP00000000394,ENSGMOP00000000741,ENSGMOP00000001688,ENSGMOP00000002985,ENSGMOP00000003381,LAMA3,ENSGMOP00000003547,ENSGMOP00000003809,ENSGMOP00000003929,ENSGMOP00000004042,ENSGMOP00000005232,ENSGMOP00000005306,ENSGMOP00000005360,ENSGMOP00000005796,ENSGMOP00000006481,ENSGMOP00000006594,ENSGMOP00000006664,ENSGMOP00000007617,ENSGMOP00000007903,ENSGMOP00000009025,ENSGMOP00000009057,ENSGMOP00000010232,ENSGMOP00000010397,ENSGMOP00000010431,EIF2AK4,ENSGMOP00000013403,ENSGMOP00000013414,ENSGMOP00000014786,ENSGMOP00000014980,ENSGMOP00000015513,ENSGMOP00000015608,ENSGMOP00000016347,ENSGMOP00000016370,ENSGMOP00000016451,ENSGMOP00000016798,ENSGMOP00000016804,nr2e1,ENSGMOP00000017401,ENSGMOP00000017523,ENSGMOP00000017970,ENSGMOP00000018142,ENSGMOP00000019065,ENSGMOP00000019559,ENSGMOP00000019698,ENSGMOP00000019958,ENSGMOP00000020136,ENSGMOP00000020283,ENSGMOP00000020316,ENSGMOP00000020324,ENSGMOP00000020924,ENSGMOP00000020956,ENSGMOP00000020964,ENSGMOP00000021060
GO Process	GO:0009893	Positive regulation of metabolic process	39	2603	0.4	0.64	3.00e-05	8049.ENSGMOP00000000192,8049.ENSGMOP00000000295,8049.ENSGMOP00000000394,8049.ENSGMOP00000000741,8049.ENSGMOP00000003547,8049.ENSGMOP00000003815,8049.ENSGMOP00000004042,8049.ENSGMOP00000004055,8049.ENSGMOP00000005051,8049.ENSGMOP00000005084,8049.ENSGMOP00000006025,8049.ENSGMOP00000007440,8049.ENSGMOP00000007617,8049.ENSGMOP00000008916,8049.ENSGMOP00000009025,8049.ENSGMOP00000009364,8049.ENSGMOP00000009512,8049.ENSGMOP00000010431,8049.ENSGMOP00000011775,8049.ENSGMOP00000012148,8049.ENSGMOP00000012193,8049.ENSGMOP00000013403,8049.ENSGMOP00000013986,8049.ENSGMOP00000014980,8049.ENSGMOP00000015513,8049.ENSGMOP00000015608,8049.ENSGMOP00000016370,8049.ENSGMOP00000016451,8049.ENSGMOP00000016550,8049.ENSGMOP00000016798,8049.ENSGMOP00000017031,8049.ENSGMOP00000017484,8049.ENSGMOP00000017598,8049.ENSGMOP00000017970,8049.ENSGMOP00000018142,8049.ENSGMOP00000018777,8049.ENSGMOP00000020136,8049.ENSGMOP00000020316,8049.ENSGMOP00000020924	ENSGMOP00000000192,ENSGMOP00000000295,ENSGMOP00000000394,ENSGMOP00000000741,ENSGMOP00000003547,ENSGMOP00000003815,ENSGMOP00000004042,ENSGMOP00000004055,ENSGMOP00000005051,ENSGMOP00000005084,ENSGMOP00000006025,ENSGMOP00000007440,ENSGMOP00000007617,ENSGMOP00000008916,ENSGMOP00000009025,ENSGMOP00000009364,ENSGMOP00000009512,ENSGMOP00000010431,ENSGMOP00000011775,EIF2AK4,ENSGMOP00000012193,ENSGMOP00000013403,ENSGMOP00000013986,ENSGMOP00000014980,ENSGMOP00000015513,ENSGMOP00000015608,ENSGMOP00000016370,ENSGMOP00000016451,ENSGMOP00000016550,ENSGMOP00000016798,ENSGMOP00000017031,ENSGMOP00000017484,ENSGMOP00000017598,ENSGMOP00000017970,ENSGMOP00000018142,ENSGMOP00000018777,ENSGMOP00000020136,ENSGMOP00000020316,ENSGMOP00000020924
GO Process	GO:0007165	Signal transduction	47	3637	0.34	0.58	4.93e-05	8049.ENSGMOP00000000192,8049.ENSGMOP00000000295,8049.ENSGMOP00000000394,8049.ENSGMOP00000000741,8049.ENSGMOP00000002985,8049.ENSGMOP00000003911,8049.ENSGMOP00000003952,8049.ENSGMOP00000004042,8049.ENSGMOP00000004735,8049.ENSGMOP00000005051,8049.ENSGMOP00000005232,8049.ENSGMOP00000006025,8049.ENSGMOP00000006558,8049.ENSGMOP00000007568,8049.ENSGMOP00000007903,8049.ENSGMOP00000009057,8049.ENSGMOP00000009364,8049.ENSGMOP00000010033,8049.ENSGMOP00000010397,8049.ENSGMOP00000010431,8049.ENSGMOP00000011506,8049.ENSGMOP00000011775,8049.ENSGMOP00000012148,8049.ENSGMOP00000012990,8049.ENSGMOP00000013403,8049.ENSGMOP00000013414,8049.ENSGMOP00000014732,8049.ENSGMOP00000014980,8049.ENSGMOP00000015513,8049.ENSGMOP00000015596,8049.ENSGMOP00000015608,8049.ENSGMOP00000016370,8049.ENSGMOP00000016451,8049.ENSGMOP00000016798,8049.ENSGMOP00000016804,8049.ENSGMOP00000016837,8049.ENSGMOP00000017025,8049.ENSGMOP00000017031,8049.ENSGMOP00000017194,8049.ENSGMOP00000017523,8049.ENSGMOP00000018142,8049.ENSGMOP00000018378,8049.ENSGMOP00000019698,8049.ENSGMOP00000020136,8049.ENSGMOP00000020184,8049.ENSGMOP00000020924,8049.ENSGMOP00000021060	ENSGMOP00000000192,ENSGMOP00000000295,ENSGMOP00000000394,ENSGMOP00000000741,ENSGMOP00000002985,ENSGMOP00000003911,ENSGMOP00000003952,ENSGMOP00000004042,ENSGMOP00000004735,ENSGMOP00000005051,ENSGMOP00000005232,ENSGMOP00000006025,ENSGMOP00000006558,ENSGMOP00000007568,ENSGMOP00000007903,ENSGMOP00000009057,ENSGMOP00000009364,ENSGMOP00000010033,ENSGMOP00000010397,ENSGMOP00000010431,ENSGMOP00000011506,ENSGMOP00000011775,EIF2AK4,ENSGMOP00000012990,ENSGMOP00000013403,ENSGMOP00000013414,ENSGMOP00000014732,ENSGMOP00000014980,ENSGMOP00000015513,ENSGMOP00000015596,ENSGMOP00000015608,ENSGMOP00000016370,ENSGMOP00000016451,ENSGMOP00000016798,ENSGMOP00000016804,ENSGMOP00000016837,ENSGMOP00000017025,ENSGMOP00000017031,nr2e1,ENSGMOP00000017523,ENSGMOP00000018142,ENSGMOP00000018378,ENSGMOP00000019698,ENSGMOP00000020136,ENSGMOP00000020184,ENSGMOP00000020924,ENSGMOP00000021060
GO Process	GO:0009987	Cellular process	113	15342	0.09	0.41	4.93e-05	8049.ENSGMOP00000000192,8049.ENSGMOP00000000295,8049.ENSGMOP00000000394,8049.ENSGMOP00000000655,8049.ENSGMOP00000000741,8049.ENSGMOP00000000797,8049.ENSGMOP00000001118,8049.ENSGMOP00000001688,8049.ENSGMOP00000002985,8049.ENSGMOP00000003381,8049.ENSGMOP00000003483,8049.ENSGMOP00000003506,8049.ENSGMOP00000003514,8049.ENSGMOP00000003547,8049.ENSGMOP00000003809,8049.ENSGMOP00000003815,8049.ENSGMOP00000003911,8049.ENSGMOP00000003929,8049.ENSGMOP00000003952,8049.ENSGMOP00000004042,8049.ENSGMOP00000004055,8049.ENSGMOP00000004711,8049.ENSGMOP00000004735,8049.ENSGMOP00000005051,8049.ENSGMOP00000005232,8049.ENSGMOP00000005306,8049.ENSGMOP00000005360,8049.ENSGMOP00000005743,8049.ENSGMOP00000005796,8049.ENSGMOP00000006025,8049.ENSGMOP00000006481,8049.ENSGMOP00000006558,8049.ENSGMOP00000006594,8049.ENSGMOP00000006664,8049.ENSGMOP00000006686,8049.ENSGMOP00000007249,8049.ENSGMOP00000007440,8049.ENSGMOP00000007568,8049.ENSGMOP00000007573,8049.ENSGMOP00000007617,8049.ENSGMOP00000007861,8049.ENSGMOP00000007903,8049.ENSGMOP00000007919,8049.ENSGMOP00000008916,8049.ENSGMOP00000009025,8049.ENSGMOP00000009057,8049.ENSGMOP00000009077,8049.ENSGMOP00000009364,8049.ENSGMOP00000009386,8049.ENSGMOP00000010033,8049.ENSGMOP00000010232,8049.ENSGMOP00000010374,8049.ENSGMOP00000010397,8049.ENSGMOP00000010431,8049.ENSGMOP00000010644,8049.ENSGMOP00000010933,8049.ENSGMOP00000011363,8049.ENSGMOP00000011506,8049.ENSGMOP00000011775,8049.ENSGMOP00000011826,8049.ENSGMOP00000012148,8049.ENSGMOP00000012819,8049.ENSGMOP00000012990,8049.ENSGMOP00000013161,8049.ENSGMOP00000013403,8049.ENSGMOP00000013414,8049.ENSGMOP00000013726,8049.ENSGMOP00000013986,8049.ENSGMOP00000014278,8049.ENSGMOP00000014732,8049.ENSGMOP00000014786,8049.ENSGMOP00000014980,8049.ENSGMOP00000015513,8049.ENSGMOP00000015596,8049.ENSGMOP00000015608,8049.ENSGMOP00000016134,8049.ENSGMOP00000016347,8049.ENSGMOP00000016370,8049.ENSGMOP00000016451,8049.ENSGMOP00000016550,8049.ENSGMOP00000016798,8049.ENSGMOP00000016804,8049.ENSGMOP00000016837,8049.ENSGMOP00000017025,8049.ENSGMOP00000017031,8049.ENSGMOP00000017194,8049.ENSGMOP00000017279,8049.ENSGMOP00000017317,8049.ENSGMOP00000017401,8049.ENSGMOP00000017484,8049.ENSGMOP00000017523,8049.ENSGMOP00000017545,8049.ENSGMOP00000017598,8049.ENSGMOP00000017970,8049.ENSGMOP00000018142,8049.ENSGMOP00000018378,8049.ENSGMOP00000018687,8049.ENSGMOP00000018777,8049.ENSGMOP00000019065,8049.ENSGMOP00000019274,8049.ENSGMOP00000019499,8049.ENSGMOP00000019559,8049.ENSGMOP00000019698,8049.ENSGMOP00000019958,8049.ENSGMOP00000020136,8049.ENSGMOP00000020184,8049.ENSGMOP00000020283,8049.ENSGMOP00000020316,8049.ENSGMOP00000020324,8049.ENSGMOP00000020924,8049.ENSGMOP00000020956,8049.ENSGMOP00000020964,8049.ENSGMOP00000021060	ENSGMOP00000000192,ENSGMOP00000000295,ENSGMOP00000000394,ENSGMOP00000000655,ENSGMOP00000000741,ENSGMOP00000000797,ENSGMOP00000001118,ENSGMOP00000001688,ENSGMOP00000002985,ENSGMOP00000003381,LAMA3,ENSGMOP00000003506,ENSGMOP00000003514,ENSGMOP00000003547,ENSGMOP00000003809,ENSGMOP00000003815,ENSGMOP00000003911,ENSGMOP00000003929,ENSGMOP00000003952,ENSGMOP00000004042,ENSGMOP00000004055,ENSGMOP00000004711,ENSGMOP00000004735,ENSGMOP00000005051,ENSGMOP00000005232,ENSGMOP00000005306,ENSGMOP00000005360,ENSGMOP00000005743,ENSGMOP00000005796,ENSGMOP00000006025,ENSGMOP00000006481,ENSGMOP00000006558,ENSGMOP00000006594,ENSGMOP00000006664,LPP,ENSGMOP00000007249,ENSGMOP00000007440,ENSGMOP00000007568,ENSGMOP00000007573,ENSGMOP00000007617,ENSGMOP00000007861,ENSGMOP00000007903,ENSGMOP00000007919,ENSGMOP00000008916,ENSGMOP00000009025,ENSGMOP00000009057,ENSGMOP00000009077,ENSGMOP00000009364,ENSGMOP00000009386,ENSGMOP00000010033,ENSGMOP00000010232,ENSGMOP00000010374,ENSGMOP00000010397,ENSGMOP00000010431,ENSGMOP00000010644,ENSGMOP00000010933,ENSGMOP00000011363,ENSGMOP00000011506,ENSGMOP00000011775,ENSGMOP00000011826,EIF2AK4,ENSGMOP00000012819,ENSGMOP00000012990,ENSGMOP00000013161,ENSGMOP00000013403,ENSGMOP00000013414,ENSGMOP00000013726,ENSGMOP00000013986,ENSGMOP00000014278,ENSGMOP00000014732,ENSGMOP00000014786,ENSGMOP00000014980,ENSGMOP00000015513,ENSGMOP00000015596,ENSGMOP00000015608,ENSGMOP00000016134,ENSGMOP00000016347,ENSGMOP00000016370,ENSGMOP00000016451,ENSGMOP00000016550,ENSGMOP00000016798,ENSGMOP00000016804,ENSGMOP00000016837,ENSGMOP00000017025,ENSGMOP00000017031,nr2e1,ENSGMOP00000017279,ENSGMOP00000017317,ENSGMOP00000017401,ENSGMOP00000017484,ENSGMOP00000017523,ENSGMOP00000017545,ENSGMOP00000017598,ENSGMOP00000017970,ENSGMOP00000018142,ENSGMOP00000018378,ENSGMOP00000018687,ENSGMOP00000018777,ENSGMOP00000019065,PIP5K1A,ENSGMOP00000019499,ENSGMOP00000019559,ENSGMOP00000019698,ENSGMOP00000019958,ENSGMOP00000020136,ENSGMOP00000020184,ENSGMOP00000020283,ENSGMOP00000020316,ENSGMOP00000020324,ENSGMOP00000020924,ENSGMOP00000020956,ENSGMOP00000020964,ENSGMOP00000021060
GO Process	GO:0065009	Regulation of molecular function	34	2155	0.43	0.63	5.96e-05	8049.ENSGMOP00000000192,8049.ENSGMOP00000000295,8049.ENSGMOP00000000394,8049.ENSGMOP00000003381,8049.ENSGMOP00000003547,8049.ENSGMOP00000003809,8049.ENSGMOP00000003911,8049.ENSGMOP00000004042,8049.ENSGMOP00000009057,8049.ENSGMOP00000009364,8049.ENSGMOP00000010033,8049.ENSGMOP00000010431,8049.ENSGMOP00000011506,8049.ENSGMOP00000011775,8049.ENSGMOP00000012148,8049.ENSGMOP00000012747,8049.ENSGMOP00000012990,8049.ENSGMOP00000013403,8049.ENSGMOP00000016370,8049.ENSGMOP00000016451,8049.ENSGMOP00000016550,8049.ENSGMOP00000016798,8049.ENSGMOP00000016837,8049.ENSGMOP00000017031,8049.ENSGMOP00000017598,8049.ENSGMOP00000017970,8049.ENSGMOP00000018142,8049.ENSGMOP00000018687,8049.ENSGMOP00000019065,8049.ENSGMOP00000019559,8049.ENSGMOP00000020136,8049.ENSGMOP00000020184,8049.ENSGMOP00000020316,8049.ENSGMOP00000021060	ENSGMOP00000000192,ENSGMOP00000000295,ENSGMOP00000000394,ENSGMOP00000003381,ENSGMOP00000003547,ENSGMOP00000003809,ENSGMOP00000003911,ENSGMOP00000004042,ENSGMOP00000009057,ENSGMOP00000009364,ENSGMOP00000010033,ENSGMOP00000010431,ENSGMOP00000011506,ENSGMOP00000011775,EIF2AK4,ENSGMOP00000012747,ENSGMOP00000012990,ENSGMOP00000013403,ENSGMOP00000016370,ENSGMOP00000016451,ENSGMOP00000016550,ENSGMOP00000016798,ENSGMOP00000016837,ENSGMOP00000017031,ENSGMOP00000017598,ENSGMOP00000017970,ENSGMOP00000018142,ENSGMOP00000018687,ENSGMOP00000019065,ENSGMOP00000019559,ENSGMOP00000020136,ENSGMOP00000020184,ENSGMOP00000020316,ENSGMOP00000021060
GO Process	GO:0030154	Cell differentiation	36	2526	0.38	0.57	0.00016	8049.ENSGMOP00000000295,8049.ENSGMOP00000000394,8049.ENSGMOP00000003381,8049.ENSGMOP00000003483,8049.ENSGMOP00000003929,8049.ENSGMOP00000004042,8049.ENSGMOP00000005306,8049.ENSGMOP00000005360,8049.ENSGMOP00000005796,8049.ENSGMOP00000006481,8049.ENSGMOP00000006664,8049.ENSGMOP00000007617,8049.ENSGMOP00000009025,8049.ENSGMOP00000009057,8049.ENSGMOP00000010232,8049.ENSGMOP00000010397,8049.ENSGMOP00000010431,8049.ENSGMOP00000012148,8049.ENSGMOP00000013414,8049.ENSGMOP00000014786,8049.ENSGMOP00000015513,8049.ENSGMOP00000015608,8049.ENSGMOP00000016347,8049.ENSGMOP00000016370,8049.ENSGMOP00000016798,8049.ENSGMOP00000017194,8049.ENSGMOP00000017401,8049.ENSGMOP00000019065,8049.ENSGMOP00000019559,8049.ENSGMOP00000019958,8049.ENSGMOP00000020136,8049.ENSGMOP00000020283,8049.ENSGMOP00000020324,8049.ENSGMOP00000020924,8049.ENSGMOP00000020964,8049.ENSGMOP00000021060	ENSGMOP00000000295,ENSGMOP00000000394,ENSGMOP00000003381,LAMA3,ENSGMOP00000003929,ENSGMOP00000004042,ENSGMOP00000005306,ENSGMOP00000005360,ENSGMOP00000005796,ENSGMOP00000006481,ENSGMOP00000006664,ENSGMOP00000007617,ENSGMOP00000009025,ENSGMOP00000009057,ENSGMOP00000010232,ENSGMOP00000010397,ENSGMOP00000010431,EIF2AK4,ENSGMOP00000013414,ENSGMOP00000014786,ENSGMOP00000015513,ENSGMOP00000015608,ENSGMOP00000016347,ENSGMOP00000016370,ENSGMOP00000016798,nr2e1,ENSGMOP00000017401,ENSGMOP00000019065,ENSGMOP00000019559,ENSGMOP00000019958,ENSGMOP00000020136,ENSGMOP00000020283,ENSGMOP00000020324,ENSGMOP00000020924,ENSGMOP00000020964,ENSGMOP00000021060
GO Process	GO:0009653	Anatomical structure morphogenesis	29	1765	0.44	0.6	0.00018	8049.ENSGMOP00000000295,8049.ENSGMOP00000001688,8049.ENSGMOP00000003547,8049.ENSGMOP00000003929,8049.ENSGMOP00000004042,8049.ENSGMOP00000005232,8049.ENSGMOP00000005360,8049.ENSGMOP00000006481,8049.ENSGMOP00000006594,8049.ENSGMOP00000006664,8049.ENSGMOP00000007617,8049.ENSGMOP00000009025,8049.ENSGMOP00000009057,8049.ENSGMOP00000010397,8049.ENSGMOP00000010431,8049.ENSGMOP00000012148,8049.ENSGMOP00000013414,8049.ENSGMOP00000014786,8049.ENSGMOP00000015608,8049.ENSGMOP00000016347,8049.ENSGMOP00000016798,8049.ENSGMOP00000016804,8049.ENSGMOP00000017401,8049.ENSGMOP00000019698,8049.ENSGMOP00000019958,8049.ENSGMOP00000020316,8049.ENSGMOP00000020324,8049.ENSGMOP00000020924,8049.ENSGMOP00000021060	ENSGMOP00000000295,ENSGMOP00000001688,ENSGMOP00000003547,ENSGMOP00000003929,ENSGMOP00000004042,ENSGMOP00000005232,ENSGMOP00000005360,ENSGMOP00000006481,ENSGMOP00000006594,ENSGMOP00000006664,ENSGMOP00000007617,ENSGMOP00000009025,ENSGMOP00000009057,ENSGMOP00000010397,ENSGMOP00000010431,EIF2AK4,ENSGMOP00000013414,ENSGMOP00000014786,ENSGMOP00000015608,ENSGMOP00000016347,ENSGMOP00000016798,ENSGMOP00000016804,ENSGMOP00000017401,ENSGMOP00000019698,ENSGMOP00000019958,ENSGMOP00000020316,ENSGMOP00000020324,ENSGMOP00000020924,ENSGMOP00000021060
GO Process	GO:0032501	Multicellular organismal process	54	4864	0.27	0.5	0.00018	8049.ENSGMOP00000000192,8049.ENSGMOP00000000295,8049.ENSGMOP00000000394,8049.ENSGMOP00000000741,8049.ENSGMOP00000001688,8049.ENSGMOP00000003381,8049.ENSGMOP00000003483,8049.ENSGMOP00000003547,8049.ENSGMOP00000003809,8049.ENSGMOP00000004042,8049.ENSGMOP00000005051,8049.ENSGMOP00000005232,8049.ENSGMOP00000005306,8049.ENSGMOP00000005360,8049.ENSGMOP00000005796,8049.ENSGMOP00000006481,8049.ENSGMOP00000006558,8049.ENSGMOP00000006594,8049.ENSGMOP00000007617,8049.ENSGMOP00000007903,8049.ENSGMOP00000008916,8049.ENSGMOP00000009025,8049.ENSGMOP00000009057,8049.ENSGMOP00000010232,8049.ENSGMOP00000010397,8049.ENSGMOP00000010431,8049.ENSGMOP00000011775,8049.ENSGMOP00000012148,8049.ENSGMOP00000012990,8049.ENSGMOP00000013161,8049.ENSGMOP00000013403,8049.ENSGMOP00000013414,8049.ENSGMOP00000014786,8049.ENSGMOP00000014980,8049.ENSGMOP00000015608,8049.ENSGMOP00000016347,8049.ENSGMOP00000016370,8049.ENSGMOP00000016451,8049.ENSGMOP00000016798,8049.ENSGMOP00000016804,8049.ENSGMOP00000017401,8049.ENSGMOP00000018142,8049.ENSGMOP00000018777,8049.ENSGMOP00000019065,8049.ENSGMOP00000019698,8049.ENSGMOP00000019958,8049.ENSGMOP00000020136,8049.ENSGMOP00000020283,8049.ENSGMOP00000020316,8049.ENSGMOP00000020324,8049.ENSGMOP00000020924,8049.ENSGMOP00000020956,8049.ENSGMOP00000020964,8049.ENSGMOP00000021060	ENSGMOP00000000192,ENSGMOP00000000295,ENSGMOP00000000394,ENSGMOP00000000741,ENSGMOP00000001688,ENSGMOP00000003381,LAMA3,ENSGMOP00000003547,ENSGMOP00000003809,ENSGMOP00000004042,ENSGMOP00000005051,ENSGMOP00000005232,ENSGMOP00000005306,ENSGMOP00000005360,ENSGMOP00000005796,ENSGMOP00000006481,ENSGMOP00000006558,ENSGMOP00000006594,ENSGMOP00000007617,ENSGMOP00000007903,ENSGMOP00000008916,ENSGMOP00000009025,ENSGMOP00000009057,ENSGMOP00000010232,ENSGMOP00000010397,ENSGMOP00000010431,ENSGMOP00000011775,EIF2AK4,ENSGMOP00000012990,ENSGMOP00000013161,ENSGMOP00000013403,ENSGMOP00000013414,ENSGMOP00000014786,ENSGMOP00000014980,ENSGMOP00000015608,ENSGMOP00000016347,ENSGMOP00000016370,ENSGMOP00000016451,ENSGMOP00000016798,ENSGMOP00000016804,ENSGMOP00000017401,ENSGMOP00000018142,ENSGMOP00000018777,ENSGMOP00000019065,ENSGMOP00000019698,ENSGMOP00000019958,ENSGMOP00000020136,ENSGMOP00000020283,ENSGMOP00000020316,ENSGMOP00000020324,ENSGMOP00000020924,ENSGMOP00000020956,ENSGMOP00000020964,ENSGMOP00000021060
GO Process	GO:0050790	Regulation of catalytic activity	27	1611	0.45	0.59	0.00029	8049.ENSGMOP00000000192,8049.ENSGMOP00000000394,8049.ENSGMOP00000003547,8049.ENSGMOP00000003911,8049.ENSGMOP00000004042,8049.ENSGMOP00000009057,8049.ENSGMOP00000010033,8049.ENSGMOP00000010431,8049.ENSGMOP00000011506,8049.ENSGMOP00000011775,8049.ENSGMOP00000012747,8049.ENSGMOP00000012990,8049.ENSGMOP00000013403,8049.ENSGMOP00000016370,8049.ENSGMOP00000016451,8049.ENSGMOP00000016550,8049.ENSGMOP00000016798,8049.ENSGMOP00000016837,8049.ENSGMOP00000017031,8049.ENSGMOP00000017970,8049.ENSGMOP00000018142,8049.ENSGMOP00000019065,8049.ENSGMOP00000019559,8049.ENSGMOP00000020136,8049.ENSGMOP00000020184,8049.ENSGMOP00000020316,8049.ENSGMOP00000021060	ENSGMOP00000000192,ENSGMOP00000000394,ENSGMOP00000003547,ENSGMOP00000003911,ENSGMOP00000004042,ENSGMOP00000009057,ENSGMOP00000010033,ENSGMOP00000010431,ENSGMOP00000011506,ENSGMOP00000011775,ENSGMOP00000012747,ENSGMOP00000012990,ENSGMOP00000013403,ENSGMOP00000016370,ENSGMOP00000016451,ENSGMOP00000016550,ENSGMOP00000016798,ENSGMOP00000016837,ENSGMOP00000017031,ENSGMOP00000017970,ENSGMOP00000018142,ENSGMOP00000019065,ENSGMOP00000019559,ENSGMOP00000020136,ENSGMOP00000020184,ENSGMOP00000020316,ENSGMOP00000021060
GO Process	GO:0035556	Intracellular signal transduction	22	1130	0.52	0.62	0.00031	8049.ENSGMOP00000000295,8049.ENSGMOP00000000394,8049.ENSGMOP00000000741,8049.ENSGMOP00000004735,8049.ENSGMOP00000006558,8049.ENSGMOP00000007568,8049.ENSGMOP00000007903,8049.ENSGMOP00000009057,8049.ENSGMOP00000009364,8049.ENSGMOP00000010431,8049.ENSGMOP00000011506,8049.ENSGMOP00000012148,8049.ENSGMOP00000012990,8049.ENSGMOP00000013414,8049.ENSGMOP00000014980,8049.ENSGMOP00000015596,8049.ENSGMOP00000016798,8049.ENSGMOP00000016837,8049.ENSGMOP00000017031,8049.ENSGMOP00000018142,8049.ENSGMOP00000020184,8049.ENSGMOP00000021060	ENSGMOP00000000295,ENSGMOP00000000394,ENSGMOP00000000741,ENSGMOP00000004735,ENSGMOP00000006558,ENSGMOP00000007568,ENSGMOP00000007903,ENSGMOP00000009057,ENSGMOP00000009364,ENSGMOP00000010431,ENSGMOP00000011506,EIF2AK4,ENSGMOP00000012990,ENSGMOP00000013414,ENSGMOP00000014980,ENSGMOP00000015596,ENSGMOP00000016798,ENSGMOP00000016837,ENSGMOP00000017031,ENSGMOP00000018142,ENSGMOP00000020184,ENSGMOP00000021060
GO Process	GO:0043085	Positive regulation of catalytic activity	17	717	0.6	0.65	0.00047	8049.ENSGMOP00000000192,8049.ENSGMOP00000000394,8049.ENSGMOP00000003547,8049.ENSGMOP00000004042,8049.ENSGMOP00000009057,8049.ENSGMOP00000011506,8049.ENSGMOP00000011775,8049.ENSGMOP00000013403,8049.ENSGMOP00000016451,8049.ENSGMOP00000016550,8049.ENSGMOP00000016798,8049.ENSGMOP00000016837,8049.ENSGMOP00000017970,8049.ENSGMOP00000018142,8049.ENSGMOP00000020136,8049.ENSGMOP00000020184,8049.ENSGMOP00000021060	ENSGMOP00000000192,ENSGMOP00000000394,ENSGMOP00000003547,ENSGMOP00000004042,ENSGMOP00000009057,ENSGMOP00000011506,ENSGMOP00000011775,ENSGMOP00000013403,ENSGMOP00000016451,ENSGMOP00000016550,ENSGMOP00000016798,ENSGMOP00000016837,ENSGMOP00000017970,ENSGMOP00000018142,ENSGMOP00000020136,ENSGMOP00000020184,ENSGMOP00000021060
GO Process	GO:0007167	Enzyme-linked receptor protein signaling pathway	14	497	0.68	0.67	0.00061	8049.ENSGMOP00000000192,8049.ENSGMOP00000000295,8049.ENSGMOP00000000394,8049.ENSGMOP00000000741,8049.ENSGMOP00000004042,8049.ENSGMOP00000013403,8049.ENSGMOP00000013414,8049.ENSGMOP00000014732,8049.ENSGMOP00000014980,8049.ENSGMOP00000016451,8049.ENSGMOP00000016798,8049.ENSGMOP00000016804,8049.ENSGMOP00000017031,8049.ENSGMOP00000020136	ENSGMOP00000000192,ENSGMOP00000000295,ENSGMOP00000000394,ENSGMOP00000000741,ENSGMOP00000004042,ENSGMOP00000013403,ENSGMOP00000013414,ENSGMOP00000014732,ENSGMOP00000014980,ENSGMOP00000016451,ENSGMOP00000016798,ENSGMOP00000016804,ENSGMOP00000017031,ENSGMOP00000020136
GO Process	GO:0007155	Cell adhesion	16	702	0.59	0.57	0.0015	8049.ENSGMOP00000001688,8049.ENSGMOP00000002985,8049.ENSGMOP00000003483,8049.ENSGMOP00000003929,8049.ENSGMOP00000004711,8049.ENSGMOP00000005232,8049.ENSGMOP00000005306,8049.ENSGMOP00000006686,8049.ENSGMOP00000009025,8049.ENSGMOP00000015608,8049.ENSGMOP00000016347,8049.ENSGMOP00000016798,8049.ENSGMOP00000016804,8049.ENSGMOP00000017025,8049.ENSGMOP00000017523,8049.ENSGMOP00000019958	ENSGMOP00000001688,ENSGMOP00000002985,LAMA3,ENSGMOP00000003929,ENSGMOP00000004711,ENSGMOP00000005232,ENSGMOP00000005306,LPP,ENSGMOP00000009025,ENSGMOP00000015608,ENSGMOP00000016347,ENSGMOP00000016798,ENSGMOP00000016804,ENSGMOP00000017025,ENSGMOP00000017523,ENSGMOP00000019958
GO Process	GO:0007169	Transmembrane receptor protein tyrosine kinase signaling pathway	11	325	0.76	0.63	0.0015	8049.ENSGMOP00000000192,8049.ENSGMOP00000000394,8049.ENSGMOP00000000741,8049.ENSGMOP00000004042,8049.ENSGMOP00000013403,8049.ENSGMOP00000014732,8049.ENSGMOP00000014980,8049.ENSGMOP00000016451,8049.ENSGMOP00000016798,8049.ENSGMOP00000016804,8049.ENSGMOP00000017031	ENSGMOP00000000192,ENSGMOP00000000394,ENSGMOP00000000741,ENSGMOP00000004042,ENSGMOP00000013403,ENSGMOP00000014732,ENSGMOP00000014980,ENSGMOP00000016451,ENSGMOP00000016798,ENSGMOP00000016804,ENSGMOP00000017031
GO Process	GO:0071840	Cellular component organization or biogenesis	51	4885	0.25	0.41	0.0021	8049.ENSGMOP00000000192,8049.ENSGMOP00000000295,8049.ENSGMOP00000000394,8049.ENSGMOP00000000655,8049.ENSGMOP00000000797,8049.ENSGMOP00000003547,8049.ENSGMOP00000003809,8049.ENSGMOP00000003815,8049.ENSGMOP00000003911,8049.ENSGMOP00000004055,8049.ENSGMOP00000005360,8049.ENSGMOP00000005796,8049.ENSGMOP00000006025,8049.ENSGMOP00000006558,8049.ENSGMOP00000006594,8049.ENSGMOP00000006664,8049.ENSGMOP00000007249,8049.ENSGMOP00000007617,8049.ENSGMOP00000008916,8049.ENSGMOP00000009025,8049.ENSGMOP00000009057,8049.ENSGMOP00000009077,8049.ENSGMOP00000009364,8049.ENSGMOP00000009386,8049.ENSGMOP00000010232,8049.ENSGMOP00000010374,8049.ENSGMOP00000010397,8049.ENSGMOP00000010431,8049.ENSGMOP00000011775,8049.ENSGMOP00000011826,8049.ENSGMOP00000012148,8049.ENSGMOP00000013161,8049.ENSGMOP00000013403,8049.ENSGMOP00000014786,8049.ENSGMOP00000015608,8049.ENSGMOP00000016347,8049.ENSGMOP00000016451,8049.ENSGMOP00000016804,8049.ENSGMOP00000017401,8049.ENSGMOP00000017484,8049.ENSGMOP00000017598,8049.ENSGMOP00000017970,8049.ENSGMOP00000018142,8049.ENSGMOP00000019065,8049.ENSGMOP00000019559,8049.ENSGMOP00000019698,8049.ENSGMOP00000019958,8049.ENSGMOP00000020283,8049.ENSGMOP00000020324,8049.ENSGMOP00000020964,8049.ENSGMOP00000021060	ENSGMOP00000000192,ENSGMOP00000000295,ENSGMOP00000000394,ENSGMOP00000000655,ENSGMOP00000000797,ENSGMOP00000003547,ENSGMOP00000003809,ENSGMOP00000003815,ENSGMOP00000003911,ENSGMOP00000004055,ENSGMOP00000005360,ENSGMOP00000005796,ENSGMOP00000006025,ENSGMOP00000006558,ENSGMOP00000006594,ENSGMOP00000006664,ENSGMOP00000007249,ENSGMOP00000007617,ENSGMOP00000008916,ENSGMOP00000009025,ENSGMOP00000009057,ENSGMOP00000009077,ENSGMOP00000009364,ENSGMOP00000009386,ENSGMOP00000010232,ENSGMOP00000010374,ENSGMOP00000010397,ENSGMOP00000010431,ENSGMOP00000011775,ENSGMOP00000011826,EIF2AK4,ENSGMOP00000013161,ENSGMOP00000013403,ENSGMOP00000014786,ENSGMOP00000015608,ENSGMOP00000016347,ENSGMOP00000016451,ENSGMOP00000016804,ENSGMOP00000017401,ENSGMOP00000017484,ENSGMOP00000017598,ENSGMOP00000017970,ENSGMOP00000018142,ENSGMOP00000019065,ENSGMOP00000019559,ENSGMOP00000019698,ENSGMOP00000019958,ENSGMOP00000020283,ENSGMOP00000020324,ENSGMOP00000020964,ENSGMOP00000021060
GO Process	GO:0043087	Regulation of GTPase activity	10	283	0.78	0.6	0.0025	8049.ENSGMOP00000000394,8049.ENSGMOP00000003911,8049.ENSGMOP00000009057,8049.ENSGMOP00000010431,8049.ENSGMOP00000011506,8049.ENSGMOP00000011775,8049.ENSGMOP00000016837,8049.ENSGMOP00000018142,8049.ENSGMOP00000020184,8049.ENSGMOP00000021060	ENSGMOP00000000394,ENSGMOP00000003911,ENSGMOP00000009057,ENSGMOP00000010431,ENSGMOP00000011506,ENSGMOP00000011775,ENSGMOP00000016837,ENSGMOP00000018142,ENSGMOP00000020184,ENSGMOP00000021060
GO Process	GO:0048519	Negative regulation of biological process	41	3548	0.29	0.42	0.0025	8049.ENSGMOP00000000295,8049.ENSGMOP00000000394,8049.ENSGMOP00000000741,8049.ENSGMOP00000003381,8049.ENSGMOP00000004711,8049.ENSGMOP00000004735,8049.ENSGMOP00000005051,8049.ENSGMOP00000005084,8049.ENSGMOP00000006481,8049.ENSGMOP00000007440,8049.ENSGMOP00000007568,8049.ENSGMOP00000007861,8049.ENSGMOP00000008916,8049.ENSGMOP00000009364,8049.ENSGMOP00000009512,8049.ENSGMOP00000009774,8049.ENSGMOP00000010232,8049.ENSGMOP00000010397,8049.ENSGMOP00000010431,8049.ENSGMOP00000011775,8049.ENSGMOP00000012148,8049.ENSGMOP00000012193,8049.ENSGMOP00000012990,8049.ENSGMOP00000013161,8049.ENSGMOP00000013414,8049.ENSGMOP00000013986,8049.ENSGMOP00000014732,8049.ENSGMOP00000014980,8049.ENSGMOP00000015513,8049.ENSGMOP00000016163,8049.ENSGMOP00000016550,8049.ENSGMOP00000016798,8049.ENSGMOP00000017194,8049.ENSGMOP00000018687,8049.ENSGMOP00000019065,8049.ENSGMOP00000019559,8049.ENSGMOP00000019958,8049.ENSGMOP00000020136,8049.ENSGMOP00000020316,8049.ENSGMOP00000020324,8049.ENSGMOP00000020924	ENSGMOP00000000295,ENSGMOP00000000394,ENSGMOP00000000741,ENSGMOP00000003381,ENSGMOP00000004711,ENSGMOP00000004735,ENSGMOP00000005051,ENSGMOP00000005084,ENSGMOP00000006481,ENSGMOP00000007440,ENSGMOP00000007568,ENSGMOP00000007861,ENSGMOP00000008916,ENSGMOP00000009364,ENSGMOP00000009512,ENSGMOP00000009774,ENSGMOP00000010232,ENSGMOP00000010397,ENSGMOP00000010431,ENSGMOP00000011775,EIF2AK4,ENSGMOP00000012193,ENSGMOP00000012990,ENSGMOP00000013161,ENSGMOP00000013414,ENSGMOP00000013986,ENSGMOP00000014732,ENSGMOP00000014980,ENSGMOP00000015513,LOC115530884,ENSGMOP00000016550,ENSGMOP00000016798,nr2e1,ENSGMOP00000018687,ENSGMOP00000019065,ENSGMOP00000019559,ENSGMOP00000019958,ENSGMOP00000020136,ENSGMOP00000020316,ENSGMOP00000020324,ENSGMOP00000020924
GO Process	GO:0031325	Positive regulation of cellular metabolic process	29	2121	0.36	0.43	0.0038	8049.ENSGMOP00000000192,8049.ENSGMOP00000000295,8049.ENSGMOP00000000394,8049.ENSGMOP00000003815,8049.ENSGMOP00000004042,8049.ENSGMOP00000004055,8049.ENSGMOP00000005051,8049.ENSGMOP00000005084,8049.ENSGMOP00000006025,8049.ENSGMOP00000009364,8049.ENSGMOP00000009512,8049.ENSGMOP00000010431,8049.ENSGMOP00000011775,8049.ENSGMOP00000012148,8049.ENSGMOP00000012193,8049.ENSGMOP00000013403,8049.ENSGMOP00000013986,8049.ENSGMOP00000015513,8049.ENSGMOP00000015608,8049.ENSGMOP00000016370,8049.ENSGMOP00000016451,8049.ENSGMOP00000016550,8049.ENSGMOP00000016798,8049.ENSGMOP00000017031,8049.ENSGMOP00000017484,8049.ENSGMOP00000018142,8049.ENSGMOP00000018777,8049.ENSGMOP00000020136,8049.ENSGMOP00000020924	ENSGMOP00000000192,ENSGMOP00000000295,ENSGMOP00000000394,ENSGMOP00000003815,ENSGMOP00000004042,ENSGMOP00000004055,ENSGMOP00000005051,ENSGMOP00000005084,ENSGMOP00000006025,ENSGMOP00000009364,ENSGMOP00000009512,ENSGMOP00000010431,ENSGMOP00000011775,EIF2AK4,ENSGMOP00000012193,ENSGMOP00000013403,ENSGMOP00000013986,ENSGMOP00000015513,ENSGMOP00000015608,ENSGMOP00000016370,ENSGMOP00000016451,ENSGMOP00000016550,ENSGMOP00000016798,ENSGMOP00000017031,ENSGMOP00000017484,ENSGMOP00000018142,ENSGMOP00000018777,ENSGMOP00000020136,ENSGMOP00000020924
GO Process	GO:0048731	System development	36	3010	0.31	0.4	0.0047	8049.ENSGMOP00000000295,8049.ENSGMOP00000000394,8049.ENSGMOP00000000741,8049.ENSGMOP00000001688,8049.ENSGMOP00000003483,8049.ENSGMOP00000003547,8049.ENSGMOP00000003809,8049.ENSGMOP00000004042,8049.ENSGMOP00000005232,8049.ENSGMOP00000005306,8049.ENSGMOP00000005360,8049.ENSGMOP00000005796,8049.ENSGMOP00000006481,8049.ENSGMOP00000007617,8049.ENSGMOP00000009025,8049.ENSGMOP00000009057,8049.ENSGMOP00000010232,8049.ENSGMOP00000010397,8049.ENSGMOP00000010431,8049.ENSGMOP00000012148,8049.ENSGMOP00000013414,8049.ENSGMOP00000014786,8049.ENSGMOP00000014980,8049.ENSGMOP00000015608,8049.ENSGMOP00000016370,8049.ENSGMOP00000016798,8049.ENSGMOP00000016804,8049.ENSGMOP00000017401,8049.ENSGMOP00000019065,8049.ENSGMOP00000019698,8049.ENSGMOP00000019958,8049.ENSGMOP00000020136,8049.ENSGMOP00000020324,8049.ENSGMOP00000020924,8049.ENSGMOP00000020956,8049.ENSGMOP00000021060	ENSGMOP00000000295,ENSGMOP00000000394,ENSGMOP00000000741,ENSGMOP00000001688,LAMA3,ENSGMOP00000003547,ENSGMOP00000003809,ENSGMOP00000004042,ENSGMOP00000005232,ENSGMOP00000005306,ENSGMOP00000005360,ENSGMOP00000005796,ENSGMOP00000006481,ENSGMOP00000007617,ENSGMOP00000009025,ENSGMOP00000009057,ENSGMOP00000010232,ENSGMOP00000010397,ENSGMOP00000010431,EIF2AK4,ENSGMOP00000013414,ENSGMOP00000014786,ENSGMOP00000014980,ENSGMOP00000015608,ENSGMOP00000016370,ENSGMOP00000016798,ENSGMOP00000016804,ENSGMOP00000017401,ENSGMOP00000019065,ENSGMOP00000019698,ENSGMOP00000019958,ENSGMOP00000020136,ENSGMOP00000020324,ENSGMOP00000020924,ENSGMOP00000020956,ENSGMOP00000021060
GO Process	GO:0042221	Response to chemical	30	2299	0.34	0.41	0.0058	8049.ENSGMOP00000000192,8049.ENSGMOP00000000295,8049.ENSGMOP00000000394,8049.ENSGMOP00000000741,8049.ENSGMOP00000002985,8049.ENSGMOP00000004735,8049.ENSGMOP00000005051,8049.ENSGMOP00000005743,8049.ENSGMOP00000006025,8049.ENSGMOP00000007568,8049.ENSGMOP00000007903,8049.ENSGMOP00000010431,8049.ENSGMOP00000011775,8049.ENSGMOP00000012990,8049.ENSGMOP00000013403,8049.ENSGMOP00000013414,8049.ENSGMOP00000014980,8049.ENSGMOP00000015513,8049.ENSGMOP00000015608,8049.ENSGMOP00000016370,8049.ENSGMOP00000016451,8049.ENSGMOP00000017025,8049.ENSGMOP00000017031,8049.ENSGMOP00000017523,8049.ENSGMOP00000018687,8049.ENSGMOP00000018777,8049.ENSGMOP00000020136,8049.ENSGMOP00000020316,8049.ENSGMOP00000020324,8049.ENSGMOP00000020956	ENSGMOP00000000192,ENSGMOP00000000295,ENSGMOP00000000394,ENSGMOP00000000741,ENSGMOP00000002985,ENSGMOP00000004735,ENSGMOP00000005051,ENSGMOP00000005743,ENSGMOP00000006025,ENSGMOP00000007568,ENSGMOP00000007903,ENSGMOP00000010431,ENSGMOP00000011775,ENSGMOP00000012990,ENSGMOP00000013403,ENSGMOP00000013414,ENSGMOP00000014980,ENSGMOP00000015513,ENSGMOP00000015608,ENSGMOP00000016370,ENSGMOP00000016451,ENSGMOP00000017025,ENSGMOP00000017031,ENSGMOP00000017523,ENSGMOP00000018687,ENSGMOP00000018777,ENSGMOP00000020136,ENSGMOP00000020316,ENSGMOP00000020324,ENSGMOP00000020956
GO Process	GO:0043549	Regulation of kinase activity	12	476	0.63	0.48	0.0070	8049.ENSGMOP00000000192,8049.ENSGMOP00000000394,8049.ENSGMOP00000004042,8049.ENSGMOP00000010431,8049.ENSGMOP00000013403,8049.ENSGMOP00000016451,8049.ENSGMOP00000016550,8049.ENSGMOP00000016798,8049.ENSGMOP00000017031,8049.ENSGMOP00000018142,8049.ENSGMOP00000019559,8049.ENSGMOP00000020316	ENSGMOP00000000192,ENSGMOP00000000394,ENSGMOP00000004042,ENSGMOP00000010431,ENSGMOP00000013403,ENSGMOP00000016451,ENSGMOP00000016550,ENSGMOP00000016798,ENSGMOP00000017031,ENSGMOP00000018142,ENSGMOP00000019559,ENSGMOP00000020316
GO Process	GO:0002009	Morphogenesis of an epithelium	10	332	0.71	0.49	0.0074	8049.ENSGMOP00000000295,8049.ENSGMOP00000001688,8049.ENSGMOP00000003547,8049.ENSGMOP00000005360,8049.ENSGMOP00000006481,8049.ENSGMOP00000007617,8049.ENSGMOP00000009025,8049.ENSGMOP00000009057,8049.ENSGMOP00000020924,8049.ENSGMOP00000021060	ENSGMOP00000000295,ENSGMOP00000001688,ENSGMOP00000003547,ENSGMOP00000005360,ENSGMOP00000006481,ENSGMOP00000007617,ENSGMOP00000009025,ENSGMOP00000009057,ENSGMOP00000020924,ENSGMOP00000021060
GO Process	GO:0051345	Positive regulation of hydrolase activity	10	337	0.7	0.49	0.0081	8049.ENSGMOP00000000394,8049.ENSGMOP00000003547,8049.ENSGMOP00000009057,8049.ENSGMOP00000011506,8049.ENSGMOP00000011775,8049.ENSGMOP00000016837,8049.ENSGMOP00000017970,8049.ENSGMOP00000020136,8049.ENSGMOP00000020184,8049.ENSGMOP00000021060	ENSGMOP00000000394,ENSGMOP00000003547,ENSGMOP00000009057,ENSGMOP00000011506,ENSGMOP00000011775,ENSGMOP00000016837,ENSGMOP00000017970,ENSGMOP00000020136,ENSGMOP00000020184,ENSGMOP00000021060
GO Process	GO:0060429	Epithelium development	15	753	0.53	0.44	0.0091	8049.ENSGMOP00000000295,8049.ENSGMOP00000000394,8049.ENSGMOP00000001688,8049.ENSGMOP00000003547,8049.ENSGMOP00000004042,8049.ENSGMOP00000005360,8049.ENSGMOP00000006481,8049.ENSGMOP00000007617,8049.ENSGMOP00000009025,8049.ENSGMOP00000009057,8049.ENSGMOP00000013414,8049.ENSGMOP00000014786,8049.ENSGMOP00000020136,8049.ENSGMOP00000020924,8049.ENSGMOP00000021060	ENSGMOP00000000295,ENSGMOP00000000394,ENSGMOP00000001688,ENSGMOP00000003547,ENSGMOP00000004042,ENSGMOP00000005360,ENSGMOP00000006481,ENSGMOP00000007617,ENSGMOP00000009025,ENSGMOP00000009057,ENSGMOP00000013414,ENSGMOP00000014786,ENSGMOP00000020136,ENSGMOP00000020924,ENSGMOP00000021060
GO Process	GO:0003170	Heart valve development	4	31	1.34	0.55	0.0099	8049.ENSGMOP00000000295,8049.ENSGMOP00000003547,8049.ENSGMOP00000006481,8049.ENSGMOP00000010431	ENSGMOP00000000295,ENSGMOP00000003547,ENSGMOP00000006481,ENSGMOP00000010431
GO Process	GO:0008286	Insulin receptor signaling pathway	4	31	1.34	0.55	0.0099	8049.ENSGMOP00000000192,8049.ENSGMOP00000013403,8049.ENSGMOP00000016451,8049.ENSGMOP00000017031	ENSGMOP00000000192,ENSGMOP00000013403,ENSGMOP00000016451,ENSGMOP00000017031
GO Process	GO:0051173	Positive regulation of nitrogen compound metabolic process	28	2149	0.34	0.38	0.0099	8049.ENSGMOP00000000295,8049.ENSGMOP00000000394,8049.ENSGMOP00000003547,8049.ENSGMOP00000003815,8049.ENSGMOP00000004055,8049.ENSGMOP00000005051,8049.ENSGMOP00000005084,8049.ENSGMOP00000006025,8049.ENSGMOP00000008916,8049.ENSGMOP00000009364,8049.ENSGMOP00000009512,8049.ENSGMOP00000010431,8049.ENSGMOP00000011775,8049.ENSGMOP00000012148,8049.ENSGMOP00000012193,8049.ENSGMOP00000013986,8049.ENSGMOP00000015513,8049.ENSGMOP00000015608,8049.ENSGMOP00000016370,8049.ENSGMOP00000016550,8049.ENSGMOP00000017031,8049.ENSGMOP00000017484,8049.ENSGMOP00000017598,8049.ENSGMOP00000017970,8049.ENSGMOP00000018142,8049.ENSGMOP00000018777,8049.ENSGMOP00000020136,8049.ENSGMOP00000020924	ENSGMOP00000000295,ENSGMOP00000000394,ENSGMOP00000003547,ENSGMOP00000003815,ENSGMOP00000004055,ENSGMOP00000005051,ENSGMOP00000005084,ENSGMOP00000006025,ENSGMOP00000008916,ENSGMOP00000009364,ENSGMOP00000009512,ENSGMOP00000010431,ENSGMOP00000011775,EIF2AK4,ENSGMOP00000012193,ENSGMOP00000013986,ENSGMOP00000015513,ENSGMOP00000015608,ENSGMOP00000016370,ENSGMOP00000016550,ENSGMOP00000017031,ENSGMOP00000017484,ENSGMOP00000017598,ENSGMOP00000017970,ENSGMOP00000018142,ENSGMOP00000018777,ENSGMOP00000020136,ENSGMOP00000020924
GO Process	GO:0007166	Cell surface receptor signaling pathway	22	1473	0.4	0.39	0.0100	8049.ENSGMOP00000000192,8049.ENSGMOP00000000295,8049.ENSGMOP00000000394,8049.ENSGMOP00000000741,8049.ENSGMOP00000002985,8049.ENSGMOP00000004042,8049.ENSGMOP00000005232,8049.ENSGMOP00000007903,8049.ENSGMOP00000010397,8049.ENSGMOP00000013403,8049.ENSGMOP00000013414,8049.ENSGMOP00000014732,8049.ENSGMOP00000014980,8049.ENSGMOP00000016370,8049.ENSGMOP00000016451,8049.ENSGMOP00000016798,8049.ENSGMOP00000016804,8049.ENSGMOP00000017025,8049.ENSGMOP00000017031,8049.ENSGMOP00000017523,8049.ENSGMOP00000018378,8049.ENSGMOP00000020136	ENSGMOP00000000192,ENSGMOP00000000295,ENSGMOP00000000394,ENSGMOP00000000741,ENSGMOP00000002985,ENSGMOP00000004042,ENSGMOP00000005232,ENSGMOP00000007903,ENSGMOP00000010397,ENSGMOP00000013403,ENSGMOP00000013414,ENSGMOP00000014732,ENSGMOP00000014980,ENSGMOP00000016370,ENSGMOP00000016451,ENSGMOP00000016798,ENSGMOP00000016804,ENSGMOP00000017025,ENSGMOP00000017031,ENSGMOP00000017523,ENSGMOP00000018378,ENSGMOP00000020136
GO Process	GO:0019220	Regulation of phosphate metabolic process	16	864	0.5	0.42	0.0102	8049.ENSGMOP00000000192,8049.ENSGMOP00000000295,8049.ENSGMOP00000000394,8049.ENSGMOP00000004042,8049.ENSGMOP00000010431,8049.ENSGMOP00000012148,8049.ENSGMOP00000013403,8049.ENSGMOP00000016451,8049.ENSGMOP00000016550,8049.ENSGMOP00000016798,8049.ENSGMOP00000017031,8049.ENSGMOP00000018142,8049.ENSGMOP00000019559,8049.ENSGMOP00000019958,8049.ENSGMOP00000020136,8049.ENSGMOP00000020316	ENSGMOP00000000192,ENSGMOP00000000295,ENSGMOP00000000394,ENSGMOP00000004042,ENSGMOP00000010431,EIF2AK4,ENSGMOP00000013403,ENSGMOP00000016451,ENSGMOP00000016550,ENSGMOP00000016798,ENSGMOP00000017031,ENSGMOP00000018142,ENSGMOP00000019559,ENSGMOP00000019958,ENSGMOP00000020136,ENSGMOP00000020316
GO Process	GO:0018193	Peptidyl-amino acid modification	15	783	0.51	0.42	0.0104	8049.ENSGMOP00000000192,8049.ENSGMOP00000003815,8049.ENSGMOP00000004042,8049.ENSGMOP00000004055,8049.ENSGMOP00000005743,8049.ENSGMOP00000009364,8049.ENSGMOP00000009774,8049.ENSGMOP00000010431,8049.ENSGMOP00000011363,8049.ENSGMOP00000013403,8049.ENSGMOP00000016451,8049.ENSGMOP00000016798,8049.ENSGMOP00000017484,8049.ENSGMOP00000018142,8049.ENSGMOP00000020956	ENSGMOP00000000192,ENSGMOP00000003815,ENSGMOP00000004042,ENSGMOP00000004055,ENSGMOP00000005743,ENSGMOP00000009364,ENSGMOP00000009774,ENSGMOP00000010431,ENSGMOP00000011363,ENSGMOP00000013403,ENSGMOP00000016451,ENSGMOP00000016798,ENSGMOP00000017484,ENSGMOP00000018142,ENSGMOP00000020956
GO Process	GO:0045937	Positive regulation of phosphate metabolic process	12	512	0.6	0.44	0.0104	8049.ENSGMOP00000000192,8049.ENSGMOP00000000295,8049.ENSGMOP00000000394,8049.ENSGMOP00000004042,8049.ENSGMOP00000010431,8049.ENSGMOP00000012148,8049.ENSGMOP00000013403,8049.ENSGMOP00000016451,8049.ENSGMOP00000016550,8049.ENSGMOP00000016798,8049.ENSGMOP00000018142,8049.ENSGMOP00000020136	ENSGMOP00000000192,ENSGMOP00000000295,ENSGMOP00000000394,ENSGMOP00000004042,ENSGMOP00000010431,EIF2AK4,ENSGMOP00000013403,ENSGMOP00000016451,ENSGMOP00000016550,ENSGMOP00000016798,ENSGMOP00000018142,ENSGMOP00000020136
GO Process	GO:0048870	Cell motility	14	683	0.54	0.43	0.0104	8049.ENSGMOP00000000394,8049.ENSGMOP00000000741,8049.ENSGMOP00000002985,8049.ENSGMOP00000003929,8049.ENSGMOP00000012990,8049.ENSGMOP00000014980,8049.ENSGMOP00000016347,8049.ENSGMOP00000016798,8049.ENSGMOP00000017025,8049.ENSGMOP00000017523,8049.ENSGMOP00000019499,8049.ENSGMOP00000019698,8049.ENSGMOP00000020316,8049.ENSGMOP00000020956	ENSGMOP00000000394,ENSGMOP00000000741,ENSGMOP00000002985,ENSGMOP00000003929,ENSGMOP00000012990,ENSGMOP00000014980,ENSGMOP00000016347,ENSGMOP00000016798,ENSGMOP00000017025,ENSGMOP00000017523,ENSGMOP00000019499,ENSGMOP00000019698,ENSGMOP00000020316,ENSGMOP00000020956
GO Process	GO:0051336	Regulation of hydrolase activity	13	595	0.57	0.44	0.0104	8049.ENSGMOP00000000394,8049.ENSGMOP00000003547,8049.ENSGMOP00000003911,8049.ENSGMOP00000009057,8049.ENSGMOP00000010431,8049.ENSGMOP00000011506,8049.ENSGMOP00000011775,8049.ENSGMOP00000016837,8049.ENSGMOP00000017970,8049.ENSGMOP00000018142,8049.ENSGMOP00000020136,8049.ENSGMOP00000020184,8049.ENSGMOP00000021060	ENSGMOP00000000394,ENSGMOP00000003547,ENSGMOP00000003911,ENSGMOP00000009057,ENSGMOP00000010431,ENSGMOP00000011506,ENSGMOP00000011775,ENSGMOP00000016837,ENSGMOP00000017970,ENSGMOP00000018142,ENSGMOP00000020136,ENSGMOP00000020184,ENSGMOP00000021060
GO Process	GO:0072359	Circulatory system development	14	686	0.54	0.43	0.0104	8049.ENSGMOP00000000295,8049.ENSGMOP00000000394,8049.ENSGMOP00000001688,8049.ENSGMOP00000003547,8049.ENSGMOP00000004042,8049.ENSGMOP00000006481,8049.ENSGMOP00000007617,8049.ENSGMOP00000010431,8049.ENSGMOP00000014786,8049.ENSGMOP00000015608,8049.ENSGMOP00000016804,8049.ENSGMOP00000017401,8049.ENSGMOP00000019698,8049.ENSGMOP00000020924	ENSGMOP00000000295,ENSGMOP00000000394,ENSGMOP00000001688,ENSGMOP00000003547,ENSGMOP00000004042,ENSGMOP00000006481,ENSGMOP00000007617,ENSGMOP00000010431,ENSGMOP00000014786,ENSGMOP00000015608,ENSGMOP00000016804,ENSGMOP00000017401,ENSGMOP00000019698,ENSGMOP00000020924
GO Process	GO:0009725	Response to hormone	10	363	0.67	0.46	0.0106	8049.ENSGMOP00000000192,8049.ENSGMOP00000006025,8049.ENSGMOP00000007568,8049.ENSGMOP00000010431,8049.ENSGMOP00000013403,8049.ENSGMOP00000015513,8049.ENSGMOP00000016370,8049.ENSGMOP00000016451,8049.ENSGMOP00000017031,8049.ENSGMOP00000018777	ENSGMOP00000000192,ENSGMOP00000006025,ENSGMOP00000007568,ENSGMOP00000010431,ENSGMOP00000013403,ENSGMOP00000015513,ENSGMOP00000016370,ENSGMOP00000016451,ENSGMOP00000017031,ENSGMOP00000018777
GO Process	GO:0031589	Cell-substrate adhesion	6	113	0.95	0.5	0.0106	8049.ENSGMOP00000002985,8049.ENSGMOP00000005232,8049.ENSGMOP00000016347,8049.ENSGMOP00000016798,8049.ENSGMOP00000017025,8049.ENSGMOP00000017523	ENSGMOP00000002985,ENSGMOP00000005232,ENSGMOP00000016347,ENSGMOP00000016798,ENSGMOP00000017025,ENSGMOP00000017523
GO Process	GO:0036211	Protein modification process	31	2566	0.31	0.36	0.0106	8049.ENSGMOP00000000192,8049.ENSGMOP00000003381,8049.ENSGMOP00000003809,8049.ENSGMOP00000003815,8049.ENSGMOP00000004042,8049.ENSGMOP00000004055,8049.ENSGMOP00000005743,8049.ENSGMOP00000006481,8049.ENSGMOP00000006558,8049.ENSGMOP00000007617,8049.ENSGMOP00000007861,8049.ENSGMOP00000008916,8049.ENSGMOP00000009364,8049.ENSGMOP00000009774,8049.ENSGMOP00000010033,8049.ENSGMOP00000010431,8049.ENSGMOP00000010933,8049.ENSGMOP00000011363,8049.ENSGMOP00000012148,8049.ENSGMOP00000012193,8049.ENSGMOP00000012819,8049.ENSGMOP00000013403,8049.ENSGMOP00000016134,8049.ENSGMOP00000016451,8049.ENSGMOP00000016798,8049.ENSGMOP00000017401,8049.ENSGMOP00000017484,8049.ENSGMOP00000017545,8049.ENSGMOP00000018142,8049.ENSGMOP00000019065,8049.ENSGMOP00000020956	ENSGMOP00000000192,ENSGMOP00000003381,ENSGMOP00000003809,ENSGMOP00000003815,ENSGMOP00000004042,ENSGMOP00000004055,ENSGMOP00000005743,ENSGMOP00000006481,ENSGMOP00000006558,ENSGMOP00000007617,ENSGMOP00000007861,ENSGMOP00000008916,ENSGMOP00000009364,ENSGMOP00000009774,ENSGMOP00000010033,ENSGMOP00000010431,ENSGMOP00000010933,ENSGMOP00000011363,EIF2AK4,ENSGMOP00000012193,ENSGMOP00000012819,ENSGMOP00000013403,ENSGMOP00000016134,ENSGMOP00000016451,ENSGMOP00000016798,ENSGMOP00000017401,ENSGMOP00000017484,ENSGMOP00000017545,ENSGMOP00000018142,ENSGMOP00000019065,ENSGMOP00000020956
GO Process	GO:0051896	Regulation of protein kinase B signaling	5	69	1.09	0.52	0.0106	8049.ENSGMOP00000000741,8049.ENSGMOP00000010431,8049.ENSGMOP00000014980,8049.ENSGMOP00000018142,8049.ENSGMOP00000020136	ENSGMOP00000000741,ENSGMOP00000010431,ENSGMOP00000014980,ENSGMOP00000018142,ENSGMOP00000020136
GO Process	GO:0033627	Cell adhesion mediated by integrin	4	36	1.27	0.52	0.0120	8049.ENSGMOP00000002985,8049.ENSGMOP00000005232,8049.ENSGMOP00000017025,8049.ENSGMOP00000017523	ENSGMOP00000002985,ENSGMOP00000005232,ENSGMOP00000017025,ENSGMOP00000017523
GO Process	GO:0051128	Regulation of cellular component organization	22	1530	0.39	0.38	0.0126	8049.ENSGMOP00000000295,8049.ENSGMOP00000000394,8049.ENSGMOP00000003381,8049.ENSGMOP00000003911,8049.ENSGMOP00000007568,8049.ENSGMOP00000007573,8049.ENSGMOP00000008916,8049.ENSGMOP00000009025,8049.ENSGMOP00000010431,8049.ENSGMOP00000013161,8049.ENSGMOP00000014786,8049.ENSGMOP00000016163,8049.ENSGMOP00000016837,8049.ENSGMOP00000017970,8049.ENSGMOP00000018142,8049.ENSGMOP00000018687,8049.ENSGMOP00000019065,8049.ENSGMOP00000020136,8049.ENSGMOP00000020184,8049.ENSGMOP00000020283,8049.ENSGMOP00000020324,8049.ENSGMOP00000020964	ENSGMOP00000000295,ENSGMOP00000000394,ENSGMOP00000003381,ENSGMOP00000003911,ENSGMOP00000007568,ENSGMOP00000007573,ENSGMOP00000008916,ENSGMOP00000009025,ENSGMOP00000010431,ENSGMOP00000013161,ENSGMOP00000014786,LOC115530884,ENSGMOP00000016837,ENSGMOP00000017970,ENSGMOP00000018142,ENSGMOP00000018687,ENSGMOP00000019065,ENSGMOP00000020136,ENSGMOP00000020184,ENSGMOP00000020283,ENSGMOP00000020324,ENSGMOP00000020964
GO Process	GO:0051239	Regulation of multicellular organismal process	23	1641	0.37	0.37	0.0126	8049.ENSGMOP00000000295,8049.ENSGMOP00000000394,8049.ENSGMOP00000000741,8049.ENSGMOP00000003483,8049.ENSGMOP00000003809,8049.ENSGMOP00000004711,8049.ENSGMOP00000005306,8049.ENSGMOP00000007861,8049.ENSGMOP00000007903,8049.ENSGMOP00000010232,8049.ENSGMOP00000010431,8049.ENSGMOP00000011775,8049.ENSGMOP00000012148,8049.ENSGMOP00000012990,8049.ENSGMOP00000013726,8049.ENSGMOP00000014980,8049.ENSGMOP00000016837,8049.ENSGMOP00000017598,8049.ENSGMOP00000019958,8049.ENSGMOP00000020184,8049.ENSGMOP00000020316,8049.ENSGMOP00000020324,8049.ENSGMOP00000020956	ENSGMOP00000000295,ENSGMOP00000000394,ENSGMOP00000000741,LAMA3,ENSGMOP00000003809,ENSGMOP00000004711,ENSGMOP00000005306,ENSGMOP00000007861,ENSGMOP00000007903,ENSGMOP00000010232,ENSGMOP00000010431,ENSGMOP00000011775,EIF2AK4,ENSGMOP00000012990,ENSGMOP00000013726,ENSGMOP00000014980,ENSGMOP00000016837,ENSGMOP00000017598,ENSGMOP00000019958,ENSGMOP00000020184,ENSGMOP00000020316,ENSGMOP00000020324,ENSGMOP00000020956
GO Process	GO:0019222	Regulation of metabolic process	51	5353	0.21	0.32	0.0131	8049.ENSGMOP00000000192,8049.ENSGMOP00000000295,8049.ENSGMOP00000000394,8049.ENSGMOP00000000741,8049.ENSGMOP00000003514,8049.ENSGMOP00000003547,8049.ENSGMOP00000003809,8049.ENSGMOP00000003815,8049.ENSGMOP00000004042,8049.ENSGMOP00000004055,8049.ENSGMOP00000005051,8049.ENSGMOP00000005084,8049.ENSGMOP00000006025,8049.ENSGMOP00000007440,8049.ENSGMOP00000007617,8049.ENSGMOP00000007861,8049.ENSGMOP00000008916,8049.ENSGMOP00000009025,8049.ENSGMOP00000009364,8049.ENSGMOP00000009512,8049.ENSGMOP00000010431,8049.ENSGMOP00000010933,8049.ENSGMOP00000011363,8049.ENSGMOP00000011775,8049.ENSGMOP00000012148,8049.ENSGMOP00000012193,8049.ENSGMOP00000013161,8049.ENSGMOP00000013403,8049.ENSGMOP00000013414,8049.ENSGMOP00000013726,8049.ENSGMOP00000013986,8049.ENSGMOP00000014980,8049.ENSGMOP00000015513,8049.ENSGMOP00000015608,8049.ENSGMOP00000016370,8049.ENSGMOP00000016451,8049.ENSGMOP00000016550,8049.ENSGMOP00000016798,8049.ENSGMOP00000017031,8049.ENSGMOP00000017194,8049.ENSGMOP00000017484,8049.ENSGMOP00000017598,8049.ENSGMOP00000017970,8049.ENSGMOP00000018142,8049.ENSGMOP00000018687,8049.ENSGMOP00000018777,8049.ENSGMOP00000019559,8049.ENSGMOP00000019958,8049.ENSGMOP00000020136,8049.ENSGMOP00000020316,8049.ENSGMOP00000020924	ENSGMOP00000000192,ENSGMOP00000000295,ENSGMOP00000000394,ENSGMOP00000000741,ENSGMOP00000003514,ENSGMOP00000003547,ENSGMOP00000003809,ENSGMOP00000003815,ENSGMOP00000004042,ENSGMOP00000004055,ENSGMOP00000005051,ENSGMOP00000005084,ENSGMOP00000006025,ENSGMOP00000007440,ENSGMOP00000007617,ENSGMOP00000007861,ENSGMOP00000008916,ENSGMOP00000009025,ENSGMOP00000009364,ENSGMOP00000009512,ENSGMOP00000010431,ENSGMOP00000010933,ENSGMOP00000011363,ENSGMOP00000011775,EIF2AK4,ENSGMOP00000012193,ENSGMOP00000013161,ENSGMOP00000013403,ENSGMOP00000013414,ENSGMOP00000013726,ENSGMOP00000013986,ENSGMOP00000014980,ENSGMOP00000015513,ENSGMOP00000015608,ENSGMOP00000016370,ENSGMOP00000016451,ENSGMOP00000016550,ENSGMOP00000016798,ENSGMOP00000017031,nr2e1,ENSGMOP00000017484,ENSGMOP00000017598,ENSGMOP00000017970,ENSGMOP00000018142,ENSGMOP00000018687,ENSGMOP00000018777,ENSGMOP00000019559,ENSGMOP00000019958,ENSGMOP00000020136,ENSGMOP00000020316,ENSGMOP00000020924
GO Process	GO:0035278	miRNA-mediated gene silencing by inhibition of translation	3	14	1.56	0.5	0.0159	8049.ENSGMOP00000005084,8049.ENSGMOP00000009512,8049.ENSGMOP00000013986	ENSGMOP00000005084,ENSGMOP00000009512,ENSGMOP00000013986
GO Process	GO:0120035	Regulation of plasma membrane bounded cell projection organization	10	394	0.63	0.41	0.0169	8049.ENSGMOP00000000394,8049.ENSGMOP00000003381,8049.ENSGMOP00000010431,8049.ENSGMOP00000014786,8049.ENSGMOP00000016837,8049.ENSGMOP00000020136,8049.ENSGMOP00000020184,8049.ENSGMOP00000020283,8049.ENSGMOP00000020324,8049.ENSGMOP00000020964	ENSGMOP00000000394,ENSGMOP00000003381,ENSGMOP00000010431,ENSGMOP00000014786,ENSGMOP00000016837,ENSGMOP00000020136,ENSGMOP00000020184,ENSGMOP00000020283,ENSGMOP00000020324,ENSGMOP00000020964
GO Process	GO:0009888	Tissue development	19	1251	0.41	0.36	0.0183	8049.ENSGMOP00000000295,8049.ENSGMOP00000000394,8049.ENSGMOP00000001688,8049.ENSGMOP00000003547,8049.ENSGMOP00000004042,8049.ENSGMOP00000005360,8049.ENSGMOP00000006481,8049.ENSGMOP00000007617,8049.ENSGMOP00000009025,8049.ENSGMOP00000009057,8049.ENSGMOP00000010397,8049.ENSGMOP00000010431,8049.ENSGMOP00000013414,8049.ENSGMOP00000014786,8049.ENSGMOP00000016347,8049.ENSGMOP00000016804,8049.ENSGMOP00000020136,8049.ENSGMOP00000020924,8049.ENSGMOP00000021060	ENSGMOP00000000295,ENSGMOP00000000394,ENSGMOP00000001688,ENSGMOP00000003547,ENSGMOP00000004042,ENSGMOP00000005360,ENSGMOP00000006481,ENSGMOP00000007617,ENSGMOP00000009025,ENSGMOP00000009057,ENSGMOP00000010397,ENSGMOP00000010431,ENSGMOP00000013414,ENSGMOP00000014786,ENSGMOP00000016347,ENSGMOP00000016804,ENSGMOP00000020136,ENSGMOP00000020924,ENSGMOP00000021060
GO Process	GO:0016570	Histone modification	9	329	0.66	0.4	0.0205	8049.ENSGMOP00000003815,8049.ENSGMOP00000004055,8049.ENSGMOP00000007617,8049.ENSGMOP00000008916,8049.ENSGMOP00000009364,8049.ENSGMOP00000011363,8049.ENSGMOP00000012193,8049.ENSGMOP00000017401,8049.ENSGMOP00000017484	ENSGMOP00000003815,ENSGMOP00000004055,ENSGMOP00000007617,ENSGMOP00000008916,ENSGMOP00000009364,ENSGMOP00000011363,ENSGMOP00000012193,ENSGMOP00000017401,ENSGMOP00000017484
GO Process	GO:0007528	Neuromuscular junction development	4	45	1.18	0.45	0.0211	8049.ENSGMOP00000009025,8049.ENSGMOP00000009057,8049.ENSGMOP00000011775,8049.ENSGMOP00000021060	ENSGMOP00000009025,ENSGMOP00000009057,ENSGMOP00000011775,ENSGMOP00000021060
GO Process	GO:0009719	Response to endogenous stimulus	14	760	0.49	0.37	0.0211	8049.ENSGMOP00000000192,8049.ENSGMOP00000000295,8049.ENSGMOP00000000394,8049.ENSGMOP00000006025,8049.ENSGMOP00000007568,8049.ENSGMOP00000010431,8049.ENSGMOP00000013403,8049.ENSGMOP00000013414,8049.ENSGMOP00000015513,8049.ENSGMOP00000016370,8049.ENSGMOP00000016451,8049.ENSGMOP00000017031,8049.ENSGMOP00000018777,8049.ENSGMOP00000020136	ENSGMOP00000000192,ENSGMOP00000000295,ENSGMOP00000000394,ENSGMOP00000006025,ENSGMOP00000007568,ENSGMOP00000010431,ENSGMOP00000013403,ENSGMOP00000013414,ENSGMOP00000015513,ENSGMOP00000016370,ENSGMOP00000016451,ENSGMOP00000017031,ENSGMOP00000018777,ENSGMOP00000020136
GO Process	GO:0046660	Female sex differentiation	4	45	1.18	0.45	0.0211	8049.ENSGMOP00000000295,8049.ENSGMOP00000003809,8049.ENSGMOP00000016370,8049.ENSGMOP00000016798	ENSGMOP00000000295,ENSGMOP00000003809,ENSGMOP00000016370,ENSGMOP00000016798
GO Process	GO:0048589	Developmental growth	8	259	0.72	0.41	0.0211	8049.ENSGMOP00000000295,8049.ENSGMOP00000007617,8049.ENSGMOP00000009057,8049.ENSGMOP00000010397,8049.ENSGMOP00000010431,8049.ENSGMOP00000012148,8049.ENSGMOP00000020324,8049.ENSGMOP00000021060	ENSGMOP00000000295,ENSGMOP00000007617,ENSGMOP00000009057,ENSGMOP00000010397,ENSGMOP00000010431,EIF2AK4,ENSGMOP00000020324,ENSGMOP00000021060
GO Process	GO:0050793	Regulation of developmental process	21	1492	0.38	0.34	0.0211	8049.ENSGMOP00000000295,8049.ENSGMOP00000000394,8049.ENSGMOP00000000741,8049.ENSGMOP00000003381,8049.ENSGMOP00000003483,8049.ENSGMOP00000003809,8049.ENSGMOP00000004711,8049.ENSGMOP00000005306,8049.ENSGMOP00000007861,8049.ENSGMOP00000008916,8049.ENSGMOP00000010232,8049.ENSGMOP00000010431,8049.ENSGMOP00000012148,8049.ENSGMOP00000013414,8049.ENSGMOP00000014980,8049.ENSGMOP00000016837,8049.ENSGMOP00000019958,8049.ENSGMOP00000020184,8049.ENSGMOP00000020316,8049.ENSGMOP00000020324,8049.ENSGMOP00000020956	ENSGMOP00000000295,ENSGMOP00000000394,ENSGMOP00000000741,ENSGMOP00000003381,LAMA3,ENSGMOP00000003809,ENSGMOP00000004711,ENSGMOP00000005306,ENSGMOP00000007861,ENSGMOP00000008916,ENSGMOP00000010232,ENSGMOP00000010431,EIF2AK4,ENSGMOP00000013414,ENSGMOP00000014980,ENSGMOP00000016837,ENSGMOP00000019958,ENSGMOP00000020184,ENSGMOP00000020316,ENSGMOP00000020324,ENSGMOP00000020956
GO Process	GO:0098529	Neuromuscular junction development, skeletal muscle fiber	2	2	2.23	0.48	0.0213	8049.ENSGMOP00000009057,8049.ENSGMOP00000021060	ENSGMOP00000009057,ENSGMOP00000021060
GO Process	GO:0046854	Phosphatidylinositol phosphate biosynthetic process	5	88	0.98	0.43	0.0229	8049.ENSGMOP00000000741,8049.ENSGMOP00000014980,8049.ENSGMOP00000017031,8049.ENSGMOP00000017317,8049.ENSGMOP00000019274	ENSGMOP00000000741,ENSGMOP00000014980,ENSGMOP00000017031,ENSGMOP00000017317,PIP5K1A
GO Process	GO:0043547	Positive regulation of GTPase activity	7	203	0.77	0.4	0.0251	8049.ENSGMOP00000000394,8049.ENSGMOP00000009057,8049.ENSGMOP00000011506,8049.ENSGMOP00000011775,8049.ENSGMOP00000016837,8049.ENSGMOP00000020184,8049.ENSGMOP00000021060	ENSGMOP00000000394,ENSGMOP00000009057,ENSGMOP00000011506,ENSGMOP00000011775,ENSGMOP00000016837,ENSGMOP00000020184,ENSGMOP00000021060
GO Process	GO:0048468	Cell development	19	1301	0.39	0.33	0.0252	8049.ENSGMOP00000000295,8049.ENSGMOP00000000394,8049.ENSGMOP00000005360,8049.ENSGMOP00000005796,8049.ENSGMOP00000006664,8049.ENSGMOP00000009025,8049.ENSGMOP00000009057,8049.ENSGMOP00000010431,8049.ENSGMOP00000012148,8049.ENSGMOP00000014786,8049.ENSGMOP00000015608,8049.ENSGMOP00000016347,8049.ENSGMOP00000016370,8049.ENSGMOP00000016798,8049.ENSGMOP00000019958,8049.ENSGMOP00000020136,8049.ENSGMOP00000020324,8049.ENSGMOP00000020924,8049.ENSGMOP00000021060	ENSGMOP00000000295,ENSGMOP00000000394,ENSGMOP00000005360,ENSGMOP00000005796,ENSGMOP00000006664,ENSGMOP00000009025,ENSGMOP00000009057,ENSGMOP00000010431,EIF2AK4,ENSGMOP00000014786,ENSGMOP00000015608,ENSGMOP00000016347,ENSGMOP00000016370,ENSGMOP00000016798,ENSGMOP00000019958,ENSGMOP00000020136,ENSGMOP00000020324,ENSGMOP00000020924,ENSGMOP00000021060
GO Process	GO:0010941	Regulation of cell death	14	799	0.47	0.34	0.0299	8049.ENSGMOP00000000295,8049.ENSGMOP00000000394,8049.ENSGMOP00000000741,8049.ENSGMOP00000004055,8049.ENSGMOP00000007903,8049.ENSGMOP00000010232,8049.ENSGMOP00000010431,8049.ENSGMOP00000011775,8049.ENSGMOP00000013414,8049.ENSGMOP00000014980,8049.ENSGMOP00000016798,8049.ENSGMOP00000017970,8049.ENSGMOP00000020316,8049.ENSGMOP00000020324	ENSGMOP00000000295,ENSGMOP00000000394,ENSGMOP00000000741,ENSGMOP00000004055,ENSGMOP00000007903,ENSGMOP00000010232,ENSGMOP00000010431,ENSGMOP00000011775,ENSGMOP00000013414,ENSGMOP00000014980,ENSGMOP00000016798,ENSGMOP00000017970,ENSGMOP00000020316,ENSGMOP00000020324
GO Process	GO:0120036	Plasma membrane bounded cell projection organization	15	901	0.45	0.33	0.0304	8049.ENSGMOP00000000295,8049.ENSGMOP00000000394,8049.ENSGMOP00000005360,8049.ENSGMOP00000005796,8049.ENSGMOP00000006594,8049.ENSGMOP00000009025,8049.ENSGMOP00000009057,8049.ENSGMOP00000010232,8049.ENSGMOP00000010397,8049.ENSGMOP00000010431,8049.ENSGMOP00000012148,8049.ENSGMOP00000014786,8049.ENSGMOP00000015608,8049.ENSGMOP00000020324,8049.ENSGMOP00000021060	ENSGMOP00000000295,ENSGMOP00000000394,ENSGMOP00000005360,ENSGMOP00000005796,ENSGMOP00000006594,ENSGMOP00000009025,ENSGMOP00000009057,ENSGMOP00000010232,ENSGMOP00000010397,ENSGMOP00000010431,EIF2AK4,ENSGMOP00000014786,ENSGMOP00000015608,ENSGMOP00000020324,ENSGMOP00000021060
GO Process	GO:0022414	Reproductive process	12	614	0.52	0.34	0.0308	8049.ENSGMOP00000000192,8049.ENSGMOP00000000295,8049.ENSGMOP00000000655,8049.ENSGMOP00000003809,8049.ENSGMOP00000005360,8049.ENSGMOP00000006481,8049.ENSGMOP00000009025,8049.ENSGMOP00000010431,8049.ENSGMOP00000013403,8049.ENSGMOP00000016370,8049.ENSGMOP00000016451,8049.ENSGMOP00000016798	ENSGMOP00000000192,ENSGMOP00000000295,ENSGMOP00000000655,ENSGMOP00000003809,ENSGMOP00000005360,ENSGMOP00000006481,ENSGMOP00000009025,ENSGMOP00000010431,ENSGMOP00000013403,ENSGMOP00000016370,ENSGMOP00000016451,ENSGMOP00000016798
GO Process	GO:0033674	Positive regulation of kinase activity	8	282	0.68	0.37	0.0308	8049.ENSGMOP00000000192,8049.ENSGMOP00000000394,8049.ENSGMOP00000004042,8049.ENSGMOP00000013403,8049.ENSGMOP00000016451,8049.ENSGMOP00000016550,8049.ENSGMOP00000016798,8049.ENSGMOP00000018142	ENSGMOP00000000192,ENSGMOP00000000394,ENSGMOP00000004042,ENSGMOP00000013403,ENSGMOP00000016451,ENSGMOP00000016550,ENSGMOP00000016798,ENSGMOP00000018142
GO Process	GO:1990138	Neuron projection extension	4	52	1.11	0.41	0.0308	8049.ENSGMOP00000009057,8049.ENSGMOP00000012148,8049.ENSGMOP00000020324,8049.ENSGMOP00000021060	ENSGMOP00000009057,EIF2AK4,ENSGMOP00000020324,ENSGMOP00000021060
GO Process	GO:0007399	Nervous system development	22	1685	0.34	0.31	0.0338	8049.ENSGMOP00000000295,8049.ENSGMOP00000000394,8049.ENSGMOP00000003547,8049.ENSGMOP00000005360,8049.ENSGMOP00000005796,8049.ENSGMOP00000006481,8049.ENSGMOP00000007617,8049.ENSGMOP00000009025,8049.ENSGMOP00000009057,8049.ENSGMOP00000010232,8049.ENSGMOP00000010431,8049.ENSGMOP00000012148,8049.ENSGMOP00000014786,8049.ENSGMOP00000015608,8049.ENSGMOP00000016370,8049.ENSGMOP00000016798,8049.ENSGMOP00000019065,8049.ENSGMOP00000019958,8049.ENSGMOP00000020136,8049.ENSGMOP00000020324,8049.ENSGMOP00000020924,8049.ENSGMOP00000021060	ENSGMOP00000000295,ENSGMOP00000000394,ENSGMOP00000003547,ENSGMOP00000005360,ENSGMOP00000005796,ENSGMOP00000006481,ENSGMOP00000007617,ENSGMOP00000009025,ENSGMOP00000009057,ENSGMOP00000010232,ENSGMOP00000010431,EIF2AK4,ENSGMOP00000014786,ENSGMOP00000015608,ENSGMOP00000016370,ENSGMOP00000016798,ENSGMOP00000019065,ENSGMOP00000019958,ENSGMOP00000020136,ENSGMOP00000020324,ENSGMOP00000020924,ENSGMOP00000021060
GO Process	GO:0036092	phosphatidylinositol-3-phosphate biosynthetic process	3	21	1.38	0.41	0.0338	8049.ENSGMOP00000000741,8049.ENSGMOP00000014980,8049.ENSGMOP00000017317	ENSGMOP00000000741,ENSGMOP00000014980,ENSGMOP00000017317
GO Process	GO:0003179	Heart valve morphogenesis	3	22	1.36	0.4	0.0366	8049.ENSGMOP00000000295,8049.ENSGMOP00000003547,8049.ENSGMOP00000010431	ENSGMOP00000000295,ENSGMOP00000003547,ENSGMOP00000010431
GO Process	GO:0022008	Neurogenesis	16	1034	0.42	0.31	0.0366	8049.ENSGMOP00000000295,8049.ENSGMOP00000000394,8049.ENSGMOP00000005360,8049.ENSGMOP00000005796,8049.ENSGMOP00000009025,8049.ENSGMOP00000009057,8049.ENSGMOP00000010232,8049.ENSGMOP00000012148,8049.ENSGMOP00000014786,8049.ENSGMOP00000015608,8049.ENSGMOP00000016370,8049.ENSGMOP00000019065,8049.ENSGMOP00000019958,8049.ENSGMOP00000020324,8049.ENSGMOP00000020924,8049.ENSGMOP00000021060	ENSGMOP00000000295,ENSGMOP00000000394,ENSGMOP00000005360,ENSGMOP00000005796,ENSGMOP00000009025,ENSGMOP00000009057,ENSGMOP00000010232,EIF2AK4,ENSGMOP00000014786,ENSGMOP00000015608,ENSGMOP00000016370,ENSGMOP00000019065,ENSGMOP00000019958,ENSGMOP00000020324,ENSGMOP00000020924,ENSGMOP00000021060
GO Process	GO:0051647	Nucleus localization	3	22	1.36	0.4	0.0366	8049.ENSGMOP00000010431,8049.ENSGMOP00000020283,8049.ENSGMOP00000020964	ENSGMOP00000010431,ENSGMOP00000020283,ENSGMOP00000020964
GO Process	GO:0090162	Establishment of epithelial cell polarity	3	22	1.36	0.4	0.0366	8049.ENSGMOP00000009057,8049.ENSGMOP00000019958,8049.ENSGMOP00000021060	ENSGMOP00000009057,ENSGMOP00000019958,ENSGMOP00000021060
GO Process	GO:0003007	Heart morphogenesis	6	164	0.79	0.35	0.0409	8049.ENSGMOP00000000295,8049.ENSGMOP00000003547,8049.ENSGMOP00000007617,8049.ENSGMOP00000010431,8049.ENSGMOP00000015608,8049.ENSGMOP00000020924	ENSGMOP00000000295,ENSGMOP00000003547,ENSGMOP00000007617,ENSGMOP00000010431,ENSGMOP00000015608,ENSGMOP00000020924
GO Process	GO:0030522	Intracellular receptor signaling pathway	5	106	0.9	0.36	0.0409	8049.ENSGMOP00000005051,8049.ENSGMOP00000006025,8049.ENSGMOP00000015513,8049.ENSGMOP00000017194,8049.ENSGMOP00000020924	ENSGMOP00000005051,ENSGMOP00000006025,ENSGMOP00000015513,nr2e1,ENSGMOP00000020924
GO Process	GO:0007507	Heart development	9	383	0.6	0.33	0.0411	8049.ENSGMOP00000000295,8049.ENSGMOP00000001688,8049.ENSGMOP00000003547,8049.ENSGMOP00000006481,8049.ENSGMOP00000007617,8049.ENSGMOP00000010431,8049.ENSGMOP00000014786,8049.ENSGMOP00000015608,8049.ENSGMOP00000020924	ENSGMOP00000000295,ENSGMOP00000001688,ENSGMOP00000003547,ENSGMOP00000006481,ENSGMOP00000007617,ENSGMOP00000010431,ENSGMOP00000014786,ENSGMOP00000015608,ENSGMOP00000020924
GO Process	GO:0051642	Centrosome localization	3	24	1.32	0.39	0.0411	8049.ENSGMOP00000019958,8049.ENSGMOP00000020283,8049.ENSGMOP00000020964	ENSGMOP00000019958,ENSGMOP00000020283,ENSGMOP00000020964
GO Process	GO:0048646	Anatomical structure formation involved in morphogenesis	12	652	0.49	0.32	0.0419	8049.ENSGMOP00000000295,8049.ENSGMOP00000003929,8049.ENSGMOP00000004042,8049.ENSGMOP00000005232,8049.ENSGMOP00000005360,8049.ENSGMOP00000006481,8049.ENSGMOP00000006594,8049.ENSGMOP00000007617,8049.ENSGMOP00000013414,8049.ENSGMOP00000016347,8049.ENSGMOP00000017401,8049.ENSGMOP00000019698	ENSGMOP00000000295,ENSGMOP00000003929,ENSGMOP00000004042,ENSGMOP00000005232,ENSGMOP00000005360,ENSGMOP00000006481,ENSGMOP00000006594,ENSGMOP00000007617,ENSGMOP00000013414,ENSGMOP00000016347,ENSGMOP00000017401,ENSGMOP00000019698
GO Process	GO:0046777	Protein autophosphorylation	5	109	0.89	0.36	0.0432	8049.ENSGMOP00000000192,8049.ENSGMOP00000010431,8049.ENSGMOP00000012148,8049.ENSGMOP00000013403,8049.ENSGMOP00000016451	ENSGMOP00000000192,ENSGMOP00000010431,EIF2AK4,ENSGMOP00000013403,ENSGMOP00000016451
GO Process	GO:0048608	Reproductive structure development	6	168	0.78	0.35	0.0434	8049.ENSGMOP00000000295,8049.ENSGMOP00000003809,8049.ENSGMOP00000006481,8049.ENSGMOP00000009025,8049.ENSGMOP00000016370,8049.ENSGMOP00000016798	ENSGMOP00000000295,ENSGMOP00000003809,ENSGMOP00000006481,ENSGMOP00000009025,ENSGMOP00000016370,ENSGMOP00000016798
GO Process	GO:0043434	Response to peptide hormone	6	169	0.78	0.35	0.0439	8049.ENSGMOP00000000192,8049.ENSGMOP00000010431,8049.ENSGMOP00000013403,8049.ENSGMOP00000016370,8049.ENSGMOP00000016451,8049.ENSGMOP00000017031	ENSGMOP00000000192,ENSGMOP00000010431,ENSGMOP00000013403,ENSGMOP00000016370,ENSGMOP00000016451,ENSGMOP00000017031
GO Process	GO:0048583	Regulation of response to stimulus	29	2623	0.27	0.27	0.0443	8049.ENSGMOP00000000295,8049.ENSGMOP00000000394,8049.ENSGMOP00000000741,8049.ENSGMOP00000003809,8049.ENSGMOP00000003952,8049.ENSGMOP00000004055,8049.ENSGMOP00000005051,8049.ENSGMOP00000006558,8049.ENSGMOP00000007440,8049.ENSGMOP00000007861,8049.ENSGMOP00000007903,8049.ENSGMOP00000009025,8049.ENSGMOP00000009364,8049.ENSGMOP00000010397,8049.ENSGMOP00000010431,8049.ENSGMOP00000011506,8049.ENSGMOP00000011775,8049.ENSGMOP00000012148,8049.ENSGMOP00000012193,8049.ENSGMOP00000012747,8049.ENSGMOP00000013414,8049.ENSGMOP00000014786,8049.ENSGMOP00000014980,8049.ENSGMOP00000016370,8049.ENSGMOP00000017970,8049.ENSGMOP00000018142,8049.ENSGMOP00000019065,8049.ENSGMOP00000020136,8049.ENSGMOP00000020316	ENSGMOP00000000295,ENSGMOP00000000394,ENSGMOP00000000741,ENSGMOP00000003809,ENSGMOP00000003952,ENSGMOP00000004055,ENSGMOP00000005051,ENSGMOP00000006558,ENSGMOP00000007440,ENSGMOP00000007861,ENSGMOP00000007903,ENSGMOP00000009025,ENSGMOP00000009364,ENSGMOP00000010397,ENSGMOP00000010431,ENSGMOP00000011506,ENSGMOP00000011775,EIF2AK4,ENSGMOP00000012193,ENSGMOP00000012747,ENSGMOP00000013414,ENSGMOP00000014786,ENSGMOP00000014980,ENSGMOP00000016370,ENSGMOP00000017970,ENSGMOP00000018142,ENSGMOP00000019065,ENSGMOP00000020136,ENSGMOP00000020316
GO Process	GO:0033043	Regulation of organelle organization	13	759	0.46	0.31	0.0444	8049.ENSGMOP00000000295,8049.ENSGMOP00000003911,8049.ENSGMOP00000007573,8049.ENSGMOP00000008916,8049.ENSGMOP00000010431,8049.ENSGMOP00000013161,8049.ENSGMOP00000014786,8049.ENSGMOP00000018142,8049.ENSGMOP00000018687,8049.ENSGMOP00000019065,8049.ENSGMOP00000020283,8049.ENSGMOP00000020324,8049.ENSGMOP00000020964	ENSGMOP00000000295,ENSGMOP00000003911,ENSGMOP00000007573,ENSGMOP00000008916,ENSGMOP00000010431,ENSGMOP00000013161,ENSGMOP00000014786,ENSGMOP00000018142,ENSGMOP00000018687,ENSGMOP00000019065,ENSGMOP00000020283,ENSGMOP00000020324,ENSGMOP00000020964
GO Process	GO:1902115	Regulation of organelle assembly	5	111	0.88	0.35	0.0444	8049.ENSGMOP00000000295,8049.ENSGMOP00000007573,8049.ENSGMOP00000014786,8049.ENSGMOP00000020283,8049.ENSGMOP00000020964	ENSGMOP00000000295,ENSGMOP00000007573,ENSGMOP00000014786,ENSGMOP00000020283,ENSGMOP00000020964
GO Function	GO:0044877	Protein-containing complex binding	20	992	0.53	0.48	0.0047	8049.ENSGMOP00000000295,8049.ENSGMOP00000002985,8049.ENSGMOP00000003911,8049.ENSGMOP00000003929,8049.ENSGMOP00000005232,8049.ENSGMOP00000006664,8049.ENSGMOP00000009057,8049.ENSGMOP00000010232,8049.ENSGMOP00000010431,8049.ENSGMOP00000011826,8049.ENSGMOP00000015596,8049.ENSGMOP00000016163,8049.ENSGMOP00000016347,8049.ENSGMOP00000017025,8049.ENSGMOP00000017523,8049.ENSGMOP00000017970,8049.ENSGMOP00000018142,8049.ENSGMOP00000020283,8049.ENSGMOP00000020964,8049.ENSGMOP00000021060	ENSGMOP00000000295,ENSGMOP00000002985,ENSGMOP00000003911,ENSGMOP00000003929,ENSGMOP00000005232,ENSGMOP00000006664,ENSGMOP00000009057,ENSGMOP00000010232,ENSGMOP00000010431,ENSGMOP00000011826,ENSGMOP00000015596,LOC115530884,ENSGMOP00000016347,ENSGMOP00000017025,ENSGMOP00000017523,ENSGMOP00000017970,ENSGMOP00000018142,ENSGMOP00000020283,ENSGMOP00000020964,ENSGMOP00000021060
GO Function	GO:0005009	Insulin receptor activity	3	6	1.93	0.48	0.0214	8049.ENSGMOP00000000192,8049.ENSGMOP00000013403,8049.ENSGMOP00000016451	ENSGMOP00000000192,ENSGMOP00000013403,ENSGMOP00000016451
GO Function	GO:0005515	Protein binding	60	6441	0.2	0.3	0.0214	8049.ENSGMOP00000000192,8049.ENSGMOP00000000295,8049.ENSGMOP00000000394,8049.ENSGMOP00000002985,8049.ENSGMOP00000003381,8049.ENSGMOP00000003483,8049.ENSGMOP00000003506,8049.ENSGMOP00000003809,8049.ENSGMOP00000003815,8049.ENSGMOP00000003911,8049.ENSGMOP00000003929,8049.ENSGMOP00000004735,8049.ENSGMOP00000005051,8049.ENSGMOP00000005232,8049.ENSGMOP00000005306,8049.ENSGMOP00000005796,8049.ENSGMOP00000006664,8049.ENSGMOP00000007440,8049.ENSGMOP00000007573,8049.ENSGMOP00000007617,8049.ENSGMOP00000007903,8049.ENSGMOP00000009025,8049.ENSGMOP00000009057,8049.ENSGMOP00000009386,8049.ENSGMOP00000010232,8049.ENSGMOP00000010374,8049.ENSGMOP00000010431,8049.ENSGMOP00000011775,8049.ENSGMOP00000012193,8049.ENSGMOP00000012990,8049.ENSGMOP00000013161,8049.ENSGMOP00000013403,8049.ENSGMOP00000013414,8049.ENSGMOP00000013726,8049.ENSGMOP00000014732,8049.ENSGMOP00000015596,8049.ENSGMOP00000015608,8049.ENSGMOP00000016134,8049.ENSGMOP00000016163,8049.ENSGMOP00000016370,8049.ENSGMOP00000016451,8049.ENSGMOP00000017025,8049.ENSGMOP00000017031,8049.ENSGMOP00000017279,8049.ENSGMOP00000017484,8049.ENSGMOP00000017523,8049.ENSGMOP00000017598,8049.ENSGMOP00000017970,8049.ENSGMOP00000018142,8049.ENSGMOP00000018378,8049.ENSGMOP00000018777,8049.ENSGMOP00000019065,8049.ENSGMOP00000019698,8049.ENSGMOP00000020136,8049.ENSGMOP00000020283,8049.ENSGMOP00000020316,8049.ENSGMOP00000020324,8049.ENSGMOP00000020956,8049.ENSGMOP00000020964,8049.ENSGMOP00000021060	ENSGMOP00000000192,ENSGMOP00000000295,ENSGMOP00000000394,ENSGMOP00000002985,ENSGMOP00000003381,LAMA3,ENSGMOP00000003506,ENSGMOP00000003809,ENSGMOP00000003815,ENSGMOP00000003911,ENSGMOP00000003929,ENSGMOP00000004735,ENSGMOP00000005051,ENSGMOP00000005232,ENSGMOP00000005306,ENSGMOP00000005796,ENSGMOP00000006664,ENSGMOP00000007440,ENSGMOP00000007573,ENSGMOP00000007617,ENSGMOP00000007903,ENSGMOP00000009025,ENSGMOP00000009057,ENSGMOP00000009386,ENSGMOP00000010232,ENSGMOP00000010374,ENSGMOP00000010431,ENSGMOP00000011775,ENSGMOP00000012193,ENSGMOP00000012990,ENSGMOP00000013161,ENSGMOP00000013403,ENSGMOP00000013414,ENSGMOP00000013726,ENSGMOP00000014732,ENSGMOP00000015596,ENSGMOP00000015608,ENSGMOP00000016134,LOC115530884,ENSGMOP00000016370,ENSGMOP00000016451,ENSGMOP00000017025,ENSGMOP00000017031,ENSGMOP00000017279,ENSGMOP00000017484,ENSGMOP00000017523,ENSGMOP00000017598,ENSGMOP00000017970,ENSGMOP00000018142,ENSGMOP00000018378,ENSGMOP00000018777,ENSGMOP00000019065,ENSGMOP00000019698,ENSGMOP00000020136,ENSGMOP00000020283,ENSGMOP00000020316,ENSGMOP00000020324,ENSGMOP00000020956,ENSGMOP00000020964,ENSGMOP00000021060
GO Component	GO:0032991	Protein-containing complex	67	4713	0.38	0.86	2.26e-11	8049.ENSGMOP00000000192,8049.ENSGMOP00000000295,8049.ENSGMOP00000000394,8049.ENSGMOP00000000741,8049.ENSGMOP00000000797,8049.ENSGMOP00000001118,8049.ENSGMOP00000002985,8049.ENSGMOP00000003506,8049.ENSGMOP00000003514,8049.ENSGMOP00000003547,8049.ENSGMOP00000003809,8049.ENSGMOP00000003815,8049.ENSGMOP00000003929,8049.ENSGMOP00000004042,8049.ENSGMOP00000004055,8049.ENSGMOP00000004735,8049.ENSGMOP00000005051,8049.ENSGMOP00000005232,8049.ENSGMOP00000005360,8049.ENSGMOP00000005743,8049.ENSGMOP00000006594,8049.ENSGMOP00000007440,8049.ENSGMOP00000007573,8049.ENSGMOP00000007617,8049.ENSGMOP00000009025,8049.ENSGMOP00000009057,8049.ENSGMOP00000009077,8049.ENSGMOP00000009364,8049.ENSGMOP00000009386,8049.ENSGMOP00000010033,8049.ENSGMOP00000010232,8049.ENSGMOP00000010374,8049.ENSGMOP00000010397,8049.ENSGMOP00000010431,8049.ENSGMOP00000010644,8049.ENSGMOP00000012148,8049.ENSGMOP00000012193,8049.ENSGMOP00000013161,8049.ENSGMOP00000013403,8049.ENSGMOP00000013414,8049.ENSGMOP00000013726,8049.ENSGMOP00000013986,8049.ENSGMOP00000014278,8049.ENSGMOP00000014786,8049.ENSGMOP00000014980,8049.ENSGMOP00000015513,8049.ENSGMOP00000015608,8049.ENSGMOP00000016347,8049.ENSGMOP00000016370,8049.ENSGMOP00000016451,8049.ENSGMOP00000016550,8049.ENSGMOP00000016798,8049.ENSGMOP00000017025,8049.ENSGMOP00000017031,8049.ENSGMOP00000017279,8049.ENSGMOP00000017401,8049.ENSGMOP00000017484,8049.ENSGMOP00000017523,8049.ENSGMOP00000018142,8049.ENSGMOP00000018777,8049.ENSGMOP00000019559,8049.ENSGMOP00000019958,8049.ENSGMOP00000020136,8049.ENSGMOP00000020283,8049.ENSGMOP00000020956,8049.ENSGMOP00000020964,8049.ENSGMOP00000021060	ENSGMOP00000000192,ENSGMOP00000000295,ENSGMOP00000000394,ENSGMOP00000000741,ENSGMOP00000000797,ENSGMOP00000001118,ENSGMOP00000002985,ENSGMOP00000003506,ENSGMOP00000003514,ENSGMOP00000003547,ENSGMOP00000003809,ENSGMOP00000003815,ENSGMOP00000003929,ENSGMOP00000004042,ENSGMOP00000004055,ENSGMOP00000004735,ENSGMOP00000005051,ENSGMOP00000005232,ENSGMOP00000005360,ENSGMOP00000005743,ENSGMOP00000006594,ENSGMOP00000007440,ENSGMOP00000007573,ENSGMOP00000007617,ENSGMOP00000009025,ENSGMOP00000009057,ENSGMOP00000009077,ENSGMOP00000009364,ENSGMOP00000009386,ENSGMOP00000010033,ENSGMOP00000010232,ENSGMOP00000010374,ENSGMOP00000010397,ENSGMOP00000010431,ENSGMOP00000010644,EIF2AK4,ENSGMOP00000012193,ENSGMOP00000013161,ENSGMOP00000013403,ENSGMOP00000013414,ENSGMOP00000013726,ENSGMOP00000013986,ENSGMOP00000014278,ENSGMOP00000014786,ENSGMOP00000014980,ENSGMOP00000015513,ENSGMOP00000015608,ENSGMOP00000016347,ENSGMOP00000016370,ENSGMOP00000016451,ENSGMOP00000016550,ENSGMOP00000016798,ENSGMOP00000017025,ENSGMOP00000017031,ENSGMOP00000017279,ENSGMOP00000017401,ENSGMOP00000017484,ENSGMOP00000017523,ENSGMOP00000018142,ENSGMOP00000018777,ENSGMOP00000019559,ENSGMOP00000019958,ENSGMOP00000020136,ENSGMOP00000020283,ENSGMOP00000020956,ENSGMOP00000020964,ENSGMOP00000021060
GO Component	GO:0061695	Transferase complex, transferring phosphorus-containing groups	12	257	0.9	0.96	4.07e-05	8049.ENSGMOP00000000192,8049.ENSGMOP00000000741,8049.ENSGMOP00000004055,8049.ENSGMOP00000013403,8049.ENSGMOP00000013726,8049.ENSGMOP00000014980,8049.ENSGMOP00000016451,8049.ENSGMOP00000016550,8049.ENSGMOP00000017031,8049.ENSGMOP00000017279,8049.ENSGMOP00000017484,8049.ENSGMOP00000019958	ENSGMOP00000000192,ENSGMOP00000000741,ENSGMOP00000004055,ENSGMOP00000013403,ENSGMOP00000013726,ENSGMOP00000014980,ENSGMOP00000016451,ENSGMOP00000016550,ENSGMOP00000017031,ENSGMOP00000017279,ENSGMOP00000017484,ENSGMOP00000019958
GO Component	GO:0098636	Protein complex involved in cell adhesion	6	39	1.41	1.06	0.00010	8049.ENSGMOP00000002985,8049.ENSGMOP00000003929,8049.ENSGMOP00000005232,8049.ENSGMOP00000009025,8049.ENSGMOP00000017025,8049.ENSGMOP00000017523	ENSGMOP00000002985,ENSGMOP00000003929,ENSGMOP00000005232,ENSGMOP00000009025,ENSGMOP00000017025,ENSGMOP00000017523
GO Component	GO:0031981	Nuclear lumen	35	2416	0.39	0.59	0.00011	8049.ENSGMOP00000000295,8049.ENSGMOP00000003514,8049.ENSGMOP00000003547,8049.ENSGMOP00000003809,8049.ENSGMOP00000003815,8049.ENSGMOP00000004055,8049.ENSGMOP00000004735,8049.ENSGMOP00000005084,8049.ENSGMOP00000006025,8049.ENSGMOP00000006481,8049.ENSGMOP00000006594,8049.ENSGMOP00000007440,8049.ENSGMOP00000007568,8049.ENSGMOP00000007617,8049.ENSGMOP00000007861,8049.ENSGMOP00000008916,8049.ENSGMOP00000009364,8049.ENSGMOP00000009386,8049.ENSGMOP00000009512,8049.ENSGMOP00000010232,8049.ENSGMOP00000010374,8049.ENSGMOP00000010431,8049.ENSGMOP00000011363,8049.ENSGMOP00000012193,8049.ENSGMOP00000012990,8049.ENSGMOP00000013726,8049.ENSGMOP00000016134,8049.ENSGMOP00000017279,8049.ENSGMOP00000017401,8049.ENSGMOP00000017484,8049.ENSGMOP00000018687,8049.ENSGMOP00000019559,8049.ENSGMOP00000020283,8049.ENSGMOP00000020956,8049.ENSGMOP00000020964	ENSGMOP00000000295,ENSGMOP00000003514,ENSGMOP00000003547,ENSGMOP00000003809,ENSGMOP00000003815,ENSGMOP00000004055,ENSGMOP00000004735,ENSGMOP00000005084,ENSGMOP00000006025,ENSGMOP00000006481,ENSGMOP00000006594,ENSGMOP00000007440,ENSGMOP00000007568,ENSGMOP00000007617,ENSGMOP00000007861,ENSGMOP00000008916,ENSGMOP00000009364,ENSGMOP00000009386,ENSGMOP00000009512,ENSGMOP00000010232,ENSGMOP00000010374,ENSGMOP00000010431,ENSGMOP00000011363,ENSGMOP00000012193,ENSGMOP00000012990,ENSGMOP00000013726,ENSGMOP00000016134,ENSGMOP00000017279,ENSGMOP00000017401,ENSGMOP00000017484,ENSGMOP00000018687,ENSGMOP00000019559,ENSGMOP00000020283,ENSGMOP00000020956,ENSGMOP00000020964
GO Component	GO:0005634	Nucleus	60	6170	0.22	0.41	0.0015	8049.ENSGMOP00000000295,8049.ENSGMOP00000000655,8049.ENSGMOP00000001118,8049.ENSGMOP00000003514,8049.ENSGMOP00000003547,8049.ENSGMOP00000003809,8049.ENSGMOP00000003815,8049.ENSGMOP00000004055,8049.ENSGMOP00000004735,8049.ENSGMOP00000005051,8049.ENSGMOP00000005084,8049.ENSGMOP00000005360,8049.ENSGMOP00000006025,8049.ENSGMOP00000006481,8049.ENSGMOP00000006594,8049.ENSGMOP00000006686,8049.ENSGMOP00000007249,8049.ENSGMOP00000007440,8049.ENSGMOP00000007568,8049.ENSGMOP00000007617,8049.ENSGMOP00000007861,8049.ENSGMOP00000008916,8049.ENSGMOP00000009364,8049.ENSGMOP00000009386,8049.ENSGMOP00000009512,8049.ENSGMOP00000010033,8049.ENSGMOP00000010232,8049.ENSGMOP00000010374,8049.ENSGMOP00000010431,8049.ENSGMOP00000010933,8049.ENSGMOP00000011363,8049.ENSGMOP00000012193,8049.ENSGMOP00000012990,8049.ENSGMOP00000013414,8049.ENSGMOP00000013726,8049.ENSGMOP00000014278,8049.ENSGMOP00000015513,8049.ENSGMOP00000015608,8049.ENSGMOP00000016134,8049.ENSGMOP00000016163,8049.ENSGMOP00000016370,8049.ENSGMOP00000016550,8049.ENSGMOP00000016804,8049.ENSGMOP00000017194,8049.ENSGMOP00000017279,8049.ENSGMOP00000017401,8049.ENSGMOP00000017484,8049.ENSGMOP00000017545,8049.ENSGMOP00000017598,8049.ENSGMOP00000018687,8049.ENSGMOP00000018777,8049.ENSGMOP00000019065,8049.ENSGMOP00000019559,8049.ENSGMOP00000019698,8049.ENSGMOP00000020136,8049.ENSGMOP00000020283,8049.ENSGMOP00000020324,8049.ENSGMOP00000020924,8049.ENSGMOP00000020956,8049.ENSGMOP00000020964	ENSGMOP00000000295,ENSGMOP00000000655,ENSGMOP00000001118,ENSGMOP00000003514,ENSGMOP00000003547,ENSGMOP00000003809,ENSGMOP00000003815,ENSGMOP00000004055,ENSGMOP00000004735,ENSGMOP00000005051,ENSGMOP00000005084,ENSGMOP00000005360,ENSGMOP00000006025,ENSGMOP00000006481,ENSGMOP00000006594,LPP,ENSGMOP00000007249,ENSGMOP00000007440,ENSGMOP00000007568,ENSGMOP00000007617,ENSGMOP00000007861,ENSGMOP00000008916,ENSGMOP00000009364,ENSGMOP00000009386,ENSGMOP00000009512,ENSGMOP00000010033,ENSGMOP00000010232,ENSGMOP00000010374,ENSGMOP00000010431,ENSGMOP00000010933,ENSGMOP00000011363,ENSGMOP00000012193,ENSGMOP00000012990,ENSGMOP00000013414,ENSGMOP00000013726,ENSGMOP00000014278,ENSGMOP00000015513,ENSGMOP00000015608,ENSGMOP00000016134,LOC115530884,ENSGMOP00000016370,ENSGMOP00000016550,ENSGMOP00000016804,nr2e1,ENSGMOP00000017279,ENSGMOP00000017401,ENSGMOP00000017484,ENSGMOP00000017545,ENSGMOP00000017598,ENSGMOP00000018687,ENSGMOP00000018777,ENSGMOP00000019065,ENSGMOP00000019559,ENSGMOP00000019698,ENSGMOP00000020136,ENSGMOP00000020283,ENSGMOP00000020324,ENSGMOP00000020924,ENSGMOP00000020956,ENSGMOP00000020964
GO Component	GO:0030054	Cell junction	25	1603	0.42	0.5	0.0015	8049.ENSGMOP00000000394,8049.ENSGMOP00000002985,8049.ENSGMOP00000003483,8049.ENSGMOP00000003929,8049.ENSGMOP00000003952,8049.ENSGMOP00000005232,8049.ENSGMOP00000005306,8049.ENSGMOP00000006558,8049.ENSGMOP00000006686,8049.ENSGMOP00000009057,8049.ENSGMOP00000011506,8049.ENSGMOP00000011775,8049.ENSGMOP00000012747,8049.ENSGMOP00000016837,8049.ENSGMOP00000017523,8049.ENSGMOP00000017598,8049.ENSGMOP00000017970,8049.ENSGMOP00000019499,8049.ENSGMOP00000019698,8049.ENSGMOP00000019958,8049.ENSGMOP00000020136,8049.ENSGMOP00000020184,8049.ENSGMOP00000020283,8049.ENSGMOP00000020964,8049.ENSGMOP00000021060	ENSGMOP00000000394,ENSGMOP00000002985,LAMA3,ENSGMOP00000003929,ENSGMOP00000003952,ENSGMOP00000005232,ENSGMOP00000005306,ENSGMOP00000006558,LPP,ENSGMOP00000009057,ENSGMOP00000011506,ENSGMOP00000011775,ENSGMOP00000012747,ENSGMOP00000016837,ENSGMOP00000017523,ENSGMOP00000017598,ENSGMOP00000017970,ENSGMOP00000019499,ENSGMOP00000019698,ENSGMOP00000019958,ENSGMOP00000020136,ENSGMOP00000020184,ENSGMOP00000020283,ENSGMOP00000020964,ENSGMOP00000021060
GO Component	GO:0043235	Receptor complex	11	339	0.74	0.63	0.0015	8049.ENSGMOP00000000192,8049.ENSGMOP00000002985,8049.ENSGMOP00000004042,8049.ENSGMOP00000005051,8049.ENSGMOP00000005232,8049.ENSGMOP00000013403,8049.ENSGMOP00000015608,8049.ENSGMOP00000016451,8049.ENSGMOP00000016798,8049.ENSGMOP00000017025,8049.ENSGMOP00000017523	ENSGMOP00000000192,ENSGMOP00000002985,ENSGMOP00000004042,ENSGMOP00000005051,ENSGMOP00000005232,ENSGMOP00000013403,ENSGMOP00000015608,ENSGMOP00000016451,ENSGMOP00000016798,ENSGMOP00000017025,ENSGMOP00000017523
GO Component	GO:0005899	Insulin receptor complex	3	5	2.01	0.79	0.0017	8049.ENSGMOP00000000192,8049.ENSGMOP00000013403,8049.ENSGMOP00000016451	ENSGMOP00000000192,ENSGMOP00000013403,ENSGMOP00000016451
GO Component	GO:1990234	Transferase complex	16	757	0.55	0.55	0.0017	8049.ENSGMOP00000000192,8049.ENSGMOP00000000741,8049.ENSGMOP00000003815,8049.ENSGMOP00000004055,8049.ENSGMOP00000005743,8049.ENSGMOP00000007617,8049.ENSGMOP00000013403,8049.ENSGMOP00000013726,8049.ENSGMOP00000014278,8049.ENSGMOP00000014980,8049.ENSGMOP00000016451,8049.ENSGMOP00000016550,8049.ENSGMOP00000017031,8049.ENSGMOP00000017279,8049.ENSGMOP00000017484,8049.ENSGMOP00000019958	ENSGMOP00000000192,ENSGMOP00000000741,ENSGMOP00000003815,ENSGMOP00000004055,ENSGMOP00000005743,ENSGMOP00000007617,ENSGMOP00000013403,ENSGMOP00000013726,ENSGMOP00000014278,ENSGMOP00000014980,ENSGMOP00000016451,ENSGMOP00000016550,ENSGMOP00000017031,ENSGMOP00000017279,ENSGMOP00000017484,ENSGMOP00000019958
GO Component	GO:0005667	Transcription regulator complex	10	338	0.7	0.56	0.0031	8049.ENSGMOP00000000295,8049.ENSGMOP00000004055,8049.ENSGMOP00000007440,8049.ENSGMOP00000012193,8049.ENSGMOP00000013414,8049.ENSGMOP00000015513,8049.ENSGMOP00000015608,8049.ENSGMOP00000017279,8049.ENSGMOP00000017484,8049.ENSGMOP00000019559	ENSGMOP00000000295,ENSGMOP00000004055,ENSGMOP00000007440,ENSGMOP00000012193,ENSGMOP00000013414,ENSGMOP00000015513,ENSGMOP00000015608,ENSGMOP00000017279,ENSGMOP00000017484,ENSGMOP00000019559
GO Component	GO:0005856	Cytoskeleton	26	1887	0.37	0.44	0.0031	8049.ENSGMOP00000000295,8049.ENSGMOP00000000655,8049.ENSGMOP00000003506,8049.ENSGMOP00000003547,8049.ENSGMOP00000006025,8049.ENSGMOP00000006594,8049.ENSGMOP00000006664,8049.ENSGMOP00000006686,8049.ENSGMOP00000009057,8049.ENSGMOP00000010232,8049.ENSGMOP00000010374,8049.ENSGMOP00000010397,8049.ENSGMOP00000011826,8049.ENSGMOP00000012193,8049.ENSGMOP00000013161,8049.ENSGMOP00000014786,8049.ENSGMOP00000016134,8049.ENSGMOP00000017598,8049.ENSGMOP00000018687,8049.ENSGMOP00000019065,8049.ENSGMOP00000019958,8049.ENSGMOP00000020136,8049.ENSGMOP00000020283,8049.ENSGMOP00000020324,8049.ENSGMOP00000020964,8049.ENSGMOP00000021060	ENSGMOP00000000295,ENSGMOP00000000655,ENSGMOP00000003506,ENSGMOP00000003547,ENSGMOP00000006025,ENSGMOP00000006594,ENSGMOP00000006664,LPP,ENSGMOP00000009057,ENSGMOP00000010232,ENSGMOP00000010374,ENSGMOP00000010397,ENSGMOP00000011826,ENSGMOP00000012193,ENSGMOP00000013161,ENSGMOP00000014786,ENSGMOP00000016134,ENSGMOP00000017598,ENSGMOP00000018687,ENSGMOP00000019065,ENSGMOP00000019958,ENSGMOP00000020136,ENSGMOP00000020283,ENSGMOP00000020324,ENSGMOP00000020964,ENSGMOP00000021060
GO Component	GO:0008305	Integrin complex	4	29	1.37	0.68	0.0031	8049.ENSGMOP00000002985,8049.ENSGMOP00000005232,8049.ENSGMOP00000017025,8049.ENSGMOP00000017523	ENSGMOP00000002985,ENSGMOP00000005232,ENSGMOP00000017025,ENSGMOP00000017523
GO Component	GO:0043232	Intracellular non-membrane-bounded organelle	40	3613	0.27	0.41	0.0031	8049.ENSGMOP00000000295,8049.ENSGMOP00000000655,8049.ENSGMOP00000003506,8049.ENSGMOP00000003514,8049.ENSGMOP00000003547,8049.ENSGMOP00000003809,8049.ENSGMOP00000004055,8049.ENSGMOP00000005084,8049.ENSGMOP00000005360,8049.ENSGMOP00000006025,8049.ENSGMOP00000006594,8049.ENSGMOP00000006664,8049.ENSGMOP00000006686,8049.ENSGMOP00000007440,8049.ENSGMOP00000007568,8049.ENSGMOP00000009057,8049.ENSGMOP00000009386,8049.ENSGMOP00000009512,8049.ENSGMOP00000010232,8049.ENSGMOP00000010374,8049.ENSGMOP00000010397,8049.ENSGMOP00000011826,8049.ENSGMOP00000012193,8049.ENSGMOP00000012990,8049.ENSGMOP00000013161,8049.ENSGMOP00000013726,8049.ENSGMOP00000013986,8049.ENSGMOP00000014786,8049.ENSGMOP00000015596,8049.ENSGMOP00000016134,8049.ENSGMOP00000017598,8049.ENSGMOP00000018687,8049.ENSGMOP00000019065,8049.ENSGMOP00000019559,8049.ENSGMOP00000019958,8049.ENSGMOP00000020136,8049.ENSGMOP00000020283,8049.ENSGMOP00000020324,8049.ENSGMOP00000020964,8049.ENSGMOP00000021060	ENSGMOP00000000295,ENSGMOP00000000655,ENSGMOP00000003506,ENSGMOP00000003514,ENSGMOP00000003547,ENSGMOP00000003809,ENSGMOP00000004055,ENSGMOP00000005084,ENSGMOP00000005360,ENSGMOP00000006025,ENSGMOP00000006594,ENSGMOP00000006664,LPP,ENSGMOP00000007440,ENSGMOP00000007568,ENSGMOP00000009057,ENSGMOP00000009386,ENSGMOP00000009512,ENSGMOP00000010232,ENSGMOP00000010374,ENSGMOP00000010397,ENSGMOP00000011826,ENSGMOP00000012193,ENSGMOP00000012990,ENSGMOP00000013161,ENSGMOP00000013726,ENSGMOP00000013986,ENSGMOP00000014786,ENSGMOP00000015596,ENSGMOP00000016134,ENSGMOP00000017598,ENSGMOP00000018687,ENSGMOP00000019065,ENSGMOP00000019559,ENSGMOP00000019958,ENSGMOP00000020136,ENSGMOP00000020283,ENSGMOP00000020324,ENSGMOP00000020964,ENSGMOP00000021060
GO Component	GO:0098802	Plasma membrane signaling receptor complex	7	150	0.9	0.61	0.0031	8049.ENSGMOP00000000192,8049.ENSGMOP00000002985,8049.ENSGMOP00000005232,8049.ENSGMOP00000013403,8049.ENSGMOP00000016451,8049.ENSGMOP00000017025,8049.ENSGMOP00000017523	ENSGMOP00000000192,ENSGMOP00000002985,ENSGMOP00000005232,ENSGMOP00000013403,ENSGMOP00000016451,ENSGMOP00000017025,ENSGMOP00000017523
GO Component	GO:0140513	Nuclear protein-containing complex	18	1054	0.46	0.48	0.0034	8049.ENSGMOP00000000295,8049.ENSGMOP00000003514,8049.ENSGMOP00000003809,8049.ENSGMOP00000003815,8049.ENSGMOP00000004055,8049.ENSGMOP00000005360,8049.ENSGMOP00000006594,8049.ENSGMOP00000007617,8049.ENSGMOP00000010374,8049.ENSGMOP00000012193,8049.ENSGMOP00000013726,8049.ENSGMOP00000014278,8049.ENSGMOP00000015513,8049.ENSGMOP00000017279,8049.ENSGMOP00000017401,8049.ENSGMOP00000017484,8049.ENSGMOP00000020283,8049.ENSGMOP00000020964	ENSGMOP00000000295,ENSGMOP00000003514,ENSGMOP00000003809,ENSGMOP00000003815,ENSGMOP00000004055,ENSGMOP00000005360,ENSGMOP00000006594,ENSGMOP00000007617,ENSGMOP00000010374,ENSGMOP00000012193,ENSGMOP00000013726,ENSGMOP00000014278,ENSGMOP00000015513,ENSGMOP00000017279,ENSGMOP00000017401,ENSGMOP00000017484,ENSGMOP00000020283,ENSGMOP00000020964
GO Component	GO:0005604	Basement membrane	5	67	1.1	0.62	0.0040	8049.ENSGMOP00000001688,8049.ENSGMOP00000003483,8049.ENSGMOP00000005306,8049.ENSGMOP00000009025,8049.ENSGMOP00000016347	ENSGMOP00000001688,LAMA3,ENSGMOP00000005306,ENSGMOP00000009025,ENSGMOP00000016347
GO Component	GO:0005923	Bicellular tight junction	6	111	0.96	0.6	0.0040	8049.ENSGMOP00000003929,8049.ENSGMOP00000003952,8049.ENSGMOP00000012747,8049.ENSGMOP00000019698,8049.ENSGMOP00000019958,8049.ENSGMOP00000020136	ENSGMOP00000003929,ENSGMOP00000003952,ENSGMOP00000012747,ENSGMOP00000019698,ENSGMOP00000019958,ENSGMOP00000020136
GO Component	GO:0015630	Microtubule cytoskeleton	17	1034	0.44	0.43	0.0073	8049.ENSGMOP00000000295,8049.ENSGMOP00000000655,8049.ENSGMOP00000003506,8049.ENSGMOP00000003547,8049.ENSGMOP00000006025,8049.ENSGMOP00000006594,8049.ENSGMOP00000010232,8049.ENSGMOP00000010374,8049.ENSGMOP00000010397,8049.ENSGMOP00000011826,8049.ENSGMOP00000012193,8049.ENSGMOP00000013161,8049.ENSGMOP00000014786,8049.ENSGMOP00000016134,8049.ENSGMOP00000018687,8049.ENSGMOP00000020136,8049.ENSGMOP00000020324	ENSGMOP00000000295,ENSGMOP00000000655,ENSGMOP00000003506,ENSGMOP00000003547,ENSGMOP00000006025,ENSGMOP00000006594,ENSGMOP00000010232,ENSGMOP00000010374,ENSGMOP00000010397,ENSGMOP00000011826,ENSGMOP00000012193,ENSGMOP00000013161,ENSGMOP00000014786,ENSGMOP00000016134,ENSGMOP00000018687,ENSGMOP00000020136,ENSGMOP00000020324
GO Component	GO:0070161	Anchoring junction	16	935	0.46	0.43	0.0073	8049.ENSGMOP00000000394,8049.ENSGMOP00000002985,8049.ENSGMOP00000003929,8049.ENSGMOP00000003952,8049.ENSGMOP00000005232,8049.ENSGMOP00000006686,8049.ENSGMOP00000009057,8049.ENSGMOP00000011506,8049.ENSGMOP00000012747,8049.ENSGMOP00000017523,8049.ENSGMOP00000017598,8049.ENSGMOP00000019499,8049.ENSGMOP00000019698,8049.ENSGMOP00000019958,8049.ENSGMOP00000020136,8049.ENSGMOP00000021060	ENSGMOP00000000394,ENSGMOP00000002985,ENSGMOP00000003929,ENSGMOP00000003952,ENSGMOP00000005232,LPP,ENSGMOP00000009057,ENSGMOP00000011506,ENSGMOP00000012747,ENSGMOP00000017523,ENSGMOP00000017598,ENSGMOP00000019499,ENSGMOP00000019698,ENSGMOP00000019958,ENSGMOP00000020136,ENSGMOP00000021060
GO Component	GO:0000228	Nuclear chromosome	6	138	0.87	0.5	0.0095	8049.ENSGMOP00000003514,8049.ENSGMOP00000004055,8049.ENSGMOP00000010232,8049.ENSGMOP00000010374,8049.ENSGMOP00000013726,8049.ENSGMOP00000018687	ENSGMOP00000003514,ENSGMOP00000004055,ENSGMOP00000010232,ENSGMOP00000010374,ENSGMOP00000013726,ENSGMOP00000018687
GO Component	GO:0062023	Collagen-containing extracellular matrix	8	275	0.69	0.45	0.0119	8049.ENSGMOP00000000797,8049.ENSGMOP00000001688,8049.ENSGMOP00000003483,8049.ENSGMOP00000004711,8049.ENSGMOP00000005306,8049.ENSGMOP00000009025,8049.ENSGMOP00000009077,8049.ENSGMOP00000016347	ENSGMOP00000000797,ENSGMOP00000001688,LAMA3,ENSGMOP00000004711,ENSGMOP00000005306,ENSGMOP00000009025,ENSGMOP00000009077,ENSGMOP00000016347
GO Component	GO:0005819	Spindle	8	289	0.67	0.42	0.0158	8049.ENSGMOP00000000655,8049.ENSGMOP00000003547,8049.ENSGMOP00000006025,8049.ENSGMOP00000011826,8049.ENSGMOP00000012193,8049.ENSGMOP00000013161,8049.ENSGMOP00000018687,8049.ENSGMOP00000020324	ENSGMOP00000000655,ENSGMOP00000003547,ENSGMOP00000006025,ENSGMOP00000011826,ENSGMOP00000012193,ENSGMOP00000013161,ENSGMOP00000018687,ENSGMOP00000020324
GO Component	GO:1902911	Protein kinase complex	5	103	0.91	0.45	0.0181	8049.ENSGMOP00000000192,8049.ENSGMOP00000013403,8049.ENSGMOP00000016451,8049.ENSGMOP00000016550,8049.ENSGMOP00000019958	ENSGMOP00000000192,ENSGMOP00000013403,ENSGMOP00000016451,ENSGMOP00000016550,ENSGMOP00000019958
GO Component	GO:0005925	Focal adhesion	5	112	0.88	0.41	0.0252	8049.ENSGMOP00000002985,8049.ENSGMOP00000005232,8049.ENSGMOP00000006686,8049.ENSGMOP00000017523,8049.ENSGMOP00000019499	ENSGMOP00000002985,ENSGMOP00000005232,LPP,ENSGMOP00000017523,ENSGMOP00000019499
GO Component	GO:0005737	Cytoplasm	83	11027	0.1	0.27	0.0254	8049.ENSGMOP00000000295,8049.ENSGMOP00000000394,8049.ENSGMOP00000000655,8049.ENSGMOP00000000741,8049.ENSGMOP00000001118,8049.ENSGMOP00000003381,8049.ENSGMOP00000003514,8049.ENSGMOP00000003547,8049.ENSGMOP00000003911,8049.ENSGMOP00000003952,8049.ENSGMOP00000004055,8049.ENSGMOP00000004711,8049.ENSGMOP00000004735,8049.ENSGMOP00000005051,8049.ENSGMOP00000005084,8049.ENSGMOP00000005743,8049.ENSGMOP00000005796,8049.ENSGMOP00000006025,8049.ENSGMOP00000006558,8049.ENSGMOP00000006594,8049.ENSGMOP00000006664,8049.ENSGMOP00000006686,8049.ENSGMOP00000007249,8049.ENSGMOP00000007568,8049.ENSGMOP00000007573,8049.ENSGMOP00000007903,8049.ENSGMOP00000008916,8049.ENSGMOP00000009057,8049.ENSGMOP00000009364,8049.ENSGMOP00000009386,8049.ENSGMOP00000009512,8049.ENSGMOP00000009774,8049.ENSGMOP00000010033,8049.ENSGMOP00000010232,8049.ENSGMOP00000010374,8049.ENSGMOP00000010397,8049.ENSGMOP00000010431,8049.ENSGMOP00000010933,8049.ENSGMOP00000011363,8049.ENSGMOP00000011506,8049.ENSGMOP00000011775,8049.ENSGMOP00000011826,8049.ENSGMOP00000012148,8049.ENSGMOP00000012747,8049.ENSGMOP00000012819,8049.ENSGMOP00000012990,8049.ENSGMOP00000013161,8049.ENSGMOP00000013726,8049.ENSGMOP00000013986,8049.ENSGMOP00000014278,8049.ENSGMOP00000014732,8049.ENSGMOP00000014786,8049.ENSGMOP00000014980,8049.ENSGMOP00000015596,8049.ENSGMOP00000015608,8049.ENSGMOP00000016134,8049.ENSGMOP00000016163,8049.ENSGMOP00000016370,8049.ENSGMOP00000016550,8049.ENSGMOP00000016798,8049.ENSGMOP00000016804,8049.ENSGMOP00000016837,8049.ENSGMOP00000017279,8049.ENSGMOP00000017317,8049.ENSGMOP00000017545,8049.ENSGMOP00000017598,8049.ENSGMOP00000017970,8049.ENSGMOP00000018378,8049.ENSGMOP00000018687,8049.ENSGMOP00000018777,8049.ENSGMOP00000019065,8049.ENSGMOP00000019274,8049.ENSGMOP00000019499,8049.ENSGMOP00000019698,8049.ENSGMOP00000019958,8049.ENSGMOP00000020136,8049.ENSGMOP00000020184,8049.ENSGMOP00000020283,8049.ENSGMOP00000020324,8049.ENSGMOP00000020924,8049.ENSGMOP00000020956,8049.ENSGMOP00000020964,8049.ENSGMOP00000021060	ENSGMOP00000000295,ENSGMOP00000000394,ENSGMOP00000000655,ENSGMOP00000000741,ENSGMOP00000001118,ENSGMOP00000003381,ENSGMOP00000003514,ENSGMOP00000003547,ENSGMOP00000003911,ENSGMOP00000003952,ENSGMOP00000004055,ENSGMOP00000004711,ENSGMOP00000004735,ENSGMOP00000005051,ENSGMOP00000005084,ENSGMOP00000005743,ENSGMOP00000005796,ENSGMOP00000006025,ENSGMOP00000006558,ENSGMOP00000006594,ENSGMOP00000006664,LPP,ENSGMOP00000007249,ENSGMOP00000007568,ENSGMOP00000007573,ENSGMOP00000007903,ENSGMOP00000008916,ENSGMOP00000009057,ENSGMOP00000009364,ENSGMOP00000009386,ENSGMOP00000009512,ENSGMOP00000009774,ENSGMOP00000010033,ENSGMOP00000010232,ENSGMOP00000010374,ENSGMOP00000010397,ENSGMOP00000010431,ENSGMOP00000010933,ENSGMOP00000011363,ENSGMOP00000011506,ENSGMOP00000011775,ENSGMOP00000011826,EIF2AK4,ENSGMOP00000012747,ENSGMOP00000012819,ENSGMOP00000012990,ENSGMOP00000013161,ENSGMOP00000013726,ENSGMOP00000013986,ENSGMOP00000014278,ENSGMOP00000014732,ENSGMOP00000014786,ENSGMOP00000014980,ENSGMOP00000015596,ENSGMOP00000015608,ENSGMOP00000016134,LOC115530884,ENSGMOP00000016370,ENSGMOP00000016550,ENSGMOP00000016798,ENSGMOP00000016804,ENSGMOP00000016837,ENSGMOP00000017279,ENSGMOP00000017317,ENSGMOP00000017545,ENSGMOP00000017598,ENSGMOP00000017970,ENSGMOP00000018378,ENSGMOP00000018687,ENSGMOP00000018777,ENSGMOP00000019065,PIP5K1A,ENSGMOP00000019499,ENSGMOP00000019698,ENSGMOP00000019958,ENSGMOP00000020136,ENSGMOP00000020184,ENSGMOP00000020283,ENSGMOP00000020324,ENSGMOP00000020924,ENSGMOP00000020956,ENSGMOP00000020964,ENSGMOP00000021060
GO Component	GO:0005815	Microtubule organizing center	11	605	0.49	0.32	0.0372	8049.ENSGMOP00000000295,8049.ENSGMOP00000000655,8049.ENSGMOP00000006025,8049.ENSGMOP00000006594,8049.ENSGMOP00000010232,8049.ENSGMOP00000010374,8049.ENSGMOP00000010397,8049.ENSGMOP00000014786,8049.ENSGMOP00000016134,8049.ENSGMOP00000020136,8049.ENSGMOP00000020324	ENSGMOP00000000295,ENSGMOP00000000655,ENSGMOP00000006025,ENSGMOP00000006594,ENSGMOP00000010232,ENSGMOP00000010374,ENSGMOP00000010397,ENSGMOP00000014786,ENSGMOP00000016134,ENSGMOP00000020136,ENSGMOP00000020324
STRING clusters	CL:1502	ECM-receptor interaction	11	74	1.4	1.94	1.14e-08	8049.ENSGMOP00000000797,8049.ENSGMOP00000002985,8049.ENSGMOP00000003483,8049.ENSGMOP00000004711,8049.ENSGMOP00000005232,8049.ENSGMOP00000005306,8049.ENSGMOP00000009025,8049.ENSGMOP00000009077,8049.ENSGMOP00000016347,8049.ENSGMOP00000017025,8049.ENSGMOP00000017523	ENSGMOP00000000797,ENSGMOP00000002985,LAMA3,ENSGMOP00000004711,ENSGMOP00000005232,ENSGMOP00000005306,ENSGMOP00000009025,ENSGMOP00000009077,ENSGMOP00000016347,ENSGMOP00000017025,ENSGMOP00000017523
STRING clusters	CL:318	Insulin receptor signaling pathway, and PI3-kinase family, p85-binding domain	6	24	1.63	1.27	2.04e-05	8049.ENSGMOP00000000192,8049.ENSGMOP00000000741,8049.ENSGMOP00000014980,8049.ENSGMOP00000016451,8049.ENSGMOP00000016837,8049.ENSGMOP00000017031	ENSGMOP00000000192,ENSGMOP00000000741,ENSGMOP00000014980,ENSGMOP00000016451,ENSGMOP00000016837,ENSGMOP00000017031
STRING clusters	CL:1090	Mixed, incl. CDC42 GTPase cycle, and Rho (Ras homology) subfamily of Ras-like small GTPases	9	140	1.04	0.9	0.00017	8049.ENSGMOP00000003911,8049.ENSGMOP00000006558,8049.ENSGMOP00000007568,8049.ENSGMOP00000009057,8049.ENSGMOP00000011506,8049.ENSGMOP00000012990,8049.ENSGMOP00000019065,8049.ENSGMOP00000020184,8049.ENSGMOP00000021060	ENSGMOP00000003911,ENSGMOP00000006558,ENSGMOP00000007568,ENSGMOP00000009057,ENSGMOP00000011506,ENSGMOP00000012990,ENSGMOP00000019065,ENSGMOP00000020184,ENSGMOP00000021060
STRING clusters	CL:1605	Laminin interactions, and Integrin beta subunits (N-terminal portion of extracellular region)	5	18	1.67	1.04	0.00017	8049.ENSGMOP00000002985,8049.ENSGMOP00000003483,8049.ENSGMOP00000005306,8049.ENSGMOP00000016347,8049.ENSGMOP00000017523	ENSGMOP00000002985,LAMA3,ENSGMOP00000005306,ENSGMOP00000016347,ENSGMOP00000017523
STRING clusters	CL:251	Mixed, incl. SH2 domain, and PI3K events in ERBB2 signaling	8	129	1.02	0.81	0.00049	8049.ENSGMOP00000000192,8049.ENSGMOP00000000741,8049.ENSGMOP00000007903,8049.ENSGMOP00000013403,8049.ENSGMOP00000014980,8049.ENSGMOP00000016451,8049.ENSGMOP00000016837,8049.ENSGMOP00000017031	ENSGMOP00000000192,ENSGMOP00000000741,ENSGMOP00000007903,ENSGMOP00000013403,ENSGMOP00000014980,ENSGMOP00000016451,ENSGMOP00000016837,ENSGMOP00000017031
STRING clusters	CL:10008	Nuclear Receptor transcription pathway, and Notch-HLH transcription pathway	7	102	1.06	0.75	0.00098	8049.ENSGMOP00000006025,8049.ENSGMOP00000007440,8049.ENSGMOP00000012193,8049.ENSGMOP00000015513,8049.ENSGMOP00000017194,8049.ENSGMOP00000018777,8049.ENSGMOP00000020924	ENSGMOP00000006025,ENSGMOP00000007440,ENSGMOP00000012193,ENSGMOP00000015513,nr2e1,ENSGMOP00000018777,ENSGMOP00000020924
STRING clusters	CL:1507	Protein complex involved in cell adhesion, and Fibronectin type 1 domain	5	41	1.31	0.75	0.0015	8049.ENSGMOP00000004711,8049.ENSGMOP00000005232,8049.ENSGMOP00000009025,8049.ENSGMOP00000009077,8049.ENSGMOP00000017025	ENSGMOP00000004711,ENSGMOP00000005232,ENSGMOP00000009025,ENSGMOP00000009077,ENSGMOP00000017025
STRING clusters	CL:1094	Mixed, incl. Cortical cytoskeleton organization, and CDC42 GTPase cycle	7	119	1.0	0.69	0.0016	8049.ENSGMOP00000003911,8049.ENSGMOP00000006558,8049.ENSGMOP00000009057,8049.ENSGMOP00000012990,8049.ENSGMOP00000019065,8049.ENSGMOP00000020184,8049.ENSGMOP00000021060	ENSGMOP00000003911,ENSGMOP00000006558,ENSGMOP00000009057,ENSGMOP00000012990,ENSGMOP00000019065,ENSGMOP00000020184,ENSGMOP00000021060
STRING clusters	CL:320	Insulin receptor signaling pathway, and PI3-kinase family, p85-binding domain	4	19	1.55	0.77	0.0016	8049.ENSGMOP00000000192,8049.ENSGMOP00000000741,8049.ENSGMOP00000014980,8049.ENSGMOP00000016451	ENSGMOP00000000192,ENSGMOP00000000741,ENSGMOP00000014980,ENSGMOP00000016451
STRING clusters	CL:1254	Mixed, incl. Septin ring organization, and Cdc42 protein signal transduction	4	25	1.43	0.68	0.0034	8049.ENSGMOP00000003911,8049.ENSGMOP00000009057,8049.ENSGMOP00000019065,8049.ENSGMOP00000021060	ENSGMOP00000003911,ENSGMOP00000009057,ENSGMOP00000019065,ENSGMOP00000021060
STRING clusters	CL:322	Mixed, incl. Phosphoinositide 3-kinase, region postulated to contain C2 domain, and Phosphatidylinositol 3-kinase regulatory subunit P85 inter-SH2 domain	3	7	1.86	0.7	0.0034	8049.ENSGMOP00000000192,8049.ENSGMOP00000000741,8049.ENSGMOP00000014980	ENSGMOP00000000192,ENSGMOP00000000741,ENSGMOP00000014980
STRING clusters	CL:1606	Laminin interactions	3	12	1.63	0.55	0.0106	8049.ENSGMOP00000003483,8049.ENSGMOP00000016347,8049.ENSGMOP00000017523	LAMA3,ENSGMOP00000016347,ENSGMOP00000017523
STRING clusters	CL:10015	c4 zinc finger in nuclear hormone receptors, and Notch-HLH transcription pathway	4	39	1.24	0.51	0.0138	8049.ENSGMOP00000007440,8049.ENSGMOP00000012193,8049.ENSGMOP00000015513,8049.ENSGMOP00000020924	ENSGMOP00000007440,ENSGMOP00000012193,ENSGMOP00000015513,ENSGMOP00000020924
STRING clusters	CL:3042	Intraciliary transport particle, and Intraflagellar transport	4	42	1.21	0.48	0.0170	8049.ENSGMOP00000003506,8049.ENSGMOP00000010232,8049.ENSGMOP00000010397,8049.ENSGMOP00000014786	ENSGMOP00000003506,ENSGMOP00000010232,ENSGMOP00000010397,ENSGMOP00000014786
STRING clusters	CL:1257	Mixed, incl. Cdc42 protein signal transduction, and RasGAP C-terminus	3	17	1.47	0.46	0.0222	8049.ENSGMOP00000003911,8049.ENSGMOP00000009057,8049.ENSGMOP00000021060	ENSGMOP00000003911,ENSGMOP00000009057,ENSGMOP00000021060
STRING clusters	CL:1510	Cell adhesion mediated by integrin, and Fibronectin type 1 domain	3	21	1.38	0.4	0.0368	8049.ENSGMOP00000004711,8049.ENSGMOP00000005232,8049.ENSGMOP00000017025	ENSGMOP00000004711,ENSGMOP00000005232,ENSGMOP00000017025
STRING clusters	CL:10685	Mixed, incl. Collagen biosynthesis and modifying enzymes, and SAGA-type complex	6	156	0.81	0.36	0.0380	8049.ENSGMOP00000004055,8049.ENSGMOP00000005360,8049.ENSGMOP00000009774,8049.ENSGMOP00000020283,8049.ENSGMOP00000020956,8049.ENSGMOP00000020964	ENSGMOP00000004055,ENSGMOP00000005360,ENSGMOP00000009774,ENSGMOP00000020283,ENSGMOP00000020956,ENSGMOP00000020964
STRING clusters	CL:3053	Intraciliary transport particle, and Kinesin II complex	3	24	1.32	0.36	0.0491	8049.ENSGMOP00000010232,8049.ENSGMOP00000010397,8049.ENSGMOP00000014786	ENSGMOP00000010232,ENSGMOP00000010397,ENSGMOP00000014786
KEGG	map04510	Focal adhesion	22	300	1.09	2.48	3.40e-15	8049.ENSGMOP00000000192,8049.ENSGMOP00000000741,8049.ENSGMOP00000000797,8049.ENSGMOP00000002985,8049.ENSGMOP00000003483,8049.ENSGMOP00000004042,8049.ENSGMOP00000004711,8049.ENSGMOP00000005232,8049.ENSGMOP00000005306,8049.ENSGMOP00000006558,8049.ENSGMOP00000006664,8049.ENSGMOP00000009025,8049.ENSGMOP00000009077,8049.ENSGMOP00000014980,8049.ENSGMOP00000016347,8049.ENSGMOP00000016451,8049.ENSGMOP00000016550,8049.ENSGMOP00000017025,8049.ENSGMOP00000017031,8049.ENSGMOP00000017523,8049.ENSGMOP00000019274,8049.ENSGMOP00000020316	ENSGMOP00000000192,ENSGMOP00000000741,ENSGMOP00000000797,ENSGMOP00000002985,LAMA3,ENSGMOP00000004042,ENSGMOP00000004711,ENSGMOP00000005232,ENSGMOP00000005306,ENSGMOP00000006558,ENSGMOP00000006664,ENSGMOP00000009025,ENSGMOP00000009077,ENSGMOP00000014980,ENSGMOP00000016347,ENSGMOP00000016451,ENSGMOP00000016550,ENSGMOP00000017025,ENSGMOP00000017031,ENSGMOP00000017523,PIP5K1A,ENSGMOP00000020316
KEGG	map04512	ECM-receptor interaction	12	143	1.15	1.72	1.22e-08	8049.ENSGMOP00000000797,8049.ENSGMOP00000001688,8049.ENSGMOP00000002985,8049.ENSGMOP00000003483,8049.ENSGMOP00000004711,8049.ENSGMOP00000005232,8049.ENSGMOP00000005306,8049.ENSGMOP00000009025,8049.ENSGMOP00000009077,8049.ENSGMOP00000016347,8049.ENSGMOP00000017025,8049.ENSGMOP00000017523	ENSGMOP00000000797,ENSGMOP00000001688,ENSGMOP00000002985,LAMA3,ENSGMOP00000004711,ENSGMOP00000005232,ENSGMOP00000005306,ENSGMOP00000009025,ENSGMOP00000009077,ENSGMOP00000016347,ENSGMOP00000017025,ENSGMOP00000017523
KEGG	map04068	FoxO signaling pathway	11	198	0.97	1.19	2.67e-06	8049.ENSGMOP00000000192,8049.ENSGMOP00000000295,8049.ENSGMOP00000000741,8049.ENSGMOP00000009057,8049.ENSGMOP00000013403,8049.ENSGMOP00000014980,8049.ENSGMOP00000016451,8049.ENSGMOP00000016550,8049.ENSGMOP00000017031,8049.ENSGMOP00000019559,8049.ENSGMOP00000021060	ENSGMOP00000000192,ENSGMOP00000000295,ENSGMOP00000000741,ENSGMOP00000009057,ENSGMOP00000013403,ENSGMOP00000014980,ENSGMOP00000016451,ENSGMOP00000016550,ENSGMOP00000017031,ENSGMOP00000019559,ENSGMOP00000021060
KEGG	map04810	Regulation of actin cytoskeleton	13	300	0.86	1.11	2.67e-06	8049.ENSGMOP00000000741,8049.ENSGMOP00000002985,8049.ENSGMOP00000003911,8049.ENSGMOP00000005232,8049.ENSGMOP00000006558,8049.ENSGMOP00000011775,8049.ENSGMOP00000014980,8049.ENSGMOP00000016837,8049.ENSGMOP00000017025,8049.ENSGMOP00000017031,8049.ENSGMOP00000017523,8049.ENSGMOP00000019274,8049.ENSGMOP00000020184	ENSGMOP00000000741,ENSGMOP00000002985,ENSGMOP00000003911,ENSGMOP00000005232,ENSGMOP00000006558,ENSGMOP00000011775,ENSGMOP00000014980,ENSGMOP00000016837,ENSGMOP00000017025,ENSGMOP00000017031,ENSGMOP00000017523,PIP5K1A,ENSGMOP00000020184
KEGG	map04150	mTOR signaling pathway	11	235	0.9	1.06	8.93e-06	8049.ENSGMOP00000000192,8049.ENSGMOP00000000741,8049.ENSGMOP00000009057,8049.ENSGMOP00000010431,8049.ENSGMOP00000013403,8049.ENSGMOP00000014732,8049.ENSGMOP00000014980,8049.ENSGMOP00000016451,8049.ENSGMOP00000017031,8049.ENSGMOP00000018142,8049.ENSGMOP00000021060	ENSGMOP00000000192,ENSGMOP00000000741,ENSGMOP00000009057,ENSGMOP00000010431,ENSGMOP00000013403,ENSGMOP00000014732,ENSGMOP00000014980,ENSGMOP00000016451,ENSGMOP00000017031,ENSGMOP00000018142,ENSGMOP00000021060
KEGG	map04530	Tight junction	11	271	0.84	0.95	2.88e-05	8049.ENSGMOP00000000394,8049.ENSGMOP00000002985,8049.ENSGMOP00000003381,8049.ENSGMOP00000003929,8049.ENSGMOP00000005796,8049.ENSGMOP00000009774,8049.ENSGMOP00000016837,8049.ENSGMOP00000017523,8049.ENSGMOP00000019698,8049.ENSGMOP00000019958,8049.ENSGMOP00000020184	ENSGMOP00000000394,ENSGMOP00000002985,ENSGMOP00000003381,ENSGMOP00000003929,ENSGMOP00000005796,ENSGMOP00000009774,ENSGMOP00000016837,ENSGMOP00000017523,ENSGMOP00000019698,ENSGMOP00000019958,ENSGMOP00000020184
KEGG	map04070	Phosphatidylinositol signaling system	8	172	0.9	0.8	0.00032	8049.ENSGMOP00000000741,8049.ENSGMOP00000004735,8049.ENSGMOP00000007903,8049.ENSGMOP00000014980,8049.ENSGMOP00000017031,8049.ENSGMOP00000017317,8049.ENSGMOP00000019274,8049.ENSGMOP00000019499	ENSGMOP00000000741,ENSGMOP00000004735,ENSGMOP00000007903,ENSGMOP00000014980,ENSGMOP00000017031,ENSGMOP00000017317,PIP5K1A,ENSGMOP00000019499
KEGG	map04520	Adherens junction	7	140	0.93	0.76	0.00064	8049.ENSGMOP00000000192,8049.ENSGMOP00000000295,8049.ENSGMOP00000009057,8049.ENSGMOP00000013403,8049.ENSGMOP00000016451,8049.ENSGMOP00000019958,8049.ENSGMOP00000021060	ENSGMOP00000000192,ENSGMOP00000000295,ENSGMOP00000009057,ENSGMOP00000013403,ENSGMOP00000016451,ENSGMOP00000019958,ENSGMOP00000021060
KEGG	map04012	ErbB signaling pathway	6	116	0.94	0.67	0.0018	8049.ENSGMOP00000000741,8049.ENSGMOP00000006558,8049.ENSGMOP00000007903,8049.ENSGMOP00000010431,8049.ENSGMOP00000014980,8049.ENSGMOP00000017031	ENSGMOP00000000741,ENSGMOP00000006558,ENSGMOP00000007903,ENSGMOP00000010431,ENSGMOP00000014980,ENSGMOP00000017031
KEGG	map04140	Autophagy - animal	8	240	0.75	0.6	0.0022	8049.ENSGMOP00000000192,8049.ENSGMOP00000000741,8049.ENSGMOP00000004735,8049.ENSGMOP00000010431,8049.ENSGMOP00000012148,8049.ENSGMOP00000014980,8049.ENSGMOP00000016451,8049.ENSGMOP00000017031	ENSGMOP00000000192,ENSGMOP00000000741,ENSGMOP00000004735,ENSGMOP00000010431,EIF2AK4,ENSGMOP00000014980,ENSGMOP00000016451,ENSGMOP00000017031
KEGG	map04910	Insulin signaling pathway	7	206	0.76	0.54	0.0048	8049.ENSGMOP00000000741,8049.ENSGMOP00000009057,8049.ENSGMOP00000010431,8049.ENSGMOP00000013403,8049.ENSGMOP00000014980,8049.ENSGMOP00000017031,8049.ENSGMOP00000021060	ENSGMOP00000000741,ENSGMOP00000009057,ENSGMOP00000010431,ENSGMOP00000013403,ENSGMOP00000014980,ENSGMOP00000017031,ENSGMOP00000021060
KEGG	map00562	Inositol phosphate metabolism	6	154	0.82	0.54	0.0060	8049.ENSGMOP00000000741,8049.ENSGMOP00000007903,8049.ENSGMOP00000014980,8049.ENSGMOP00000017317,8049.ENSGMOP00000019274,8049.ENSGMOP00000019499	ENSGMOP00000000741,ENSGMOP00000007903,ENSGMOP00000014980,ENSGMOP00000017317,PIP5K1A,ENSGMOP00000019499
KEGG	map04110	Cell cycle	6	155	0.82	0.54	0.0060	8049.ENSGMOP00000000295,8049.ENSGMOP00000000655,8049.ENSGMOP00000003514,8049.ENSGMOP00000003547,8049.ENSGMOP00000016550,8049.ENSGMOP00000019559	ENSGMOP00000000295,ENSGMOP00000000655,ENSGMOP00000003514,ENSGMOP00000003547,ENSGMOP00000016550,ENSGMOP00000019559
KEGG	map04218	Cellular senescence	7	233	0.71	0.49	0.0077	8049.ENSGMOP00000000741,8049.ENSGMOP00000004735,8049.ENSGMOP00000010431,8049.ENSGMOP00000014980,8049.ENSGMOP00000016550,8049.ENSGMOP00000017031,8049.ENSGMOP00000019559	ENSGMOP00000000741,ENSGMOP00000004735,ENSGMOP00000010431,ENSGMOP00000014980,ENSGMOP00000016550,ENSGMOP00000017031,ENSGMOP00000019559
KEGG	map04914	Progesterone-mediated oocyte maturation	5	117	0.86	0.5	0.0101	8049.ENSGMOP00000000192,8049.ENSGMOP00000000741,8049.ENSGMOP00000014980,8049.ENSGMOP00000016451,8049.ENSGMOP00000017031	ENSGMOP00000000192,ENSGMOP00000000741,ENSGMOP00000014980,ENSGMOP00000016451,ENSGMOP00000017031
KEGG	map04114	Oocyte meiosis	5	138	0.79	0.43	0.0192	8049.ENSGMOP00000000192,8049.ENSGMOP00000000655,8049.ENSGMOP00000004735,8049.ENSGMOP00000010033,8049.ENSGMOP00000016451	ENSGMOP00000000192,ENSGMOP00000000655,ENSGMOP00000004735,ENSGMOP00000010033,ENSGMOP00000016451
KEGG	map04010	MAPK signaling pathway	9	467	0.51	0.36	0.0232	8049.ENSGMOP00000000192,8049.ENSGMOP00000000394,8049.ENSGMOP00000004042,8049.ENSGMOP00000006664,8049.ENSGMOP00000009057,8049.ENSGMOP00000013403,8049.ENSGMOP00000016451,8049.ENSGMOP00000020316,8049.ENSGMOP00000021060	ENSGMOP00000000192,ENSGMOP00000000394,ENSGMOP00000004042,ENSGMOP00000006664,ENSGMOP00000009057,ENSGMOP00000013403,ENSGMOP00000016451,ENSGMOP00000020316,ENSGMOP00000021060
KEGG	map04370	VEGF signaling pathway	4	89	0.88	0.42	0.0240	8049.ENSGMOP00000000741,8049.ENSGMOP00000007903,8049.ENSGMOP00000014980,8049.ENSGMOP00000017031	ENSGMOP00000000741,ENSGMOP00000007903,ENSGMOP00000014980,ENSGMOP00000017031
KEGG	map04144	Endocytosis	9	510	0.47	0.32	0.0369	8049.ENSGMOP00000000192,8049.ENSGMOP00000003381,8049.ENSGMOP00000007573,8049.ENSGMOP00000007919,8049.ENSGMOP00000012747,8049.ENSGMOP00000013161,8049.ENSGMOP00000016451,8049.ENSGMOP00000019274,8049.ENSGMOP00000019958	ENSGMOP00000000192,ENSGMOP00000003381,ENSGMOP00000007573,ENSGMOP00000007919,ENSGMOP00000012747,ENSGMOP00000013161,ENSGMOP00000016451,PIP5K1A,ENSGMOP00000019958
KEGG	map05168	Herpes simplex virus 1 infection	6	257	0.6	0.32	0.0454	8049.ENSGMOP00000000741,8049.ENSGMOP00000010431,8049.ENSGMOP00000012148,8049.ENSGMOP00000014980,8049.ENSGMOP00000016370,8049.ENSGMOP00000017031	ENSGMOP00000000741,ENSGMOP00000010431,EIF2AK4,ENSGMOP00000014980,ENSGMOP00000016370,ENSGMOP00000017031
KEGG	map03008	Ribosome biogenesis in eukaryotes	4	115	0.77	0.33	0.0498	8049.ENSGMOP00000006594,8049.ENSGMOP00000007249,8049.ENSGMOP00000009386,8049.ENSGMOP00000011826	ENSGMOP00000006594,ENSGMOP00000007249,ENSGMOP00000009386,ENSGMOP00000011826
Reactome	MAP-162582	Signal Transduction	49	3555	0.37	0.67	3.43e-06	8049.ENSGMOP00000000192,8049.ENSGMOP00000000295,8049.ENSGMOP00000000394,8049.ENSGMOP00000000741,8049.ENSGMOP00000003381,8049.ENSGMOP00000003483,8049.ENSGMOP00000003911,8049.ENSGMOP00000004042,8049.ENSGMOP00000004055,8049.ENSGMOP00000004711,8049.ENSGMOP00000004735,8049.ENSGMOP00000005232,8049.ENSGMOP00000005306,8049.ENSGMOP00000006558,8049.ENSGMOP00000007440,8049.ENSGMOP00000007568,8049.ENSGMOP00000007573,8049.ENSGMOP00000007903,8049.ENSGMOP00000009057,8049.ENSGMOP00000010033,8049.ENSGMOP00000010431,8049.ENSGMOP00000011506,8049.ENSGMOP00000011775,8049.ENSGMOP00000011826,8049.ENSGMOP00000012193,8049.ENSGMOP00000012990,8049.ENSGMOP00000013403,8049.ENSGMOP00000013414,8049.ENSGMOP00000014732,8049.ENSGMOP00000014786,8049.ENSGMOP00000014980,8049.ENSGMOP00000015513,8049.ENSGMOP00000015596,8049.ENSGMOP00000016347,8049.ENSGMOP00000016451,8049.ENSGMOP00000016550,8049.ENSGMOP00000016798,8049.ENSGMOP00000016837,8049.ENSGMOP00000017031,8049.ENSGMOP00000018142,8049.ENSGMOP00000018777,8049.ENSGMOP00000019065,8049.ENSGMOP00000019274,8049.ENSGMOP00000019499,8049.ENSGMOP00000019698,8049.ENSGMOP00000019958,8049.ENSGMOP00000020184,8049.ENSGMOP00000020316,8049.ENSGMOP00000021060	ENSGMOP00000000192,ENSGMOP00000000295,ENSGMOP00000000394,ENSGMOP00000000741,ENSGMOP00000003381,LAMA3,ENSGMOP00000003911,ENSGMOP00000004042,ENSGMOP00000004055,ENSGMOP00000004711,ENSGMOP00000004735,ENSGMOP00000005232,ENSGMOP00000005306,ENSGMOP00000006558,ENSGMOP00000007440,ENSGMOP00000007568,ENSGMOP00000007573,ENSGMOP00000007903,ENSGMOP00000009057,ENSGMOP00000010033,ENSGMOP00000010431,ENSGMOP00000011506,ENSGMOP00000011775,ENSGMOP00000011826,ENSGMOP00000012193,ENSGMOP00000012990,ENSGMOP00000013403,ENSGMOP00000013414,ENSGMOP00000014732,ENSGMOP00000014786,ENSGMOP00000014980,ENSGMOP00000015513,ENSGMOP00000015596,ENSGMOP00000016347,ENSGMOP00000016451,ENSGMOP00000016550,ENSGMOP00000016798,ENSGMOP00000016837,ENSGMOP00000017031,ENSGMOP00000018142,ENSGMOP00000018777,ENSGMOP00000019065,PIP5K1A,ENSGMOP00000019499,ENSGMOP00000019698,ENSGMOP00000019958,ENSGMOP00000020184,ENSGMOP00000020316,ENSGMOP00000021060
Reactome	MAP-9006934	Signaling by Receptor Tyrosine Kinases	17	586	0.69	0.8	7.48e-05	8049.ENSGMOP00000000192,8049.ENSGMOP00000003483,8049.ENSGMOP00000004042,8049.ENSGMOP00000004711,8049.ENSGMOP00000005306,8049.ENSGMOP00000007573,8049.ENSGMOP00000007903,8049.ENSGMOP00000010431,8049.ENSGMOP00000013403,8049.ENSGMOP00000014732,8049.ENSGMOP00000014980,8049.ENSGMOP00000016347,8049.ENSGMOP00000016451,8049.ENSGMOP00000017031,8049.ENSGMOP00000018142,8049.ENSGMOP00000019499,8049.ENSGMOP00000020316	ENSGMOP00000000192,LAMA3,ENSGMOP00000004042,ENSGMOP00000004711,ENSGMOP00000005306,ENSGMOP00000007573,ENSGMOP00000007903,ENSGMOP00000010431,ENSGMOP00000013403,ENSGMOP00000014732,ENSGMOP00000014980,ENSGMOP00000016347,ENSGMOP00000016451,ENSGMOP00000017031,ENSGMOP00000018142,ENSGMOP00000019499,ENSGMOP00000020316
Reactome	MAP-216083	Integrin cell surface interactions	7	82	1.16	0.84	0.00052	8049.ENSGMOP00000002985,8049.ENSGMOP00000003929,8049.ENSGMOP00000005232,8049.ENSGMOP00000009025,8049.ENSGMOP00000009077,8049.ENSGMOP00000017025,8049.ENSGMOP00000017523	ENSGMOP00000002985,ENSGMOP00000003929,ENSGMOP00000005232,ENSGMOP00000009025,ENSGMOP00000009077,ENSGMOP00000017025,ENSGMOP00000017523
Reactome	MAP-1474244	Extracellular matrix organization	13	429	0.71	0.66	0.00086	8049.ENSGMOP00000000797,8049.ENSGMOP00000002985,8049.ENSGMOP00000003483,8049.ENSGMOP00000003929,8049.ENSGMOP00000005232,8049.ENSGMOP00000005306,8049.ENSGMOP00000009025,8049.ENSGMOP00000009077,8049.ENSGMOP00000009774,8049.ENSGMOP00000016347,8049.ENSGMOP00000017025,8049.ENSGMOP00000017523,8049.ENSGMOP00000020956	ENSGMOP00000000797,ENSGMOP00000002985,LAMA3,ENSGMOP00000003929,ENSGMOP00000005232,ENSGMOP00000005306,ENSGMOP00000009025,ENSGMOP00000009077,ENSGMOP00000009774,ENSGMOP00000016347,ENSGMOP00000017025,ENSGMOP00000017523,ENSGMOP00000020956
Reactome	MAP-2173795	Downregulation of SMAD2/3:SMAD4 transcriptional activity	4	23	1.47	0.62	0.0059	8049.ENSGMOP00000000295,8049.ENSGMOP00000003381,8049.ENSGMOP00000007440,8049.ENSGMOP00000013414	ENSGMOP00000000295,ENSGMOP00000003381,ENSGMOP00000007440,ENSGMOP00000013414
Reactome	MAP-8853659	RET signaling	5	54	1.19	0.58	0.0069	8049.ENSGMOP00000000741,8049.ENSGMOP00000007903,8049.ENSGMOP00000014732,8049.ENSGMOP00000014980,8049.ENSGMOP00000017031	ENSGMOP00000000741,ENSGMOP00000007903,ENSGMOP00000014732,ENSGMOP00000014980,ENSGMOP00000017031
Reactome	MAP-1280218	Adaptive Immune System	18	1006	0.48	0.44	0.0071	8049.ENSGMOP00000000741,8049.ENSGMOP00000002985,8049.ENSGMOP00000003381,8049.ENSGMOP00000003506,8049.ENSGMOP00000004735,8049.ENSGMOP00000006481,8049.ENSGMOP00000007861,8049.ENSGMOP00000007903,8049.ENSGMOP00000008916,8049.ENSGMOP00000010033,8049.ENSGMOP00000010232,8049.ENSGMOP00000010431,8049.ENSGMOP00000014278,8049.ENSGMOP00000016134,8049.ENSGMOP00000017031,8049.ENSGMOP00000017523,8049.ENSGMOP00000017545,8049.ENSGMOP00000018142	ENSGMOP00000000741,ENSGMOP00000002985,ENSGMOP00000003381,ENSGMOP00000003506,ENSGMOP00000004735,ENSGMOP00000006481,ENSGMOP00000007861,ENSGMOP00000007903,ENSGMOP00000008916,ENSGMOP00000010033,ENSGMOP00000010232,ENSGMOP00000010431,ENSGMOP00000014278,ENSGMOP00000016134,ENSGMOP00000017031,ENSGMOP00000017523,ENSGMOP00000017545,ENSGMOP00000018142
Reactome	MAP-8875878	MET promotes cell motility	4	30	1.35	0.55	0.0095	8049.ENSGMOP00000003483,8049.ENSGMOP00000005306,8049.ENSGMOP00000016347,8049.ENSGMOP00000019499	LAMA3,ENSGMOP00000005306,ENSGMOP00000016347,ENSGMOP00000019499
Reactome	MAP-426496	Post-transcriptional silencing by small RNAs	3	10	1.7	0.56	0.0100	8049.ENSGMOP00000005084,8049.ENSGMOP00000009512,8049.ENSGMOP00000013986	ENSGMOP00000005084,ENSGMOP00000009512,ENSGMOP00000013986
Reactome	MAP-9013149	RAC1 GTPase cycle	9	292	0.72	0.45	0.0122	8049.ENSGMOP00000003911,8049.ENSGMOP00000006558,8049.ENSGMOP00000011506,8049.ENSGMOP00000012990,8049.ENSGMOP00000015596,8049.ENSGMOP00000016837,8049.ENSGMOP00000017031,8049.ENSGMOP00000019065,8049.ENSGMOP00000020184	ENSGMOP00000003911,ENSGMOP00000006558,ENSGMOP00000011506,ENSGMOP00000012990,ENSGMOP00000015596,ENSGMOP00000016837,ENSGMOP00000017031,ENSGMOP00000019065,ENSGMOP00000020184
Reactome	MAP-9013404	RAC2 GTPase cycle	6	115	0.94	0.49	0.0122	8049.ENSGMOP00000006558,8049.ENSGMOP00000011506,8049.ENSGMOP00000012990,8049.ENSGMOP00000015596,8049.ENSGMOP00000016837,8049.ENSGMOP00000017031	ENSGMOP00000006558,ENSGMOP00000011506,ENSGMOP00000012990,ENSGMOP00000015596,ENSGMOP00000016837,ENSGMOP00000017031
Reactome	MAP-383280	Nuclear Receptor transcription pathway	5	84	1.0	0.43	0.0230	8049.ENSGMOP00000006025,8049.ENSGMOP00000007440,8049.ENSGMOP00000015513,8049.ENSGMOP00000017194,8049.ENSGMOP00000020924	ENSGMOP00000006025,ENSGMOP00000007440,ENSGMOP00000015513,nr2e1,ENSGMOP00000020924
Reactome	MAP-8874081	MET activates PTK2 signaling	3	17	1.47	0.45	0.0248	8049.ENSGMOP00000003483,8049.ENSGMOP00000005306,8049.ENSGMOP00000016347	LAMA3,ENSGMOP00000005306,ENSGMOP00000016347
Reactome	MAP-6811558	PI5P, PP2A and IER3 Regulate PI3K/AKT Signaling	6	141	0.86	0.41	0.0259	8049.ENSGMOP00000000741,8049.ENSGMOP00000010033,8049.ENSGMOP00000013403,8049.ENSGMOP00000014980,8049.ENSGMOP00000017031,8049.ENSGMOP00000019274	ENSGMOP00000000741,ENSGMOP00000010033,ENSGMOP00000013403,ENSGMOP00000014980,ENSGMOP00000017031,PIP5K1A
Reactome	MAP-1660499	Synthesis of PIPs at the plasma membrane	5	94	0.95	0.4	0.0308	8049.ENSGMOP00000000741,8049.ENSGMOP00000014980,8049.ENSGMOP00000017031,8049.ENSGMOP00000017317,8049.ENSGMOP00000019274	ENSGMOP00000000741,ENSGMOP00000014980,ENSGMOP00000017031,ENSGMOP00000017317,PIP5K1A
Reactome	MAP-9024446	NR1H2 and NR1H3-mediated signaling	3	20	1.4	0.42	0.0313	8049.ENSGMOP00000007440,8049.ENSGMOP00000012193,8049.ENSGMOP00000015513	ENSGMOP00000007440,ENSGMOP00000012193,ENSGMOP00000015513
Reactome	MAP-912526	Interleukin receptor SHC signaling	3	21	1.38	0.42	0.0313	8049.ENSGMOP00000000741,8049.ENSGMOP00000014980,8049.ENSGMOP00000017031	ENSGMOP00000000741,ENSGMOP00000014980,ENSGMOP00000017031
Reactome	MAP-9012999	RHO GTPase cycle	13	724	0.48	0.34	0.0317	8049.ENSGMOP00000003911,8049.ENSGMOP00000006558,8049.ENSGMOP00000007573,8049.ENSGMOP00000009057,8049.ENSGMOP00000011506,8049.ENSGMOP00000011826,8049.ENSGMOP00000012990,8049.ENSGMOP00000015596,8049.ENSGMOP00000016837,8049.ENSGMOP00000017031,8049.ENSGMOP00000019065,8049.ENSGMOP00000020184,8049.ENSGMOP00000021060	ENSGMOP00000003911,ENSGMOP00000006558,ENSGMOP00000007573,ENSGMOP00000009057,ENSGMOP00000011506,ENSGMOP00000011826,ENSGMOP00000012990,ENSGMOP00000015596,ENSGMOP00000016837,ENSGMOP00000017031,ENSGMOP00000019065,ENSGMOP00000020184,ENSGMOP00000021060
Reactome	MAP-1640170	Cell Cycle	14	848	0.45	0.31	0.0411	8049.ENSGMOP00000000655,8049.ENSGMOP00000003514,8049.ENSGMOP00000003547,8049.ENSGMOP00000007249,8049.ENSGMOP00000010033,8049.ENSGMOP00000010933,8049.ENSGMOP00000013726,8049.ENSGMOP00000014278,8049.ENSGMOP00000016550,8049.ENSGMOP00000018687,8049.ENSGMOP00000019559,8049.ENSGMOP00000020283,8049.ENSGMOP00000020324,8049.ENSGMOP00000020964	ENSGMOP00000000655,ENSGMOP00000003514,ENSGMOP00000003547,ENSGMOP00000007249,ENSGMOP00000010033,ENSGMOP00000010933,ENSGMOP00000013726,ENSGMOP00000014278,ENSGMOP00000016550,ENSGMOP00000018687,ENSGMOP00000019559,ENSGMOP00000020283,ENSGMOP00000020324,ENSGMOP00000020964
Reactome	MAP-74160	Gene expression (Transcription)	22	1747	0.33	0.29	0.0411	8049.ENSGMOP00000000295,8049.ENSGMOP00000003381,8049.ENSGMOP00000003815,8049.ENSGMOP00000005084,8049.ENSGMOP00000005360,8049.ENSGMOP00000006025,8049.ENSGMOP00000007249,8049.ENSGMOP00000007440,8049.ENSGMOP00000009512,8049.ENSGMOP00000010431,8049.ENSGMOP00000010933,8049.ENSGMOP00000012193,8049.ENSGMOP00000013414,8049.ENSGMOP00000013986,8049.ENSGMOP00000015513,8049.ENSGMOP00000015608,8049.ENSGMOP00000016550,8049.ENSGMOP00000017194,8049.ENSGMOP00000017401,8049.ENSGMOP00000017484,8049.ENSGMOP00000018142,8049.ENSGMOP00000020924	ENSGMOP00000000295,ENSGMOP00000003381,ENSGMOP00000003815,ENSGMOP00000005084,ENSGMOP00000005360,ENSGMOP00000006025,ENSGMOP00000007249,ENSGMOP00000007440,ENSGMOP00000009512,ENSGMOP00000010431,ENSGMOP00000010933,ENSGMOP00000012193,ENSGMOP00000013414,ENSGMOP00000013986,ENSGMOP00000015513,ENSGMOP00000015608,ENSGMOP00000016550,nr2e1,ENSGMOP00000017401,ENSGMOP00000017484,ENSGMOP00000018142,ENSGMOP00000020924
Reactome	MAP-74749	Signal attenuation	2	5	1.83	0.39	0.0432	8049.ENSGMOP00000013403,8049.ENSGMOP00000014732	ENSGMOP00000013403,ENSGMOP00000014732
Reactome	MAP-1257604	PIP3 activates AKT signaling	8	328	0.61	0.32	0.0483	8049.ENSGMOP00000000741,8049.ENSGMOP00000010033,8049.ENSGMOP00000010431,8049.ENSGMOP00000013403,8049.ENSGMOP00000014980,8049.ENSGMOP00000017031,8049.ENSGMOP00000018142,8049.ENSGMOP00000019274	ENSGMOP00000000741,ENSGMOP00000010033,ENSGMOP00000010431,ENSGMOP00000013403,ENSGMOP00000014980,ENSGMOP00000017031,ENSGMOP00000018142,PIP5K1A
TISSUES	BTO:0001489	Whole body	100	11852	0.15	0.53	3.45e-08	8049.ENSGMOP00000000192,8049.ENSGMOP00000000295,8049.ENSGMOP00000000394,8049.ENSGMOP00000000741,8049.ENSGMOP00000000797,8049.ENSGMOP00000001118,8049.ENSGMOP00000002985,8049.ENSGMOP00000003381,8049.ENSGMOP00000003483,8049.ENSGMOP00000003506,8049.ENSGMOP00000003514,8049.ENSGMOP00000003809,8049.ENSGMOP00000003815,8049.ENSGMOP00000003911,8049.ENSGMOP00000003929,8049.ENSGMOP00000003952,8049.ENSGMOP00000004042,8049.ENSGMOP00000004711,8049.ENSGMOP00000004735,8049.ENSGMOP00000005084,8049.ENSGMOP00000005232,8049.ENSGMOP00000005306,8049.ENSGMOP00000005796,8049.ENSGMOP00000006025,8049.ENSGMOP00000006481,8049.ENSGMOP00000006558,8049.ENSGMOP00000006594,8049.ENSGMOP00000006664,8049.ENSGMOP00000006686,8049.ENSGMOP00000007249,8049.ENSGMOP00000007440,8049.ENSGMOP00000007573,8049.ENSGMOP00000007617,8049.ENSGMOP00000007861,8049.ENSGMOP00000007903,8049.ENSGMOP00000007919,8049.ENSGMOP00000008916,8049.ENSGMOP00000009025,8049.ENSGMOP00000009057,8049.ENSGMOP00000009077,8049.ENSGMOP00000009386,8049.ENSGMOP00000009512,8049.ENSGMOP00000009774,8049.ENSGMOP00000010033,8049.ENSGMOP00000010232,8049.ENSGMOP00000010374,8049.ENSGMOP00000010397,8049.ENSGMOP00000010431,8049.ENSGMOP00000010644,8049.ENSGMOP00000010933,8049.ENSGMOP00000011363,8049.ENSGMOP00000011506,8049.ENSGMOP00000011775,8049.ENSGMOP00000012193,8049.ENSGMOP00000012747,8049.ENSGMOP00000012819,8049.ENSGMOP00000012990,8049.ENSGMOP00000013161,8049.ENSGMOP00000013403,8049.ENSGMOP00000013414,8049.ENSGMOP00000013726,8049.ENSGMOP00000014732,8049.ENSGMOP00000014786,8049.ENSGMOP00000014980,8049.ENSGMOP00000015513,8049.ENSGMOP00000015608,8049.ENSGMOP00000016134,8049.ENSGMOP00000016163,8049.ENSGMOP00000016347,8049.ENSGMOP00000016370,8049.ENSGMOP00000016451,8049.ENSGMOP00000016550,8049.ENSGMOP00000016798,8049.ENSGMOP00000016837,8049.ENSGMOP00000017025,8049.ENSGMOP00000017031,8049.ENSGMOP00000017194,8049.ENSGMOP00000017317,8049.ENSGMOP00000017401,8049.ENSGMOP00000017484,8049.ENSGMOP00000017523,8049.ENSGMOP00000017545,8049.ENSGMOP00000017598,8049.ENSGMOP00000018378,8049.ENSGMOP00000018777,8049.ENSGMOP00000019065,8049.ENSGMOP00000019274,8049.ENSGMOP00000019499,8049.ENSGMOP00000019559,8049.ENSGMOP00000019698,8049.ENSGMOP00000019958,8049.ENSGMOP00000020136,8049.ENSGMOP00000020184,8049.ENSGMOP00000020283,8049.ENSGMOP00000020316,8049.ENSGMOP00000020324,8049.ENSGMOP00000020924,8049.ENSGMOP00000020956,8049.ENSGMOP00000020964,8049.ENSGMOP00000021060	ENSGMOP00000000192,ENSGMOP00000000295,ENSGMOP00000000394,ENSGMOP00000000741,ENSGMOP00000000797,ENSGMOP00000001118,ENSGMOP00000002985,ENSGMOP00000003381,LAMA3,ENSGMOP00000003506,ENSGMOP00000003514,ENSGMOP00000003809,ENSGMOP00000003815,ENSGMOP00000003911,ENSGMOP00000003929,ENSGMOP00000003952,ENSGMOP00000004042,ENSGMOP00000004711,ENSGMOP00000004735,ENSGMOP00000005084,ENSGMOP00000005232,ENSGMOP00000005306,ENSGMOP00000005796,ENSGMOP00000006025,ENSGMOP00000006481,ENSGMOP00000006558,ENSGMOP00000006594,ENSGMOP00000006664,LPP,ENSGMOP00000007249,ENSGMOP00000007440,ENSGMOP00000007573,ENSGMOP00000007617,ENSGMOP00000007861,ENSGMOP00000007903,ENSGMOP00000007919,ENSGMOP00000008916,ENSGMOP00000009025,ENSGMOP00000009057,ENSGMOP00000009077,ENSGMOP00000009386,ENSGMOP00000009512,ENSGMOP00000009774,ENSGMOP00000010033,ENSGMOP00000010232,ENSGMOP00000010374,ENSGMOP00000010397,ENSGMOP00000010431,ENSGMOP00000010644,ENSGMOP00000010933,ENSGMOP00000011363,ENSGMOP00000011506,ENSGMOP00000011775,ENSGMOP00000012193,ENSGMOP00000012747,ENSGMOP00000012819,ENSGMOP00000012990,ENSGMOP00000013161,ENSGMOP00000013403,ENSGMOP00000013414,ENSGMOP00000013726,ENSGMOP00000014732,ENSGMOP00000014786,ENSGMOP00000014980,ENSGMOP00000015513,ENSGMOP00000015608,ENSGMOP00000016134,LOC115530884,ENSGMOP00000016347,ENSGMOP00000016370,ENSGMOP00000016451,ENSGMOP00000016550,ENSGMOP00000016798,ENSGMOP00000016837,ENSGMOP00000017025,ENSGMOP00000017031,nr2e1,ENSGMOP00000017317,ENSGMOP00000017401,ENSGMOP00000017484,ENSGMOP00000017523,ENSGMOP00000017545,ENSGMOP00000017598,ENSGMOP00000018378,ENSGMOP00000018777,ENSGMOP00000019065,PIP5K1A,ENSGMOP00000019499,ENSGMOP00000019559,ENSGMOP00000019698,ENSGMOP00000019958,ENSGMOP00000020136,ENSGMOP00000020184,ENSGMOP00000020283,ENSGMOP00000020316,ENSGMOP00000020324,ENSGMOP00000020924,ENSGMOP00000020956,ENSGMOP00000020964,ENSGMOP00000021060
COMPARTMENTS	GOCC:0032991	Protein-containing complex	50	4315	0.29	0.47	0.00062	8049.ENSGMOP00000000192,8049.ENSGMOP00000000295,8049.ENSGMOP00000000655,8049.ENSGMOP00000000741,8049.ENSGMOP00000000797,8049.ENSGMOP00000001118,8049.ENSGMOP00000003483,8049.ENSGMOP00000003514,8049.ENSGMOP00000003547,8049.ENSGMOP00000003809,8049.ENSGMOP00000003815,8049.ENSGMOP00000004055,8049.ENSGMOP00000005051,8049.ENSGMOP00000005306,8049.ENSGMOP00000005360,8049.ENSGMOP00000005743,8049.ENSGMOP00000006594,8049.ENSGMOP00000007440,8049.ENSGMOP00000007573,8049.ENSGMOP00000007617,8049.ENSGMOP00000009077,8049.ENSGMOP00000009386,8049.ENSGMOP00000010033,8049.ENSGMOP00000010232,8049.ENSGMOP00000010431,8049.ENSGMOP00000010644,8049.ENSGMOP00000012148,8049.ENSGMOP00000012193,8049.ENSGMOP00000013161,8049.ENSGMOP00000013403,8049.ENSGMOP00000013414,8049.ENSGMOP00000013726,8049.ENSGMOP00000014278,8049.ENSGMOP00000014786,8049.ENSGMOP00000014980,8049.ENSGMOP00000015608,8049.ENSGMOP00000016347,8049.ENSGMOP00000016370,8049.ENSGMOP00000016451,8049.ENSGMOP00000016550,8049.ENSGMOP00000017025,8049.ENSGMOP00000017031,8049.ENSGMOP00000017279,8049.ENSGMOP00000017401,8049.ENSGMOP00000017484,8049.ENSGMOP00000018142,8049.ENSGMOP00000019274,8049.ENSGMOP00000020283,8049.ENSGMOP00000020956,8049.ENSGMOP00000020964	ENSGMOP00000000192,ENSGMOP00000000295,ENSGMOP00000000655,ENSGMOP00000000741,ENSGMOP00000000797,ENSGMOP00000001118,LAMA3,ENSGMOP00000003514,ENSGMOP00000003547,ENSGMOP00000003809,ENSGMOP00000003815,ENSGMOP00000004055,ENSGMOP00000005051,ENSGMOP00000005306,ENSGMOP00000005360,ENSGMOP00000005743,ENSGMOP00000006594,ENSGMOP00000007440,ENSGMOP00000007573,ENSGMOP00000007617,ENSGMOP00000009077,ENSGMOP00000009386,ENSGMOP00000010033,ENSGMOP00000010232,ENSGMOP00000010431,ENSGMOP00000010644,EIF2AK4,ENSGMOP00000012193,ENSGMOP00000013161,ENSGMOP00000013403,ENSGMOP00000013414,ENSGMOP00000013726,ENSGMOP00000014278,ENSGMOP00000014786,ENSGMOP00000014980,ENSGMOP00000015608,ENSGMOP00000016347,ENSGMOP00000016370,ENSGMOP00000016451,ENSGMOP00000016550,ENSGMOP00000017025,ENSGMOP00000017031,ENSGMOP00000017279,ENSGMOP00000017401,ENSGMOP00000017484,ENSGMOP00000018142,PIP5K1A,ENSGMOP00000020283,ENSGMOP00000020956,ENSGMOP00000020964
COMPARTMENTS	GOCC:0031981	Nuclear lumen	19	962	0.52	0.5	0.0033	8049.ENSGMOP00000003514,8049.ENSGMOP00000003809,8049.ENSGMOP00000003815,8049.ENSGMOP00000004055,8049.ENSGMOP00000005360,8049.ENSGMOP00000006025,8049.ENSGMOP00000006594,8049.ENSGMOP00000007440,8049.ENSGMOP00000007568,8049.ENSGMOP00000007617,8049.ENSGMOP00000007861,8049.ENSGMOP00000009386,8049.ENSGMOP00000011363,8049.ENSGMOP00000012193,8049.ENSGMOP00000013726,8049.ENSGMOP00000014278,8049.ENSGMOP00000017279,8049.ENSGMOP00000017401,8049.ENSGMOP00000017484	ENSGMOP00000003514,ENSGMOP00000003809,ENSGMOP00000003815,ENSGMOP00000004055,ENSGMOP00000005360,ENSGMOP00000006025,ENSGMOP00000006594,ENSGMOP00000007440,ENSGMOP00000007568,ENSGMOP00000007617,ENSGMOP00000007861,ENSGMOP00000009386,ENSGMOP00000011363,ENSGMOP00000012193,ENSGMOP00000013726,ENSGMOP00000014278,ENSGMOP00000017279,ENSGMOP00000017401,ENSGMOP00000017484
COMPARTMENTS	GOCC:0061695	Transferase complex, transferring phosphorus-containing groups	10	272	0.79	0.58	0.0033	8049.ENSGMOP00000000192,8049.ENSGMOP00000000741,8049.ENSGMOP00000013403,8049.ENSGMOP00000013726,8049.ENSGMOP00000014980,8049.ENSGMOP00000016451,8049.ENSGMOP00000016550,8049.ENSGMOP00000017031,8049.ENSGMOP00000017279,8049.ENSGMOP00000017484	ENSGMOP00000000192,ENSGMOP00000000741,ENSGMOP00000013403,ENSGMOP00000013726,ENSGMOP00000014980,ENSGMOP00000016451,ENSGMOP00000016550,ENSGMOP00000017031,ENSGMOP00000017279,ENSGMOP00000017484
COMPARTMENTS	GOCC:0005899	Insulin receptor complex	3	5	2.01	0.68	0.0041	8049.ENSGMOP00000000192,8049.ENSGMOP00000013403,8049.ENSGMOP00000016451	ENSGMOP00000000192,ENSGMOP00000013403,ENSGMOP00000016451
COMPARTMENTS	GOCC:1902494	Catalytic complex	21	1356	0.42	0.37	0.0149	8049.ENSGMOP00000000192,8049.ENSGMOP00000000741,8049.ENSGMOP00000003815,8049.ENSGMOP00000004055,8049.ENSGMOP00000005360,8049.ENSGMOP00000005743,8049.ENSGMOP00000007440,8049.ENSGMOP00000007617,8049.ENSGMOP00000010033,8049.ENSGMOP00000012193,8049.ENSGMOP00000013403,8049.ENSGMOP00000013726,8049.ENSGMOP00000014278,8049.ENSGMOP00000014980,8049.ENSGMOP00000016451,8049.ENSGMOP00000016550,8049.ENSGMOP00000017031,8049.ENSGMOP00000017279,8049.ENSGMOP00000017401,8049.ENSGMOP00000017484,8049.ENSGMOP00000019274	ENSGMOP00000000192,ENSGMOP00000000741,ENSGMOP00000003815,ENSGMOP00000004055,ENSGMOP00000005360,ENSGMOP00000005743,ENSGMOP00000007440,ENSGMOP00000007617,ENSGMOP00000010033,ENSGMOP00000012193,ENSGMOP00000013403,ENSGMOP00000013726,ENSGMOP00000014278,ENSGMOP00000014980,ENSGMOP00000016451,ENSGMOP00000016550,ENSGMOP00000017031,ENSGMOP00000017279,ENSGMOP00000017401,ENSGMOP00000017484,PIP5K1A
COMPARTMENTS	GOCC:0043256	Laminin complex	3	13	1.59	0.45	0.0263	8049.ENSGMOP00000003483,8049.ENSGMOP00000005306,8049.ENSGMOP00000016347	LAMA3,ENSGMOP00000005306,ENSGMOP00000016347
COMPARTMENTS	GOCC:0005654	Nucleoplasm	12	552	0.56	0.36	0.0267	8049.ENSGMOP00000003809,8049.ENSGMOP00000003815,8049.ENSGMOP00000004055,8049.ENSGMOP00000006025,8049.ENSGMOP00000007440,8049.ENSGMOP00000007617,8049.ENSGMOP00000007861,8049.ENSGMOP00000011363,8049.ENSGMOP00000012193,8049.ENSGMOP00000017279,8049.ENSGMOP00000017401,8049.ENSGMOP00000017484	ENSGMOP00000003809,ENSGMOP00000003815,ENSGMOP00000004055,ENSGMOP00000006025,ENSGMOP00000007440,ENSGMOP00000007617,ENSGMOP00000007861,ENSGMOP00000011363,ENSGMOP00000012193,ENSGMOP00000017279,ENSGMOP00000017401,ENSGMOP00000017484
COMPARTMENTS	GOCC:1990234	Transferase complex	14	765	0.49	0.33	0.0370	8049.ENSGMOP00000000192,8049.ENSGMOP00000000741,8049.ENSGMOP00000003815,8049.ENSGMOP00000004055,8049.ENSGMOP00000005743,8049.ENSGMOP00000007617,8049.ENSGMOP00000013403,8049.ENSGMOP00000013726,8049.ENSGMOP00000014980,8049.ENSGMOP00000016451,8049.ENSGMOP00000016550,8049.ENSGMOP00000017031,8049.ENSGMOP00000017279,8049.ENSGMOP00000017484	ENSGMOP00000000192,ENSGMOP00000000741,ENSGMOP00000003815,ENSGMOP00000004055,ENSGMOP00000005743,ENSGMOP00000007617,ENSGMOP00000013403,ENSGMOP00000013726,ENSGMOP00000014980,ENSGMOP00000016451,ENSGMOP00000016550,ENSGMOP00000017031,ENSGMOP00000017279,ENSGMOP00000017484
UniProt Keywords	KW-0175	Coiled coil	48	4434	0.26	0.42	0.0021	8049.ENSGMOP00000000295,8049.ENSGMOP00000000655,8049.ENSGMOP00000003506,8049.ENSGMOP00000003547,8049.ENSGMOP00000003809,8049.ENSGMOP00000003911,8049.ENSGMOP00000004055,8049.ENSGMOP00000005084,8049.ENSGMOP00000005360,8049.ENSGMOP00000005796,8049.ENSGMOP00000006481,8049.ENSGMOP00000006594,8049.ENSGMOP00000007440,8049.ENSGMOP00000007573,8049.ENSGMOP00000007861,8049.ENSGMOP00000009025,8049.ENSGMOP00000009057,8049.ENSGMOP00000009364,8049.ENSGMOP00000009386,8049.ENSGMOP00000009512,8049.ENSGMOP00000010033,8049.ENSGMOP00000010232,8049.ENSGMOP00000010431,8049.ENSGMOP00000011506,8049.ENSGMOP00000012148,8049.ENSGMOP00000012747,8049.ENSGMOP00000012990,8049.ENSGMOP00000013414,8049.ENSGMOP00000014278,8049.ENSGMOP00000014786,8049.ENSGMOP00000015513,8049.ENSGMOP00000015596,8049.ENSGMOP00000016134,8049.ENSGMOP00000016163,8049.ENSGMOP00000016347,8049.ENSGMOP00000016837,8049.ENSGMOP00000017031,8049.ENSGMOP00000017401,8049.ENSGMOP00000017484,8049.ENSGMOP00000017598,8049.ENSGMOP00000017970,8049.ENSGMOP00000018687,8049.ENSGMOP00000019065,8049.ENSGMOP00000019698,8049.ENSGMOP00000019958,8049.ENSGMOP00000020283,8049.ENSGMOP00000020924,8049.ENSGMOP00000020964	ENSGMOP00000000295,ENSGMOP00000000655,ENSGMOP00000003506,ENSGMOP00000003547,ENSGMOP00000003809,ENSGMOP00000003911,ENSGMOP00000004055,ENSGMOP00000005084,ENSGMOP00000005360,ENSGMOP00000005796,ENSGMOP00000006481,ENSGMOP00000006594,ENSGMOP00000007440,ENSGMOP00000007573,ENSGMOP00000007861,ENSGMOP00000009025,ENSGMOP00000009057,ENSGMOP00000009364,ENSGMOP00000009386,ENSGMOP00000009512,ENSGMOP00000010033,ENSGMOP00000010232,ENSGMOP00000010431,ENSGMOP00000011506,EIF2AK4,ENSGMOP00000012747,ENSGMOP00000012990,ENSGMOP00000013414,ENSGMOP00000014278,ENSGMOP00000014786,ENSGMOP00000015513,ENSGMOP00000015596,ENSGMOP00000016134,LOC115530884,ENSGMOP00000016347,ENSGMOP00000016837,ENSGMOP00000017031,ENSGMOP00000017401,ENSGMOP00000017484,ENSGMOP00000017598,ENSGMOP00000017970,ENSGMOP00000018687,ENSGMOP00000019065,ENSGMOP00000019698,ENSGMOP00000019958,ENSGMOP00000020283,ENSGMOP00000020924,ENSGMOP00000020964
UniProt Keywords	KW-0401	Integrin	4	31	1.34	0.56	0.0090	8049.ENSGMOP00000002985,8049.ENSGMOP00000005232,8049.ENSGMOP00000017025,8049.ENSGMOP00000017523	ENSGMOP00000002985,ENSGMOP00000005232,ENSGMOP00000017025,ENSGMOP00000017523
UniProt Keywords	KW-0418	Kinase	14	688	0.54	0.44	0.0090	8049.ENSGMOP00000000192,8049.ENSGMOP00000000741,8049.ENSGMOP00000003952,8049.ENSGMOP00000004042,8049.ENSGMOP00000004055,8049.ENSGMOP00000006558,8049.ENSGMOP00000010431,8049.ENSGMOP00000010933,8049.ENSGMOP00000013403,8049.ENSGMOP00000014980,8049.ENSGMOP00000016451,8049.ENSGMOP00000016798,8049.ENSGMOP00000019274,8049.ENSGMOP00000020136	ENSGMOP00000000192,ENSGMOP00000000741,ENSGMOP00000003952,ENSGMOP00000004042,ENSGMOP00000004055,ENSGMOP00000006558,ENSGMOP00000010431,ENSGMOP00000010933,ENSGMOP00000013403,ENSGMOP00000014980,ENSGMOP00000016451,ENSGMOP00000016798,PIP5K1A,ENSGMOP00000020136
UniProt Keywords	KW-0808	Transferase	21	1431	0.39	0.4	0.0092	8049.ENSGMOP00000000192,8049.ENSGMOP00000000741,8049.ENSGMOP00000003381,8049.ENSGMOP00000003952,8049.ENSGMOP00000004042,8049.ENSGMOP00000004055,8049.ENSGMOP00000006481,8049.ENSGMOP00000006558,8049.ENSGMOP00000007861,8049.ENSGMOP00000008916,8049.ENSGMOP00000009364,8049.ENSGMOP00000010431,8049.ENSGMOP00000010933,8049.ENSGMOP00000012819,8049.ENSGMOP00000013403,8049.ENSGMOP00000013726,8049.ENSGMOP00000014980,8049.ENSGMOP00000016451,8049.ENSGMOP00000016798,8049.ENSGMOP00000019274,8049.ENSGMOP00000020136	ENSGMOP00000000192,ENSGMOP00000000741,ENSGMOP00000003381,ENSGMOP00000003952,ENSGMOP00000004042,ENSGMOP00000004055,ENSGMOP00000006481,ENSGMOP00000006558,ENSGMOP00000007861,ENSGMOP00000008916,ENSGMOP00000009364,ENSGMOP00000010431,ENSGMOP00000010933,ENSGMOP00000012819,ENSGMOP00000013403,ENSGMOP00000013726,ENSGMOP00000014980,ENSGMOP00000016451,ENSGMOP00000016798,PIP5K1A,ENSGMOP00000020136
UniProt Keywords	KW-0067	ATP-binding	17	1056	0.43	0.39	0.0125	8049.ENSGMOP00000000192,8049.ENSGMOP00000000741,8049.ENSGMOP00000003506,8049.ENSGMOP00000004042,8049.ENSGMOP00000006558,8049.ENSGMOP00000009057,8049.ENSGMOP00000010431,8049.ENSGMOP00000011826,8049.ENSGMOP00000012148,8049.ENSGMOP00000013403,8049.ENSGMOP00000014980,8049.ENSGMOP00000016451,8049.ENSGMOP00000016798,8049.ENSGMOP00000017545,8049.ENSGMOP00000019274,8049.ENSGMOP00000020324,8049.ENSGMOP00000021060	ENSGMOP00000000192,ENSGMOP00000000741,ENSGMOP00000003506,ENSGMOP00000004042,ENSGMOP00000006558,ENSGMOP00000009057,ENSGMOP00000010431,ENSGMOP00000011826,EIF2AK4,ENSGMOP00000013403,ENSGMOP00000014980,ENSGMOP00000016451,ENSGMOP00000016798,ENSGMOP00000017545,PIP5K1A,ENSGMOP00000020324,ENSGMOP00000021060
UniProt Keywords	KW-0829	Tyrosine-protein kinase	5	89	0.98	0.48	0.0135	8049.ENSGMOP00000000192,8049.ENSGMOP00000004042,8049.ENSGMOP00000013403,8049.ENSGMOP00000016451,8049.ENSGMOP00000016798	ENSGMOP00000000192,ENSGMOP00000004042,ENSGMOP00000013403,ENSGMOP00000016451,ENSGMOP00000016798
UniProt Keywords	KW-0805	Transcription regulation	9	398	0.58	0.37	0.0264	8049.ENSGMOP00000000295,8049.ENSGMOP00000005051,8049.ENSGMOP00000006025,8049.ENSGMOP00000015513,8049.ENSGMOP00000015608,8049.ENSGMOP00000017194,8049.ENSGMOP00000017484,8049.ENSGMOP00000018777,8049.ENSGMOP00000020924	ENSGMOP00000000295,ENSGMOP00000005051,ENSGMOP00000006025,ENSGMOP00000015513,ENSGMOP00000015608,nr2e1,ENSGMOP00000017484,ENSGMOP00000018777,ENSGMOP00000020924
UniProt Keywords	KW-0424	Laminin EGF-like domain	3	33	1.19	0.38	0.0427	8049.ENSGMOP00000003483,8049.ENSGMOP00000005306,8049.ENSGMOP00000016347	LAMA3,ENSGMOP00000005306,ENSGMOP00000016347
UniProt Keywords	KW-0675	Receptor	12	732	0.44	0.3	0.0462	8049.ENSGMOP00000000192,8049.ENSGMOP00000004042,8049.ENSGMOP00000005232,8049.ENSGMOP00000006025,8049.ENSGMOP00000011775,8049.ENSGMOP00000013403,8049.ENSGMOP00000015513,8049.ENSGMOP00000016451,8049.ENSGMOP00000016798,8049.ENSGMOP00000017025,8049.ENSGMOP00000017194,8049.ENSGMOP00000020924	ENSGMOP00000000192,ENSGMOP00000004042,ENSGMOP00000005232,ENSGMOP00000006025,ENSGMOP00000011775,ENSGMOP00000013403,ENSGMOP00000015513,ENSGMOP00000016451,ENSGMOP00000016798,ENSGMOP00000017025,nr2e1,ENSGMOP00000020924
SMART	SM00146	Phosphoinositide 3-kinase, catalytic domain	4	19	1.55	0.6	0.0068	8049.ENSGMOP00000000741,8049.ENSGMOP00000004055,8049.ENSGMOP00000010431,8049.ENSGMOP00000014980	ENSGMOP00000000741,ENSGMOP00000004055,ENSGMOP00000010431,ENSGMOP00000014980
SMART	SM00119	Domain Homologous to E6-AP Carboxyl Terminus with	4	30	1.35	0.49	0.0170	8049.ENSGMOP00000003381,8049.ENSGMOP00000006481,8049.ENSGMOP00000007861,8049.ENSGMOP00000008916	ENSGMOP00000003381,ENSGMOP00000006481,ENSGMOP00000007861,ENSGMOP00000008916
SMART	SM00314	Ras association (RalGDS/AF-6) domain	4	31	1.34	0.49	0.0170	8049.ENSGMOP00000000394,8049.ENSGMOP00000009057,8049.ENSGMOP00000014732,8049.ENSGMOP00000021060	ENSGMOP00000000394,ENSGMOP00000009057,ENSGMOP00000014732,ENSGMOP00000021060
SMART	SM00033	Calponin homology domain	5	73	1.06	0.46	0.0179	8049.ENSGMOP00000003911,8049.ENSGMOP00000005796,8049.ENSGMOP00000006664,8049.ENSGMOP00000020283,8049.ENSGMOP00000020964	ENSGMOP00000003911,ENSGMOP00000005796,ENSGMOP00000006664,ENSGMOP00000020283,ENSGMOP00000020964
SMART	SM00001	EGF domain, unclasssified subfamily	5	83	1.01	0.42	0.0254	8049.ENSGMOP00000003483,8049.ENSGMOP00000004711,8049.ENSGMOP00000005306,8049.ENSGMOP00000016347,8049.ENSGMOP00000017523	LAMA3,ENSGMOP00000004711,ENSGMOP00000005306,ENSGMOP00000016347,ENSGMOP00000017523
SMART	SM00136	Laminin N-terminal domain (domain VI)	3	18	1.45	0.43	0.0300	8049.ENSGMOP00000003483,8049.ENSGMOP00000005306,8049.ENSGMOP00000016347	LAMA3,ENSGMOP00000005306,ENSGMOP00000016347
SMART	SM00261	Furin-like repeats	3	21	1.38	0.41	0.0339	8049.ENSGMOP00000000192,8049.ENSGMOP00000013403,8049.ENSGMOP00000016451	ENSGMOP00000000192,ENSGMOP00000013403,ENSGMOP00000016451
SMART	SM00384	DNA binding domain with preference for A/T rich regions	3	20	1.4	0.41	0.0339	8049.ENSGMOP00000005360,8049.ENSGMOP00000009364,8049.ENSGMOP00000011363	ENSGMOP00000005360,ENSGMOP00000009364,ENSGMOP00000011363
