"","Loc","feature_type"
"1","ENA|OLKM01000002|OLKM01000002.1 1260215","Intron"
"2","ENA|OLKM01000003|OLKM01000003.1 929370","Intron"
"3","ENA|OLKM01000003|OLKM01000003.1 1305712","Intron"
"4","ENA|OLKM01000003|OLKM01000003.1 1305733","Intron"
"5","ENA|OLKM01000003|OLKM01000003.1 1309466","CDS"
"6","ENA|OLKM01000003|OLKM01000003.1 1318584","CDS"
"7","ENA|OLKM01000004|OLKM01000004.1 193901","Other"
"8","ENA|OLKM01000004|OLKM01000004.1 193905","Other"
"9","ENA|OLKM01000004|OLKM01000004.1 767209","Other"
"10","ENA|OLKM01000005|OLKM01000005.1 226318","CDS"
"11","ENA|OLKM01000006|OLKM01000006.1 154902","Other"
"12","ENA|OLKM01000006|OLKM01000006.1 1053909","CDS"
"13","ENA|OLKM01000012|OLKM01000012.1 798347","CDS"
"14","ENA|OLKM01000013|OLKM01000013.1 391070","Intron"
"15","ENA|OLKM01000013|OLKM01000013.1 391898","Intron"
"16","ENA|OLKM01000013|OLKM01000013.1 780036","Intron"
"17","ENA|OLKM01000013|OLKM01000013.1 780045","Intron"
"18","ENA|OLKM01000018|OLKM01000018.1 662610","Intron"
"19","ENA|OLKM01000022|OLKM01000022.1 4159","Other"
"20","ENA|OLKM01000022|OLKM01000022.1 825159","Intron"
"21","ENA|OLKM01000022|OLKM01000022.1 850674","Intron"
"22","ENA|OLKM01000024|OLKM01000024.1 125919","Other"
"23","ENA|OLKM01000029|OLKM01000029.1 536273","Intron"
"24","ENA|OLKM01000029|OLKM01000029.1 536278","Intron"
"25","ENA|OLKM01000029|OLKM01000029.1 536298","Intron"
"26","ENA|OLKM01000030|OLKM01000030.1 75902","CDS"
"27","ENA|OLKM01000030|OLKM01000030.1 511053","Intron"
"28","ENA|OLKM01000031|OLKM01000031.1 662684","Other"
"29","ENA|OLKM01000033|OLKM01000033.1 63272","Intron"
"30","ENA|OLKM01000033|OLKM01000033.1 623712","Other"
"31","ENA|OLKM01000034|OLKM01000034.1 741554","Intron"
"32","ENA|OLKM01000038|OLKM01000038.1 181666","Intron"
"33","ENA|OLKM01000039|OLKM01000039.1 475482","CDS"
"34","ENA|OLKM01000042|OLKM01000042.1 243342","Intron"
"35","ENA|OLKM01000042|OLKM01000042.1 373561","Other"
"36","ENA|OLKM01000046|OLKM01000046.1 547462","Other"
"37","ENA|OLKM01000046|OLKM01000046.1 547472","Other"
"38","ENA|OLKM01000046|OLKM01000046.1 548666","CDS"
"39","ENA|OLKM01000046|OLKM01000046.1 549609","Intron"
"40","ENA|OLKM01000046|OLKM01000046.1 570688","Other"
"41","ENA|OLKM01000046|OLKM01000046.1 570702","Other"
"42","ENA|OLKM01000046|OLKM01000046.1 570754","Other"
"43","ENA|OLKM01000050|OLKM01000050.1 611895","Other"
"44","ENA|OLKM01000051|OLKM01000051.1 445392","CDS"
"45","ENA|OLKM01000052|OLKM01000052.1 174668","Intron"
"46","ENA|OLKM01000054|OLKM01000054.1 27746","Intron"
"47","ENA|OLKM01000054|OLKM01000054.1 322722","Intron"
"48","ENA|OLKM01000054|OLKM01000054.1 553215","Intron"
"49","ENA|OLKM01000054|OLKM01000054.1 643215","Other"
"50","ENA|OLKM01000055|OLKM01000055.1 333425","Intron"
"51","ENA|OLKM01000055|OLKM01000055.1 334006","Intron"
"52","ENA|OLKM01000055|OLKM01000055.1 334676","Intron"
"53","ENA|OLKM01000055|OLKM01000055.1 335933","Intron"
"54","ENA|OLKM01000059|OLKM01000059.1 564944","Intron"
"55","ENA|OLKM01000061|OLKM01000061.1 88233","Intron"
"56","ENA|OLKM01000063|OLKM01000063.1 157158","Other"
"57","ENA|OLKM01000063|OLKM01000063.1 159909","Other"
"58","ENA|OLKM01000063|OLKM01000063.1 160222","Other"
"59","ENA|OLKM01000065|OLKM01000065.1 337995","Other"
"60","ENA|OLKM01000067|OLKM01000067.1 417577","UTR3"
"61","ENA|OLKM01000068|OLKM01000068.1 329302","Intron"
"62","ENA|OLKM01000072|OLKM01000072.1 600280","Intron"
"63","ENA|OLKM01000073|OLKM01000073.1 252352","Other"
"64","ENA|OLKM01000075|OLKM01000075.1 19191","CDS"
"65","ENA|OLKM01000075|OLKM01000075.1 19782","Intron"
"66","ENA|OLKM01000075|OLKM01000075.1 215673","Other"
"67","ENA|OLKM01000076|OLKM01000076.1 7272","Intron"
"68","ENA|OLKM01000076|OLKM01000076.1 7297","Intron"
"69","ENA|OLKM01000076|OLKM01000076.1 7565","Intron"
"70","ENA|OLKM01000076|OLKM01000076.1 7712","Intron"
"71","ENA|OLKM01000076|OLKM01000076.1 7753","Intron"
"72","ENA|OLKM01000076|OLKM01000076.1 9757","Intron"
"73","ENA|OLKM01000076|OLKM01000076.1 9801","Intron"
"74","ENA|OLKM01000076|OLKM01000076.1 98118","Intron"
"75","ENA|OLKM01000079|OLKM01000079.1 233386","Promoter"
"76","ENA|OLKM01000080|OLKM01000080.1 517616","CDS"
"77","ENA|OLKM01000082|OLKM01000082.1 356253","Intron"
"78","ENA|OLKM01000083|OLKM01000083.1 278787","Other"
"79","ENA|OLKM01000083|OLKM01000083.1 279320","Other"
"80","ENA|OLKM01000085|OLKM01000085.1 112258","Other"
"81","ENA|OLKM01000090|OLKM01000090.1 217632","Intron"
"82","ENA|OLKM01000090|OLKM01000090.1 456948","Other"
"83","ENA|OLKM01000091|OLKM01000091.1 586774","Intron"
"84","ENA|OLKM01000092|OLKM01000092.1 167881","Intron"
"85","ENA|OLKM01000092|OLKM01000092.1 169479","Intron"
"86","ENA|OLKM01000092|OLKM01000092.1 169641","Intron"
"87","ENA|OLKM01000092|OLKM01000092.1 169951","Intron"
"88","ENA|OLKM01000092|OLKM01000092.1 170128","Intron"
"89","ENA|OLKM01000093|OLKM01000093.1 259963","Other"
"90","ENA|OLKM01000093|OLKM01000093.1 259965","Other"
"91","ENA|OLKM01000096|OLKM01000096.1 14571","Other"
"92","ENA|OLKM01000096|OLKM01000096.1 15952","Other"
"93","ENA|OLKM01000096|OLKM01000096.1 415147","Intron"
"94","ENA|OLKM01000096|OLKM01000096.1 575316","Intron"
"95","ENA|OLKM01000100|OLKM01000100.1 334828","Intron"
"96","ENA|OLKM01000100|OLKM01000100.1 336969","Intron"
"97","ENA|OLKM01000103|OLKM01000103.1 142580","Intron"
"98","ENA|OLKM01000108|OLKM01000108.1 93104","UTR5"
"99","ENA|OLKM01000108|OLKM01000108.1 96610","UTR5"
"100","ENA|OLKM01000108|OLKM01000108.1 96630","UTR5"
"101","ENA|OLKM01000108|OLKM01000108.1 96652","UTR5"
"102","ENA|OLKM01000110|OLKM01000110.1 258896","Intron"
"103","ENA|OLKM01000113|OLKM01000113.1 256057","Intron"
"104","ENA|OLKM01000113|OLKM01000113.1 514112","Other"
"105","ENA|OLKM01000114|OLKM01000114.1 81335","Intron"
"106","ENA|OLKM01000114|OLKM01000114.1 83951","CDS"
"107","ENA|OLKM01000114|OLKM01000114.1 83960","CDS"
"108","ENA|OLKM01000119|OLKM01000119.1 157585","Other"
"109","ENA|OLKM01000119|OLKM01000119.1 157669","Other"
"110","ENA|OLKM01000133|OLKM01000133.1 46926","Intron"
"111","ENA|OLKM01000135|OLKM01000135.1 368790","Intron"
"112","ENA|OLKM01000139|OLKM01000139.1 347179","Intron"
"113","ENA|OLKM01000141|OLKM01000141.1 488425","UTR3"
"114","ENA|OLKM01000141|OLKM01000141.1 502278","Other"
"115","ENA|OLKM01000142|OLKM01000142.1 22843","CDS"
"116","ENA|OLKM01000143|OLKM01000143.1 250462","Other"
"117","ENA|OLKM01000144|OLKM01000144.1 157244","Intron"
"118","ENA|OLKM01000145|OLKM01000145.1 134436","Other"
"119","ENA|OLKM01000145|OLKM01000145.1 134472","Other"
"120","ENA|OLKM01000145|OLKM01000145.1 137267","Other"
"121","ENA|OLKM01000145|OLKM01000145.1 138669","Other"
"122","ENA|OLKM01000145|OLKM01000145.1 401637","Intron"
"123","ENA|OLKM01000147|OLKM01000147.1 28061","Intron"
"124","ENA|OLKM01000147|OLKM01000147.1 28073","Intron"
"125","ENA|OLKM01000147|OLKM01000147.1 106301","Intron"
"126","ENA|OLKM01000149|OLKM01000149.1 220136","Intron"
"127","ENA|OLKM01000149|OLKM01000149.1 370748","Intron"
"128","ENA|OLKM01000150|OLKM01000150.1 183852","Intron"
"129","ENA|OLKM01000155|OLKM01000155.1 11491","CDS"
"130","ENA|OLKM01000155|OLKM01000155.1 56013","Other"
"131","ENA|OLKM01000156|OLKM01000156.1 141539","UTR3"
"132","ENA|OLKM01000157|OLKM01000157.1 14349","Other"
"133","ENA|OLKM01000162|OLKM01000162.1 6516","Other"
"134","ENA|OLKM01000162|OLKM01000162.1 364679","Other"
"135","ENA|OLKM01000162|OLKM01000162.1 364691","Other"
"136","ENA|OLKM01000162|OLKM01000162.1 364718","Other"
"137","ENA|OLKM01000166|OLKM01000166.1 407694","Intron"
"138","ENA|OLKM01000167|OLKM01000167.1 327757","Intron"
"139","ENA|OLKM01000168|OLKM01000168.1 111992","Other"
"140","ENA|OLKM01000169|OLKM01000169.1 20743","Intron"
"141","ENA|OLKM01000169|OLKM01000169.1 87199","Other"
"142","ENA|OLKM01000171|OLKM01000171.1 53169","Intron"
"143","ENA|OLKM01000171|OLKM01000171.1 53171","Intron"
"144","ENA|OLKM01000173|OLKM01000173.1 98786","Other"
"145","ENA|OLKM01000177|OLKM01000177.1 152897","Intron"
"146","ENA|OLKM01000180|OLKM01000180.1 144444","Other"
"147","ENA|OLKM01000180|OLKM01000180.1 145746","Other"
"148","ENA|OLKM01000182|OLKM01000182.1 173017","Intron"
"149","ENA|OLKM01000182|OLKM01000182.1 425629","Intron"
"150","ENA|OLKM01000183|OLKM01000183.1 7780","Other"
"151","ENA|OLKM01000183|OLKM01000183.1 9694","Other"
"152","ENA|OLKM01000183|OLKM01000183.1 105710","CDS"
"153","ENA|OLKM01000183|OLKM01000183.1 108746","CDS"
"154","ENA|OLKM01000183|OLKM01000183.1 108774","CDS"
"155","ENA|OLKM01000183|OLKM01000183.1 116816","Intron"
"156","ENA|OLKM01000184|OLKM01000184.1 283257","CDS"
"157","ENA|OLKM01000184|OLKM01000184.1 359808","Other"
"158","ENA|OLKM01000184|OLKM01000184.1 359827","Other"
"159","ENA|OLKM01000185|OLKM01000185.1 2864","CDS"
"160","ENA|OLKM01000186|OLKM01000186.1 5057","Other"
"161","ENA|OLKM01000187|OLKM01000187.1 107921","CDS"
"162","ENA|OLKM01000187|OLKM01000187.1 108125","Intron"
"163","ENA|OLKM01000189|OLKM01000189.1 390856","Other"
"164","ENA|OLKM01000189|OLKM01000189.1 390867","Other"
"165","ENA|OLKM01000189|OLKM01000189.1 455281","Other"
"166","ENA|OLKM01000189|OLKM01000189.1 455287","Other"
"167","ENA|OLKM01000192|OLKM01000192.1 15642","Intron"
"168","ENA|OLKM01000197|OLKM01000197.1 113486","Intron"
"169","ENA|OLKM01000198|OLKM01000198.1 284692","Intron"
"170","ENA|OLKM01000198|OLKM01000198.1 318972","Other"
"171","ENA|OLKM01000200|OLKM01000200.1 8291","Intron"
"172","ENA|OLKM01000200|OLKM01000200.1 93763","Other"
"173","ENA|OLKM01000205|OLKM01000205.1 439299","Other"
"174","ENA|OLKM01000205|OLKM01000205.1 439531","Promoter"
"175","ENA|OLKM01000205|OLKM01000205.1 439708","CDS"
"176","ENA|OLKM01000207|OLKM01000207.1 111953","Intron"
"177","ENA|OLKM01000207|OLKM01000207.1 112017","Intron"
"178","ENA|OLKM01000207|OLKM01000207.1 389512","Intron"
"179","ENA|OLKM01000208|OLKM01000208.1 64499","Intron"
"180","ENA|OLKM01000209|OLKM01000209.1 32474","Intron"
"181","ENA|OLKM01000209|OLKM01000209.1 184119","Intron"
"182","ENA|OLKM01000211|OLKM01000211.1 421918","Intron"
"183","ENA|OLKM01000221|OLKM01000221.1 428253","Promoter"
"184","ENA|OLKM01000221|OLKM01000221.1 428288","Promoter"
"185","ENA|OLKM01000221|OLKM01000221.1 430483","Other"
"186","ENA|OLKM01000221|OLKM01000221.1 430534","Other"
"187","ENA|OLKM01000221|OLKM01000221.1 430556","Other"
"188","ENA|OLKM01000221|OLKM01000221.1 430584","Other"
"189","ENA|OLKM01000221|OLKM01000221.1 430602","Other"
"190","ENA|OLKM01000221|OLKM01000221.1 430604","Other"
"191","ENA|OLKM01000221|OLKM01000221.1 430638","Other"
"192","ENA|OLKM01000221|OLKM01000221.1 430656","Other"
"193","ENA|OLKM01000221|OLKM01000221.1 431109","Promoter"
"194","ENA|OLKM01000222|OLKM01000222.1 176392","Intron"
"195","ENA|OLKM01000224|OLKM01000224.1 132771","CDS"
"196","ENA|OLKM01000225|OLKM01000225.1 84127","Terminator"
"197","ENA|OLKM01000225|OLKM01000225.1 84223","Other"
"198","ENA|OLKM01000227|OLKM01000227.1 146226","Intron"
"199","ENA|OLKM01000227|OLKM01000227.1 310183","Other"
"200","ENA|OLKM01000229|OLKM01000229.1 401304","Other"
"201","ENA|OLKM01000233|OLKM01000233.1 8903","Other"
"202","ENA|OLKM01000233|OLKM01000233.1 8920","Other"
"203","ENA|OLKM01000233|OLKM01000233.1 8993","Other"
"204","ENA|OLKM01000241|OLKM01000241.1 309068","Intron"
"205","ENA|OLKM01000246|OLKM01000246.1 126550","Intron"
"206","ENA|OLKM01000248|OLKM01000248.1 381776","Intron"
"207","ENA|OLKM01000252|OLKM01000252.1 295283","Intron"
"208","ENA|OLKM01000254|OLKM01000254.1 5572","Intron"
"209","ENA|OLKM01000254|OLKM01000254.1 5634","Intron"
"210","ENA|OLKM01000254|OLKM01000254.1 5638","Intron"
"211","ENA|OLKM01000254|OLKM01000254.1 5890","Intron"
"212","ENA|OLKM01000258|OLKM01000258.1 77890","CDS"
"213","ENA|OLKM01000260|OLKM01000260.1 138571","Intron"
"214","ENA|OLKM01000263|OLKM01000263.1 137629","CDS"
"215","ENA|OLKM01000265|OLKM01000265.1 206015","Other"
"216","ENA|OLKM01000267|OLKM01000267.1 224468","Intron"
"217","ENA|OLKM01000270|OLKM01000270.1 378411","CDS"
"218","ENA|OLKM01000276|OLKM01000276.1 103686","Intron"
"219","ENA|OLKM01000276|OLKM01000276.1 104124","Intron"
"220","ENA|OLKM01000282|OLKM01000282.1 23214","Intron"
"221","ENA|OLKM01000284|OLKM01000284.1 91394","Other"
"222","ENA|OLKM01000288|OLKM01000288.1 143729","Other"
"223","ENA|OLKM01000288|OLKM01000288.1 146589","Other"
"224","ENA|OLKM01000288|OLKM01000288.1 146688","Other"
"225","ENA|OLKM01000288|OLKM01000288.1 212142","Intron"
"226","ENA|OLKM01000288|OLKM01000288.1 214072","Intron"
"227","ENA|OLKM01000291|OLKM01000291.1 18834","CDS"
"228","ENA|OLKM01000291|OLKM01000291.1 79143","Intron"
"229","ENA|OLKM01000291|OLKM01000291.1 79577","CDS"
"230","ENA|OLKM01000291|OLKM01000291.1 278879","Intron"
"231","ENA|OLKM01000291|OLKM01000291.1 279371","Intron"
"232","ENA|OLKM01000292|OLKM01000292.1 203225","CDS"
"233","ENA|OLKM01000301|OLKM01000301.1 237950","Intron"
"234","ENA|OLKM01000302|OLKM01000302.1 277102","Other"
"235","ENA|OLKM01000302|OLKM01000302.1 277167","Other"
"236","ENA|OLKM01000305|OLKM01000305.1 313744","Intron"
"237","ENA|OLKM01000306|OLKM01000306.1 21487","Intron"
"238","ENA|OLKM01000311|OLKM01000311.1 25177","Intron"
"239","ENA|OLKM01000313|OLKM01000313.1 26255","Promoter"
"240","ENA|OLKM01000313|OLKM01000313.1 130928","Intron"
"241","ENA|OLKM01000317|OLKM01000317.1 293559","Other"
"242","ENA|OLKM01000321|OLKM01000321.1 4461","Other"
"243","ENA|OLKM01000321|OLKM01000321.1 31029","Intron"
"244","ENA|OLKM01000321|OLKM01000321.1 31090","Intron"
"245","ENA|OLKM01000328|OLKM01000328.1 347976","Other"
"246","ENA|OLKM01000335|OLKM01000335.1 10492","Promoter"
"247","ENA|OLKM01000335|OLKM01000335.1 10551","Promoter"
"248","ENA|OLKM01000335|OLKM01000335.1 10743","CDS"
"249","ENA|OLKM01000335|OLKM01000335.1 11870","Other"
"250","ENA|OLKM01000335|OLKM01000335.1 12271","CDS"
"251","ENA|OLKM01000340|OLKM01000340.1 242889","Other"
"252","ENA|OLKM01000342|OLKM01000342.1 147707","Intron"
"253","ENA|OLKM01000342|OLKM01000342.1 348053","Other"
"254","ENA|OLKM01000344|OLKM01000344.1 2014","Other"
"255","ENA|OLKM01000344|OLKM01000344.1 2086","Other"
"256","ENA|OLKM01000346|OLKM01000346.1 143150","Intron"
"257","ENA|OLKM01000351|OLKM01000351.1 56623","Other"
"258","ENA|OLKM01000353|OLKM01000353.1 211245","CDS"
"259","ENA|OLKM01000355|OLKM01000355.1 1933","Other"
"260","ENA|OLKM01000355|OLKM01000355.1 2049","Other"
"261","ENA|OLKM01000357|OLKM01000357.1 95161","Other"
"262","ENA|OLKM01000357|OLKM01000357.1 216842","CDS"
"263","ENA|OLKM01000362|OLKM01000362.1 29090","Intron"
"264","ENA|OLKM01000364|OLKM01000364.1 38008","Intron"
"265","ENA|OLKM01000364|OLKM01000364.1 223618","Intron"
"266","ENA|OLKM01000379|OLKM01000379.1 307195","Intron"
"267","ENA|OLKM01000380|OLKM01000380.1 65059","Intron"
"268","ENA|OLKM01000380|OLKM01000380.1 183468","Intron"
"269","ENA|OLKM01000382|OLKM01000382.1 87627","CDS"
"270","ENA|OLKM01000382|OLKM01000382.1 87636","CDS"
"271","ENA|OLKM01000382|OLKM01000382.1 236878","Intron"
"272","ENA|OLKM01000382|OLKM01000382.1 261878","CDS"
"273","ENA|OLKM01000384|OLKM01000384.1 9221","Other"
"274","ENA|OLKM01000387|OLKM01000387.1 291539","Intron"
"275","ENA|OLKM01000387|OLKM01000387.1 296015","Intron"
"276","ENA|OLKM01000387|OLKM01000387.1 297592","Intron"
"277","ENA|OLKM01000387|OLKM01000387.1 298238","Intron"
"278","ENA|OLKM01000387|OLKM01000387.1 298688","Intron"
"279","ENA|OLKM01000388|OLKM01000388.1 137430","Intron"
"280","ENA|OLKM01000389|OLKM01000389.1 7204","Other"
"281","ENA|OLKM01000389|OLKM01000389.1 7274","Other"
"282","ENA|OLKM01000389|OLKM01000389.1 9688","Other"
"283","ENA|OLKM01000393|OLKM01000393.1 229947","Other"
"284","ENA|OLKM01000393|OLKM01000393.1 230189","Other"
"285","ENA|OLKM01000393|OLKM01000393.1 230266","Other"
"286","ENA|OLKM01000395|OLKM01000395.1 24009","Other"
"287","ENA|OLKM01000397|OLKM01000397.1 12507","Intron"
"288","ENA|OLKM01000402|OLKM01000402.1 137151","Other"
"289","ENA|OLKM01000402|OLKM01000402.1 313571","Intron"
"290","ENA|OLKM01000403|OLKM01000403.1 14412","Intron"
"291","ENA|OLKM01000403|OLKM01000403.1 296721","Intron"
"292","ENA|OLKM01000409|OLKM01000409.1 3274","Other"
"293","ENA|OLKM01000410|OLKM01000410.1 64884","Intron"
"294","ENA|OLKM01000411|OLKM01000411.1 248813","Other"
"295","ENA|OLKM01000421|OLKM01000421.1 6885","Intron"
"296","ENA|OLKM01000424|OLKM01000424.1 290435","Other"
"297","ENA|OLKM01000425|OLKM01000425.1 318178","Intron"
"298","ENA|OLKM01000427|OLKM01000427.1 218044","Intron"
"299","ENA|OLKM01000433|OLKM01000433.1 310241","CDS"
"300","ENA|OLKM01000437|OLKM01000437.1 90041","Terminator"
"301","ENA|OLKM01000439|OLKM01000439.1 121875","Intron"
"302","ENA|OLKM01000442|OLKM01000442.1 288153","Other"
"303","ENA|OLKM01000442|OLKM01000442.1 288470","Other"
"304","ENA|OLKM01000446|OLKM01000446.1 103983","Other"
"305","ENA|OLKM01000456|OLKM01000456.1 101996","CDS"
"306","ENA|OLKM01000456|OLKM01000456.1 245840","Other"
"307","ENA|OLKM01000458|OLKM01000458.1 91725","Intron"
"308","ENA|OLKM01000458|OLKM01000458.1 91742","Intron"
"309","ENA|OLKM01000461|OLKM01000461.1 166720","Other"
"310","ENA|OLKM01000461|OLKM01000461.1 167843","Other"
"311","ENA|OLKM01000461|OLKM01000461.1 193289","Other"
"312","ENA|OLKM01000462|OLKM01000462.1 302289","Other"
"313","ENA|OLKM01000467|OLKM01000467.1 176070","Intron"
"314","ENA|OLKM01000468|OLKM01000468.1 169192","Other"
"315","ENA|OLKM01000468|OLKM01000468.1 170179","Other"
"316","ENA|OLKM01000468|OLKM01000468.1 188189","Other"
"317","ENA|OLKM01000475|OLKM01000475.1 87439","CDS"
"318","ENA|OLKM01000475|OLKM01000475.1 88143","Intron"
"319","ENA|OLKM01000480|OLKM01000480.1 22211","CDS"
"320","ENA|OLKM01000482|OLKM01000482.1 157479","Intron"
"321","ENA|OLKM01000482|OLKM01000482.1 157808","CDS"
"322","ENA|OLKM01000482|OLKM01000482.1 157856","CDS"
"323","ENA|OLKM01000485|OLKM01000485.1 184492","Intron"
"324","ENA|OLKM01000493|OLKM01000493.1 62434","Intron"
"325","ENA|OLKM01000493|OLKM01000493.1 62900","Intron"
"326","ENA|OLKM01000493|OLKM01000493.1 239827","Intron"
"327","ENA|OLKM01000496|OLKM01000496.1 50569","Intron"
"328","ENA|OLKM01000500|OLKM01000500.1 108267","Intron"
"329","ENA|OLKM01000501|OLKM01000501.1 67786","Intron"
"330","ENA|OLKM01000502|OLKM01000502.1 162543","Intron"
"331","ENA|OLKM01000502|OLKM01000502.1 209533","Intron"
"332","ENA|OLKM01000503|OLKM01000503.1 159071","Other"
"333","ENA|OLKM01000503|OLKM01000503.1 161228","Other"
"334","ENA|OLKM01000504|OLKM01000504.1 10590","CDS"
"335","ENA|OLKM01000505|OLKM01000505.1 158423","Intron"
"336","ENA|OLKM01000505|OLKM01000505.1 182994","Intron"
"337","ENA|OLKM01000505|OLKM01000505.1 182997","Intron"
"338","ENA|OLKM01000505|OLKM01000505.1 275625","Other"
"339","ENA|OLKM01000513|OLKM01000513.1 82806","UTR3"
"340","ENA|OLKM01000517|OLKM01000517.1 83083","Other"
"341","ENA|OLKM01000517|OLKM01000517.1 131463","Terminator"
"342","ENA|OLKM01000517|OLKM01000517.1 201963","Intron"
"343","ENA|OLKM01000524|OLKM01000524.1 220470","CDS"
"344","ENA|OLKM01000524|OLKM01000524.1 223889","CDS"
"345","ENA|OLKM01000524|OLKM01000524.1 224051","Intron"
"346","ENA|OLKM01000528|OLKM01000528.1 285741","Other"
"347","ENA|OLKM01000528|OLKM01000528.1 285766","Other"
"348","ENA|OLKM01000529|OLKM01000529.1 85160","Terminator"
"349","ENA|OLKM01000534|OLKM01000534.1 102744","Intron"
"350","ENA|OLKM01000534|OLKM01000534.1 102934","Intron"
"351","ENA|OLKM01000534|OLKM01000534.1 103739","Intron"
"352","ENA|OLKM01000536|OLKM01000536.1 234584","CDS"
"353","ENA|OLKM01000536|OLKM01000536.1 234610","CDS"
"354","ENA|OLKM01000536|OLKM01000536.1 234623","CDS"
"355","ENA|OLKM01000536|OLKM01000536.1 243093","Other"
"356","ENA|OLKM01000537|OLKM01000537.1 234676","CDS"
"357","ENA|OLKM01000537|OLKM01000537.1 263035","CDS"
"358","ENA|OLKM01000537|OLKM01000537.1 263237","CDS"
"359","ENA|OLKM01000537|OLKM01000537.1 274486","Intron"
"360","ENA|OLKM01000537|OLKM01000537.1 276014","Intron"
"361","ENA|OLKM01000537|OLKM01000537.1 279405","Other"
"362","ENA|OLKM01000537|OLKM01000537.1 279419","Other"
"363","ENA|OLKM01000538|OLKM01000538.1 855","Other"
"364","ENA|OLKM01000538|OLKM01000538.1 893","Other"
"365","ENA|OLKM01000540|OLKM01000540.1 269108","Other"
"366","ENA|OLKM01000540|OLKM01000540.1 269194","Other"
"367","ENA|OLKM01000547|OLKM01000547.1 23498","Other"
"368","ENA|OLKM01000547|OLKM01000547.1 42597","Other"
"369","ENA|OLKM01000547|OLKM01000547.1 42748","Other"
"370","ENA|OLKM01000547|OLKM01000547.1 42818","Other"
"371","ENA|OLKM01000547|OLKM01000547.1 42901","Other"
"372","ENA|OLKM01000550|OLKM01000550.1 279245","Other"
"373","ENA|OLKM01000551|OLKM01000551.1 16348","UTR5"
"374","ENA|OLKM01000552|OLKM01000552.1 218361","Intron"
"375","ENA|OLKM01000554|OLKM01000554.1 238259","Intron"
"376","ENA|OLKM01000554|OLKM01000554.1 239432","Intron"
"377","ENA|OLKM01000554|OLKM01000554.1 242257","Intron"
"378","ENA|OLKM01000554|OLKM01000554.1 254929","Intron"
"379","ENA|OLKM01000562|OLKM01000562.1 252391","Intron"
"380","ENA|OLKM01000562|OLKM01000562.1 272799","Other"
"381","ENA|OLKM01000566|OLKM01000566.1 4374","Other"
"382","ENA|OLKM01000566|OLKM01000566.1 6849","Other"
"383","ENA|OLKM01000566|OLKM01000566.1 8241","Other"
"384","ENA|OLKM01000566|OLKM01000566.1 8854","Other"
"385","ENA|OLKM01000573|OLKM01000573.1 158712","Intron"
"386","ENA|OLKM01000573|OLKM01000573.1 158717","Intron"
"387","ENA|OLKM01000573|OLKM01000573.1 158925","Intron"
"388","ENA|OLKM01000573|OLKM01000573.1 159271","Intron"
"389","ENA|OLKM01000573|OLKM01000573.1 159291","Intron"
"390","ENA|OLKM01000573|OLKM01000573.1 159298","Intron"
"391","ENA|OLKM01000573|OLKM01000573.1 159300","Intron"
"392","ENA|OLKM01000573|OLKM01000573.1 232292","CDS"
"393","ENA|OLKM01000574|OLKM01000574.1 149585","Intron"
"394","ENA|OLKM01000574|OLKM01000574.1 149600","Intron"
"395","ENA|OLKM01000575|OLKM01000575.1 191270","Intron"
"396","ENA|OLKM01000575|OLKM01000575.1 191309","Intron"
"397","ENA|OLKM01000579|OLKM01000579.1 238705","CDS"
"398","ENA|OLKM01000584|OLKM01000584.1 220202","Other"
"399","ENA|OLKM01000585|OLKM01000585.1 160644","CDS"
"400","ENA|OLKM01000585|OLKM01000585.1 160744","Terminator"
"401","ENA|OLKM01000592|OLKM01000592.1 1561","Other"
"402","ENA|OLKM01000595|OLKM01000595.1 157225","Intron"
"403","ENA|OLKM01000596|OLKM01000596.1 153234","Other"
"404","ENA|OLKM01000607|OLKM01000607.1 257866","Other"
"405","ENA|OLKM01000610|OLKM01000610.1 238926","Other"
"406","ENA|OLKM01000613|OLKM01000613.1 250612","Other"
"407","ENA|OLKM01000613|OLKM01000613.1 255049","Other"
"408","ENA|OLKM01000619|OLKM01000619.1 67396","Intron"
"409","ENA|OLKM01000619|OLKM01000619.1 248970","Other"
"410","ENA|OLKM01000619|OLKM01000619.1 250207","Other"
"411","ENA|OLKM01000619|OLKM01000619.1 253018","Intron"
"412","ENA|OLKM01000626|OLKM01000626.1 239466","Other"
"413","ENA|OLKM01000626|OLKM01000626.1 240148","Other"
"414","ENA|OLKM01000628|OLKM01000628.1 23645","Intron"
"415","ENA|OLKM01000628|OLKM01000628.1 25264","Intron"
"416","ENA|OLKM01000634|OLKM01000634.1 232796","Other"
"417","ENA|OLKM01000635|OLKM01000635.1 171021","Intron"
"418","ENA|OLKM01000635|OLKM01000635.1 171935","UTR3"
"419","ENA|OLKM01000635|OLKM01000635.1 172094","UTR3"
"420","ENA|OLKM01000635|OLKM01000635.1 172595","UTR3"
"421","ENA|OLKM01000638|OLKM01000638.1 245244","Intron"
"422","ENA|OLKM01000644|OLKM01000644.1 144849","CDS"
"423","ENA|OLKM01000647|OLKM01000647.1 91101","Other"
"424","ENA|OLKM01000649|OLKM01000649.1 118499","Intron"
"425","ENA|OLKM01000649|OLKM01000649.1 245859","Other"
"426","ENA|OLKM01000655|OLKM01000655.1 124736","CDS"
"427","ENA|OLKM01000655|OLKM01000655.1 156410","Other"
"428","ENA|OLKM01000655|OLKM01000655.1 158891","Other"
"429","ENA|OLKM01000655|OLKM01000655.1 175508","Other"
"430","ENA|OLKM01000655|OLKM01000655.1 206667","Intron"
"431","ENA|OLKM01000660|OLKM01000660.1 68527","Intron"
"432","ENA|OLKM01000661|OLKM01000661.1 89652","Intron"
"433","ENA|OLKM01000663|OLKM01000663.1 210130","CDS"
"434","ENA|OLKM01000672|OLKM01000672.1 54398","Intron"
"435","ENA|OLKM01000672|OLKM01000672.1 54435","CDS"
"436","ENA|OLKM01000672|OLKM01000672.1 54446","CDS"
"437","ENA|OLKM01000676|OLKM01000676.1 51427","Intron"
"438","ENA|OLKM01000680|OLKM01000680.1 208348","CDS"
"439","ENA|OLKM01000685|OLKM01000685.1 66168","CDS"
"440","ENA|OLKM01000687|OLKM01000687.1 240240","Other"
"441","ENA|OLKM01000687|OLKM01000687.1 240251","Other"
"442","ENA|OLKM01000687|OLKM01000687.1 240260","Other"
"443","ENA|OLKM01000687|OLKM01000687.1 240331","Other"
"444","ENA|OLKM01000687|OLKM01000687.1 240361","Other"
"445","ENA|OLKM01000694|OLKM01000694.1 5184","Intron"
"446","ENA|OLKM01000699|OLKM01000699.1 45416","Other"
"447","ENA|OLKM01000699|OLKM01000699.1 163480","Intron"
"448","ENA|OLKM01000699|OLKM01000699.1 163716","Intron"
"449","ENA|OLKM01000699|OLKM01000699.1 188021","Intron"
"450","ENA|OLKM01000700|OLKM01000700.1 130241","Other"
"451","ENA|OLKM01000703|OLKM01000703.1 7569","Other"
"452","ENA|OLKM01000705|OLKM01000705.1 58617","Intron"
"453","ENA|OLKM01000706|OLKM01000706.1 202501","Intron"
"454","ENA|OLKM01000707|OLKM01000707.1 79563","Other"
"455","ENA|OLKM01000710|OLKM01000710.1 8355","Other"
"456","ENA|OLKM01000711|OLKM01000711.1 52622","Promoter"
"457","ENA|OLKM01000713|OLKM01000713.1 226910","Other"
"458","ENA|OLKM01000713|OLKM01000713.1 227340","Other"
"459","ENA|OLKM01000713|OLKM01000713.1 228668","Other"
"460","ENA|OLKM01000713|OLKM01000713.1 228811","Other"
"461","ENA|OLKM01000716|OLKM01000716.1 198979","Other"
"462","ENA|OLKM01000719|OLKM01000719.1 613","CDS"
"463","ENA|OLKM01000719|OLKM01000719.1 698","CDS"
"464","ENA|OLKM01000719|OLKM01000719.1 898","CDS"
"465","ENA|OLKM01000719|OLKM01000719.1 1138","CDS"
"466","ENA|OLKM01000719|OLKM01000719.1 1457","CDS"
"467","ENA|OLKM01000719|OLKM01000719.1 1706","CDS"
"468","ENA|OLKM01000719|OLKM01000719.1 2200","Promoter"
"469","ENA|OLKM01000719|OLKM01000719.1 2770","CDS"
"470","ENA|OLKM01000719|OLKM01000719.1 3320","Intron"
"471","ENA|OLKM01000719|OLKM01000719.1 3422","CDS"
"472","ENA|OLKM01000720|OLKM01000720.1 149551","CDS"
"473","ENA|OLKM01000724|OLKM01000724.1 7392","Other"
"474","ENA|OLKM01000724|OLKM01000724.1 8411","Other"
"475","ENA|OLKM01000724|OLKM01000724.1 80927","Promoter"
"476","ENA|OLKM01000731|OLKM01000731.1 227277","Other"
"477","ENA|OLKM01000734|OLKM01000734.1 224451","Intron"
"478","ENA|OLKM01000735|OLKM01000735.1 208094","Other"
"479","ENA|OLKM01000735|OLKM01000735.1 215879","Other"
"480","ENA|OLKM01000735|OLKM01000735.1 227658","Other"
"481","ENA|OLKM01000735|OLKM01000735.1 228093","Other"
"482","ENA|OLKM01000735|OLKM01000735.1 232185","Other"
"483","ENA|OLKM01000737|OLKM01000737.1 10990","Intron"
"484","ENA|OLKM01000739|OLKM01000739.1 155407","Intron"
"485","ENA|OLKM01000739|OLKM01000739.1 156117","Intron"
"486","ENA|OLKM01000739|OLKM01000739.1 156807","Intron"
"487","ENA|OLKM01000740|OLKM01000740.1 34230","Other"
"488","ENA|OLKM01000741|OLKM01000741.1 128866","Intron"
"489","ENA|OLKM01000745|OLKM01000745.1 96545","Intron"
"490","ENA|OLKM01000746|OLKM01000746.1 66903","Other"
"491","ENA|OLKM01000746|OLKM01000746.1 190914","Other"
"492","ENA|OLKM01000751|OLKM01000751.1 192097","CDS"
"493","ENA|OLKM01000751|OLKM01000751.1 192113","CDS"
"494","ENA|OLKM01000758|OLKM01000758.1 120963","CDS"
"495","ENA|OLKM01000758|OLKM01000758.1 216626","Other"
"496","ENA|OLKM01000760|OLKM01000760.1 148660","Intron"
"497","ENA|OLKM01000770|OLKM01000770.1 218255","Other"
"498","ENA|OLKM01000774|OLKM01000774.1 191204","Other"
"499","ENA|OLKM01000775|OLKM01000775.1 145416","Intron"
"500","ENA|OLKM01000775|OLKM01000775.1 145832","Intron"
"501","ENA|OLKM01000775|OLKM01000775.1 145889","Intron"
"502","ENA|OLKM01000775|OLKM01000775.1 146196","Intron"
"503","ENA|OLKM01000775|OLKM01000775.1 147113","CDS"
"504","ENA|OLKM01000777|OLKM01000777.1 217102","Promoter"
"505","ENA|OLKM01000781|OLKM01000781.1 188814","Other"
"506","ENA|OLKM01000781|OLKM01000781.1 192241","Other"
"507","ENA|OLKM01000782|OLKM01000782.1 186080","Intron"
"508","ENA|OLKM01000784|OLKM01000784.1 174795","UTR3"
"509","ENA|OLKM01000784|OLKM01000784.1 190440","Other"
"510","ENA|OLKM01000789|OLKM01000789.1 30358","Promoter"
"511","ENA|OLKM01000789|OLKM01000789.1 111582","CDS"
"512","ENA|OLKM01000796|OLKM01000796.1 80892","Other"
"513","ENA|OLKM01000796|OLKM01000796.1 80942","Other"
"514","ENA|OLKM01000803|OLKM01000803.1 151609","CDS"
"515","ENA|OLKM01000806|OLKM01000806.1 10787","Other"
"516","ENA|OLKM01000806|OLKM01000806.1 11733","Promoter"
"517","ENA|OLKM01000806|OLKM01000806.1 23998","Other"
"518","ENA|OLKM01000812|OLKM01000812.1 70627","Intron"
"519","ENA|OLKM01000812|OLKM01000812.1 70667","Intron"
"520","ENA|OLKM01000812|OLKM01000812.1 133505","Other"
"521","ENA|OLKM01000815|OLKM01000815.1 3045","Other"
"522","ENA|OLKM01000816|OLKM01000816.1 131594","Intron"
"523","ENA|OLKM01000816|OLKM01000816.1 132332","Intron"
"524","ENA|OLKM01000816|OLKM01000816.1 132356","Intron"
"525","ENA|OLKM01000816|OLKM01000816.1 132570","Intron"
"526","ENA|OLKM01000816|OLKM01000816.1 214067","Other"
"527","ENA|OLKM01000816|OLKM01000816.1 215245","Other"
"528","ENA|OLKM01000816|OLKM01000816.1 215385","Other"
"529","ENA|OLKM01000818|OLKM01000818.1 104169","Intron"
"530","ENA|OLKM01000820|OLKM01000820.1 215195","Other"
"531","ENA|OLKM01000820|OLKM01000820.1 215232","Other"
"532","ENA|OLKM01000820|OLKM01000820.1 216187","Other"
"533","ENA|OLKM01000820|OLKM01000820.1 216323","Other"
"534","ENA|OLKM01000820|OLKM01000820.1 216527","Other"
"535","ENA|OLKM01000822|OLKM01000822.1 213717","Other"
"536","ENA|OLKM01000836|OLKM01000836.1 93141","Intron"
"537","ENA|OLKM01000837|OLKM01000837.1 13692","Other"
"538","ENA|OLKM01000842|OLKM01000842.1 57859","Other"
"539","ENA|OLKM01000846|OLKM01000846.1 48397","Intron"
"540","ENA|OLKM01000846|OLKM01000846.1 62336","Intron"
"541","ENA|OLKM01000850|OLKM01000850.1 86839","Other"
"542","ENA|OLKM01000850|OLKM01000850.1 91454","Other"
"543","ENA|OLKM01000850|OLKM01000850.1 94435","CDS"
"544","ENA|OLKM01000850|OLKM01000850.1 94445","CDS"
"545","ENA|OLKM01000850|OLKM01000850.1 94484","Intron"
"546","ENA|OLKM01000850|OLKM01000850.1 94734","Intron"
"547","ENA|OLKM01000850|OLKM01000850.1 95441","Intron"
"548","ENA|OLKM01000850|OLKM01000850.1 95452","Intron"
"549","ENA|OLKM01000850|OLKM01000850.1 106084","Intron"
"550","ENA|OLKM01000857|OLKM01000857.1 6016","Other"
"551","ENA|OLKM01000857|OLKM01000857.1 6118","Other"
"552","ENA|OLKM01000857|OLKM01000857.1 6858","Other"
"553","ENA|OLKM01000857|OLKM01000857.1 7994","Other"
"554","ENA|OLKM01000861|OLKM01000861.1 136421","Intron"
"555","ENA|OLKM01000877|OLKM01000877.1 146003","Intron"
"556","ENA|OLKM01000883|OLKM01000883.1 193554","Other"
"557","ENA|OLKM01000885|OLKM01000885.1 3311","Other"
"558","ENA|OLKM01000885|OLKM01000885.1 3930","Other"
"559","ENA|OLKM01000885|OLKM01000885.1 32819","Intron"
"560","ENA|OLKM01000885|OLKM01000885.1 33654","Intron"
"561","ENA|OLKM01000892|OLKM01000892.1 123279","CDS"
"562","ENA|OLKM01000894|OLKM01000894.1 20207","Intron"
"563","ENA|OLKM01000895|OLKM01000895.1 28614","Intron"
"564","ENA|OLKM01000896|OLKM01000896.1 201060","UTR5"
"565","ENA|OLKM01000901|OLKM01000901.1 203184","Intron"
"566","ENA|OLKM01000901|OLKM01000901.1 203448","Intron"
"567","ENA|OLKM01000901|OLKM01000901.1 203457","Intron"
"568","ENA|OLKM01000901|OLKM01000901.1 204229","CDS"
"569","ENA|OLKM01000901|OLKM01000901.1 204276","CDS"
"570","ENA|OLKM01000901|OLKM01000901.1 204329","CDS"
"571","ENA|OLKM01000908|OLKM01000908.1 185959","Other"
"572","ENA|OLKM01000912|OLKM01000912.1 190145","Intron"
"573","ENA|OLKM01000914|OLKM01000914.1 1990","CDS"
"574","ENA|OLKM01000914|OLKM01000914.1 2314","Intron"
"575","ENA|OLKM01000914|OLKM01000914.1 2353","CDS"
"576","ENA|OLKM01000914|OLKM01000914.1 2569","CDS"
"577","ENA|OLKM01000914|OLKM01000914.1 3168","Other"
"578","ENA|OLKM01000914|OLKM01000914.1 3441","CDS"
"579","ENA|OLKM01000914|OLKM01000914.1 3459","CDS"
"580","ENA|OLKM01000914|OLKM01000914.1 3463","CDS"
"581","ENA|OLKM01000914|OLKM01000914.1 3501","CDS"
"582","ENA|OLKM01000914|OLKM01000914.1 3856","Intron"
"583","ENA|OLKM01000914|OLKM01000914.1 3883","Intron"
"584","ENA|OLKM01000914|OLKM01000914.1 4033","Intron"
"585","ENA|OLKM01000914|OLKM01000914.1 4138","Intron"
"586","ENA|OLKM01000918|OLKM01000918.1 7427","Other"
"587","ENA|OLKM01000920|OLKM01000920.1 159240","Intron"
"588","ENA|OLKM01000923|OLKM01000923.1 167927","CDS"
"589","ENA|OLKM01000923|OLKM01000923.1 173173","Other"
"590","ENA|OLKM01000923|OLKM01000923.1 195254","Terminator"
"591","ENA|OLKM01000926|OLKM01000926.1 195940","Other"
"592","ENA|OLKM01000927|OLKM01000927.1 2248","Other"
"593","ENA|OLKM01000928|OLKM01000928.1 22621","Intron"
"594","ENA|OLKM01000928|OLKM01000928.1 24673","Intron"
"595","ENA|OLKM01000937|OLKM01000937.1 191539","Other"
"596","ENA|OLKM01000942|OLKM01000942.1 8732","Intron"
"597","ENA|OLKM01000942|OLKM01000942.1 8922","CDS"
"598","ENA|OLKM01000943|OLKM01000943.1 48935","Intron"
"599","ENA|OLKM01000946|OLKM01000946.1 88917","Intron"
"600","ENA|OLKM01000950|OLKM01000950.1 4224","Intron"
"601","ENA|OLKM01000950|OLKM01000950.1 4269","Intron"
"602","ENA|OLKM01000954|OLKM01000954.1 26149","Intron"
"603","ENA|OLKM01000956|OLKM01000956.1 8723","Intron"
"604","ENA|OLKM01000961|OLKM01000961.1 27945","Intron"
"605","ENA|OLKM01000961|OLKM01000961.1 100563","Intron"
"606","ENA|OLKM01000961|OLKM01000961.1 118899","Intron"
"607","ENA|OLKM01000963|OLKM01000963.1 79395","Intron"
"608","ENA|OLKM01000963|OLKM01000963.1 79429","CDS"
"609","ENA|OLKM01000967|OLKM01000967.1 102607","CDS"
"610","ENA|OLKM01000968|OLKM01000968.1 28661","Intron"
"611","ENA|OLKM01000968|OLKM01000968.1 187720","Promoter"
"612","ENA|OLKM01000968|OLKM01000968.1 187732","Promoter"
"613","ENA|OLKM01000969|OLKM01000969.1 103969","Intron"
"614","ENA|OLKM01000976|OLKM01000976.1 138150","UTR3"
"615","ENA|OLKM01000979|OLKM01000979.1 99968","Intron"
"616","ENA|OLKM01000994|OLKM01000994.1 176701","Intron"
"617","ENA|OLKM01001005|OLKM01001005.1 183417","CDS"
"618","ENA|OLKM01001007|OLKM01001007.1 37686","Intron"
"619","ENA|OLKM01001010|OLKM01001010.1 91498","Intron"
"620","ENA|OLKM01001011|OLKM01001011.1 150653","Intron"
"621","ENA|OLKM01001011|OLKM01001011.1 150721","Intron"
"622","ENA|OLKM01001011|OLKM01001011.1 150732","Intron"
"623","ENA|OLKM01001011|OLKM01001011.1 150774","Intron"
"624","ENA|OLKM01001011|OLKM01001011.1 150825","Intron"
"625","ENA|OLKM01001011|OLKM01001011.1 150861","Intron"
"626","ENA|OLKM01001011|OLKM01001011.1 150886","Intron"
"627","ENA|OLKM01001011|OLKM01001011.1 152355","Intron"
"628","ENA|OLKM01001018|OLKM01001018.1 97311","Intron"
"629","ENA|OLKM01001020|OLKM01001020.1 146902","Intron"
"630","ENA|OLKM01001020|OLKM01001020.1 151488","Intron"
"631","ENA|OLKM01001020|OLKM01001020.1 154787","Intron"
"632","ENA|OLKM01001021|OLKM01001021.1 103985","Other"
"633","ENA|OLKM01001022|OLKM01001022.1 128697","Intron"
"634","ENA|OLKM01001024|OLKM01001024.1 17922","Intron"
"635","ENA|OLKM01001024|OLKM01001024.1 17967","Intron"
"636","ENA|OLKM01001026|OLKM01001026.1 166596","Other"
"637","ENA|OLKM01001026|OLKM01001026.1 166692","Other"
"638","ENA|OLKM01001026|OLKM01001026.1 166907","Other"
"639","ENA|OLKM01001026|OLKM01001026.1 166947","Other"
"640","ENA|OLKM01001028|OLKM01001028.1 23515","Intron"
"641","ENA|OLKM01001031|OLKM01001031.1 70664","CDS"
"642","ENA|OLKM01001036|OLKM01001036.1 175936","Other"
"643","ENA|OLKM01001037|OLKM01001037.1 10510","CDS"
"644","ENA|OLKM01001037|OLKM01001037.1 14888","Other"
"645","ENA|OLKM01001037|OLKM01001037.1 15016","Other"
"646","ENA|OLKM01001041|OLKM01001041.1 36031","CDS"
"647","ENA|OLKM01001041|OLKM01001041.1 36033","CDS"
"648","ENA|OLKM01001042|OLKM01001042.1 3120","Intron"
"649","ENA|OLKM01001042|OLKM01001042.1 3648","Intron"
"650","ENA|OLKM01001042|OLKM01001042.1 123157","Intron"
"651","ENA|OLKM01001051|OLKM01001051.1 147385","CDS"
"652","ENA|OLKM01001058|OLKM01001058.1 61948","Intron"
"653","ENA|OLKM01001060|OLKM01001060.1 26458","Other"
"654","ENA|OLKM01001060|OLKM01001060.1 28883","Other"
"655","ENA|OLKM01001060|OLKM01001060.1 138053","Intron"
"656","ENA|OLKM01001060|OLKM01001060.1 138055","Intron"
"657","ENA|OLKM01001060|OLKM01001060.1 138274","Intron"
"658","ENA|OLKM01001062|OLKM01001062.1 93598","Intron"
"659","ENA|OLKM01001067|OLKM01001067.1 172900","CDS"
"660","ENA|OLKM01001067|OLKM01001067.1 173445","CDS"
"661","ENA|OLKM01001071|OLKM01001071.1 57617","UTR5"
"662","ENA|OLKM01001071|OLKM01001071.1 160389","Other"
"663","ENA|OLKM01001073|OLKM01001073.1 14935","Other"
"664","ENA|OLKM01001073|OLKM01001073.1 30483","Intron"
"665","ENA|OLKM01001074|OLKM01001074.1 95528","Intron"
"666","ENA|OLKM01001074|OLKM01001074.1 95963","Intron"
"667","ENA|OLKM01001074|OLKM01001074.1 96978","Intron"
"668","ENA|OLKM01001075|OLKM01001075.1 38445","Intron"
"669","ENA|OLKM01001083|OLKM01001083.1 21105","Other"
"670","ENA|OLKM01001083|OLKM01001083.1 23282","Other"
"671","ENA|OLKM01001087|OLKM01001087.1 124039","Other"
"672","ENA|OLKM01001087|OLKM01001087.1 124213","Other"
"673","ENA|OLKM01001087|OLKM01001087.1 124240","Other"
"674","ENA|OLKM01001090|OLKM01001090.1 11976","Promoter"
"675","ENA|OLKM01001090|OLKM01001090.1 11985","Promoter"
"676","ENA|OLKM01001090|OLKM01001090.1 18829","Intron"
"677","ENA|OLKM01001091|OLKM01001091.1 44103","Intron"
"678","ENA|OLKM01001091|OLKM01001091.1 149186","Other"
"679","ENA|OLKM01001091|OLKM01001091.1 151107","Other"
"680","ENA|OLKM01001096|OLKM01001096.1 136573","CDS"
"681","ENA|OLKM01001100|OLKM01001100.1 6835","Intron"
"682","ENA|OLKM01001103|OLKM01001103.1 154637","Intron"
"683","ENA|OLKM01001103|OLKM01001103.1 154665","Intron"
"684","ENA|OLKM01001116|OLKM01001116.1 66298","CDS"
"685","ENA|OLKM01001139|OLKM01001139.1 43474","Other"
"686","ENA|OLKM01001139|OLKM01001139.1 77227","Other"
"687","ENA|OLKM01001144|OLKM01001144.1 129715","Other"
"688","ENA|OLKM01001144|OLKM01001144.1 131149","Other"
"689","ENA|OLKM01001144|OLKM01001144.1 159908","Other"
"690","ENA|OLKM01001144|OLKM01001144.1 160098","Other"
"691","ENA|OLKM01001144|OLKM01001144.1 167242","Other"
"692","ENA|OLKM01001147|OLKM01001147.1 16869","Other"
"693","ENA|OLKM01001147|OLKM01001147.1 17119","Other"
"694","ENA|OLKM01001148|OLKM01001148.1 78569","Intron"
"695","ENA|OLKM01001155|OLKM01001155.1 159504","UTR3"
"696","ENA|OLKM01001158|OLKM01001158.1 54107","Intron"
"697","ENA|OLKM01001158|OLKM01001158.1 55120","Intron"
"698","ENA|OLKM01001158|OLKM01001158.1 56228","Intron"
"699","ENA|OLKM01001158|OLKM01001158.1 57390","Intron"
"700","ENA|OLKM01001159|OLKM01001159.1 155158","Other"
"701","ENA|OLKM01001160|OLKM01001160.1 18164","Intron"
"702","ENA|OLKM01001161|OLKM01001161.1 113525","CDS"
"703","ENA|OLKM01001161|OLKM01001161.1 113628","Intron"
"704","ENA|OLKM01001171|OLKM01001171.1 42739","Other"
"705","ENA|OLKM01001172|OLKM01001172.1 37398","Intron"
"706","ENA|OLKM01001173|OLKM01001173.1 6409","Intron"
"707","ENA|OLKM01001173|OLKM01001173.1 8490","Intron"
"708","ENA|OLKM01001173|OLKM01001173.1 8509","Intron"
"709","ENA|OLKM01001173|OLKM01001173.1 14228","Other"
"710","ENA|OLKM01001173|OLKM01001173.1 14359","Other"
"711","ENA|OLKM01001173|OLKM01001173.1 29740","Other"
"712","ENA|OLKM01001173|OLKM01001173.1 36696","Other"
"713","ENA|OLKM01001175|OLKM01001175.1 76441","Intron"
"714","ENA|OLKM01001175|OLKM01001175.1 107866","Intron"
"715","ENA|OLKM01001178|OLKM01001178.1 83808","Intron"
"716","ENA|OLKM01001178|OLKM01001178.1 84571","Intron"
"717","ENA|OLKM01001178|OLKM01001178.1 119777","Other"
"718","ENA|OLKM01001178|OLKM01001178.1 119879","Other"
"719","ENA|OLKM01001178|OLKM01001178.1 120134","Other"
"720","ENA|OLKM01001178|OLKM01001178.1 120157","Other"
"721","ENA|OLKM01001178|OLKM01001178.1 120206","Other"
"722","ENA|OLKM01001192|OLKM01001192.1 98238","Other"
"723","ENA|OLKM01001192|OLKM01001192.1 155887","Other"
"724","ENA|OLKM01001192|OLKM01001192.1 160122","Other"
"725","ENA|OLKM01001193|OLKM01001193.1 22035","Other"
"726","ENA|OLKM01001193|OLKM01001193.1 22043","Other"
"727","ENA|OLKM01001207|OLKM01001207.1 125876","Intron"
"728","ENA|OLKM01001215|OLKM01001215.1 86897","Other"
"729","ENA|OLKM01001215|OLKM01001215.1 115208","Intron"
"730","ENA|OLKM01001215|OLKM01001215.1 141152","Other"
"731","ENA|OLKM01001217|OLKM01001217.1 27664","Other"
"732","ENA|OLKM01001217|OLKM01001217.1 28492","Other"
"733","ENA|OLKM01001221|OLKM01001221.1 77514","Intron"
"734","ENA|OLKM01001221|OLKM01001221.1 97206","Other"
"735","ENA|OLKM01001224|OLKM01001224.1 64092","Intron"
"736","ENA|OLKM01001228|OLKM01001228.1 30953","Intron"
"737","ENA|OLKM01001228|OLKM01001228.1 34430","Other"
"738","ENA|OLKM01001235|OLKM01001235.1 3846","Intron"
"739","ENA|OLKM01001235|OLKM01001235.1 4032","Intron"
"740","ENA|OLKM01001235|OLKM01001235.1 4691","Intron"
"741","ENA|OLKM01001235|OLKM01001235.1 4715","Intron"
"742","ENA|OLKM01001237|OLKM01001237.1 139323","Intron"
"743","ENA|OLKM01001237|OLKM01001237.1 152192","Intron"
"744","ENA|OLKM01001244|OLKM01001244.1 1738","Intron"
"745","ENA|OLKM01001244|OLKM01001244.1 1743","Intron"
"746","ENA|OLKM01001245|OLKM01001245.1 2068","Other"
"747","ENA|OLKM01001245|OLKM01001245.1 2109","Other"
"748","ENA|OLKM01001245|OLKM01001245.1 2126","Other"
"749","ENA|OLKM01001245|OLKM01001245.1 2136","Other"
"750","ENA|OLKM01001245|OLKM01001245.1 2172","Other"
"751","ENA|OLKM01001245|OLKM01001245.1 6112","Intron"
"752","ENA|OLKM01001258|OLKM01001258.1 5295","Promoter"
"753","ENA|OLKM01001258|OLKM01001258.1 5324","CDS"
"754","ENA|OLKM01001261|OLKM01001261.1 142846","Other"
"755","ENA|OLKM01001271|OLKM01001271.1 7880","Other"
"756","ENA|OLKM01001271|OLKM01001271.1 8957","CDS"
"757","ENA|OLKM01001272|OLKM01001272.1 141150","CDS"
"758","ENA|OLKM01001273|OLKM01001273.1 23309","Other"
"759","ENA|OLKM01001273|OLKM01001273.1 23599","Other"
"760","ENA|OLKM01001273|OLKM01001273.1 24769","Other"
"761","ENA|OLKM01001275|OLKM01001275.1 88752","Other"
"762","ENA|OLKM01001276|OLKM01001276.1 69046","Intron"
"763","ENA|OLKM01001276|OLKM01001276.1 69069","Intron"
"764","ENA|OLKM01001279|OLKM01001279.1 146418","Other"
"765","ENA|OLKM01001279|OLKM01001279.1 146955","Other"
"766","ENA|OLKM01001291|OLKM01001291.1 5780","CDS"
"767","ENA|OLKM01001306|OLKM01001306.1 8619","Other"
"768","ENA|OLKM01001306|OLKM01001306.1 8686","Other"
"769","ENA|OLKM01001308|OLKM01001308.1 90071","Intron"
"770","ENA|OLKM01001319|OLKM01001319.1 136823","CDS"
"771","ENA|OLKM01001319|OLKM01001319.1 136874","CDS"
"772","ENA|OLKM01001320|OLKM01001320.1 21284","Intron"
"773","ENA|OLKM01001320|OLKM01001320.1 21652","Intron"
"774","ENA|OLKM01001320|OLKM01001320.1 24026","Intron"
"775","ENA|OLKM01001320|OLKM01001320.1 49960","Intron"
"776","ENA|OLKM01001325|OLKM01001325.1 70422","Intron"
"777","ENA|OLKM01001325|OLKM01001325.1 70900","Intron"
"778","ENA|OLKM01001325|OLKM01001325.1 71007","Intron"
"779","ENA|OLKM01001326|OLKM01001326.1 56461","Intron"
"780","ENA|OLKM01001326|OLKM01001326.1 59137","Intron"
"781","ENA|OLKM01001327|OLKM01001327.1 40046","Other"
"782","ENA|OLKM01001327|OLKM01001327.1 43673","Other"
"783","ENA|OLKM01001333|OLKM01001333.1 12107","Intron"
"784","ENA|OLKM01001333|OLKM01001333.1 15646","Intron"
"785","ENA|OLKM01001333|OLKM01001333.1 17999","Intron"
"786","ENA|OLKM01001343|OLKM01001343.1 13128","Other"
"787","ENA|OLKM01001343|OLKM01001343.1 13200","Other"
"788","ENA|OLKM01001343|OLKM01001343.1 17712","Other"
"789","ENA|OLKM01001343|OLKM01001343.1 24890","Intron"
"790","ENA|OLKM01001343|OLKM01001343.1 36066","Intron"
"791","ENA|OLKM01001343|OLKM01001343.1 37180","Intron"
"792","ENA|OLKM01001344|OLKM01001344.1 6635","Intron"
"793","ENA|OLKM01001344|OLKM01001344.1 7819","Intron"
"794","ENA|OLKM01001344|OLKM01001344.1 9442","Intron"
"795","ENA|OLKM01001344|OLKM01001344.1 9455","Intron"
"796","ENA|OLKM01001345|OLKM01001345.1 122053","Other"
"797","ENA|OLKM01001345|OLKM01001345.1 130138","Other"
"798","ENA|OLKM01001348|OLKM01001348.1 4669","Intron"
"799","ENA|OLKM01001355|OLKM01001355.1 72476","CDS"
"800","ENA|OLKM01001357|OLKM01001357.1 57809","Intron"
"801","ENA|OLKM01001361|OLKM01001361.1 75837","Other"
"802","ENA|OLKM01001361|OLKM01001361.1 75876","Other"
"803","ENA|OLKM01001367|OLKM01001367.1 136132","Intron"
"804","ENA|OLKM01001368|OLKM01001368.1 7475","Terminator"
"805","ENA|OLKM01001368|OLKM01001368.1 7538","Other"
"806","ENA|OLKM01001368|OLKM01001368.1 7612","Other"
"807","ENA|OLKM01001370|OLKM01001370.1 92174","Intron"
"808","ENA|OLKM01001370|OLKM01001370.1 99268","Intron"
"809","ENA|OLKM01001373|OLKM01001373.1 126819","Other"
"810","ENA|OLKM01001374|OLKM01001374.1 35638","Intron"
"811","ENA|OLKM01001374|OLKM01001374.1 35641","Intron"
"812","ENA|OLKM01001374|OLKM01001374.1 35655","Intron"
"813","ENA|OLKM01001374|OLKM01001374.1 35680","Intron"
"814","ENA|OLKM01001375|OLKM01001375.1 35983","Intron"
"815","ENA|OLKM01001375|OLKM01001375.1 72267","Other"
"816","ENA|OLKM01001376|OLKM01001376.1 5589","Other"
"817","ENA|OLKM01001376|OLKM01001376.1 78536","Other"
"818","ENA|OLKM01001381|OLKM01001381.1 115088","Other"
"819","ENA|OLKM01001384|OLKM01001384.1 126513","Intron"
"820","ENA|OLKM01001393|OLKM01001393.1 69635","Other"
"821","ENA|OLKM01001393|OLKM01001393.1 120889","Other"
"822","ENA|OLKM01001393|OLKM01001393.1 120924","Other"
"823","ENA|OLKM01001393|OLKM01001393.1 123213","Other"
"824","ENA|OLKM01001394|OLKM01001394.1 7910","Intron"
"825","ENA|OLKM01001394|OLKM01001394.1 7956","Intron"
"826","ENA|OLKM01001394|OLKM01001394.1 37006","CDS"
"827","ENA|OLKM01001394|OLKM01001394.1 43444","Intron"
"828","ENA|OLKM01001394|OLKM01001394.1 43451","Intron"
"829","ENA|OLKM01001396|OLKM01001396.1 293","Other"
"830","ENA|OLKM01001400|OLKM01001400.1 60470","CDS"
"831","ENA|OLKM01001400|OLKM01001400.1 60925","CDS"
"832","ENA|OLKM01001411|OLKM01001411.1 120051","Other"
"833","ENA|OLKM01001416|OLKM01001416.1 23682","Intron"
"834","ENA|OLKM01001416|OLKM01001416.1 24072","Intron"
"835","ENA|OLKM01001416|OLKM01001416.1 24175","Intron"
"836","ENA|OLKM01001416|OLKM01001416.1 24482","Intron"
"837","ENA|OLKM01001416|OLKM01001416.1 27408","Other"
"838","ENA|OLKM01001416|OLKM01001416.1 27418","Other"
"839","ENA|OLKM01001416|OLKM01001416.1 27615","Promoter"
"840","ENA|OLKM01001416|OLKM01001416.1 27645","CDS"
"841","ENA|OLKM01001416|OLKM01001416.1 27799","Intron"
"842","ENA|OLKM01001416|OLKM01001416.1 60340","Other"
"843","ENA|OLKM01001418|OLKM01001418.1 38769","Other"
"844","ENA|OLKM01001418|OLKM01001418.1 38947","Other"
"845","ENA|OLKM01001422|OLKM01001422.1 9441","Intron"
"846","ENA|OLKM01001422|OLKM01001422.1 30250","Intron"
"847","ENA|OLKM01001439|OLKM01001439.1 119908","Intron"
"848","ENA|OLKM01001439|OLKM01001439.1 123499","Intron"
"849","ENA|OLKM01001442|OLKM01001442.1 52567","Other"
"850","ENA|OLKM01001442|OLKM01001442.1 52576","Other"
"851","ENA|OLKM01001442|OLKM01001442.1 52583","Other"
"852","ENA|OLKM01001442|OLKM01001442.1 52595","Other"
"853","ENA|OLKM01001442|OLKM01001442.1 52606","Other"
"854","ENA|OLKM01001442|OLKM01001442.1 52613","Other"
"855","ENA|OLKM01001442|OLKM01001442.1 52616","Other"
"856","ENA|OLKM01001442|OLKM01001442.1 52634","Other"
"857","ENA|OLKM01001442|OLKM01001442.1 52651","Other"
"858","ENA|OLKM01001442|OLKM01001442.1 52699","Other"
"859","ENA|OLKM01001442|OLKM01001442.1 52847","Other"
"860","ENA|OLKM01001442|OLKM01001442.1 52852","Other"
"861","ENA|OLKM01001445|OLKM01001445.1 7843","Other"
"862","ENA|OLKM01001445|OLKM01001445.1 76527","UTR3"
"863","ENA|OLKM01001450|OLKM01001450.1 9494","Other"
"864","ENA|OLKM01001450|OLKM01001450.1 10758","Other"
"865","ENA|OLKM01001451|OLKM01001451.1 93874","Intron"
"866","ENA|OLKM01001461|OLKM01001461.1 131998","Other"
"867","ENA|OLKM01001467|OLKM01001467.1 126786","Other"
"868","ENA|OLKM01001468|OLKM01001468.1 79824","Intron"
"869","ENA|OLKM01001478|OLKM01001478.1 121795","Other"
"870","ENA|OLKM01001480|OLKM01001480.1 107255","Intron"
"871","ENA|OLKM01001487|OLKM01001487.1 4345","Other"
"872","ENA|OLKM01001487|OLKM01001487.1 4377","Other"
"873","ENA|OLKM01001487|OLKM01001487.1 5837","Other"
"874","ENA|OLKM01001487|OLKM01001487.1 5973","Other"
"875","ENA|OLKM01001493|OLKM01001493.1 17280","Other"
"876","ENA|OLKM01001495|OLKM01001495.1 118442","Intron"
"877","ENA|OLKM01001504|OLKM01001504.1 121706","Intron"
"878","ENA|OLKM01001512|OLKM01001512.1 82574","Intron"
"879","ENA|OLKM01001518|OLKM01001518.1 68402","Intron"
"880","ENA|OLKM01001521|OLKM01001521.1 7953","Intron"
"881","ENA|OLKM01001528|OLKM01001528.1 35344","Intron"
"882","ENA|OLKM01001528|OLKM01001528.1 37473","Intron"
"883","ENA|OLKM01001528|OLKM01001528.1 120735","Intron"
"884","ENA|OLKM01001536|OLKM01001536.1 49336","Intron"
"885","ENA|OLKM01001536|OLKM01001536.1 50096","Intron"
"886","ENA|OLKM01001543|OLKM01001543.1 20264","Intron"
"887","ENA|OLKM01001543|OLKM01001543.1 42840","Other"
"888","ENA|OLKM01001543|OLKM01001543.1 43182","Promoter"
"889","ENA|OLKM01001543|OLKM01001543.1 43216","Promoter"
"890","ENA|OLKM01001543|OLKM01001543.1 43291","Promoter"
"891","ENA|OLKM01001543|OLKM01001543.1 43718","Other"
"892","ENA|OLKM01001546|OLKM01001546.1 106459","Other"
"893","ENA|OLKM01001546|OLKM01001546.1 118226","Other"
"894","ENA|OLKM01001546|OLKM01001546.1 120679","Other"
"895","ENA|OLKM01001547|OLKM01001547.1 36385","Promoter"
"896","ENA|OLKM01001552|OLKM01001552.1 34341","CDS"
"897","ENA|OLKM01001563|OLKM01001563.1 22745","Intron"
"898","ENA|OLKM01001563|OLKM01001563.1 22808","Intron"
"899","ENA|OLKM01001563|OLKM01001563.1 23626","Intron"
"900","ENA|OLKM01001565|OLKM01001565.1 108539","Intron"
"901","ENA|OLKM01001565|OLKM01001565.1 115704","Other"
"902","ENA|OLKM01001577|OLKM01001577.1 116861","Other"
"903","ENA|OLKM01001590|OLKM01001590.1 39524","Intron"
"904","ENA|OLKM01001593|OLKM01001593.1 5578","Other"
"905","ENA|OLKM01001593|OLKM01001593.1 7121","Other"
"906","ENA|OLKM01001596|OLKM01001596.1 5693","Other"
"907","ENA|OLKM01001596|OLKM01001596.1 5898","Other"
"908","ENA|OLKM01001596|OLKM01001596.1 71681","Intron"
"909","ENA|OLKM01001601|OLKM01001601.1 50353","Other"
"910","ENA|OLKM01001606|OLKM01001606.1 11230","Other"
"911","ENA|OLKM01001607|OLKM01001607.1 50193","Intron"
"912","ENA|OLKM01001609|OLKM01001609.1 3999","Other"
"913","ENA|OLKM01001609|OLKM01001609.1 4149","Other"
"914","ENA|OLKM01001609|OLKM01001609.1 4270","Other"
"915","ENA|OLKM01001611|OLKM01001611.1 66547","Intron"
"916","ENA|OLKM01001613|OLKM01001613.1 4461","Other"
"917","ENA|OLKM01001613|OLKM01001613.1 5215","CDS"
"918","ENA|OLKM01001613|OLKM01001613.1 5984","Intron"
"919","ENA|OLKM01001613|OLKM01001613.1 6067","CDS"
"920","ENA|OLKM01001613|OLKM01001613.1 6216","CDS"
"921","ENA|OLKM01001613|OLKM01001613.1 6267","CDS"
"922","ENA|OLKM01001613|OLKM01001613.1 6489","Intron"
"923","ENA|OLKM01001613|OLKM01001613.1 6620","Intron"
"924","ENA|OLKM01001613|OLKM01001613.1 77492","Other"
"925","ENA|OLKM01001613|OLKM01001613.1 77515","Other"
"926","ENA|OLKM01001621|OLKM01001621.1 5748","Intron"
"927","ENA|OLKM01001621|OLKM01001621.1 109364","Other"
"928","ENA|OLKM01001621|OLKM01001621.1 112607","Other"
"929","ENA|OLKM01001621|OLKM01001621.1 112967","Other"
"930","ENA|OLKM01001621|OLKM01001621.1 112976","Other"
"931","ENA|OLKM01001621|OLKM01001621.1 116034","Other"
"932","ENA|OLKM01001626|OLKM01001626.1 49879","CDS"
"933","ENA|OLKM01001626|OLKM01001626.1 80503","Other"
"934","ENA|OLKM01001630|OLKM01001630.1 13238","Other"
"935","ENA|OLKM01001630|OLKM01001630.1 13702","Other"
"936","ENA|OLKM01001630|OLKM01001630.1 13716","Other"
"937","ENA|OLKM01001630|OLKM01001630.1 21141","Other"
"938","ENA|OLKM01001630|OLKM01001630.1 21153","Other"
"939","ENA|OLKM01001638|OLKM01001638.1 71663","Intron"
"940","ENA|OLKM01001648|OLKM01001648.1 4060","Other"
"941","ENA|OLKM01001648|OLKM01001648.1 14810","CDS"
"942","ENA|OLKM01001648|OLKM01001648.1 15005","CDS"
"943","ENA|OLKM01001648|OLKM01001648.1 15040","CDS"
"944","ENA|OLKM01001648|OLKM01001648.1 15143","CDS"
"945","ENA|OLKM01001648|OLKM01001648.1 15178","CDS"
"946","ENA|OLKM01001648|OLKM01001648.1 105069","Other"
"947","ENA|OLKM01001654|OLKM01001654.1 36163","Intron"
"948","ENA|OLKM01001656|OLKM01001656.1 36801","Intron"
"949","ENA|OLKM01001658|OLKM01001658.1 25314","Other"
"950","ENA|OLKM01001658|OLKM01001658.1 26517","Other"
"951","ENA|OLKM01001660|OLKM01001660.1 71752","CDS"
"952","ENA|OLKM01001660|OLKM01001660.1 71831","CDS"
"953","ENA|OLKM01001668|OLKM01001668.1 7439","Other"
"954","ENA|OLKM01001668|OLKM01001668.1 61684","Intron"
"955","ENA|OLKM01001668|OLKM01001668.1 63130","Intron"
"956","ENA|OLKM01001668|OLKM01001668.1 63180","Intron"
"957","ENA|OLKM01001680|OLKM01001680.1 37876","CDS"
"958","ENA|OLKM01001685|OLKM01001685.1 85857","CDS"
"959","ENA|OLKM01001685|OLKM01001685.1 86322","Intron"
"960","ENA|OLKM01001686|OLKM01001686.1 21270","Other"
"961","ENA|OLKM01001687|OLKM01001687.1 36421","Other"
"962","ENA|OLKM01001687|OLKM01001687.1 95274","Intron"
"963","ENA|OLKM01001701|OLKM01001701.1 70220","Other"
"964","ENA|OLKM01001703|OLKM01001703.1 107835","Other"
"965","ENA|OLKM01001709|OLKM01001709.1 12810","CDS"
"966","ENA|OLKM01001709|OLKM01001709.1 88996","Intron"
"967","ENA|OLKM01001709|OLKM01001709.1 89088","Intron"
"968","ENA|OLKM01001709|OLKM01001709.1 90713","Intron"
"969","ENA|OLKM01001710|OLKM01001710.1 74845","Other"
"970","ENA|OLKM01001710|OLKM01001710.1 74888","Other"
"971","ENA|OLKM01001710|OLKM01001710.1 74897","Other"
"972","ENA|OLKM01001710|OLKM01001710.1 76277","Other"
"973","ENA|OLKM01001713|OLKM01001713.1 52498","Intron"
"974","ENA|OLKM01001723|OLKM01001723.1 51616","Intron"
"975","ENA|OLKM01001723|OLKM01001723.1 61666","CDS"
"976","ENA|OLKM01001726|OLKM01001726.1 21540","Intron"
"977","ENA|OLKM01001740|OLKM01001740.1 16049","CDS"
"978","ENA|OLKM01001740|OLKM01001740.1 16449","CDS"
"979","ENA|OLKM01001740|OLKM01001740.1 17131","Other"
"980","ENA|OLKM01001741|OLKM01001741.1 18512","Other"
"981","ENA|OLKM01001755|OLKM01001755.1 26783","Intron"
"982","ENA|OLKM01001755|OLKM01001755.1 27730","Intron"
"983","ENA|OLKM01001755|OLKM01001755.1 83077","Other"
"984","ENA|OLKM01001755|OLKM01001755.1 83386","Other"
"985","ENA|OLKM01001755|OLKM01001755.1 95048","Other"
"986","ENA|OLKM01001764|OLKM01001764.1 91781","Other"
"987","ENA|OLKM01001770|OLKM01001770.1 12838","Other"
"988","ENA|OLKM01001770|OLKM01001770.1 13719","Other"
"989","ENA|OLKM01001770|OLKM01001770.1 15525","Other"
"990","ENA|OLKM01001776|OLKM01001776.1 9882","Other"
"991","ENA|OLKM01001776|OLKM01001776.1 9958","Other"
"992","ENA|OLKM01001776|OLKM01001776.1 10062","Other"
"993","ENA|OLKM01001776|OLKM01001776.1 24723","Intron"
"994","ENA|OLKM01001783|OLKM01001783.1 50745","Intron"
"995","ENA|OLKM01001783|OLKM01001783.1 99116","Other"
"996","ENA|OLKM01001787|OLKM01001787.1 4277","Intron"
"997","ENA|OLKM01001787|OLKM01001787.1 4294","Intron"
"998","ENA|OLKM01001787|OLKM01001787.1 7795","CDS"
"999","ENA|OLKM01001787|OLKM01001787.1 22074","Intron"
"1000","ENA|OLKM01001788|OLKM01001788.1 98205","Other"
"1001","ENA|OLKM01001790|OLKM01001790.1 11788","Intron"
"1002","ENA|OLKM01001790|OLKM01001790.1 14605","Intron"
"1003","ENA|OLKM01001790|OLKM01001790.1 102186","Other"
"1004","ENA|OLKM01001790|OLKM01001790.1 103076","Other"
"1005","ENA|OLKM01001792|OLKM01001792.1 80967","Intron"
"1006","ENA|OLKM01001797|OLKM01001797.1 60667","Intron"
"1007","ENA|OLKM01001802|OLKM01001802.1 63450","Intron"
"1008","ENA|OLKM01001802|OLKM01001802.1 63482","Intron"
"1009","ENA|OLKM01001826|OLKM01001826.1 12906","Intron"
"1010","ENA|OLKM01001838|OLKM01001838.1 23481","Other"
"1011","ENA|OLKM01001838|OLKM01001838.1 40011","Other"
"1012","ENA|OLKM01001839|OLKM01001839.1 15085","Intron"
"1013","ENA|OLKM01001842|OLKM01001842.1 34558","Intron"
"1014","ENA|OLKM01001845|OLKM01001845.1 96319","Other"
"1015","ENA|OLKM01001845|OLKM01001845.1 97526","Other"
"1016","ENA|OLKM01001859|OLKM01001859.1 2690","Other"
"1017","ENA|OLKM01001862|OLKM01001862.1 61213","CDS"
"1018","ENA|OLKM01001865|OLKM01001865.1 14069","Other"
"1019","ENA|OLKM01001866|OLKM01001866.1 99483","Other"
"1020","ENA|OLKM01001867|OLKM01001867.1 61102","Intron"
"1021","ENA|OLKM01001867|OLKM01001867.1 61112","Intron"
"1022","ENA|OLKM01001867|OLKM01001867.1 61118","Intron"
"1023","ENA|OLKM01001875|OLKM01001875.1 98317","Other"
"1024","ENA|OLKM01001875|OLKM01001875.1 98339","Other"
"1025","ENA|OLKM01001876|OLKM01001876.1 70613","CDS"
"1026","ENA|OLKM01001876|OLKM01001876.1 70914","CDS"
"1027","ENA|OLKM01001879|OLKM01001879.1 13617","Other"
"1028","ENA|OLKM01001879|OLKM01001879.1 13620","Other"
"1029","ENA|OLKM01001883|OLKM01001883.1 7477","CDS"
"1030","ENA|OLKM01001883|OLKM01001883.1 7520","CDS"
"1031","ENA|OLKM01001883|OLKM01001883.1 10573","Intron"
"1032","ENA|OLKM01001887|OLKM01001887.1 94423","Other"
"1033","ENA|OLKM01001890|OLKM01001890.1 77544","Other"
"1034","ENA|OLKM01001893|OLKM01001893.1 802","Other"
"1035","ENA|OLKM01001893|OLKM01001893.1 829","Other"
"1036","ENA|OLKM01001893|OLKM01001893.1 14619","Other"
"1037","ENA|OLKM01001897|OLKM01001897.1 84214","CDS"
"1038","ENA|OLKM01001898|OLKM01001898.1 6010","Intron"
"1039","ENA|OLKM01001903|OLKM01001903.1 23875","CDS"
"1040","ENA|OLKM01001903|OLKM01001903.1 64619","Other"
"1041","ENA|OLKM01001903|OLKM01001903.1 65223","Other"
"1042","ENA|OLKM01001903|OLKM01001903.1 67945","Other"
"1043","ENA|OLKM01001908|OLKM01001908.1 37591","Other"
"1044","ENA|OLKM01001909|OLKM01001909.1 48158","Intron"
"1045","ENA|OLKM01001909|OLKM01001909.1 50169","Intron"
"1046","ENA|OLKM01001915|OLKM01001915.1 6947","Other"
"1047","ENA|OLKM01001921|OLKM01001921.1 2527","Other"
"1048","ENA|OLKM01001921|OLKM01001921.1 6736","Other"
"1049","ENA|OLKM01001933|OLKM01001933.1 71720","CDS"
"1050","ENA|OLKM01001933|OLKM01001933.1 71973","Intron"
"1051","ENA|OLKM01001933|OLKM01001933.1 73000","Intron"
"1052","ENA|OLKM01001933|OLKM01001933.1 73100","Intron"
"1053","ENA|OLKM01001933|OLKM01001933.1 73707","Intron"
"1054","ENA|OLKM01001933|OLKM01001933.1 74525","CDS"
"1055","ENA|OLKM01001935|OLKM01001935.1 61112","Intron"
"1056","ENA|OLKM01001935|OLKM01001935.1 61132","Intron"
"1057","ENA|OLKM01001936|OLKM01001936.1 53878","Intron"
"1058","ENA|OLKM01001936|OLKM01001936.1 53943","Intron"
"1059","ENA|OLKM01001936|OLKM01001936.1 58572","Intron"
"1060","ENA|OLKM01001936|OLKM01001936.1 61546","Intron"
"1061","ENA|OLKM01001947|OLKM01001947.1 3840","Intron"
"1062","ENA|OLKM01001954|OLKM01001954.1 3819","Other"
"1063","ENA|OLKM01001954|OLKM01001954.1 3864","Other"
"1064","ENA|OLKM01001954|OLKM01001954.1 3918","Other"
"1065","ENA|OLKM01001954|OLKM01001954.1 40738","Intron"
"1066","ENA|OLKM01001954|OLKM01001954.1 41102","Intron"
"1067","ENA|OLKM01001954|OLKM01001954.1 43124","Intron"
"1068","ENA|OLKM01001954|OLKM01001954.1 43144","Intron"
"1069","ENA|OLKM01001956|OLKM01001956.1 24643","Intron"
"1070","ENA|OLKM01001961|OLKM01001961.1 52545","Intron"
"1071","ENA|OLKM01001961|OLKM01001961.1 56292","Intron"
"1072","ENA|OLKM01001962|OLKM01001962.1 50120","Intron"
"1073","ENA|OLKM01001962|OLKM01001962.1 50175","Intron"
"1074","ENA|OLKM01001972|OLKM01001972.1 85487","Intron"
"1075","ENA|OLKM01001978|OLKM01001978.1 10648","CDS"
"1076","ENA|OLKM01001978|OLKM01001978.1 11365","Other"
"1077","ENA|OLKM01001986|OLKM01001986.1 6664","Other"
"1078","ENA|OLKM01001986|OLKM01001986.1 6678","Other"
"1079","ENA|OLKM01001986|OLKM01001986.1 25440","Other"
"1080","ENA|OLKM01001991|OLKM01001991.1 6685","Other"
"1081","ENA|OLKM01001999|OLKM01001999.1 11778","Other"
"1082","ENA|OLKM01001999|OLKM01001999.1 11785","Other"
"1083","ENA|OLKM01002000|OLKM01002000.1 73403","Other"
"1084","ENA|OLKM01002000|OLKM01002000.1 73985","Other"
"1085","ENA|OLKM01002008|OLKM01002008.1 26769","Other"
"1086","ENA|OLKM01002010|OLKM01002010.1 85152","Other"
"1087","ENA|OLKM01002010|OLKM01002010.1 85161","Other"
"1088","ENA|OLKM01002016|OLKM01002016.1 3285","Other"
"1089","ENA|OLKM01002021|OLKM01002021.1 5220","Other"
"1090","ENA|OLKM01002021|OLKM01002021.1 5258","Other"
"1091","ENA|OLKM01002026|OLKM01002026.1 87391","CDS"
"1092","ENA|OLKM01002027|OLKM01002027.1 82813","Other"
"1093","ENA|OLKM01002027|OLKM01002027.1 82861","Other"
"1094","ENA|OLKM01002034|OLKM01002034.1 42514","Intron"
"1095","ENA|OLKM01002034|OLKM01002034.1 84512","Other"
"1096","ENA|OLKM01002034|OLKM01002034.1 84635","Other"
"1097","ENA|OLKM01002041|OLKM01002041.1 47135","Intron"
"1098","ENA|OLKM01002055|OLKM01002055.1 63817","CDS"
"1099","ENA|OLKM01002055|OLKM01002055.1 79868","UTR5"
"1100","ENA|OLKM01002063|OLKM01002063.1 59477","Other"
"1101","ENA|OLKM01002065|OLKM01002065.1 46890","Intron"
"1102","ENA|OLKM01002069|OLKM01002069.1 50486","Intron"
"1103","ENA|OLKM01002070|OLKM01002070.1 30211","Other"
"1104","ENA|OLKM01002070|OLKM01002070.1 30475","Other"
"1105","ENA|OLKM01002070|OLKM01002070.1 31180","Other"
"1106","ENA|OLKM01002070|OLKM01002070.1 32190","CDS"
"1107","ENA|OLKM01002081|OLKM01002081.1 81134","Intron"
"1108","ENA|OLKM01002083|OLKM01002083.1 27496","UTR3"
"1109","ENA|OLKM01002083|OLKM01002083.1 31586","Intron"
"1110","ENA|OLKM01002083|OLKM01002083.1 32457","Intron"
"1111","ENA|OLKM01002083|OLKM01002083.1 37386","Intron"
"1112","ENA|OLKM01002083|OLKM01002083.1 37396","Intron"
"1113","ENA|OLKM01002088|OLKM01002088.1 79475","Other"
"1114","ENA|OLKM01002100|OLKM01002100.1 21172","Intron"
"1115","ENA|OLKM01002101|OLKM01002101.1 3021","Intron"
"1116","ENA|OLKM01002101|OLKM01002101.1 3024","Intron"
"1117","ENA|OLKM01002101|OLKM01002101.1 3075","Intron"
"1118","ENA|OLKM01002101|OLKM01002101.1 3625","Intron"
"1119","ENA|OLKM01002101|OLKM01002101.1 4552","Intron"
"1120","ENA|OLKM01002101|OLKM01002101.1 7660","Intron"
"1121","ENA|OLKM01002102|OLKM01002102.1 16684","Intron"
"1122","ENA|OLKM01002102|OLKM01002102.1 52262","CDS"
"1123","ENA|OLKM01002106|OLKM01002106.1 64513","Intron"
"1124","ENA|OLKM01002108|OLKM01002108.1 28923","Intron"
"1125","ENA|OLKM01002108|OLKM01002108.1 38412","UTR3"
"1126","ENA|OLKM01002108|OLKM01002108.1 38533","UTR3"
"1127","ENA|OLKM01002108|OLKM01002108.1 56331","Intron"
"1128","ENA|OLKM01002110|OLKM01002110.1 46111","CDS"
"1129","ENA|OLKM01002110|OLKM01002110.1 58210","Intron"
"1130","ENA|OLKM01002116|OLKM01002116.1 8637","Other"
"1131","ENA|OLKM01002116|OLKM01002116.1 50909","Other"
"1132","ENA|OLKM01002116|OLKM01002116.1 50922","Other"
"1133","ENA|OLKM01002116|OLKM01002116.1 51353","Other"
"1134","ENA|OLKM01002116|OLKM01002116.1 51366","Other"
"1135","ENA|OLKM01002121|OLKM01002121.1 70448","Intron"
"1136","ENA|OLKM01002122|OLKM01002122.1 73678","CDS"
"1137","ENA|OLKM01002125|OLKM01002125.1 8086","UTR5"
"1138","ENA|OLKM01002125|OLKM01002125.1 50451","Intron"
"1139","ENA|OLKM01002125|OLKM01002125.1 55038","Other"
"1140","ENA|OLKM01002125|OLKM01002125.1 55138","Other"
"1141","ENA|OLKM01002125|OLKM01002125.1 55233","Other"
"1142","ENA|OLKM01002129|OLKM01002129.1 10925","Intron"
"1143","ENA|OLKM01002129|OLKM01002129.1 54284","Intron"
"1144","ENA|OLKM01002129|OLKM01002129.1 54334","Intron"
"1145","ENA|OLKM01002129|OLKM01002129.1 54346","Intron"
"1146","ENA|OLKM01002129|OLKM01002129.1 54659","Intron"
"1147","ENA|OLKM01002129|OLKM01002129.1 55695","Intron"
"1148","ENA|OLKM01002130|OLKM01002130.1 9284","Intron"
"1149","ENA|OLKM01002134|OLKM01002134.1 71254","Other"
"1150","ENA|OLKM01002144|OLKM01002144.1 32436","Intron"
"1151","ENA|OLKM01002145|OLKM01002145.1 48711","UTR5"
"1152","ENA|OLKM01002145|OLKM01002145.1 63320","Other"
"1153","ENA|OLKM01002145|OLKM01002145.1 64399","Other"
"1154","ENA|OLKM01002147|OLKM01002147.1 44055","Other"
"1155","ENA|OLKM01002150|OLKM01002150.1 15933","Other"
"1156","ENA|OLKM01002150|OLKM01002150.1 52648","Intron"
"1157","ENA|OLKM01002154|OLKM01002154.1 77577","Intron"
"1158","ENA|OLKM01002159|OLKM01002159.1 2294","Intron"
"1159","ENA|OLKM01002159|OLKM01002159.1 2300","Intron"
"1160","ENA|OLKM01002159|OLKM01002159.1 2320","Intron"
"1161","ENA|OLKM01002161|OLKM01002161.1 19376","Other"
"1162","ENA|OLKM01002173|OLKM01002173.1 67788","Intron"
"1163","ENA|OLKM01002173|OLKM01002173.1 67900","Intron"
"1164","ENA|OLKM01002173|OLKM01002173.1 67919","Intron"
"1165","ENA|OLKM01002177|OLKM01002177.1 28881","Other"
"1166","ENA|OLKM01002178|OLKM01002178.1 53000","CDS"
"1167","ENA|OLKM01002184|OLKM01002184.1 52904","Other"
"1168","ENA|OLKM01002184|OLKM01002184.1 52906","Other"
"1169","ENA|OLKM01002184|OLKM01002184.1 52929","Other"
"1170","ENA|OLKM01002184|OLKM01002184.1 52934","Other"
"1171","ENA|OLKM01002184|OLKM01002184.1 52942","Other"
"1172","ENA|OLKM01002184|OLKM01002184.1 52983","Other"
"1173","ENA|OLKM01002184|OLKM01002184.1 78392","Other"
"1174","ENA|OLKM01002186|OLKM01002186.1 74703","Other"
"1175","ENA|OLKM01002187|OLKM01002187.1 47252","Other"
"1176","ENA|OLKM01002187|OLKM01002187.1 57789","Other"
"1177","ENA|OLKM01002187|OLKM01002187.1 78016","Other"
"1178","ENA|OLKM01002190|OLKM01002190.1 76429","UTR3"
"1179","ENA|OLKM01002195|OLKM01002195.1 48886","Intron"
"1180","ENA|OLKM01002195|OLKM01002195.1 51947","Intron"
"1181","ENA|OLKM01002195|OLKM01002195.1 52077","Intron"
"1182","ENA|OLKM01002200|OLKM01002200.1 63276","Other"
"1183","ENA|OLKM01002200|OLKM01002200.1 72591","Intron"
"1184","ENA|OLKM01002212|OLKM01002212.1 66092","CDS"
"1185","ENA|OLKM01002212|OLKM01002212.1 66112","CDS"
"1186","ENA|OLKM01002213|OLKM01002213.1 67399","Other"
"1187","ENA|OLKM01002213|OLKM01002213.1 68133","Other"
"1188","ENA|OLKM01002242|OLKM01002242.1 21215","Intron"
"1189","ENA|OLKM01002249|OLKM01002249.1 35671","Intron"
"1190","ENA|OLKM01002249|OLKM01002249.1 35758","Intron"
"1191","ENA|OLKM01002257|OLKM01002257.1 27039","Intron"
"1192","ENA|OLKM01002262|OLKM01002262.1 14494","Terminator"
"1193","ENA|OLKM01002262|OLKM01002262.1 29496","Other"
"1194","ENA|OLKM01002266|OLKM01002266.1 40555","Intron"
"1195","ENA|OLKM01002266|OLKM01002266.1 41350","Intron"
"1196","ENA|OLKM01002266|OLKM01002266.1 41567","Intron"
"1197","ENA|OLKM01002267|OLKM01002267.1 58896","Other"
"1198","ENA|OLKM01002267|OLKM01002267.1 59093","Other"
"1199","ENA|OLKM01002267|OLKM01002267.1 59678","Other"
"1200","ENA|OLKM01002267|OLKM01002267.1 65876","Intron"
"1201","ENA|OLKM01002267|OLKM01002267.1 66168","Intron"
"1202","ENA|OLKM01002273|OLKM01002273.1 59311","Other"
"1203","ENA|OLKM01002273|OLKM01002273.1 64221","Terminator"
"1204","ENA|OLKM01002273|OLKM01002273.1 64254","Terminator"
"1205","ENA|OLKM01002275|OLKM01002275.1 23894","Intron"
"1206","ENA|OLKM01002277|OLKM01002277.1 16736","Other"
"1207","ENA|OLKM01002278|OLKM01002278.1 44124","CDS"
"1208","ENA|OLKM01002285|OLKM01002285.1 5937","Intron"
"1209","ENA|OLKM01002285|OLKM01002285.1 68639","CDS"
"1210","ENA|OLKM01002288|OLKM01002288.1 65795","Other"
"1211","ENA|OLKM01002288|OLKM01002288.1 66013","Other"
"1212","ENA|OLKM01002291|OLKM01002291.1 42679","Other"
"1213","ENA|OLKM01002297|OLKM01002297.1 2350","Other"
"1214","ENA|OLKM01002299|OLKM01002299.1 33862","Other"
"1215","ENA|OLKM01002303|OLKM01002303.1 68376","Intron"
"1216","ENA|OLKM01002324|OLKM01002324.1 72512","Other"
"1217","ENA|OLKM01002325|OLKM01002325.1 29418","Intron"
"1218","ENA|OLKM01002325|OLKM01002325.1 70416","Other"
"1219","ENA|OLKM01002325|OLKM01002325.1 70456","Other"
"1220","ENA|OLKM01002332|OLKM01002332.1 55179","Intron"
"1221","ENA|OLKM01002358|OLKM01002358.1 63956","Other"
"1222","ENA|OLKM01002360|OLKM01002360.1 67532","Intron"
"1223","ENA|OLKM01002360|OLKM01002360.1 67741","Intron"
"1224","ENA|OLKM01002360|OLKM01002360.1 68663","Intron"
"1225","ENA|OLKM01002360|OLKM01002360.1 68975","Intron"
"1226","ENA|OLKM01002360|OLKM01002360.1 69006","Intron"
"1227","ENA|OLKM01002367|OLKM01002367.1 63986","Other"
"1228","ENA|OLKM01002369|OLKM01002369.1 49159","Intron"
"1229","ENA|OLKM01002370|OLKM01002370.1 5728","Other"
"1230","ENA|OLKM01002370|OLKM01002370.1 5768","Other"
"1231","ENA|OLKM01002370|OLKM01002370.1 29480","CDS"
"1232","ENA|OLKM01002371|OLKM01002371.1 4458","Other"
"1233","ENA|OLKM01002371|OLKM01002371.1 33281","Intron"
"1234","ENA|OLKM01002372|OLKM01002372.1 65391","Intron"
"1235","ENA|OLKM01002372|OLKM01002372.1 65395","Intron"
"1236","ENA|OLKM01002372|OLKM01002372.1 67262","CDS"
"1237","ENA|OLKM01002372|OLKM01002372.1 67422","CDS"
"1238","ENA|OLKM01002372|OLKM01002372.1 67825","CDS"
"1239","ENA|OLKM01002372|OLKM01002372.1 69186","CDS"
"1240","ENA|OLKM01002372|OLKM01002372.1 69326","CDS"
"1241","ENA|OLKM01002372|OLKM01002372.1 69427","CDS"
"1242","ENA|OLKM01002372|OLKM01002372.1 69448","CDS"
"1243","ENA|OLKM01002372|OLKM01002372.1 69490","CDS"
"1244","ENA|OLKM01002372|OLKM01002372.1 69510","CDS"
"1245","ENA|OLKM01002386|OLKM01002386.1 44413","Other"
"1246","ENA|OLKM01002386|OLKM01002386.1 44415","Other"
"1247","ENA|OLKM01002393|OLKM01002393.1 11931","Intron"
"1248","ENA|OLKM01002404|OLKM01002404.1 67125","Other"
"1249","ENA|OLKM01002404|OLKM01002404.1 68659","Other"
"1250","ENA|OLKM01002408|OLKM01002408.1 18602","Intron"
"1251","ENA|OLKM01002418|OLKM01002418.1 2129","Intron"
"1252","ENA|OLKM01002418|OLKM01002418.1 6869","Intron"
"1253","ENA|OLKM01002428|OLKM01002428.1 62840","Intron"
"1254","ENA|OLKM01002440|OLKM01002440.1 17778","Other"
"1255","ENA|OLKM01002449|OLKM01002449.1 61546","CDS"
"1256","ENA|OLKM01002451|OLKM01002451.1 12309","Other"
"1257","ENA|OLKM01002451|OLKM01002451.1 12890","Intron"
"1258","ENA|OLKM01002464|OLKM01002464.1 20952","Other"
"1259","ENA|OLKM01002465|OLKM01002465.1 34054","Other"
"1260","ENA|OLKM01002465|OLKM01002465.1 34481","Other"
"1261","ENA|OLKM01002465|OLKM01002465.1 34718","Other"
"1262","ENA|OLKM01002465|OLKM01002465.1 34880","Other"
"1263","ENA|OLKM01002476|OLKM01002476.1 25557","Other"
"1264","ENA|OLKM01002484|OLKM01002484.1 41759","Intron"
"1265","ENA|OLKM01002491|OLKM01002491.1 55503","Intron"
"1266","ENA|OLKM01002491|OLKM01002491.1 55943","Intron"
"1267","ENA|OLKM01002493|OLKM01002493.1 5266","Other"
"1268","ENA|OLKM01002500|OLKM01002500.1 17734","Other"
"1269","ENA|OLKM01002500|OLKM01002500.1 48258","Intron"
"1270","ENA|OLKM01002500|OLKM01002500.1 59630","Other"
"1271","ENA|OLKM01002504|OLKM01002504.1 1395","Other"
"1272","ENA|OLKM01002505|OLKM01002505.1 21269","Intron"
"1273","ENA|OLKM01002506|OLKM01002506.1 24984","Other"
"1274","ENA|OLKM01002522|OLKM01002522.1 12079","Other"
"1275","ENA|OLKM01002522|OLKM01002522.1 50901","Other"
"1276","ENA|OLKM01002522|OLKM01002522.1 55866","Other"
"1277","ENA|OLKM01002530|OLKM01002530.1 12613","Other"
"1278","ENA|OLKM01002530|OLKM01002530.1 37413","Intron"
"1279","ENA|OLKM01002534|OLKM01002534.1 48468","Intron"
"1280","ENA|OLKM01002547|OLKM01002547.1 48700","Other"
"1281","ENA|OLKM01002549|OLKM01002549.1 46096","Intron"
"1282","ENA|OLKM01002549|OLKM01002549.1 46499","Intron"
"1283","ENA|OLKM01002549|OLKM01002549.1 46558","Intron"
"1284","ENA|OLKM01002549|OLKM01002549.1 46804","Intron"
"1285","ENA|OLKM01002551|OLKM01002551.1 13945","Intron"
"1286","ENA|OLKM01002558|OLKM01002558.1 31350","Intron"
"1287","ENA|OLKM01002558|OLKM01002558.1 31576","Intron"
"1288","ENA|OLKM01002560|OLKM01002560.1 12897","CDS"
"1289","ENA|OLKM01002560|OLKM01002560.1 57108","Other"
"1290","ENA|OLKM01002562|OLKM01002562.1 9985","Intron"
"1291","ENA|OLKM01002562|OLKM01002562.1 13642","Intron"
"1292","ENA|OLKM01002562|OLKM01002562.1 14274","Intron"
"1293","ENA|OLKM01002562|OLKM01002562.1 26167","Other"
"1294","ENA|OLKM01002562|OLKM01002562.1 52447","Other"
"1295","ENA|OLKM01002564|OLKM01002564.1 36810","Intron"
"1296","ENA|OLKM01002568|OLKM01002568.1 34659","Other"
"1297","ENA|OLKM01002568|OLKM01002568.1 34667","Other"
"1298","ENA|OLKM01002568|OLKM01002568.1 34797","Other"
"1299","ENA|OLKM01002568|OLKM01002568.1 35686","UTR5"
"1300","ENA|OLKM01002581|OLKM01002581.1 44392","Other"
"1301","ENA|OLKM01002581|OLKM01002581.1 54505","Intron"
"1302","ENA|OLKM01002588|OLKM01002588.1 1718","Intron"
"1303","ENA|OLKM01002589|OLKM01002589.1 3289","Intron"
"1304","ENA|OLKM01002590|OLKM01002590.1 12610","Other"
"1305","ENA|OLKM01002590|OLKM01002590.1 43578","Intron"
"1306","ENA|OLKM01002591|OLKM01002591.1 4353","Intron"
"1307","ENA|OLKM01002600|OLKM01002600.1 16325","Other"
"1308","ENA|OLKM01002602|OLKM01002602.1 14144","Intron"
"1309","ENA|OLKM01002602|OLKM01002602.1 47613","Intron"
"1310","ENA|OLKM01002604|OLKM01002604.1 14451","CDS"
"1311","ENA|OLKM01002605|OLKM01002605.1 51003","CDS"
"1312","ENA|OLKM01002605|OLKM01002605.1 51137","Intron"
"1313","ENA|OLKM01002605|OLKM01002605.1 51146","Intron"
"1314","ENA|OLKM01002605|OLKM01002605.1 51211","CDS"
"1315","ENA|OLKM01002605|OLKM01002605.1 51285","Intron"
"1316","ENA|OLKM01002605|OLKM01002605.1 59011","Intron"
"1317","ENA|OLKM01002607|OLKM01002607.1 48615","CDS"
"1318","ENA|OLKM01002607|OLKM01002607.1 49528","Other"
"1319","ENA|OLKM01002607|OLKM01002607.1 50287","Other"
"1320","ENA|OLKM01002612|OLKM01002612.1 51390","Other"
"1321","ENA|OLKM01002617|OLKM01002617.1 39435","Intron"
"1322","ENA|OLKM01002619|OLKM01002619.1 31461","Other"
"1323","ENA|OLKM01002630|OLKM01002630.1 47793","Other"
"1324","ENA|OLKM01002633|OLKM01002633.1 49332","Intron"
"1325","ENA|OLKM01002637|OLKM01002637.1 52509","Other"
"1326","ENA|OLKM01002637|OLKM01002637.1 52559","Other"
"1327","ENA|OLKM01002644|OLKM01002644.1 36174","Intron"
"1328","ENA|OLKM01002645|OLKM01002645.1 53532","Other"
"1329","ENA|OLKM01002647|OLKM01002647.1 15196","Intron"
"1330","ENA|OLKM01002650|OLKM01002650.1 4486","Other"
"1331","ENA|OLKM01002654|OLKM01002654.1 2491","Other"
"1332","ENA|OLKM01002654|OLKM01002654.1 2615","Other"
"1333","ENA|OLKM01002654|OLKM01002654.1 29165","Intron"
"1334","ENA|OLKM01002661|OLKM01002661.1 46036","Other"
"1335","ENA|OLKM01002661|OLKM01002661.1 46102","Other"
"1336","ENA|OLKM01002661|OLKM01002661.1 47708","Other"
"1337","ENA|OLKM01002661|OLKM01002661.1 54233","Other"
"1338","ENA|OLKM01002662|OLKM01002662.1 44636","Other"
"1339","ENA|OLKM01002662|OLKM01002662.1 57618","Other"
"1340","ENA|OLKM01002671|OLKM01002671.1 43369","CDS"
"1341","ENA|OLKM01002671|OLKM01002671.1 46451","CDS"
"1342","ENA|OLKM01002671|OLKM01002671.1 47582","CDS"
"1343","ENA|OLKM01002672|OLKM01002672.1 24177","Intron"
"1344","ENA|OLKM01002673|OLKM01002673.1 35530","Other"
"1345","ENA|OLKM01002681|OLKM01002681.1 46699","Intron"
"1346","ENA|OLKM01002688|OLKM01002688.1 4441","Other"
"1347","ENA|OLKM01002688|OLKM01002688.1 4468","Other"
"1348","ENA|OLKM01002688|OLKM01002688.1 5023","Other"
"1349","ENA|OLKM01002689|OLKM01002689.1 39612","Intron"
"1350","ENA|OLKM01002690|OLKM01002690.1 53189","Other"
"1351","ENA|OLKM01002690|OLKM01002690.1 53248","Other"
"1352","ENA|OLKM01002690|OLKM01002690.1 53265","Other"
"1353","ENA|OLKM01002692|OLKM01002692.1 2647","Other"
"1354","ENA|OLKM01002692|OLKM01002692.1 55098","Other"
"1355","ENA|OLKM01002693|OLKM01002693.1 2622","Other"
"1356","ENA|OLKM01002709|OLKM01002709.1 52461","Other"
"1357","ENA|OLKM01002716|OLKM01002716.1 4196","Other"
"1358","ENA|OLKM01002716|OLKM01002716.1 4267","Other"
"1359","ENA|OLKM01002716|OLKM01002716.1 6183","Other"
"1360","ENA|OLKM01002718|OLKM01002718.1 11044","Other"
"1361","ENA|OLKM01002718|OLKM01002718.1 48839","Other"
"1362","ENA|OLKM01002719|OLKM01002719.1 45466","CDS"
"1363","ENA|OLKM01002722|OLKM01002722.1 5410","CDS"
"1364","ENA|OLKM01002723|OLKM01002723.1 48164","Other"
"1365","ENA|OLKM01002727|OLKM01002727.1 15747","Intron"
"1366","ENA|OLKM01002727|OLKM01002727.1 44962","Intron"
"1367","ENA|OLKM01002728|OLKM01002728.1 36949","Intron"
"1368","ENA|OLKM01002728|OLKM01002728.1 37018","Intron"
"1369","ENA|OLKM01002728|OLKM01002728.1 37368","Intron"
"1370","ENA|OLKM01002728|OLKM01002728.1 37460","Intron"
"1371","ENA|OLKM01002728|OLKM01002728.1 41852","Other"
"1372","ENA|OLKM01002728|OLKM01002728.1 42513","Other"
"1373","ENA|OLKM01002732|OLKM01002732.1 41671","Other"
"1374","ENA|OLKM01002738|OLKM01002738.1 10535","Intron"
"1375","ENA|OLKM01002738|OLKM01002738.1 11821","Intron"
"1376","ENA|OLKM01002739|OLKM01002739.1 38838","Other"
"1377","ENA|OLKM01002740|OLKM01002740.1 9896","Intron"
"1378","ENA|OLKM01002740|OLKM01002740.1 47887","Other"
"1379","ENA|OLKM01002740|OLKM01002740.1 50492","CDS"
"1380","ENA|OLKM01002740|OLKM01002740.1 50619","CDS"
"1381","ENA|OLKM01002740|OLKM01002740.1 50898","Terminator"
"1382","ENA|OLKM01002744|OLKM01002744.1 42858","Other"
"1383","ENA|OLKM01002744|OLKM01002744.1 42998","Other"
"1384","ENA|OLKM01002744|OLKM01002744.1 43516","Other"
"1385","ENA|OLKM01002756|OLKM01002756.1 42744","Intron"
"1386","ENA|OLKM01002757|OLKM01002757.1 39233","Intron"
"1387","ENA|OLKM01002757|OLKM01002757.1 39263","Intron"
"1388","ENA|OLKM01002759|OLKM01002759.1 4586","Other"
"1389","ENA|OLKM01002768|OLKM01002768.1 34960","Other"
"1390","ENA|OLKM01002768|OLKM01002768.1 38762","Other"
"1391","ENA|OLKM01002772|OLKM01002772.1 1037","Other"
"1392","ENA|OLKM01002775|OLKM01002775.1 14726","Intron"
"1393","ENA|OLKM01002776|OLKM01002776.1 53269","Other"
"1394","ENA|OLKM01002779|OLKM01002779.1 43538","Intron"
"1395","ENA|OLKM01002788|OLKM01002788.1 43098","Terminator"
"1396","ENA|OLKM01002791|OLKM01002791.1 15069","CDS"
"1397","ENA|OLKM01002802|OLKM01002802.1 9621","Intron"
"1398","ENA|OLKM01002802|OLKM01002802.1 9716","Intron"
"1399","ENA|OLKM01002815|OLKM01002815.1 13450","Intron"
"1400","ENA|OLKM01002817|OLKM01002817.1 17863","Intron"
"1401","ENA|OLKM01002820|OLKM01002820.1 19354","CDS"
"1402","ENA|OLKM01002820|OLKM01002820.1 19368","Intron"
"1403","ENA|OLKM01002820|OLKM01002820.1 22847","Intron"
"1404","ENA|OLKM01002822|OLKM01002822.1 32902","Intron"
"1405","ENA|OLKM01002822|OLKM01002822.1 33799","Intron"
"1406","ENA|OLKM01002822|OLKM01002822.1 47813","Intron"
"1407","ENA|OLKM01002824|OLKM01002824.1 47000","Intron"
"1408","ENA|OLKM01002828|OLKM01002828.1 13458","Other"
"1409","ENA|OLKM01002828|OLKM01002828.1 14370","Other"
"1410","ENA|OLKM01002841|OLKM01002841.1 26424","Intron"
"1411","ENA|OLKM01002841|OLKM01002841.1 27073","Intron"
"1412","ENA|OLKM01002841|OLKM01002841.1 32508","CDS"
"1413","ENA|OLKM01002841|OLKM01002841.1 42345","CDS"
"1414","ENA|OLKM01002841|OLKM01002841.1 42511","CDS"
"1415","ENA|OLKM01002841|OLKM01002841.1 42603","CDS"
"1416","ENA|OLKM01002841|OLKM01002841.1 42655","CDS"
"1417","ENA|OLKM01002841|OLKM01002841.1 42676","CDS"
"1418","ENA|OLKM01002841|OLKM01002841.1 42686","CDS"
"1419","ENA|OLKM01002841|OLKM01002841.1 42867","Terminator"
"1420","ENA|OLKM01002842|OLKM01002842.1 14472","Intron"
"1421","ENA|OLKM01002842|OLKM01002842.1 49081","CDS"
"1422","ENA|OLKM01002842|OLKM01002842.1 51107","CDS"
"1423","ENA|OLKM01002849|OLKM01002849.1 27848","Intron"
"1424","ENA|OLKM01002851|OLKM01002851.1 48152","Other"
"1425","ENA|OLKM01002852|OLKM01002852.1 26709","Other"
"1426","ENA|OLKM01002855|OLKM01002855.1 16582","Other"
"1427","ENA|OLKM01002856|OLKM01002856.1 5074","Intron"
"1428","ENA|OLKM01002856|OLKM01002856.1 6281","CDS"
"1429","ENA|OLKM01002856|OLKM01002856.1 6531","CDS"
"1430","ENA|OLKM01002856|OLKM01002856.1 6574","CDS"
"1431","ENA|OLKM01002856|OLKM01002856.1 7029","Intron"
"1432","ENA|OLKM01002856|OLKM01002856.1 11487","Other"
"1433","ENA|OLKM01002856|OLKM01002856.1 11795","Other"
"1434","ENA|OLKM01002856|OLKM01002856.1 42862","Other"
"1435","ENA|OLKM01002857|OLKM01002857.1 51172","Terminator"
"1436","ENA|OLKM01002858|OLKM01002858.1 33402","UTR5"
"1437","ENA|OLKM01002864|OLKM01002864.1 17893","Intron"
"1438","ENA|OLKM01002867|OLKM01002867.1 19225","Intron"
"1439","ENA|OLKM01002867|OLKM01002867.1 44373","Other"
"1440","ENA|OLKM01002871|OLKM01002871.1 42664","Other"
"1441","ENA|OLKM01002871|OLKM01002871.1 43416","Other"
"1442","ENA|OLKM01002873|OLKM01002873.1 28942","Other"
"1443","ENA|OLKM01002873|OLKM01002873.1 30249","Other"
"1444","ENA|OLKM01002873|OLKM01002873.1 30280","Other"
"1445","ENA|OLKM01002873|OLKM01002873.1 30547","Other"
"1446","ENA|OLKM01002873|OLKM01002873.1 31373","Other"
"1447","ENA|OLKM01002873|OLKM01002873.1 31943","Other"
"1448","ENA|OLKM01002873|OLKM01002873.1 31972","Other"
"1449","ENA|OLKM01002873|OLKM01002873.1 31997","Other"
"1450","ENA|OLKM01002874|OLKM01002874.1 17922","Other"
"1451","ENA|OLKM01002879|OLKM01002879.1 49343","Intron"
"1452","ENA|OLKM01002881|OLKM01002881.1 39936","Intron"
"1453","ENA|OLKM01002881|OLKM01002881.1 40155","Intron"
"1454","ENA|OLKM01002881|OLKM01002881.1 40308","Intron"
"1455","ENA|OLKM01002881|OLKM01002881.1 40854","CDS"
"1456","ENA|OLKM01002881|OLKM01002881.1 40987","CDS"
"1457","ENA|OLKM01002881|OLKM01002881.1 42080","Intron"
"1458","ENA|OLKM01002891|OLKM01002891.1 39518","Other"
"1459","ENA|OLKM01002899|OLKM01002899.1 23652","Other"
"1460","ENA|OLKM01002899|OLKM01002899.1 24154","Other"
"1461","ENA|OLKM01002899|OLKM01002899.1 24529","Other"
"1462","ENA|OLKM01002905|OLKM01002905.1 42803","Other"
"1463","ENA|OLKM01002907|OLKM01002907.1 45698","Other"
"1464","ENA|OLKM01002911|OLKM01002911.1 45445","Intron"
"1465","ENA|OLKM01002911|OLKM01002911.1 45790","Intron"
"1466","ENA|OLKM01002912|OLKM01002912.1 2972","Other"
"1467","ENA|OLKM01002912|OLKM01002912.1 8348","Other"
"1468","ENA|OLKM01002912|OLKM01002912.1 8367","Other"
"1469","ENA|OLKM01002912|OLKM01002912.1 8372","Other"
"1470","ENA|OLKM01002920|OLKM01002920.1 1694","Other"
"1471","ENA|OLKM01002922|OLKM01002922.1 34783","Intron"
"1472","ENA|OLKM01002923|OLKM01002923.1 23303","Other"
"1473","ENA|OLKM01002926|OLKM01002926.1 36417","Other"
"1474","ENA|OLKM01002926|OLKM01002926.1 36473","Other"
"1475","ENA|OLKM01002926|OLKM01002926.1 36487","Other"
"1476","ENA|OLKM01002926|OLKM01002926.1 39790","Other"
"1477","ENA|OLKM01002926|OLKM01002926.1 44987","Intron"
"1478","ENA|OLKM01002927|OLKM01002927.1 37518","Other"
"1479","ENA|OLKM01002928|OLKM01002928.1 7918","Intron"
"1480","ENA|OLKM01002932|OLKM01002932.1 5640","Other"
"1481","ENA|OLKM01002932|OLKM01002932.1 23004","Other"
"1482","ENA|OLKM01002936|OLKM01002936.1 14936","Other"
"1483","ENA|OLKM01002936|OLKM01002936.1 14989","Other"
"1484","ENA|OLKM01002936|OLKM01002936.1 17346","Other"
"1485","ENA|OLKM01002936|OLKM01002936.1 18920","Other"
"1486","ENA|OLKM01002936|OLKM01002936.1 33967","Intron"
"1487","ENA|OLKM01002937|OLKM01002937.1 24807","Other"
"1488","ENA|OLKM01002945|OLKM01002945.1 2355","Intron"
"1489","ENA|OLKM01002945|OLKM01002945.1 2401","Intron"
"1490","ENA|OLKM01002945|OLKM01002945.1 23055","Intron"
"1491","ENA|OLKM01002945|OLKM01002945.1 44977","Intron"
"1492","ENA|OLKM01002947|OLKM01002947.1 9878","Other"
"1493","ENA|OLKM01002947|OLKM01002947.1 11975","Other"
"1494","ENA|OLKM01002949|OLKM01002949.1 17040","CDS"
"1495","ENA|OLKM01002949|OLKM01002949.1 17594","Intron"
"1496","ENA|OLKM01002949|OLKM01002949.1 18872","Intron"
"1497","ENA|OLKM01002949|OLKM01002949.1 18893","Intron"
"1498","ENA|OLKM01002955|OLKM01002955.1 1335","Other"
"1499","ENA|OLKM01002955|OLKM01002955.1 4681","Other"
"1500","ENA|OLKM01002957|OLKM01002957.1 41596","Intron"
"1501","ENA|OLKM01002957|OLKM01002957.1 41820","Intron"
"1502","ENA|OLKM01002957|OLKM01002957.1 43305","Intron"
"1503","ENA|OLKM01002960|OLKM01002960.1 34251","Other"
"1504","ENA|OLKM01002961|OLKM01002961.1 29665","CDS"
"1505","ENA|OLKM01002963|OLKM01002963.1 7181","Other"
"1506","ENA|OLKM01002963|OLKM01002963.1 9611","Other"
"1507","ENA|OLKM01002963|OLKM01002963.1 11090","Other"
"1508","ENA|OLKM01002964|OLKM01002964.1 8506","Other"
"1509","ENA|OLKM01002968|OLKM01002968.1 7002","Other"
"1510","ENA|OLKM01002971|OLKM01002971.1 44607","Other"
"1511","ENA|OLKM01002976|OLKM01002976.1 41138","Other"
"1512","ENA|OLKM01002981|OLKM01002981.1 29270","Intron"
"1513","ENA|OLKM01002984|OLKM01002984.1 2466","Other"
"1514","ENA|OLKM01002984|OLKM01002984.1 3334","Other"
"1515","ENA|OLKM01002989|OLKM01002989.1 32902","Intron"
"1516","ENA|OLKM01002989|OLKM01002989.1 33209","Intron"
"1517","ENA|OLKM01002995|OLKM01002995.1 17390","Intron"
"1518","ENA|OLKM01002995|OLKM01002995.1 27189","Intron"
"1519","ENA|OLKM01002999|OLKM01002999.1 9094","Other"
"1520","ENA|OLKM01003000|OLKM01003000.1 1211","Intron"
"1521","ENA|OLKM01003001|OLKM01003001.1 38682","CDS"
"1522","ENA|OLKM01003004|OLKM01003004.1 13089","Other"
"1523","ENA|OLKM01003009|OLKM01003009.1 34953","CDS"
"1524","ENA|OLKM01003011|OLKM01003011.1 19522","Other"
"1525","ENA|OLKM01003011|OLKM01003011.1 37314","Other"
"1526","ENA|OLKM01003012|OLKM01003012.1 30894","Other"
"1527","ENA|OLKM01003022|OLKM01003022.1 21785","Other"
"1528","ENA|OLKM01003032|OLKM01003032.1 31390","Intron"
"1529","ENA|OLKM01003032|OLKM01003032.1 31394","Intron"
"1530","ENA|OLKM01003033|OLKM01003033.1 1379","Other"
"1531","ENA|OLKM01003033|OLKM01003033.1 30508","Intron"
"1532","ENA|OLKM01003033|OLKM01003033.1 31624","Intron"
"1533","ENA|OLKM01003036|OLKM01003036.1 25041","Intron"
"1534","ENA|OLKM01003037|OLKM01003037.1 15966","Intron"
"1535","ENA|OLKM01003037|OLKM01003037.1 16571","Intron"
"1536","ENA|OLKM01003037|OLKM01003037.1 16703","Intron"
"1537","ENA|OLKM01003038|OLKM01003038.1 19528","Other"
"1538","ENA|OLKM01003038|OLKM01003038.1 21568","Other"
"1539","ENA|OLKM01003038|OLKM01003038.1 27746","Intron"
"1540","ENA|OLKM01003038|OLKM01003038.1 28682","Intron"
"1541","ENA|OLKM01003038|OLKM01003038.1 29609","Promoter"
"1542","ENA|OLKM01003038|OLKM01003038.1 29648","Promoter"
"1543","ENA|OLKM01003038|OLKM01003038.1 30313","Intron"
"1544","ENA|OLKM01003038|OLKM01003038.1 30571","CDS"
"1545","ENA|OLKM01003038|OLKM01003038.1 30862","Intron"
"1546","ENA|OLKM01003038|OLKM01003038.1 31319","CDS"
"1547","ENA|OLKM01003052|OLKM01003052.1 34409","CDS"
"1548","ENA|OLKM01003052|OLKM01003052.1 34515","Intron"
"1549","ENA|OLKM01003052|OLKM01003052.1 34521","Intron"
"1550","ENA|OLKM01003052|OLKM01003052.1 34552","Intron"
"1551","ENA|OLKM01003060|OLKM01003060.1 42061","Intron"
"1552","ENA|OLKM01003065|OLKM01003065.1 6940","Other"
"1553","ENA|OLKM01003065|OLKM01003065.1 7011","Other"
"1554","ENA|OLKM01003065|OLKM01003065.1 11740","Intron"
"1555","ENA|OLKM01003074|OLKM01003074.1 4707","CDS"
"1556","ENA|OLKM01003089|OLKM01003089.1 31613","Other"
"1557","ENA|OLKM01003105|OLKM01003105.1 23877","Other"
"1558","ENA|OLKM01003105|OLKM01003105.1 25608","Other"
"1559","ENA|OLKM01003113|OLKM01003113.1 35897","Other"
"1560","ENA|OLKM01003113|OLKM01003113.1 35913","Other"
"1561","ENA|OLKM01003113|OLKM01003113.1 37336","Other"
"1562","ENA|OLKM01003123|OLKM01003123.1 15999","Other"
"1563","ENA|OLKM01003123|OLKM01003123.1 17126","Other"
"1564","ENA|OLKM01003126|OLKM01003126.1 14097","Intron"
"1565","ENA|OLKM01003136|OLKM01003136.1 30408","Intron"
"1566","ENA|OLKM01003138|OLKM01003138.1 5538","Promoter"
"1567","ENA|OLKM01003138|OLKM01003138.1 6444","UTR3"
"1568","ENA|OLKM01003138|OLKM01003138.1 6454","UTR3"
"1569","ENA|OLKM01003138|OLKM01003138.1 6476","UTR3"
"1570","ENA|OLKM01003138|OLKM01003138.1 7105","UTR3"
"1571","ENA|OLKM01003138|OLKM01003138.1 36424","Intron"
"1572","ENA|OLKM01003138|OLKM01003138.1 37252","Intron"
"1573","ENA|OLKM01003147|OLKM01003147.1 18513","Promoter"
"1574","ENA|OLKM01003154|OLKM01003154.1 33556","CDS"
"1575","ENA|OLKM01003154|OLKM01003154.1 33572","CDS"
"1576","ENA|OLKM01003162|OLKM01003162.1 36307","Intron"
"1577","ENA|OLKM01003167|OLKM01003167.1 36290","Intron"
"1578","ENA|OLKM01003180|OLKM01003180.1 19755","Other"
"1579","ENA|OLKM01003202|OLKM01003202.1 4721","CDS"
"1580","ENA|OLKM01003204|OLKM01003204.1 32008","Other"
"1581","ENA|OLKM01003204|OLKM01003204.1 32424","Other"
"1582","ENA|OLKM01003205|OLKM01003205.1 18639","Other"
"1583","ENA|OLKM01003205|OLKM01003205.1 18964","Other"
"1584","ENA|OLKM01003205|OLKM01003205.1 28887","Intron"
"1585","ENA|OLKM01003211|OLKM01003211.1 1038","Other"
"1586","ENA|OLKM01003211|OLKM01003211.1 5861","Other"
"1587","ENA|OLKM01003223|OLKM01003223.1 13472","Other"
"1588","ENA|OLKM01003223|OLKM01003223.1 14306","Other"
"1589","ENA|OLKM01003223|OLKM01003223.1 39670","Other"
"1590","ENA|OLKM01003223|OLKM01003223.1 39934","Other"
"1591","ENA|OLKM01003224|OLKM01003224.1 10866","Other"
"1592","ENA|OLKM01003224|OLKM01003224.1 10904","Other"
"1593","ENA|OLKM01003224|OLKM01003224.1 36349","Intron"
"1594","ENA|OLKM01003224|OLKM01003224.1 38717","Intron"
"1595","ENA|OLKM01003226|OLKM01003226.1 20934","Intron"
"1596","ENA|OLKM01003234|OLKM01003234.1 30792","Other"
"1597","ENA|OLKM01003244|OLKM01003244.1 16715","Intron"
"1598","ENA|OLKM01003244|OLKM01003244.1 18062","Intron"
"1599","ENA|OLKM01003247|OLKM01003247.1 2870","Intron"
"1600","ENA|OLKM01003247|OLKM01003247.1 34031","Other"
"1601","ENA|OLKM01003251|OLKM01003251.1 9363","Other"
"1602","ENA|OLKM01003251|OLKM01003251.1 10181","Other"
"1603","ENA|OLKM01003256|OLKM01003256.1 28189","Other"
"1604","ENA|OLKM01003261|OLKM01003261.1 18096","Other"
"1605","ENA|OLKM01003262|OLKM01003262.1 4583","Intron"
"1606","ENA|OLKM01003263|OLKM01003263.1 36777","CDS"
"1607","ENA|OLKM01003266|OLKM01003266.1 5457","Other"
"1608","ENA|OLKM01003266|OLKM01003266.1 28501","Other"
"1609","ENA|OLKM01003266|OLKM01003266.1 28812","Other"
"1610","ENA|OLKM01003280|OLKM01003280.1 5557","Other"
"1611","ENA|OLKM01003287|OLKM01003287.1 18226","Intron"
"1612","ENA|OLKM01003287|OLKM01003287.1 18233","Intron"
"1613","ENA|OLKM01003293|OLKM01003293.1 19401","Intron"
"1614","ENA|OLKM01003293|OLKM01003293.1 19914","Intron"
"1615","ENA|OLKM01003294|OLKM01003294.1 4175","Other"
"1616","ENA|OLKM01003299|OLKM01003299.1 2018","Other"
"1617","ENA|OLKM01003299|OLKM01003299.1 2028","Other"
"1618","ENA|OLKM01003299|OLKM01003299.1 11689","Other"
"1619","ENA|OLKM01003301|OLKM01003301.1 20828","Intron"
"1620","ENA|OLKM01003328|OLKM01003328.1 26945","Other"
"1621","ENA|OLKM01003333|OLKM01003333.1 19890","Other"
"1622","ENA|OLKM01003344|OLKM01003344.1 27422","Terminator"
"1623","ENA|OLKM01003344|OLKM01003344.1 27889","Other"
"1624","ENA|OLKM01003348|OLKM01003348.1 22931","Intron"
"1625","ENA|OLKM01003350|OLKM01003350.1 2862","Intron"
"1626","ENA|OLKM01003350|OLKM01003350.1 4572","Intron"
"1627","ENA|OLKM01003350|OLKM01003350.1 4641","Intron"
"1628","ENA|OLKM01003359|OLKM01003359.1 35088","Other"
"1629","ENA|OLKM01003363|OLKM01003363.1 8026","Other"
"1630","ENA|OLKM01003363|OLKM01003363.1 8884","Other"
"1631","ENA|OLKM01003363|OLKM01003363.1 18107","Other"
"1632","ENA|OLKM01003363|OLKM01003363.1 31802","Other"
"1633","ENA|OLKM01003364|OLKM01003364.1 9374","CDS"
"1634","ENA|OLKM01003364|OLKM01003364.1 15405","CDS"
"1635","ENA|OLKM01003390|OLKM01003390.1 35622","Other"
"1636","ENA|OLKM01003399|OLKM01003399.1 10798","Other"
"1637","ENA|OLKM01003403|OLKM01003403.1 25058","CDS"
"1638","ENA|OLKM01003403|OLKM01003403.1 25668","CDS"
"1639","ENA|OLKM01003404|OLKM01003404.1 12970","Other"
"1640","ENA|OLKM01003410|OLKM01003410.1 32998","Intron"
"1641","ENA|OLKM01003410|OLKM01003410.1 33211","CDS"
"1642","ENA|OLKM01003411|OLKM01003411.1 33080","Intron"
"1643","ENA|OLKM01003411|OLKM01003411.1 33434","Intron"
"1644","ENA|OLKM01003411|OLKM01003411.1 34237","Intron"
"1645","ENA|OLKM01003411|OLKM01003411.1 36782","Other"
"1646","ENA|OLKM01003414|OLKM01003414.1 30357","Intron"
"1647","ENA|OLKM01003417|OLKM01003417.1 13852","Other"
"1648","ENA|OLKM01003417|OLKM01003417.1 25875","Intron"
"1649","ENA|OLKM01003419|OLKM01003419.1 25724","CDS"
"1650","ENA|OLKM01003427|OLKM01003427.1 11577","Other"
"1651","ENA|OLKM01003428|OLKM01003428.1 25227","Promoter"
"1652","ENA|OLKM01003428|OLKM01003428.1 25253","Promoter"
"1653","ENA|OLKM01003428|OLKM01003428.1 25283","Promoter"
"1654","ENA|OLKM01003435|OLKM01003435.1 30924","Other"
"1655","ENA|OLKM01003437|OLKM01003437.1 7901","Other"
"1656","ENA|OLKM01003437|OLKM01003437.1 9683","Other"
"1657","ENA|OLKM01003437|OLKM01003437.1 10317","Other"
"1658","ENA|OLKM01003437|OLKM01003437.1 10321","Other"
"1659","ENA|OLKM01003437|OLKM01003437.1 10342","Other"
"1660","ENA|OLKM01003437|OLKM01003437.1 11436","Other"
"1661","ENA|OLKM01003437|OLKM01003437.1 11708","Other"
"1662","ENA|OLKM01003437|OLKM01003437.1 20511","Other"
"1663","ENA|OLKM01003437|OLKM01003437.1 20635","Other"
"1664","ENA|OLKM01003437|OLKM01003437.1 21023","Other"
"1665","ENA|OLKM01003437|OLKM01003437.1 26650","Other"
"1666","ENA|OLKM01003437|OLKM01003437.1 27253","Other"
"1667","ENA|OLKM01003443|OLKM01003443.1 767","Other"
"1668","ENA|OLKM01003443|OLKM01003443.1 5943","Intron"
"1669","ENA|OLKM01003443|OLKM01003443.1 10571","UTR3"
"1670","ENA|OLKM01003449|OLKM01003449.1 6531","Other"
"1671","ENA|OLKM01003449|OLKM01003449.1 6716","Other"
"1672","ENA|OLKM01003449|OLKM01003449.1 14316","Other"
"1673","ENA|OLKM01003449|OLKM01003449.1 15434","Other"
"1674","ENA|OLKM01003449|OLKM01003449.1 29406","Other"
"1675","ENA|OLKM01003449|OLKM01003449.1 29411","Other"
"1676","ENA|OLKM01003449|OLKM01003449.1 29425","Other"
"1677","ENA|OLKM01003459|OLKM01003459.1 4173","Intron"
"1678","ENA|OLKM01003459|OLKM01003459.1 4420","Intron"
"1679","ENA|OLKM01003459|OLKM01003459.1 4822","Intron"
"1680","ENA|OLKM01003459|OLKM01003459.1 5247","Intron"
"1681","ENA|OLKM01003459|OLKM01003459.1 5641","Intron"
"1682","ENA|OLKM01003459|OLKM01003459.1 12936","Intron"
"1683","ENA|OLKM01003460|OLKM01003460.1 16983","Intron"
"1684","ENA|OLKM01003460|OLKM01003460.1 25529","Promoter"
"1685","ENA|OLKM01003461|OLKM01003461.1 24411","Intron"
"1686","ENA|OLKM01003461|OLKM01003461.1 24825","Intron"
"1687","ENA|OLKM01003461|OLKM01003461.1 25275","CDS"
"1688","ENA|OLKM01003466|OLKM01003466.1 17687","CDS"
"1689","ENA|OLKM01003466|OLKM01003466.1 17691","CDS"
"1690","ENA|OLKM01003470|OLKM01003470.1 16802","Intron"
"1691","ENA|OLKM01003470|OLKM01003470.1 17365","Intron"
"1692","ENA|OLKM01003470|OLKM01003470.1 18850","Intron"
"1693","ENA|OLKM01003470|OLKM01003470.1 19018","Intron"
"1694","ENA|OLKM01003470|OLKM01003470.1 20457","Intron"
"1695","ENA|OLKM01003470|OLKM01003470.1 21128","Intron"
"1696","ENA|OLKM01003470|OLKM01003470.1 21859","Intron"
"1697","ENA|OLKM01003470|OLKM01003470.1 23073","Intron"
"1698","ENA|OLKM01003470|OLKM01003470.1 26362","Other"
"1699","ENA|OLKM01003470|OLKM01003470.1 26379","Other"
"1700","ENA|OLKM01003470|OLKM01003470.1 29560","Intron"
"1701","ENA|OLKM01003470|OLKM01003470.1 29577","Intron"
"1702","ENA|OLKM01003470|OLKM01003470.1 29677","Intron"
"1703","ENA|OLKM01003470|OLKM01003470.1 30033","Intron"
"1704","ENA|OLKM01003470|OLKM01003470.1 32422","Other"
"1705","ENA|OLKM01003470|OLKM01003470.1 32459","Other"
"1706","ENA|OLKM01003470|OLKM01003470.1 32719","Other"
"1707","ENA|OLKM01003470|OLKM01003470.1 33073","Other"
"1708","ENA|OLKM01003470|OLKM01003470.1 33178","Other"
"1709","ENA|OLKM01003470|OLKM01003470.1 33917","Other"
"1710","ENA|OLKM01003486|OLKM01003486.1 1964","Other"
"1711","ENA|OLKM01003486|OLKM01003486.1 2198","Other"
"1712","ENA|OLKM01003486|OLKM01003486.1 12311","CDS"
"1713","ENA|OLKM01003487|OLKM01003487.1 642","CDS"
"1714","ENA|OLKM01003488|OLKM01003488.1 10073","Other"
"1715","ENA|OLKM01003488|OLKM01003488.1 10141","Other"
"1716","ENA|OLKM01003488|OLKM01003488.1 19626","Other"
"1717","ENA|OLKM01003491|OLKM01003491.1 3607","Other"
"1718","ENA|OLKM01003497|OLKM01003497.1 9320","Other"
"1719","ENA|OLKM01003497|OLKM01003497.1 21934","Other"
"1720","ENA|OLKM01003512|OLKM01003512.1 19405","Intron"
"1721","ENA|OLKM01003523|OLKM01003523.1 2514","Other"
"1722","ENA|OLKM01003523|OLKM01003523.1 2707","Other"
"1723","ENA|OLKM01003523|OLKM01003523.1 31035","Other"
"1724","ENA|OLKM01003524|OLKM01003524.1 5727","CDS"
"1725","ENA|OLKM01003524|OLKM01003524.1 18087","Other"
"1726","ENA|OLKM01003529|OLKM01003529.1 17166","Other"
"1727","ENA|OLKM01003529|OLKM01003529.1 17246","Other"
"1728","ENA|OLKM01003531|OLKM01003531.1 18398","CDS"
"1729","ENA|OLKM01003535|OLKM01003535.1 11181","Intron"
"1730","ENA|OLKM01003535|OLKM01003535.1 11410","Intron"
"1731","ENA|OLKM01003536|OLKM01003536.1 9852","Other"
"1732","ENA|OLKM01003536|OLKM01003536.1 14667","CDS"
"1733","ENA|OLKM01003539|OLKM01003539.1 1719","Other"
"1734","ENA|OLKM01003539|OLKM01003539.1 1927","Other"
"1735","ENA|OLKM01003539|OLKM01003539.1 2230","Other"
"1736","ENA|OLKM01003539|OLKM01003539.1 3232","Other"
"1737","ENA|OLKM01003541|OLKM01003541.1 15398","Intron"
"1738","ENA|OLKM01003546|OLKM01003546.1 21227","Intron"
"1739","ENA|OLKM01003552|OLKM01003552.1 9225","Other"
"1740","ENA|OLKM01003553|OLKM01003553.1 4831","Intron"
"1741","ENA|OLKM01003553|OLKM01003553.1 5109","Intron"
"1742","ENA|OLKM01003553|OLKM01003553.1 5185","Intron"
"1743","ENA|OLKM01003553|OLKM01003553.1 6537","Intron"
"1744","ENA|OLKM01003557|OLKM01003557.1 29353","Intron"
"1745","ENA|OLKM01003558|OLKM01003558.1 28540","Other"
"1746","ENA|OLKM01003558|OLKM01003558.1 29030","Other"
"1747","ENA|OLKM01003558|OLKM01003558.1 29054","Other"
"1748","ENA|OLKM01003558|OLKM01003558.1 30474","Other"
"1749","ENA|OLKM01003562|OLKM01003562.1 10179","Intron"
"1750","ENA|OLKM01003562|OLKM01003562.1 10402","Intron"
"1751","ENA|OLKM01003562|OLKM01003562.1 10464","Intron"
"1752","ENA|OLKM01003562|OLKM01003562.1 10584","Intron"
"1753","ENA|OLKM01003562|OLKM01003562.1 10593","Intron"
"1754","ENA|OLKM01003562|OLKM01003562.1 11680","Intron"
"1755","ENA|OLKM01003562|OLKM01003562.1 11773","Intron"
"1756","ENA|OLKM01003564|OLKM01003564.1 11012","Intron"
"1757","ENA|OLKM01003564|OLKM01003564.1 14743","CDS"
"1758","ENA|OLKM01003564|OLKM01003564.1 14823","CDS"
"1759","ENA|OLKM01003564|OLKM01003564.1 14850","CDS"
"1760","ENA|OLKM01003564|OLKM01003564.1 14859","CDS"
"1761","ENA|OLKM01003570|OLKM01003570.1 12899","Other"
"1762","ENA|OLKM01003570|OLKM01003570.1 16954","Other"
"1763","ENA|OLKM01003570|OLKM01003570.1 17105","Other"
"1764","ENA|OLKM01003570|OLKM01003570.1 22968","Other"
"1765","ENA|OLKM01003570|OLKM01003570.1 27975","Other"
"1766","ENA|OLKM01003570|OLKM01003570.1 28558","Other"
"1767","ENA|OLKM01003570|OLKM01003570.1 28709","Other"
"1768","ENA|OLKM01003574|OLKM01003574.1 5650","Intron"
"1769","ENA|OLKM01003576|OLKM01003576.1 21229","Terminator"
"1770","ENA|OLKM01003576|OLKM01003576.1 21876","Other"
"1771","ENA|OLKM01003576|OLKM01003576.1 22749","Other"
"1772","ENA|OLKM01003576|OLKM01003576.1 23022","Other"
"1773","ENA|OLKM01003576|OLKM01003576.1 23917","Other"
"1774","ENA|OLKM01003576|OLKM01003576.1 24093","Other"
"1775","ENA|OLKM01003576|OLKM01003576.1 24371","Other"
"1776","ENA|OLKM01003576|OLKM01003576.1 24956","Other"
"1777","ENA|OLKM01003581|OLKM01003581.1 16787","Intron"
"1778","ENA|OLKM01003581|OLKM01003581.1 18991","CDS"
"1779","ENA|OLKM01003581|OLKM01003581.1 19901","CDS"
"1780","ENA|OLKM01003581|OLKM01003581.1 23446","Other"
"1781","ENA|OLKM01003581|OLKM01003581.1 23506","Other"
"1782","ENA|OLKM01003581|OLKM01003581.1 24301","Other"
"1783","ENA|OLKM01003581|OLKM01003581.1 24334","Other"
"1784","ENA|OLKM01003581|OLKM01003581.1 24404","Other"
"1785","ENA|OLKM01003581|OLKM01003581.1 24810","Other"
"1786","ENA|OLKM01003581|OLKM01003581.1 24931","Other"
"1787","ENA|OLKM01003581|OLKM01003581.1 25344","Other"
"1788","ENA|OLKM01003581|OLKM01003581.1 25735","CDS"
"1789","ENA|OLKM01003581|OLKM01003581.1 26231","CDS"
"1790","ENA|OLKM01003581|OLKM01003581.1 26458","CDS"
"1791","ENA|OLKM01003581|OLKM01003581.1 26504","CDS"
"1792","ENA|OLKM01003581|OLKM01003581.1 26561","CDS"
"1793","ENA|OLKM01003581|OLKM01003581.1 26593","CDS"
"1794","ENA|OLKM01003581|OLKM01003581.1 26875","CDS"
"1795","ENA|OLKM01003581|OLKM01003581.1 26941","CDS"
"1796","ENA|OLKM01003581|OLKM01003581.1 27891","Intron"
"1797","ENA|OLKM01003581|OLKM01003581.1 28012","Intron"
"1798","ENA|OLKM01003581|OLKM01003581.1 28253","Intron"
"1799","ENA|OLKM01003581|OLKM01003581.1 28279","Intron"
"1800","ENA|OLKM01003592|OLKM01003592.1 27378","UTR5"
"1801","ENA|OLKM01003592|OLKM01003592.1 27857","CDS"
"1802","ENA|OLKM01003599|OLKM01003599.1 12470","Other"
"1803","ENA|OLKM01003603|OLKM01003603.1 19013","Other"
"1804","ENA|OLKM01003603|OLKM01003603.1 20064","Other"
"1805","ENA|OLKM01003603|OLKM01003603.1 21693","Other"
"1806","ENA|OLKM01003604|OLKM01003604.1 9765","Other"
"1807","ENA|OLKM01003606|OLKM01003606.1 104","Other"
"1808","ENA|OLKM01003606|OLKM01003606.1 3540","Other"
"1809","ENA|OLKM01003606|OLKM01003606.1 3639","Other"
"1810","ENA|OLKM01003606|OLKM01003606.1 3730","Other"
"1811","ENA|OLKM01003606|OLKM01003606.1 6441","CDS"
"1812","ENA|OLKM01003606|OLKM01003606.1 7468","Other"
"1813","ENA|OLKM01003606|OLKM01003606.1 9291","CDS"
"1814","ENA|OLKM01003606|OLKM01003606.1 10770","Other"
"1815","ENA|OLKM01003606|OLKM01003606.1 10855","Other"
"1816","ENA|OLKM01003606|OLKM01003606.1 11068","Promoter"
"1817","ENA|OLKM01003606|OLKM01003606.1 12914","CDS"
"1818","ENA|OLKM01003606|OLKM01003606.1 12921","CDS"
"1819","ENA|OLKM01003606|OLKM01003606.1 12929","CDS"
"1820","ENA|OLKM01003606|OLKM01003606.1 13067","CDS"
"1821","ENA|OLKM01003606|OLKM01003606.1 16338","Intron"
"1822","ENA|OLKM01003606|OLKM01003606.1 16342","Intron"
"1823","ENA|OLKM01003606|OLKM01003606.1 20210","CDS"
"1824","ENA|OLKM01003606|OLKM01003606.1 25403","Intron"
"1825","ENA|OLKM01003606|OLKM01003606.1 25489","CDS"
"1826","ENA|OLKM01003606|OLKM01003606.1 29070","Other"
"1827","ENA|OLKM01003606|OLKM01003606.1 29169","Other"
"1828","ENA|OLKM01003606|OLKM01003606.1 29931","Other"
"1829","ENA|OLKM01003606|OLKM01003606.1 30089","Other"
"1830","ENA|OLKM01003606|OLKM01003606.1 30849","Other"
"1831","ENA|OLKM01003606|OLKM01003606.1 31654","Other"
"1832","ENA|OLKM01003606|OLKM01003606.1 31987","Other"
"1833","ENA|OLKM01003606|OLKM01003606.1 32015","Other"
"1834","ENA|OLKM01003606|OLKM01003606.1 32553","Other"
"1835","ENA|OLKM01003606|OLKM01003606.1 32605","Other"
"1836","ENA|OLKM01003606|OLKM01003606.1 32649","Other"
"1837","ENA|OLKM01003610|OLKM01003610.1 9965","Other"
"1838","ENA|OLKM01003610|OLKM01003610.1 22761","Other"
"1839","ENA|OLKM01003613|OLKM01003613.1 17790","CDS"
"1840","ENA|OLKM01003613|OLKM01003613.1 18118","CDS"
"1841","ENA|OLKM01003613|OLKM01003613.1 21824","CDS"
"1842","ENA|OLKM01003618|OLKM01003618.1 23506","Other"
"1843","ENA|OLKM01003622|OLKM01003622.1 21631","CDS"
"1844","ENA|OLKM01003623|OLKM01003623.1 14628","Other"
"1845","ENA|OLKM01003629|OLKM01003629.1 5285","Other"
"1846","ENA|OLKM01003629|OLKM01003629.1 26113","Other"
"1847","ENA|OLKM01003633|OLKM01003633.1 4802","Promoter"
"1848","ENA|OLKM01003633|OLKM01003633.1 4954","CDS"
"1849","ENA|OLKM01003633|OLKM01003633.1 5144","CDS"
"1850","ENA|OLKM01003633|OLKM01003633.1 5618","CDS"
"1851","ENA|OLKM01003633|OLKM01003633.1 5684","CDS"
"1852","ENA|OLKM01003633|OLKM01003633.1 7037","CDS"
"1853","ENA|OLKM01003633|OLKM01003633.1 7265","Intron"
"1854","ENA|OLKM01003633|OLKM01003633.1 7354","Intron"
"1855","ENA|OLKM01003633|OLKM01003633.1 7531","Intron"
"1856","ENA|OLKM01003633|OLKM01003633.1 7996","Other"
"1857","ENA|OLKM01003633|OLKM01003633.1 8043","Other"
"1858","ENA|OLKM01003633|OLKM01003633.1 8334","CDS"
"1859","ENA|OLKM01003633|OLKM01003633.1 8364","CDS"
"1860","ENA|OLKM01003633|OLKM01003633.1 11549","CDS"
"1861","ENA|OLKM01003633|OLKM01003633.1 11571","CDS"
"1862","ENA|OLKM01003634|OLKM01003634.1 2396","Other"
"1863","ENA|OLKM01003634|OLKM01003634.1 2911","Other"
"1864","ENA|OLKM01003634|OLKM01003634.1 2993","Other"
"1865","ENA|OLKM01003634|OLKM01003634.1 4695","Other"
"1866","ENA|OLKM01003635|OLKM01003635.1 26322","Other"
"1867","ENA|OLKM01003636|OLKM01003636.1 8877","Other"
"1868","ENA|OLKM01003636|OLKM01003636.1 9045","Other"
"1869","ENA|OLKM01003646|OLKM01003646.1 871","CDS"
"1870","ENA|OLKM01003646|OLKM01003646.1 949","Intron"
"1871","ENA|OLKM01003646|OLKM01003646.1 1681","Intron"
"1872","ENA|OLKM01003646|OLKM01003646.1 1886","Terminator"
"1873","ENA|OLKM01003646|OLKM01003646.1 2319","Promoter"
"1874","ENA|OLKM01003646|OLKM01003646.1 2389","Promoter"
"1875","ENA|OLKM01003646|OLKM01003646.1 2550","CDS"
"1876","ENA|OLKM01003646|OLKM01003646.1 2618","Intron"
"1877","ENA|OLKM01003646|OLKM01003646.1 3714","CDS"
"1878","ENA|OLKM01003646|OLKM01003646.1 3757","CDS"
"1879","ENA|OLKM01003646|OLKM01003646.1 3946","CDS"
"1880","ENA|OLKM01003646|OLKM01003646.1 4061","CDS"
"1881","ENA|OLKM01003646|OLKM01003646.1 6830","Intron"
"1882","ENA|OLKM01003646|OLKM01003646.1 8950","Other"
"1883","ENA|OLKM01003646|OLKM01003646.1 18895","Other"
"1884","ENA|OLKM01003646|OLKM01003646.1 21595","CDS"
"1885","ENA|OLKM01003646|OLKM01003646.1 23663","Intron"
"1886","ENA|OLKM01003646|OLKM01003646.1 23681","Intron"
"1887","ENA|OLKM01003646|OLKM01003646.1 23696","Intron"
"1888","ENA|OLKM01003646|OLKM01003646.1 23733","Intron"
"1889","ENA|OLKM01003646|OLKM01003646.1 25310","CDS"
"1890","ENA|OLKM01003646|OLKM01003646.1 25886","CDS"
"1891","ENA|OLKM01003650|OLKM01003650.1 636","Other"
"1892","ENA|OLKM01003655|OLKM01003655.1 27757","Intron"
"1893","ENA|OLKM01003665|OLKM01003665.1 16312","CDS"
"1894","ENA|OLKM01003666|OLKM01003666.1 20811","Other"
"1895","ENA|OLKM01003672|OLKM01003672.1 13514","Other"
"1896","ENA|OLKM01003672|OLKM01003672.1 14796","Other"
"1897","ENA|OLKM01003672|OLKM01003672.1 16172","Other"
"1898","ENA|OLKM01003672|OLKM01003672.1 16701","Other"
"1899","ENA|OLKM01003672|OLKM01003672.1 20239","Other"
"1900","ENA|OLKM01003672|OLKM01003672.1 20777","Other"
"1901","ENA|OLKM01003673|OLKM01003673.1 3726","Other"
"1902","ENA|OLKM01003681|OLKM01003681.1 10175","Other"
"1903","ENA|OLKM01003699|OLKM01003699.1 28579","Other"
"1904","ENA|OLKM01003705|OLKM01003705.1 15253","Other"
"1905","ENA|OLKM01003708|OLKM01003708.1 12196","Other"
"1906","ENA|OLKM01003712|OLKM01003712.1 5874","Intron"
"1907","ENA|OLKM01003716|OLKM01003716.1 21611","Other"
"1908","ENA|OLKM01003716|OLKM01003716.1 21642","Other"
"1909","ENA|OLKM01003721|OLKM01003721.1 8558","Other"
"1910","ENA|OLKM01003721|OLKM01003721.1 9027","Other"
"1911","ENA|OLKM01003727|OLKM01003727.1 1530","Other"
"1912","ENA|OLKM01003727|OLKM01003727.1 17621","Other"
"1913","ENA|OLKM01003728|OLKM01003728.1 16059","Other"
"1914","ENA|OLKM01003730|OLKM01003730.1 4880","UTR5"
"1915","ENA|OLKM01003730|OLKM01003730.1 18184","Intron"
"1916","ENA|OLKM01003738|OLKM01003738.1 8885","Other"
"1917","ENA|OLKM01003739|OLKM01003739.1 5872","Other"
"1918","ENA|OLKM01003739|OLKM01003739.1 21442","Other"
"1919","ENA|OLKM01003739|OLKM01003739.1 22075","Other"
"1920","ENA|OLKM01003739|OLKM01003739.1 22366","Other"
"1921","ENA|OLKM01003739|OLKM01003739.1 22813","Other"
"1922","ENA|OLKM01003751|OLKM01003751.1 9841","CDS"
"1923","ENA|OLKM01003754|OLKM01003754.1 25274","CDS"
"1924","ENA|OLKM01003758|OLKM01003758.1 10262","Intron"
"1925","ENA|OLKM01003758|OLKM01003758.1 18453","CDS"
"1926","ENA|OLKM01003759|OLKM01003759.1 15585","Other"
"1927","ENA|OLKM01003759|OLKM01003759.1 15621","Other"
"1928","ENA|OLKM01003760|OLKM01003760.1 13278","Other"
"1929","ENA|OLKM01003761|OLKM01003761.1 16872","Intron"
"1930","ENA|OLKM01003761|OLKM01003761.1 17110","Intron"
"1931","ENA|OLKM01003765|OLKM01003765.1 4857","Other"
"1932","ENA|OLKM01003765|OLKM01003765.1 4916","Other"
"1933","ENA|OLKM01003765|OLKM01003765.1 14377","CDS"
"1934","ENA|OLKM01003766|OLKM01003766.1 4526","Other"
"1935","ENA|OLKM01003766|OLKM01003766.1 8449","Intron"
"1936","ENA|OLKM01003766|OLKM01003766.1 25406","Intron"
"1937","ENA|OLKM01003766|OLKM01003766.1 25414","Intron"
"1938","ENA|OLKM01003766|OLKM01003766.1 25558","Intron"
"1939","ENA|OLKM01003773|OLKM01003773.1 3622","Other"
"1940","ENA|OLKM01003773|OLKM01003773.1 7160","Other"
"1941","ENA|OLKM01003773|OLKM01003773.1 18934","Intron"
"1942","ENA|OLKM01003773|OLKM01003773.1 28060","Other"
"1943","ENA|OLKM01003773|OLKM01003773.1 28099","Other"
"1944","ENA|OLKM01003773|OLKM01003773.1 30146","Other"
"1945","ENA|OLKM01003783|OLKM01003783.1 23280","Other"
"1946","ENA|OLKM01003783|OLKM01003783.1 24735","Other"
"1947","ENA|OLKM01003783|OLKM01003783.1 24813","Other"
"1948","ENA|OLKM01003783|OLKM01003783.1 25156","Other"
"1949","ENA|OLKM01003783|OLKM01003783.1 25897","Other"
"1950","ENA|OLKM01003783|OLKM01003783.1 26034","Other"
"1951","ENA|OLKM01003783|OLKM01003783.1 26151","Other"
"1952","ENA|OLKM01003787|OLKM01003787.1 3874","Other"
"1953","ENA|OLKM01003794|OLKM01003794.1 22723","Other"
"1954","ENA|OLKM01003796|OLKM01003796.1 10447","Other"
"1955","ENA|OLKM01003796|OLKM01003796.1 11475","Other"
"1956","ENA|OLKM01003806|OLKM01003806.1 29038","Other"
"1957","ENA|OLKM01003806|OLKM01003806.1 29119","Other"
"1958","ENA|OLKM01003808|OLKM01003808.1 5617","Other"
"1959","ENA|OLKM01003815|OLKM01003815.1 16095","Other"
"1960","ENA|OLKM01003817|OLKM01003817.1 14864","Other"
"1961","ENA|OLKM01003817|OLKM01003817.1 16070","Other"
"1962","ENA|OLKM01003818|OLKM01003818.1 2172","CDS"
"1963","ENA|OLKM01003818|OLKM01003818.1 2175","CDS"
"1964","ENA|OLKM01003818|OLKM01003818.1 4813","CDS"
"1965","ENA|OLKM01003818|OLKM01003818.1 4875","CDS"
"1966","ENA|OLKM01003818|OLKM01003818.1 5652","CDS"
"1967","ENA|OLKM01003818|OLKM01003818.1 6102","Intron"
"1968","ENA|OLKM01003818|OLKM01003818.1 6135","Intron"
"1969","ENA|OLKM01003818|OLKM01003818.1 7464","CDS"
"1970","ENA|OLKM01003818|OLKM01003818.1 10494","Other"
"1971","ENA|OLKM01003818|OLKM01003818.1 10722","Other"
"1972","ENA|OLKM01003818|OLKM01003818.1 10844","Other"
"1973","ENA|OLKM01003818|OLKM01003818.1 11132","Other"
"1974","ENA|OLKM01003818|OLKM01003818.1 11253","Other"
"1975","ENA|OLKM01003818|OLKM01003818.1 24961","Other"
"1976","ENA|OLKM01003818|OLKM01003818.1 27150","Other"
"1977","ENA|OLKM01003835|OLKM01003835.1 23346","Intron"
"1978","ENA|OLKM01003840|OLKM01003840.1 4731","Other"
"1979","ENA|OLKM01003840|OLKM01003840.1 6789","Other"
"1980","ENA|OLKM01003846|OLKM01003846.1 21961","Other"
"1981","ENA|OLKM01003848|OLKM01003848.1 5158","Intron"
"1982","ENA|OLKM01003856|OLKM01003856.1 11235","Other"
"1983","ENA|OLKM01003856|OLKM01003856.1 11289","Other"
"1984","ENA|OLKM01003858|OLKM01003858.1 14504","Other"
"1985","ENA|OLKM01003860|OLKM01003860.1 3101","Other"
"1986","ENA|OLKM01003860|OLKM01003860.1 7112","Other"
"1987","ENA|OLKM01003860|OLKM01003860.1 8157","CDS"
"1988","ENA|OLKM01003860|OLKM01003860.1 8350","CDS"
"1989","ENA|OLKM01003860|OLKM01003860.1 22442","Other"
"1990","ENA|OLKM01003870|OLKM01003870.1 14533","Other"
"1991","ENA|OLKM01003870|OLKM01003870.1 14544","Other"
"1992","ENA|OLKM01003872|OLKM01003872.1 492","Other"
"1993","ENA|OLKM01003872|OLKM01003872.1 6900","UTR5"
"1994","ENA|OLKM01003881|OLKM01003881.1 7541","Other"
"1995","ENA|OLKM01003881|OLKM01003881.1 10870","Other"
"1996","ENA|OLKM01003885|OLKM01003885.1 16064","Intron"
"1997","ENA|OLKM01003886|OLKM01003886.1 7476","Intron"
"1998","ENA|OLKM01003891|OLKM01003891.1 5026","Other"
"1999","ENA|OLKM01003896|OLKM01003896.1 1628","Intron"
"2000","ENA|OLKM01003896|OLKM01003896.1 1674","Intron"
"2001","ENA|OLKM01003896|OLKM01003896.1 3491","Other"
"2002","ENA|OLKM01003896|OLKM01003896.1 3702","Other"
"2003","ENA|OLKM01003897|OLKM01003897.1 22736","CDS"
"2004","ENA|OLKM01003897|OLKM01003897.1 22761","CDS"
"2005","ENA|OLKM01003897|OLKM01003897.1 22782","CDS"
"2006","ENA|OLKM01003897|OLKM01003897.1 23396","CDS"
"2007","ENA|OLKM01003897|OLKM01003897.1 24213","Other"
"2008","ENA|OLKM01003897|OLKM01003897.1 25455","Other"
"2009","ENA|OLKM01003897|OLKM01003897.1 25959","Other"
"2010","ENA|OLKM01003904|OLKM01003904.1 6369","Other"
"2011","ENA|OLKM01003904|OLKM01003904.1 6938","Other"
"2012","ENA|OLKM01003904|OLKM01003904.1 8915","Intron"
"2013","ENA|OLKM01003904|OLKM01003904.1 9012","Intron"
"2014","ENA|OLKM01003904|OLKM01003904.1 9052","Intron"
"2015","ENA|OLKM01003904|OLKM01003904.1 18803","Intron"
"2016","ENA|OLKM01003907|OLKM01003907.1 17499","Other"
"2017","ENA|OLKM01003907|OLKM01003907.1 18025","Other"
"2018","ENA|OLKM01003907|OLKM01003907.1 18401","Other"
"2019","ENA|OLKM01003912|OLKM01003912.1 1616","Other"
"2020","ENA|OLKM01003912|OLKM01003912.1 4585","Other"
"2021","ENA|OLKM01003912|OLKM01003912.1 6571","Other"
"2022","ENA|OLKM01003915|OLKM01003915.1 9339","Other"
"2023","ENA|OLKM01003915|OLKM01003915.1 21440","CDS"
"2024","ENA|OLKM01003916|OLKM01003916.1 10051","Intron"
"2025","ENA|OLKM01003916|OLKM01003916.1 10097","Intron"
"2026","ENA|OLKM01003916|OLKM01003916.1 10112","Intron"
"2027","ENA|OLKM01003916|OLKM01003916.1 11014","CDS"
"2028","ENA|OLKM01003916|OLKM01003916.1 11046","CDS"
"2029","ENA|OLKM01003916|OLKM01003916.1 11069","CDS"
"2030","ENA|OLKM01003916|OLKM01003916.1 11074","CDS"
"2031","ENA|OLKM01003916|OLKM01003916.1 11093","CDS"
"2032","ENA|OLKM01003916|OLKM01003916.1 11177","Intron"
"2033","ENA|OLKM01003916|OLKM01003916.1 11212","Intron"
"2034","ENA|OLKM01003916|OLKM01003916.1 11248","Intron"
"2035","ENA|OLKM01003916|OLKM01003916.1 11413","Intron"
"2036","ENA|OLKM01003916|OLKM01003916.1 11423","Intron"
"2037","ENA|OLKM01003916|OLKM01003916.1 11503","Intron"
"2038","ENA|OLKM01003916|OLKM01003916.1 11605","Intron"
"2039","ENA|OLKM01003916|OLKM01003916.1 11818","Intron"
"2040","ENA|OLKM01003916|OLKM01003916.1 12455","Intron"
"2041","ENA|OLKM01003916|OLKM01003916.1 13148","Intron"
"2042","ENA|OLKM01003916|OLKM01003916.1 13568","Intron"
"2043","ENA|OLKM01003916|OLKM01003916.1 13681","Intron"
"2044","ENA|OLKM01003916|OLKM01003916.1 13859","Intron"
"2045","ENA|OLKM01003916|OLKM01003916.1 14759","Intron"
"2046","ENA|OLKM01003916|OLKM01003916.1 15259","Intron"
"2047","ENA|OLKM01003916|OLKM01003916.1 15591","CDS"
"2048","ENA|OLKM01003916|OLKM01003916.1 15602","CDS"
"2049","ENA|OLKM01003916|OLKM01003916.1 15641","Intron"
"2050","ENA|OLKM01003916|OLKM01003916.1 17707","Intron"
"2051","ENA|OLKM01003916|OLKM01003916.1 18686","Intron"
"2052","ENA|OLKM01003916|OLKM01003916.1 20060","CDS"
"2053","ENA|OLKM01003916|OLKM01003916.1 20703","Intron"
"2054","ENA|OLKM01003916|OLKM01003916.1 21877","CDS"
"2055","ENA|OLKM01003916|OLKM01003916.1 22308","CDS"
"2056","ENA|OLKM01003923|OLKM01003923.1 3129","Other"
"2057","ENA|OLKM01003923|OLKM01003923.1 6174","Other"
"2058","ENA|OLKM01003923|OLKM01003923.1 6193","Other"
"2059","ENA|OLKM01003932|OLKM01003932.1 27038","Intron"
"2060","ENA|OLKM01003932|OLKM01003932.1 27248","Terminator"
"2061","ENA|OLKM01003932|OLKM01003932.1 27278","Terminator"
"2062","ENA|OLKM01003941|OLKM01003941.1 25680","Other"
"2063","ENA|OLKM01003945|OLKM01003945.1 348","Intron"
"2064","ENA|OLKM01003945|OLKM01003945.1 3136","Promoter"
"2065","ENA|OLKM01003945|OLKM01003945.1 3882","CDS"
"2066","ENA|OLKM01003945|OLKM01003945.1 7040","Other"
"2067","ENA|OLKM01003945|OLKM01003945.1 8132","Other"
"2068","ENA|OLKM01003945|OLKM01003945.1 8266","Other"
"2069","ENA|OLKM01003945|OLKM01003945.1 21078","CDS"
"2070","ENA|OLKM01003945|OLKM01003945.1 21184","CDS"
"2071","ENA|OLKM01003947|OLKM01003947.1 4220","Intron"
"2072","ENA|OLKM01003949|OLKM01003949.1 6572","CDS"
"2073","ENA|OLKM01003950|OLKM01003950.1 6158","Intron"
"2074","ENA|OLKM01003950|OLKM01003950.1 6171","Intron"
"2075","ENA|OLKM01003950|OLKM01003950.1 6198","Intron"
"2076","ENA|OLKM01003950|OLKM01003950.1 20146","Other"
"2077","ENA|OLKM01003951|OLKM01003951.1 9677","Intron"
"2078","ENA|OLKM01003952|OLKM01003952.1 13171","Other"
"2079","ENA|OLKM01003955|OLKM01003955.1 6082","Other"
"2080","ENA|OLKM01003955|OLKM01003955.1 6465","Other"
"2081","ENA|OLKM01003955|OLKM01003955.1 6805","Other"
"2082","ENA|OLKM01003955|OLKM01003955.1 6817","Other"
"2083","ENA|OLKM01003955|OLKM01003955.1 7237","Other"
"2084","ENA|OLKM01003955|OLKM01003955.1 8192","Other"
"2085","ENA|OLKM01003955|OLKM01003955.1 13955","Other"
"2086","ENA|OLKM01003966|OLKM01003966.1 11699","Other"
"2087","ENA|OLKM01003966|OLKM01003966.1 12971","Other"
"2088","ENA|OLKM01003969|OLKM01003969.1 19366","CDS"
"2089","ENA|OLKM01003969|OLKM01003969.1 24042","Other"
"2090","ENA|OLKM01003975|OLKM01003975.1 12646","Intron"
"2091","ENA|OLKM01003981|OLKM01003981.1 15092","Intron"
"2092","ENA|OLKM01003981|OLKM01003981.1 15298","Intron"
"2093","ENA|OLKM01003981|OLKM01003981.1 15829","Intron"
"2094","ENA|OLKM01003981|OLKM01003981.1 16791","Intron"
"2095","ENA|OLKM01003981|OLKM01003981.1 17538","Intron"
"2096","ENA|OLKM01003981|OLKM01003981.1 17712","Intron"
"2097","ENA|OLKM01003981|OLKM01003981.1 21473","Intron"
"2098","ENA|OLKM01003981|OLKM01003981.1 21664","Intron"
"2099","ENA|OLKM01003981|OLKM01003981.1 23909","Intron"
"2100","ENA|OLKM01003981|OLKM01003981.1 24316","Intron"
"2101","ENA|OLKM01003981|OLKM01003981.1 24370","Intron"
"2102","ENA|OLKM01003981|OLKM01003981.1 24552","Terminator"
"2103","ENA|OLKM01003981|OLKM01003981.1 24895","Other"
"2104","ENA|OLKM01003982|OLKM01003982.1 17111","Other"
"2105","ENA|OLKM01003982|OLKM01003982.1 17493","Other"
"2106","ENA|OLKM01003982|OLKM01003982.1 17634","Other"
"2107","ENA|OLKM01003987|OLKM01003987.1 21599","Other"
"2108","ENA|OLKM01003988|OLKM01003988.1 26518","Other"
"2109","ENA|OLKM01003998|OLKM01003998.1 18874","Intron"
"2110","ENA|OLKM01003998|OLKM01003998.1 18903","Intron"
"2111","ENA|OLKM01003999|OLKM01003999.1 16265","Other"
"2112","ENA|OLKM01004002|OLKM01004002.1 2081","Other"
"2113","ENA|OLKM01004002|OLKM01004002.1 5387","Other"
"2114","ENA|OLKM01004002|OLKM01004002.1 8666","Other"
"2115","ENA|OLKM01004002|OLKM01004002.1 9803","Other"
"2116","ENA|OLKM01004002|OLKM01004002.1 15290","Other"
"2117","ENA|OLKM01004002|OLKM01004002.1 21197","Other"
"2118","ENA|OLKM01004002|OLKM01004002.1 21304","Other"
"2119","ENA|OLKM01004004|OLKM01004004.1 3122","CDS"
"2120","ENA|OLKM01004005|OLKM01004005.1 18398","Intron"
"2121","ENA|OLKM01004006|OLKM01004006.1 22119","Intron"
"2122","ENA|OLKM01004006|OLKM01004006.1 24796","Other"
"2123","ENA|OLKM01004006|OLKM01004006.1 25146","Other"
"2124","ENA|OLKM01004006|OLKM01004006.1 25172","Other"
"2125","ENA|OLKM01004006|OLKM01004006.1 25521","Other"
"2126","ENA|OLKM01004007|OLKM01004007.1 4173","Other"
"2127","ENA|OLKM01004007|OLKM01004007.1 8839","Other"
"2128","ENA|OLKM01004007|OLKM01004007.1 12570","Other"
"2129","ENA|OLKM01004008|OLKM01004008.1 20452","Other"
"2130","ENA|OLKM01004008|OLKM01004008.1 21655","Other"
"2131","ENA|OLKM01004009|OLKM01004009.1 2265","CDS"
"2132","ENA|OLKM01004009|OLKM01004009.1 6240","UTR5"
"2133","ENA|OLKM01004009|OLKM01004009.1 6244","UTR5"
"2134","ENA|OLKM01004009|OLKM01004009.1 6254","UTR5"
"2135","ENA|OLKM01004009|OLKM01004009.1 6280","UTR5"
"2136","ENA|OLKM01004009|OLKM01004009.1 6291","UTR5"
"2137","ENA|OLKM01004009|OLKM01004009.1 7223","Other"
"2138","ENA|OLKM01004009|OLKM01004009.1 7236","Other"
"2139","ENA|OLKM01004009|OLKM01004009.1 7661","Other"
"2140","ENA|OLKM01004009|OLKM01004009.1 7750","Other"
"2141","ENA|OLKM01004009|OLKM01004009.1 7859","Other"
"2142","ENA|OLKM01004011|OLKM01004011.1 10815","Other"
"2143","ENA|OLKM01004015|OLKM01004015.1 20950","Intron"
"2144","ENA|OLKM01004015|OLKM01004015.1 21359","CDS"
"2145","ENA|OLKM01004017|OLKM01004017.1 7489","Other"
"2146","ENA|OLKM01004017|OLKM01004017.1 9857","CDS"
"2147","ENA|OLKM01004017|OLKM01004017.1 10380","CDS"
"2148","ENA|OLKM01004017|OLKM01004017.1 10416","CDS"
"2149","ENA|OLKM01004017|OLKM01004017.1 10495","CDS"
"2150","ENA|OLKM01004022|OLKM01004022.1 6540","Intron"
"2151","ENA|OLKM01004025|OLKM01004025.1 6503","CDS"
"2152","ENA|OLKM01004025|OLKM01004025.1 6766","Intron"
"2153","ENA|OLKM01004025|OLKM01004025.1 10941","Other"
"2154","ENA|OLKM01004025|OLKM01004025.1 14179","Other"
"2155","ENA|OLKM01004028|OLKM01004028.1 15614","Other"
"2156","ENA|OLKM01004028|OLKM01004028.1 16552","Other"
"2157","ENA|OLKM01004035|OLKM01004035.1 5368","Other"
"2158","ENA|OLKM01004035|OLKM01004035.1 5645","Other"
"2159","ENA|OLKM01004035|OLKM01004035.1 6793","Other"
"2160","ENA|OLKM01004035|OLKM01004035.1 8959","Other"
"2161","ENA|OLKM01004035|OLKM01004035.1 11125","Other"
"2162","ENA|OLKM01004035|OLKM01004035.1 19792","Other"
"2163","ENA|OLKM01004042|OLKM01004042.1 4105","Intron"
"2164","ENA|OLKM01004042|OLKM01004042.1 4986","Intron"
"2165","ENA|OLKM01004042|OLKM01004042.1 5073","Intron"
"2166","ENA|OLKM01004042|OLKM01004042.1 6596","Intron"
"2167","ENA|OLKM01004042|OLKM01004042.1 19628","Intron"
"2168","ENA|OLKM01004043|OLKM01004043.1 5815","Other"
"2169","ENA|OLKM01004051|OLKM01004051.1 8213","Other"
"2170","ENA|OLKM01004051|OLKM01004051.1 9499","Other"
"2171","ENA|OLKM01004051|OLKM01004051.1 9583","Other"
"2172","ENA|OLKM01004052|OLKM01004052.1 2645","CDS"
"2173","ENA|OLKM01004055|OLKM01004055.1 8240","Other"
"2174","ENA|OLKM01004055|OLKM01004055.1 9577","Other"
"2175","ENA|OLKM01004057|OLKM01004057.1 3997","Other"
"2176","ENA|OLKM01004057|OLKM01004057.1 4189","Other"
"2177","ENA|OLKM01004057|OLKM01004057.1 4191","Other"
"2178","ENA|OLKM01004057|OLKM01004057.1 14888","Other"
"2179","ENA|OLKM01004064|OLKM01004064.1 2963","Other"
"2180","ENA|OLKM01004064|OLKM01004064.1 3091","Other"
"2181","ENA|OLKM01004064|OLKM01004064.1 3306","Other"
"2182","ENA|OLKM01004064|OLKM01004064.1 3548","Other"
"2183","ENA|OLKM01004064|OLKM01004064.1 7494","Intron"
"2184","ENA|OLKM01004064|OLKM01004064.1 15247","CDS"
"2185","ENA|OLKM01004065|OLKM01004065.1 11012","Other"
"2186","ENA|OLKM01004065|OLKM01004065.1 11233","Other"
"2187","ENA|OLKM01004065|OLKM01004065.1 11251","Other"
"2188","ENA|OLKM01004065|OLKM01004065.1 11362","Other"
"2189","ENA|OLKM01004065|OLKM01004065.1 11957","CDS"
"2190","ENA|OLKM01004065|OLKM01004065.1 14499","Intron"
"2191","ENA|OLKM01004065|OLKM01004065.1 14655","Intron"
"2192","ENA|OLKM01004065|OLKM01004065.1 14786","CDS"
"2193","ENA|OLKM01004065|OLKM01004065.1 14845","CDS"
"2194","ENA|OLKM01004065|OLKM01004065.1 16637","Intron"
"2195","ENA|OLKM01004065|OLKM01004065.1 17120","Terminator"
"2196","ENA|OLKM01004065|OLKM01004065.1 17570","Other"
"2197","ENA|OLKM01004065|OLKM01004065.1 19395","CDS"
"2198","ENA|OLKM01004065|OLKM01004065.1 19821","CDS"
"2199","ENA|OLKM01004065|OLKM01004065.1 19880","CDS"
"2200","ENA|OLKM01004065|OLKM01004065.1 20548","CDS"
"2201","ENA|OLKM01004066|OLKM01004066.1 14388","Other"
"2202","ENA|OLKM01004067|OLKM01004067.1 9784","CDS"
"2203","ENA|OLKM01004067|OLKM01004067.1 9841","CDS"
"2204","ENA|OLKM01004067|OLKM01004067.1 9880","CDS"
"2205","ENA|OLKM01004067|OLKM01004067.1 9958","CDS"
"2206","ENA|OLKM01004067|OLKM01004067.1 12655","CDS"
"2207","ENA|OLKM01004072|OLKM01004072.1 8736","Other"
"2208","ENA|OLKM01004073|OLKM01004073.1 5838","Intron"
"2209","ENA|OLKM01004073|OLKM01004073.1 5879","Intron"
"2210","ENA|OLKM01004073|OLKM01004073.1 7333","CDS"
"2211","ENA|OLKM01004088|OLKM01004088.1 12031","Other"
"2212","ENA|OLKM01004088|OLKM01004088.1 12040","Other"
"2213","ENA|OLKM01004088|OLKM01004088.1 16072","CDS"
"2214","ENA|OLKM01004098|OLKM01004098.1 15513","Intron"
"2215","ENA|OLKM01004101|OLKM01004101.1 3032","Other"
"2216","ENA|OLKM01004102|OLKM01004102.1 14874","Other"
"2217","ENA|OLKM01004102|OLKM01004102.1 14971","Other"
"2218","ENA|OLKM01004106|OLKM01004106.1 14898","Other"
"2219","ENA|OLKM01004106|OLKM01004106.1 14950","Other"
"2220","ENA|OLKM01004106|OLKM01004106.1 14997","Other"
"2221","ENA|OLKM01004106|OLKM01004106.1 15477","Other"
"2222","ENA|OLKM01004107|OLKM01004107.1 2285","Other"
"2223","ENA|OLKM01004107|OLKM01004107.1 22404","Other"
"2224","ENA|OLKM01004107|OLKM01004107.1 22758","Other"
"2225","ENA|OLKM01004107|OLKM01004107.1 23353","Other"
"2226","ENA|OLKM01004112|OLKM01004112.1 433","Other"
"2227","ENA|OLKM01004112|OLKM01004112.1 568","Other"
"2228","ENA|OLKM01004112|OLKM01004112.1 6527","Intron"
"2229","ENA|OLKM01004112|OLKM01004112.1 6974","Terminator"
"2230","ENA|OLKM01004112|OLKM01004112.1 7227","Other"
"2231","ENA|OLKM01004112|OLKM01004112.1 8637","Other"
"2232","ENA|OLKM01004112|OLKM01004112.1 13795","Other"
"2233","ENA|OLKM01004113|OLKM01004113.1 8322","Other"
"2234","ENA|OLKM01004113|OLKM01004113.1 8423","Other"
"2235","ENA|OLKM01004113|OLKM01004113.1 8644","Other"
"2236","ENA|OLKM01004117|OLKM01004117.1 17866","CDS"
"2237","ENA|OLKM01004117|OLKM01004117.1 20152","CDS"
"2238","ENA|OLKM01004118|OLKM01004118.1 1380","Other"
"2239","ENA|OLKM01004118|OLKM01004118.1 1497","Other"
"2240","ENA|OLKM01004118|OLKM01004118.1 2053","Other"
"2241","ENA|OLKM01004118|OLKM01004118.1 2130","Other"
"2242","ENA|OLKM01004118|OLKM01004118.1 3001","Other"
"2243","ENA|OLKM01004118|OLKM01004118.1 3516","Other"
"2244","ENA|OLKM01004118|OLKM01004118.1 4256","Other"
"2245","ENA|OLKM01004118|OLKM01004118.1 5622","Other"
"2246","ENA|OLKM01004118|OLKM01004118.1 5634","Other"
"2247","ENA|OLKM01004118|OLKM01004118.1 5712","Other"
"2248","ENA|OLKM01004118|OLKM01004118.1 6119","Other"
"2249","ENA|OLKM01004118|OLKM01004118.1 6660","Other"
"2250","ENA|OLKM01004118|OLKM01004118.1 7928","Other"
"2251","ENA|OLKM01004124|OLKM01004124.1 6871","Other"
"2252","ENA|OLKM01004127|OLKM01004127.1 20989","Terminator"
"2253","ENA|OLKM01004136|OLKM01004136.1 9551","Other"
"2254","ENA|OLKM01004136|OLKM01004136.1 16109","Other"
"2255","ENA|OLKM01004136|OLKM01004136.1 16140","Other"
"2256","ENA|OLKM01004138|OLKM01004138.1 17076","Other"
"2257","ENA|OLKM01004138|OLKM01004138.1 20657","Other"
"2258","ENA|OLKM01004138|OLKM01004138.1 20696","Other"
"2259","ENA|OLKM01004147|OLKM01004147.1 11454","Intron"
"2260","ENA|OLKM01004147|OLKM01004147.1 11483","Intron"
"2261","ENA|OLKM01004149|OLKM01004149.1 7049","Intron"
"2262","ENA|OLKM01004152|OLKM01004152.1 9149","Other"
"2263","ENA|OLKM01004154|OLKM01004154.1 13541","Intron"
"2264","ENA|OLKM01004154|OLKM01004154.1 22596","Intron"
"2265","ENA|OLKM01004154|OLKM01004154.1 22782","Intron"
"2266","ENA|OLKM01004161|OLKM01004161.1 15686","Other"
"2267","ENA|OLKM01004162|OLKM01004162.1 22726","Other"
"2268","ENA|OLKM01004173|OLKM01004173.1 3026","Other"
"2269","ENA|OLKM01004176|OLKM01004176.1 11378","Other"
"2270","ENA|OLKM01004177|OLKM01004177.1 8805","Intron"
"2271","ENA|OLKM01004189|OLKM01004189.1 3240","Intron"
"2272","ENA|OLKM01004189|OLKM01004189.1 5385","Intron"
"2273","ENA|OLKM01004189|OLKM01004189.1 5436","Intron"
"2274","ENA|OLKM01004189|OLKM01004189.1 5463","Intron"
"2275","ENA|OLKM01004189|OLKM01004189.1 5568","Intron"
"2276","ENA|OLKM01004189|OLKM01004189.1 5800","Intron"
"2277","ENA|OLKM01004189|OLKM01004189.1 6251","Intron"
"2278","ENA|OLKM01004189|OLKM01004189.1 7192","Intron"
"2279","ENA|OLKM01004189|OLKM01004189.1 7214","Intron"
"2280","ENA|OLKM01004189|OLKM01004189.1 8923","Intron"
"2281","ENA|OLKM01004189|OLKM01004189.1 11004","CDS"
"2282","ENA|OLKM01004189|OLKM01004189.1 11034","CDS"
"2283","ENA|OLKM01004189|OLKM01004189.1 11073","CDS"
"2284","ENA|OLKM01004189|OLKM01004189.1 11082","CDS"
"2285","ENA|OLKM01004189|OLKM01004189.1 11095","CDS"
"2286","ENA|OLKM01004189|OLKM01004189.1 11412","Intron"
"2287","ENA|OLKM01004189|OLKM01004189.1 12549","Other"
"2288","ENA|OLKM01004189|OLKM01004189.1 13854","Other"
"2289","ENA|OLKM01004189|OLKM01004189.1 16177","Other"
"2290","ENA|OLKM01004189|OLKM01004189.1 16515","Other"
"2291","ENA|OLKM01004189|OLKM01004189.1 20316","Intron"
"2292","ENA|OLKM01004198|OLKM01004198.1 9291","Other"
"2293","ENA|OLKM01004201|OLKM01004201.1 11381","Intron"
"2294","ENA|OLKM01004201|OLKM01004201.1 12804","Intron"
"2295","ENA|OLKM01004214|OLKM01004214.1 6818","Other"
"2296","ENA|OLKM01004214|OLKM01004214.1 9407","Other"
"2297","ENA|OLKM01004214|OLKM01004214.1 9632","Other"
"2298","ENA|OLKM01004214|OLKM01004214.1 9795","Other"
"2299","ENA|OLKM01004214|OLKM01004214.1 10027","Promoter"
"2300","ENA|OLKM01004214|OLKM01004214.1 10075","Promoter"
"2301","ENA|OLKM01004214|OLKM01004214.1 11230","Intron"
"2302","ENA|OLKM01004217|OLKM01004217.1 18657","Other"
"2303","ENA|OLKM01004217|OLKM01004217.1 18742","Other"
"2304","ENA|OLKM01004221|OLKM01004221.1 9927","Intron"
"2305","ENA|OLKM01004221|OLKM01004221.1 9979","Intron"
"2306","ENA|OLKM01004221|OLKM01004221.1 10296","CDS"
"2307","ENA|OLKM01004222|OLKM01004222.1 8985","Intron"
"2308","ENA|OLKM01004222|OLKM01004222.1 9746","Intron"
"2309","ENA|OLKM01004222|OLKM01004222.1 9770","Intron"
"2310","ENA|OLKM01004222|OLKM01004222.1 9811","Intron"
"2311","ENA|OLKM01004222|OLKM01004222.1 11321","CDS"
"2312","ENA|OLKM01004222|OLKM01004222.1 13321","Intron"
"2313","ENA|OLKM01004222|OLKM01004222.1 13336","Intron"
"2314","ENA|OLKM01004222|OLKM01004222.1 13339","Intron"
"2315","ENA|OLKM01004222|OLKM01004222.1 13349","Intron"
"2316","ENA|OLKM01004222|OLKM01004222.1 16574","Intron"
"2317","ENA|OLKM01004222|OLKM01004222.1 16600","Intron"
"2318","ENA|OLKM01004222|OLKM01004222.1 19814","Intron"
"2319","ENA|OLKM01004222|OLKM01004222.1 19827","Intron"
"2320","ENA|OLKM01004222|OLKM01004222.1 19901","Intron"
"2321","ENA|OLKM01004223|OLKM01004223.1 13492","Other"
"2322","ENA|OLKM01004223|OLKM01004223.1 13929","Other"
"2323","ENA|OLKM01004223|OLKM01004223.1 13942","Other"
"2324","ENA|OLKM01004224|OLKM01004224.1 14236","Other"
"2325","ENA|OLKM01004227|OLKM01004227.1 9040","CDS"
"2326","ENA|OLKM01004227|OLKM01004227.1 9981","CDS"
"2327","ENA|OLKM01004227|OLKM01004227.1 10644","CDS"
"2328","ENA|OLKM01004230|OLKM01004230.1 17726","CDS"
"2329","ENA|OLKM01004235|OLKM01004235.1 7214","Intron"
"2330","ENA|OLKM01004235|OLKM01004235.1 9553","Intron"
"2331","ENA|OLKM01004235|OLKM01004235.1 10009","CDS"
"2332","ENA|OLKM01004235|OLKM01004235.1 14892","Other"
"2333","ENA|OLKM01004237|OLKM01004237.1 20820","Other"
"2334","ENA|OLKM01004237|OLKM01004237.1 21440","Other"
"2335","ENA|OLKM01004237|OLKM01004237.1 21709","Promoter"
"2336","ENA|OLKM01004237|OLKM01004237.1 22230","CDS"
"2337","ENA|OLKM01004253|OLKM01004253.1 3183","CDS"
"2338","ENA|OLKM01004253|OLKM01004253.1 4021","CDS"
"2339","ENA|OLKM01004253|OLKM01004253.1 4150","CDS"
"2340","ENA|OLKM01004253|OLKM01004253.1 8603","Other"
"2341","ENA|OLKM01004264|OLKM01004264.1 7276","Other"
"2342","ENA|OLKM01004264|OLKM01004264.1 7616","Other"
"2343","ENA|OLKM01004267|OLKM01004267.1 6678","Other"
"2344","ENA|OLKM01004267|OLKM01004267.1 7488","Other"
"2345","ENA|OLKM01004267|OLKM01004267.1 10296","Other"
"2346","ENA|OLKM01004275|OLKM01004275.1 10754","Intron"
"2347","ENA|OLKM01004275|OLKM01004275.1 10990","Intron"
"2348","ENA|OLKM01004276|OLKM01004276.1 6784","Other"
"2349","ENA|OLKM01004276|OLKM01004276.1 7417","Other"
"2350","ENA|OLKM01004277|OLKM01004277.1 2676","Other"
"2351","ENA|OLKM01004277|OLKM01004277.1 5687","Intron"
"2352","ENA|OLKM01004281|OLKM01004281.1 1832","Other"
"2353","ENA|OLKM01004281|OLKM01004281.1 1911","Other"
"2354","ENA|OLKM01004281|OLKM01004281.1 1961","Other"
"2355","ENA|OLKM01004283|OLKM01004283.1 21976","Intron"
"2356","ENA|OLKM01004283|OLKM01004283.1 22086","Intron"
"2357","ENA|OLKM01004283|OLKM01004283.1 22169","Intron"
"2358","ENA|OLKM01004284|OLKM01004284.1 13329","Other"
"2359","ENA|OLKM01004285|OLKM01004285.1 2429","Other"
"2360","ENA|OLKM01004285|OLKM01004285.1 2526","Other"
"2361","ENA|OLKM01004285|OLKM01004285.1 4419","Other"
"2362","ENA|OLKM01004292|OLKM01004292.1 16892","Intron"
"2363","ENA|OLKM01004292|OLKM01004292.1 17210","Intron"
"2364","ENA|OLKM01004292|OLKM01004292.1 18518","Intron"
"2365","ENA|OLKM01004292|OLKM01004292.1 18622","Intron"
"2366","ENA|OLKM01004292|OLKM01004292.1 18632","Intron"
"2367","ENA|OLKM01004293|OLKM01004293.1 4471","Intron"
"2368","ENA|OLKM01004294|OLKM01004294.1 425","Other"
"2369","ENA|OLKM01004294|OLKM01004294.1 480","Other"
"2370","ENA|OLKM01004294|OLKM01004294.1 712","Other"
"2371","ENA|OLKM01004294|OLKM01004294.1 1967","Other"
"2372","ENA|OLKM01004294|OLKM01004294.1 4795","Intron"
"2373","ENA|OLKM01004294|OLKM01004294.1 5428","Intron"
"2374","ENA|OLKM01004294|OLKM01004294.1 5487","Intron"
"2375","ENA|OLKM01004294|OLKM01004294.1 5497","Intron"
"2376","ENA|OLKM01004294|OLKM01004294.1 5590","Intron"
"2377","ENA|OLKM01004294|OLKM01004294.1 5765","Intron"
"2378","ENA|OLKM01004294|OLKM01004294.1 5779","Intron"
"2379","ENA|OLKM01004294|OLKM01004294.1 12834","Intron"
"2380","ENA|OLKM01004294|OLKM01004294.1 13694","CDS"
"2381","ENA|OLKM01004296|OLKM01004296.1 12371","Other"
"2382","ENA|OLKM01004297|OLKM01004297.1 9075","Other"
"2383","ENA|OLKM01004297|OLKM01004297.1 12728","Other"
"2384","ENA|OLKM01004299|OLKM01004299.1 10961","Intron"
"2385","ENA|OLKM01004301|OLKM01004301.1 16654","Other"
"2386","ENA|OLKM01004304|OLKM01004304.1 3449","Intron"
"2387","ENA|OLKM01004304|OLKM01004304.1 17225","Other"
"2388","ENA|OLKM01004304|OLKM01004304.1 18553","Other"
"2389","ENA|OLKM01004312|OLKM01004312.1 9146","Intron"
"2390","ENA|OLKM01004312|OLKM01004312.1 9170","Intron"
"2391","ENA|OLKM01004312|OLKM01004312.1 9197","Intron"
"2392","ENA|OLKM01004312|OLKM01004312.1 9246","UTR5"
"2393","ENA|OLKM01004319|OLKM01004319.1 14033","Intron"
"2394","ENA|OLKM01004321|OLKM01004321.1 1915","Other"
"2395","ENA|OLKM01004321|OLKM01004321.1 2256","Other"
"2396","ENA|OLKM01004328|OLKM01004328.1 3427","Other"
"2397","ENA|OLKM01004328|OLKM01004328.1 3796","Other"
"2398","ENA|OLKM01004331|OLKM01004331.1 1019","Intron"
"2399","ENA|OLKM01004331|OLKM01004331.1 1233","Intron"
"2400","ENA|OLKM01004331|OLKM01004331.1 1303","Intron"
"2401","ENA|OLKM01004331|OLKM01004331.1 1498","Intron"
"2402","ENA|OLKM01004331|OLKM01004331.1 4174","Intron"
"2403","ENA|OLKM01004331|OLKM01004331.1 4849","Intron"
"2404","ENA|OLKM01004331|OLKM01004331.1 4913","Intron"
"2405","ENA|OLKM01004331|OLKM01004331.1 5807","CDS"
"2406","ENA|OLKM01004331|OLKM01004331.1 5835","Intron"
"2407","ENA|OLKM01004331|OLKM01004331.1 5867","Intron"
"2408","ENA|OLKM01004331|OLKM01004331.1 6099","Intron"
"2409","ENA|OLKM01004331|OLKM01004331.1 6248","Intron"
"2410","ENA|OLKM01004331|OLKM01004331.1 6383","Intron"
"2411","ENA|OLKM01004331|OLKM01004331.1 8372","Intron"
"2412","ENA|OLKM01004334|OLKM01004334.1 2155","Intron"
"2413","ENA|OLKM01004334|OLKM01004334.1 2197","Intron"
"2414","ENA|OLKM01004336|OLKM01004336.1 1541","Other"
"2415","ENA|OLKM01004336|OLKM01004336.1 7637","CDS"
"2416","ENA|OLKM01004336|OLKM01004336.1 7670","CDS"
"2417","ENA|OLKM01004336|OLKM01004336.1 8927","Intron"
"2418","ENA|OLKM01004336|OLKM01004336.1 10283","Intron"
"2419","ENA|OLKM01004342|OLKM01004342.1 335","Other"
"2420","ENA|OLKM01004342|OLKM01004342.1 14132","Other"
"2421","ENA|OLKM01004342|OLKM01004342.1 14448","Other"
"2422","ENA|OLKM01004348|OLKM01004348.1 18395","Other"
"2423","ENA|OLKM01004349|OLKM01004349.1 21152","Intron"
"2424","ENA|OLKM01004351|OLKM01004351.1 3565","Other"
"2425","ENA|OLKM01004351|OLKM01004351.1 4640","Other"
"2426","ENA|OLKM01004351|OLKM01004351.1 4654","Other"
"2427","ENA|OLKM01004356|OLKM01004356.1 13593","Other"
"2428","ENA|OLKM01004356|OLKM01004356.1 21670","Other"
"2429","ENA|OLKM01004362|OLKM01004362.1 8879","Intron"
"2430","ENA|OLKM01004362|OLKM01004362.1 8913","Intron"
"2431","ENA|OLKM01004363|OLKM01004363.1 7322","Intron"
"2432","ENA|OLKM01004366|OLKM01004366.1 5356","Other"
"2433","ENA|OLKM01004366|OLKM01004366.1 9824","Other"
"2434","ENA|OLKM01004366|OLKM01004366.1 10691","Other"
"2435","ENA|OLKM01004369|OLKM01004369.1 9277","Other"
"2436","ENA|OLKM01004369|OLKM01004369.1 10107","Other"
"2437","ENA|OLKM01004373|OLKM01004373.1 7394","Intron"
"2438","ENA|OLKM01004373|OLKM01004373.1 13356","Intron"
"2439","ENA|OLKM01004373|OLKM01004373.1 16980","Intron"
"2440","ENA|OLKM01004375|OLKM01004375.1 7917","Intron"
"2441","ENA|OLKM01004375|OLKM01004375.1 12827","Intron"
"2442","ENA|OLKM01004375|OLKM01004375.1 13655","Intron"
"2443","ENA|OLKM01004378|OLKM01004378.1 14945","Intron"
"2444","ENA|OLKM01004378|OLKM01004378.1 15559","Intron"
"2445","ENA|OLKM01004381|OLKM01004381.1 9809","Other"
"2446","ENA|OLKM01004381|OLKM01004381.1 9878","Other"
"2447","ENA|OLKM01004381|OLKM01004381.1 10796","Other"
"2448","ENA|OLKM01004383|OLKM01004383.1 21175","Intron"
"2449","ENA|OLKM01004383|OLKM01004383.1 21475","Intron"
"2450","ENA|OLKM01004383|OLKM01004383.1 21532","Intron"
"2451","ENA|OLKM01004383|OLKM01004383.1 22113","CDS"
"2452","ENA|OLKM01004396|OLKM01004396.1 11679","Other"
"2453","ENA|OLKM01004396|OLKM01004396.1 12391","Other"
"2454","ENA|OLKM01004396|OLKM01004396.1 13975","Other"
"2455","ENA|OLKM01004412|OLKM01004412.1 16242","Other"
"2456","ENA|OLKM01004412|OLKM01004412.1 17017","Other"
"2457","ENA|OLKM01004414|OLKM01004414.1 9357","Other"
"2458","ENA|OLKM01004414|OLKM01004414.1 9450","Other"
"2459","ENA|OLKM01004417|OLKM01004417.1 7175","Intron"
"2460","ENA|OLKM01004422|OLKM01004422.1 9569","Other"
"2461","ENA|OLKM01004422|OLKM01004422.1 11664","CDS"
"2462","ENA|OLKM01004425|OLKM01004425.1 12145","Intron"
"2463","ENA|OLKM01004425|OLKM01004425.1 12896","Terminator"
"2464","ENA|OLKM01004427|OLKM01004427.1 2421","Other"
"2465","ENA|OLKM01004427|OLKM01004427.1 6805","Other"
"2466","ENA|OLKM01004427|OLKM01004427.1 7656","Other"
"2467","ENA|OLKM01004428|OLKM01004428.1 15450","Intron"
"2468","ENA|OLKM01004429|OLKM01004429.1 6675","CDS"
"2469","ENA|OLKM01004429|OLKM01004429.1 7645","CDS"
"2470","ENA|OLKM01004429|OLKM01004429.1 8439","Other"
"2471","ENA|OLKM01004429|OLKM01004429.1 8755","Other"
"2472","ENA|OLKM01004429|OLKM01004429.1 8794","Other"
"2473","ENA|OLKM01004429|OLKM01004429.1 8984","Other"
"2474","ENA|OLKM01004429|OLKM01004429.1 10065","CDS"
"2475","ENA|OLKM01004429|OLKM01004429.1 10158","CDS"
"2476","ENA|OLKM01004429|OLKM01004429.1 10545","CDS"
"2477","ENA|OLKM01004429|OLKM01004429.1 11739","Other"
"2478","ENA|OLKM01004430|OLKM01004430.1 8875","Other"
"2479","ENA|OLKM01004432|OLKM01004432.1 11377","Other"
"2480","ENA|OLKM01004432|OLKM01004432.1 16886","Other"
"2481","ENA|OLKM01004432|OLKM01004432.1 17114","Other"
"2482","ENA|OLKM01004432|OLKM01004432.1 17143","Other"
"2483","ENA|OLKM01004435|OLKM01004435.1 11432","Intron"
"2484","ENA|OLKM01004435|OLKM01004435.1 11455","Intron"
"2485","ENA|OLKM01004438|OLKM01004438.1 1396","Other"
"2486","ENA|OLKM01004438|OLKM01004438.1 5763","CDS"
"2487","ENA|OLKM01004438|OLKM01004438.1 9369","Intron"
"2488","ENA|OLKM01004438|OLKM01004438.1 10587","Intron"
"2489","ENA|OLKM01004446|OLKM01004446.1 12763","Intron"
"2490","ENA|OLKM01004455|OLKM01004455.1 16855","Other"
"2491","ENA|OLKM01004455|OLKM01004455.1 17414","Other"
"2492","ENA|OLKM01004455|OLKM01004455.1 17417","Other"
"2493","ENA|OLKM01004460|OLKM01004460.1 5947","Intron"
"2494","ENA|OLKM01004460|OLKM01004460.1 6098","Intron"
"2495","ENA|OLKM01004460|OLKM01004460.1 7112","Intron"
"2496","ENA|OLKM01004460|OLKM01004460.1 8434","Intron"
"2497","ENA|OLKM01004460|OLKM01004460.1 8601","Intron"
"2498","ENA|OLKM01004460|OLKM01004460.1 8617","Intron"
"2499","ENA|OLKM01004460|OLKM01004460.1 8837","Intron"
"2500","ENA|OLKM01004462|OLKM01004462.1 6574","Other"
"2501","ENA|OLKM01004462|OLKM01004462.1 6718","Other"
"2502","ENA|OLKM01004462|OLKM01004462.1 8998","Other"
"2503","ENA|OLKM01004470|OLKM01004470.1 1348","CDS"
"2504","ENA|OLKM01004470|OLKM01004470.1 1709","CDS"
"2505","ENA|OLKM01004470|OLKM01004470.1 1815","CDS"
"2506","ENA|OLKM01004470|OLKM01004470.1 1828","CDS"
"2507","ENA|OLKM01004470|OLKM01004470.1 1850","CDS"
"2508","ENA|OLKM01004470|OLKM01004470.1 1900","CDS"
"2509","ENA|OLKM01004478|OLKM01004478.1 18893","Terminator"
"2510","ENA|OLKM01004487|OLKM01004487.1 537","CDS"
"2511","ENA|OLKM01004487|OLKM01004487.1 737","CDS"
"2512","ENA|OLKM01004487|OLKM01004487.1 1019","CDS"
"2513","ENA|OLKM01004487|OLKM01004487.1 1024","CDS"
"2514","ENA|OLKM01004487|OLKM01004487.1 1101","CDS"
"2515","ENA|OLKM01004487|OLKM01004487.1 1342","CDS"
"2516","ENA|OLKM01004487|OLKM01004487.1 1998","CDS"
"2517","ENA|OLKM01004487|OLKM01004487.1 5522","Other"
"2518","ENA|OLKM01004487|OLKM01004487.1 11986","Other"
"2519","ENA|OLKM01004487|OLKM01004487.1 11988","Other"
"2520","ENA|OLKM01004495|OLKM01004495.1 20703","Intron"
"2521","ENA|OLKM01004495|OLKM01004495.1 20709","Intron"
"2522","ENA|OLKM01004495|OLKM01004495.1 20722","CDS"
"2523","ENA|OLKM01004495|OLKM01004495.1 20792","CDS"
"2524","ENA|OLKM01004495|OLKM01004495.1 20828","CDS"
"2525","ENA|OLKM01004503|OLKM01004503.1 11612","Other"
"2526","ENA|OLKM01004505|OLKM01004505.1 19034","Other"
"2527","ENA|OLKM01004506|OLKM01004506.1 9387","Other"
"2528","ENA|OLKM01004507|OLKM01004507.1 2807","Other"
"2529","ENA|OLKM01004507|OLKM01004507.1 9577","Other"
"2530","ENA|OLKM01004509|OLKM01004509.1 13851","Intron"
"2531","ENA|OLKM01004509|OLKM01004509.1 13990","CDS"
"2532","ENA|OLKM01004509|OLKM01004509.1 18940","Other"
"2533","ENA|OLKM01004509|OLKM01004509.1 20127","Other"
"2534","ENA|OLKM01004514|OLKM01004514.1 6771","Intron"
"2535","ENA|OLKM01004514|OLKM01004514.1 14216","Other"
"2536","ENA|OLKM01004514|OLKM01004514.1 17140","Other"
"2537","ENA|OLKM01004514|OLKM01004514.1 17187","Other"
"2538","ENA|OLKM01004514|OLKM01004514.1 17405","Other"
"2539","ENA|OLKM01004519|OLKM01004519.1 13012","Other"
"2540","ENA|OLKM01004528|OLKM01004528.1 10415","Intron"
"2541","ENA|OLKM01004528|OLKM01004528.1 11894","Intron"
"2542","ENA|OLKM01004528|OLKM01004528.1 12012","Intron"
"2543","ENA|OLKM01004528|OLKM01004528.1 18903","Intron"
"2544","ENA|OLKM01004528|OLKM01004528.1 19056","Intron"
"2545","ENA|OLKM01004536|OLKM01004536.1 12364","Other"
"2546","ENA|OLKM01004536|OLKM01004536.1 12374","Other"
"2547","ENA|OLKM01004537|OLKM01004537.1 2692","Other"
"2548","ENA|OLKM01004537|OLKM01004537.1 3984","Other"
"2549","ENA|OLKM01004537|OLKM01004537.1 4164","Other"
"2550","ENA|OLKM01004537|OLKM01004537.1 6532","Other"
"2551","ENA|OLKM01004537|OLKM01004537.1 6617","Other"
"2552","ENA|OLKM01004537|OLKM01004537.1 6630","Other"
"2553","ENA|OLKM01004538|OLKM01004538.1 11155","Other"
"2554","ENA|OLKM01004542|OLKM01004542.1 6095","Intron"
"2555","ENA|OLKM01004542|OLKM01004542.1 7316","CDS"
"2556","ENA|OLKM01004542|OLKM01004542.1 14063","Other"
"2557","ENA|OLKM01004542|OLKM01004542.1 16152","Other"
"2558","ENA|OLKM01004550|OLKM01004550.1 12773","Intron"
"2559","ENA|OLKM01004558|OLKM01004558.1 12136","Intron"
"2560","ENA|OLKM01004559|OLKM01004559.1 4181","Other"
"2561","ENA|OLKM01004559|OLKM01004559.1 4297","Other"
"2562","ENA|OLKM01004560|OLKM01004560.1 11170","Other"
"2563","ENA|OLKM01004560|OLKM01004560.1 11608","Other"
"2564","ENA|OLKM01004560|OLKM01004560.1 19234","Other"
"2565","ENA|OLKM01004562|OLKM01004562.1 13296","Promoter"
"2566","ENA|OLKM01004562|OLKM01004562.1 13464","CDS"
"2567","ENA|OLKM01004565|OLKM01004565.1 5959","Other"
"2568","ENA|OLKM01004565|OLKM01004565.1 7210","Other"
"2569","ENA|OLKM01004565|OLKM01004565.1 7630","Other"
"2570","ENA|OLKM01004565|OLKM01004565.1 8450","Other"
"2571","ENA|OLKM01004565|OLKM01004565.1 10211","Other"
"2572","ENA|OLKM01004565|OLKM01004565.1 10213","Other"
"2573","ENA|OLKM01004565|OLKM01004565.1 10540","Other"
"2574","ENA|OLKM01004565|OLKM01004565.1 11434","Other"
"2575","ENA|OLKM01004565|OLKM01004565.1 11607","Other"
"2576","ENA|OLKM01004565|OLKM01004565.1 12491","Other"
"2577","ENA|OLKM01004565|OLKM01004565.1 14120","Other"
"2578","ENA|OLKM01004570|OLKM01004570.1 11164","Intron"
"2579","ENA|OLKM01004573|OLKM01004573.1 15279","Other"
"2580","ENA|OLKM01004576|OLKM01004576.1 14007","Other"
"2581","ENA|OLKM01004582|OLKM01004582.1 5518","Other"
"2582","ENA|OLKM01004582|OLKM01004582.1 6077","Other"
"2583","ENA|OLKM01004582|OLKM01004582.1 6109","Other"
"2584","ENA|OLKM01004582|OLKM01004582.1 7994","Intron"
"2585","ENA|OLKM01004603|OLKM01004603.1 8577","Intron"
"2586","ENA|OLKM01004619|OLKM01004619.1 118","CDS"
"2587","ENA|OLKM01004619|OLKM01004619.1 643","CDS"
"2588","ENA|OLKM01004619|OLKM01004619.1 695","CDS"
"2589","ENA|OLKM01004619|OLKM01004619.1 1072","Terminator"
"2590","ENA|OLKM01004619|OLKM01004619.1 1077","Terminator"
"2591","ENA|OLKM01004619|OLKM01004619.1 1636","Other"
"2592","ENA|OLKM01004619|OLKM01004619.1 1958","Other"
"2593","ENA|OLKM01004620|OLKM01004620.1 9227","CDS"
"2594","ENA|OLKM01004621|OLKM01004621.1 18193","CDS"
"2595","ENA|OLKM01004632|OLKM01004632.1 9921","Intron"
"2596","ENA|OLKM01004639|OLKM01004639.1 3070","CDS"
"2597","ENA|OLKM01004642|OLKM01004642.1 4836","Other"
"2598","ENA|OLKM01004653|OLKM01004653.1 3147","CDS"
"2599","ENA|OLKM01004653|OLKM01004653.1 3945","Other"
"2600","ENA|OLKM01004653|OLKM01004653.1 4069","Other"
"2601","ENA|OLKM01004653|OLKM01004653.1 4753","Other"
"2602","ENA|OLKM01004653|OLKM01004653.1 4840","Other"
"2603","ENA|OLKM01004653|OLKM01004653.1 4895","Other"
"2604","ENA|OLKM01004653|OLKM01004653.1 4994","Other"
"2605","ENA|OLKM01004653|OLKM01004653.1 5020","Other"
"2606","ENA|OLKM01004653|OLKM01004653.1 7297","Intron"
"2607","ENA|OLKM01004653|OLKM01004653.1 19161","Intron"
"2608","ENA|OLKM01004659|OLKM01004659.1 5547","Other"
"2609","ENA|OLKM01004661|OLKM01004661.1 3729","Other"
"2610","ENA|OLKM01004661|OLKM01004661.1 3801","Other"
"2611","ENA|OLKM01004661|OLKM01004661.1 3888","Other"
"2612","ENA|OLKM01004661|OLKM01004661.1 4454","Other"
"2613","ENA|OLKM01004661|OLKM01004661.1 8548","Other"
"2614","ENA|OLKM01004661|OLKM01004661.1 8966","Other"
"2615","ENA|OLKM01004661|OLKM01004661.1 12835","Intron"
"2616","ENA|OLKM01004661|OLKM01004661.1 14060","Intron"
"2617","ENA|OLKM01004661|OLKM01004661.1 14204","Intron"
"2618","ENA|OLKM01004662|OLKM01004662.1 6688","Intron"
"2619","ENA|OLKM01004662|OLKM01004662.1 8297","Intron"
"2620","ENA|OLKM01004662|OLKM01004662.1 8384","Intron"
"2621","ENA|OLKM01004663|OLKM01004663.1 1575","Other"
"2622","ENA|OLKM01004665|OLKM01004665.1 2686","Other"
"2623","ENA|OLKM01004665|OLKM01004665.1 2757","Other"
"2624","ENA|OLKM01004665|OLKM01004665.1 2759","Other"
"2625","ENA|OLKM01004665|OLKM01004665.1 2813","Other"
"2626","ENA|OLKM01004665|OLKM01004665.1 2853","Other"
"2627","ENA|OLKM01004668|OLKM01004668.1 5826","Intron"
"2628","ENA|OLKM01004668|OLKM01004668.1 6105","Intron"
"2629","ENA|OLKM01004668|OLKM01004668.1 6144","Intron"
"2630","ENA|OLKM01004668|OLKM01004668.1 7931","Intron"
"2631","ENA|OLKM01004668|OLKM01004668.1 13350","Intron"
"2632","ENA|OLKM01004668|OLKM01004668.1 13360","Intron"
"2633","ENA|OLKM01004669|OLKM01004669.1 6882","Intron"
"2634","ENA|OLKM01004669|OLKM01004669.1 6909","Intron"
"2635","ENA|OLKM01004669|OLKM01004669.1 6911","Intron"
"2636","ENA|OLKM01004669|OLKM01004669.1 6924","Intron"
"2637","ENA|OLKM01004669|OLKM01004669.1 8026","CDS"
"2638","ENA|OLKM01004669|OLKM01004669.1 8055","CDS"
"2639","ENA|OLKM01004684|OLKM01004684.1 6096","Other"
"2640","ENA|OLKM01004684|OLKM01004684.1 12354","Intron"
"2641","ENA|OLKM01004684|OLKM01004684.1 12433","Intron"
"2642","ENA|OLKM01004684|OLKM01004684.1 14799","CDS"
"2643","ENA|OLKM01004687|OLKM01004687.1 3368","Other"
"2644","ENA|OLKM01004687|OLKM01004687.1 3427","Other"
"2645","ENA|OLKM01004687|OLKM01004687.1 5269","Other"
"2646","ENA|OLKM01004687|OLKM01004687.1 7883","Other"
"2647","ENA|OLKM01004687|OLKM01004687.1 9319","Other"
"2648","ENA|OLKM01004687|OLKM01004687.1 10252","Other"
"2649","ENA|OLKM01004688|OLKM01004688.1 11281","Other"
"2650","ENA|OLKM01004689|OLKM01004689.1 13643","Intron"
"2651","ENA|OLKM01004689|OLKM01004689.1 13725","Intron"
"2652","ENA|OLKM01004691|OLKM01004691.1 2722","Intron"
"2653","ENA|OLKM01004691|OLKM01004691.1 5625","Intron"
"2654","ENA|OLKM01004691|OLKM01004691.1 10721","Other"
"2655","ENA|OLKM01004698|OLKM01004698.1 5525","Other"
"2656","ENA|OLKM01004698|OLKM01004698.1 5534","Other"
"2657","ENA|OLKM01004705|OLKM01004705.1 2422","Other"
"2658","ENA|OLKM01004705|OLKM01004705.1 2899","Other"
"2659","ENA|OLKM01004715|OLKM01004715.1 6381","CDS"
"2660","ENA|OLKM01004715|OLKM01004715.1 10289","Other"
"2661","ENA|OLKM01004720|OLKM01004720.1 4716","Other"
"2662","ENA|OLKM01004720|OLKM01004720.1 4860","Other"
"2663","ENA|OLKM01004720|OLKM01004720.1 4869","Other"
"2664","ENA|OLKM01004720|OLKM01004720.1 5747","Other"
"2665","ENA|OLKM01004726|OLKM01004726.1 3478","Other"
"2666","ENA|OLKM01004727|OLKM01004727.1 3341","Other"
"2667","ENA|OLKM01004727|OLKM01004727.1 3618","Other"
"2668","ENA|OLKM01004742|OLKM01004742.1 9804","Intron"
"2669","ENA|OLKM01004742|OLKM01004742.1 15551","Other"
"2670","ENA|OLKM01004745|OLKM01004745.1 4380","Other"
"2671","ENA|OLKM01004745|OLKM01004745.1 4431","Other"
"2672","ENA|OLKM01004746|OLKM01004746.1 13027","Other"
"2673","ENA|OLKM01004748|OLKM01004748.1 10628","Other"
"2674","ENA|OLKM01004754|OLKM01004754.1 18796","Other"
"2675","ENA|OLKM01004756|OLKM01004756.1 17407","UTR3"
"2676","ENA|OLKM01004757|OLKM01004757.1 691","CDS"
"2677","ENA|OLKM01004757|OLKM01004757.1 703","CDS"
"2678","ENA|OLKM01004757|OLKM01004757.1 4035","Other"
"2679","ENA|OLKM01004757|OLKM01004757.1 7302","Other"
"2680","ENA|OLKM01004763|OLKM01004763.1 10545","Other"
"2681","ENA|OLKM01004768|OLKM01004768.1 15780","Other"
"2682","ENA|OLKM01004768|OLKM01004768.1 16392","Other"
"2683","ENA|OLKM01004774|OLKM01004774.1 17637","Other"
"2684","ENA|OLKM01004785|OLKM01004785.1 1601","Other"
"2685","ENA|OLKM01004785|OLKM01004785.1 4118","Other"
"2686","ENA|OLKM01004785|OLKM01004785.1 17207","Other"
"2687","ENA|OLKM01004794|OLKM01004794.1 6966","CDS"
"2688","ENA|OLKM01004795|OLKM01004795.1 12461","Other"
"2689","ENA|OLKM01004800|OLKM01004800.1 12756","Intron"
"2690","ENA|OLKM01004803|OLKM01004803.1 17278","Other"
"2691","ENA|OLKM01004804|OLKM01004804.1 10678","Intron"
"2692","ENA|OLKM01004804|OLKM01004804.1 11159","Intron"
"2693","ENA|OLKM01004804|OLKM01004804.1 11166","Intron"
"2694","ENA|OLKM01004804|OLKM01004804.1 11376","CDS"
"2695","ENA|OLKM01004804|OLKM01004804.1 12205","Other"
"2696","ENA|OLKM01004804|OLKM01004804.1 13291","Other"
"2697","ENA|OLKM01004804|OLKM01004804.1 14039","Other"
"2698","ENA|OLKM01004804|OLKM01004804.1 14482","Other"
"2699","ENA|OLKM01004810|OLKM01004810.1 991","Other"
"2700","ENA|OLKM01004810|OLKM01004810.1 15041","Other"
"2701","ENA|OLKM01004810|OLKM01004810.1 15189","Other"
"2702","ENA|OLKM01004811|OLKM01004811.1 1658","Other"
"2703","ENA|OLKM01004811|OLKM01004811.1 2922","CDS"
"2704","ENA|OLKM01004819|OLKM01004819.1 6792","Other"
"2705","ENA|OLKM01004825|OLKM01004825.1 5523","Other"
"2706","ENA|OLKM01004826|OLKM01004826.1 6319","Intron"
"2707","ENA|OLKM01004826|OLKM01004826.1 11969","Intron"
"2708","ENA|OLKM01004827|OLKM01004827.1 9792","Other"
"2709","ENA|OLKM01004827|OLKM01004827.1 9834","Other"
"2710","ENA|OLKM01004827|OLKM01004827.1 14336","CDS"
"2711","ENA|OLKM01004827|OLKM01004827.1 14354","CDS"
"2712","ENA|OLKM01004827|OLKM01004827.1 14465","CDS"
"2713","ENA|OLKM01004828|OLKM01004828.1 4339","Intron"
"2714","ENA|OLKM01004828|OLKM01004828.1 5095","CDS"
"2715","ENA|OLKM01004829|OLKM01004829.1 883","UTR5"
"2716","ENA|OLKM01004830|OLKM01004830.1 5253","Intron"
"2717","ENA|OLKM01004830|OLKM01004830.1 5357","Intron"
"2718","ENA|OLKM01004831|OLKM01004831.1 4497","Intron"
"2719","ENA|OLKM01004832|OLKM01004832.1 395","CDS"
"2720","ENA|OLKM01004832|OLKM01004832.1 603","Intron"
"2721","ENA|OLKM01004832|OLKM01004832.1 14104","Intron"
"2722","ENA|OLKM01004832|OLKM01004832.1 14255","Intron"
"2723","ENA|OLKM01004832|OLKM01004832.1 16751","Other"
"2724","ENA|OLKM01004832|OLKM01004832.1 19002","Other"
"2725","ENA|OLKM01004837|OLKM01004837.1 10175","Intron"
"2726","ENA|OLKM01004843|OLKM01004843.1 2433","Intron"
"2727","ENA|OLKM01004847|OLKM01004847.1 3076","Other"
"2728","ENA|OLKM01004847|OLKM01004847.1 4005","CDS"
"2729","ENA|OLKM01004847|OLKM01004847.1 4463","Intron"
"2730","ENA|OLKM01004847|OLKM01004847.1 5091","Intron"
"2731","ENA|OLKM01004847|OLKM01004847.1 8200","Intron"
"2732","ENA|OLKM01004847|OLKM01004847.1 9629","Intron"
"2733","ENA|OLKM01004849|OLKM01004849.1 7545","Intron"
"2734","ENA|OLKM01004853|OLKM01004853.1 8281","Other"
"2735","ENA|OLKM01004853|OLKM01004853.1 14783","Other"
"2736","ENA|OLKM01004854|OLKM01004854.1 1355","CDS"
"2737","ENA|OLKM01004857|OLKM01004857.1 5032","Other"
"2738","ENA|OLKM01004861|OLKM01004861.1 11329","CDS"
"2739","ENA|OLKM01004861|OLKM01004861.1 11396","CDS"
"2740","ENA|OLKM01004865|OLKM01004865.1 10267","Intron"
"2741","ENA|OLKM01004867|OLKM01004867.1 14569","Other"
"2742","ENA|OLKM01004867|OLKM01004867.1 15148","Other"
"2743","ENA|OLKM01004869|OLKM01004869.1 18657","Intron"
"2744","ENA|OLKM01004874|OLKM01004874.1 4564","CDS"
"2745","ENA|OLKM01004874|OLKM01004874.1 4648","CDS"
"2746","ENA|OLKM01004874|OLKM01004874.1 4659","CDS"
"2747","ENA|OLKM01004874|OLKM01004874.1 4690","CDS"
"2748","ENA|OLKM01004874|OLKM01004874.1 4697","CDS"
"2749","ENA|OLKM01004874|OLKM01004874.1 4938","CDS"
"2750","ENA|OLKM01004874|OLKM01004874.1 4968","CDS"
"2751","ENA|OLKM01004874|OLKM01004874.1 5159","CDS"
"2752","ENA|OLKM01004874|OLKM01004874.1 5323","CDS"
"2753","ENA|OLKM01004874|OLKM01004874.1 5409","CDS"
"2754","ENA|OLKM01004874|OLKM01004874.1 5906","UTR5"
"2755","ENA|OLKM01004874|OLKM01004874.1 6411","Terminator"
"2756","ENA|OLKM01004874|OLKM01004874.1 6438","Terminator"
"2757","ENA|OLKM01004874|OLKM01004874.1 9407","Other"
"2758","ENA|OLKM01004874|OLKM01004874.1 10456","UTR3"
"2759","ENA|OLKM01004874|OLKM01004874.1 15849","Other"
"2760","ENA|OLKM01004874|OLKM01004874.1 16939","Other"
"2761","ENA|OLKM01004879|OLKM01004879.1 1874","Other"
"2762","ENA|OLKM01004879|OLKM01004879.1 2550","Other"
"2763","ENA|OLKM01004879|OLKM01004879.1 4971","Other"
"2764","ENA|OLKM01004881|OLKM01004881.1 1793","Other"
"2765","ENA|OLKM01004886|OLKM01004886.1 1830","Other"
"2766","ENA|OLKM01004886|OLKM01004886.1 8041","Other"
"2767","ENA|OLKM01004890|OLKM01004890.1 15125","Intron"
"2768","ENA|OLKM01004890|OLKM01004890.1 18368","CDS"
"2769","ENA|OLKM01004894|OLKM01004894.1 3692","Promoter"
"2770","ENA|OLKM01004894|OLKM01004894.1 3763","Promoter"
"2771","ENA|OLKM01004894|OLKM01004894.1 9075","UTR3"
"2772","ENA|OLKM01004899|OLKM01004899.1 6642","CDS"
"2773","ENA|OLKM01004899|OLKM01004899.1 6654","CDS"
"2774","ENA|OLKM01004908|OLKM01004908.1 4397","Other"
"2775","ENA|OLKM01004908|OLKM01004908.1 5079","Other"
"2776","ENA|OLKM01004908|OLKM01004908.1 5366","Other"
"2777","ENA|OLKM01004910|OLKM01004910.1 2255","Promoter"
"2778","ENA|OLKM01004910|OLKM01004910.1 16712","Other"
"2779","ENA|OLKM01004910|OLKM01004910.1 17071","Other"
"2780","ENA|OLKM01004922|OLKM01004922.1 6861","Intron"
"2781","ENA|OLKM01004922|OLKM01004922.1 13991","CDS"
"2782","ENA|OLKM01004922|OLKM01004922.1 14164","CDS"
"2783","ENA|OLKM01004922|OLKM01004922.1 14227","CDS"
"2784","ENA|OLKM01004924|OLKM01004924.1 9828","Intron"
"2785","ENA|OLKM01004925|OLKM01004925.1 8952","Intron"
"2786","ENA|OLKM01004925|OLKM01004925.1 14224","Other"
"2787","ENA|OLKM01004926|OLKM01004926.1 8145","Other"
"2788","ENA|OLKM01004926|OLKM01004926.1 11353","CDS"
"2789","ENA|OLKM01004926|OLKM01004926.1 11357","CDS"
"2790","ENA|OLKM01004926|OLKM01004926.1 11393","CDS"
"2791","ENA|OLKM01004926|OLKM01004926.1 11515","CDS"
"2792","ENA|OLKM01004926|OLKM01004926.1 13804","Intron"
"2793","ENA|OLKM01004926|OLKM01004926.1 14155","Intron"
"2794","ENA|OLKM01004927|OLKM01004927.1 15526","Other"
"2795","ENA|OLKM01004934|OLKM01004934.1 9359","Promoter"
"2796","ENA|OLKM01004943|OLKM01004943.1 8192","Other"
"2797","ENA|OLKM01004943|OLKM01004943.1 11532","Other"
"2798","ENA|OLKM01004954|OLKM01004954.1 416","Other"
"2799","ENA|OLKM01004954|OLKM01004954.1 419","Other"
"2800","ENA|OLKM01004954|OLKM01004954.1 488","Other"
"2801","ENA|OLKM01004954|OLKM01004954.1 545","Other"
"2802","ENA|OLKM01004954|OLKM01004954.1 638","Other"
"2803","ENA|OLKM01004954|OLKM01004954.1 785","Promoter"
"2804","ENA|OLKM01004954|OLKM01004954.1 832","Promoter"
"2805","ENA|OLKM01004954|OLKM01004954.1 842","Promoter"
"2806","ENA|OLKM01004954|OLKM01004954.1 929","CDS"
"2807","ENA|OLKM01004954|OLKM01004954.1 992","CDS"
"2808","ENA|OLKM01004954|OLKM01004954.1 1057","CDS"
"2809","ENA|OLKM01004954|OLKM01004954.1 1242","Other"
"2810","ENA|OLKM01004954|OLKM01004954.1 1269","Other"
"2811","ENA|OLKM01004954|OLKM01004954.1 3642","Intron"
"2812","ENA|OLKM01004954|OLKM01004954.1 3652","Intron"
"2813","ENA|OLKM01004954|OLKM01004954.1 3954","Intron"
"2814","ENA|OLKM01004954|OLKM01004954.1 4550","Intron"
"2815","ENA|OLKM01004954|OLKM01004954.1 4655","Intron"
"2816","ENA|OLKM01004954|OLKM01004954.1 4760","Intron"
"2817","ENA|OLKM01004954|OLKM01004954.1 4800","Intron"
"2818","ENA|OLKM01004954|OLKM01004954.1 5721","Intron"
"2819","ENA|OLKM01004954|OLKM01004954.1 5787","Intron"
"2820","ENA|OLKM01004954|OLKM01004954.1 6394","Intron"
"2821","ENA|OLKM01004954|OLKM01004954.1 11664","Intron"
"2822","ENA|OLKM01004965|OLKM01004965.1 6353","Other"
"2823","ENA|OLKM01004965|OLKM01004965.1 10906","Other"
"2824","ENA|OLKM01004965|OLKM01004965.1 11019","Other"
"2825","ENA|OLKM01004965|OLKM01004965.1 14197","Other"
"2826","ENA|OLKM01004965|OLKM01004965.1 14718","Other"
"2827","ENA|OLKM01004966|OLKM01004966.1 3485","Intron"
"2828","ENA|OLKM01004966|OLKM01004966.1 3889","Intron"
"2829","ENA|OLKM01004967|OLKM01004967.1 5217","Intron"
"2830","ENA|OLKM01004967|OLKM01004967.1 6099","Intron"
"2831","ENA|OLKM01004967|OLKM01004967.1 6281","Intron"
"2832","ENA|OLKM01004967|OLKM01004967.1 6404","Intron"
"2833","ENA|OLKM01004967|OLKM01004967.1 6417","Intron"
"2834","ENA|OLKM01004989|OLKM01004989.1 5515","Other"
"2835","ENA|OLKM01004989|OLKM01004989.1 6130","Other"
"2836","ENA|OLKM01004989|OLKM01004989.1 6664","Other"
"2837","ENA|OLKM01004989|OLKM01004989.1 9838","Other"
"2838","ENA|OLKM01004989|OLKM01004989.1 11472","Other"
"2839","ENA|OLKM01004989|OLKM01004989.1 11487","Other"
"2840","ENA|OLKM01004991|OLKM01004991.1 11003","Intron"
"2841","ENA|OLKM01005000|OLKM01005000.1 8338","Other"
"2842","ENA|OLKM01005003|OLKM01005003.1 9874","Other"
"2843","ENA|OLKM01005003|OLKM01005003.1 13787","Other"
"2844","ENA|OLKM01005003|OLKM01005003.1 16756","Other"
"2845","ENA|OLKM01005007|OLKM01005007.1 3152","Other"
"2846","ENA|OLKM01005016|OLKM01005016.1 5588","UTR3"
"2847","ENA|OLKM01005016|OLKM01005016.1 6901","Other"
"2848","ENA|OLKM01005016|OLKM01005016.1 7837","Other"
"2849","ENA|OLKM01005020|OLKM01005020.1 8692","Intron"
"2850","ENA|OLKM01005029|OLKM01005029.1 11228","Intron"
"2851","ENA|OLKM01005033|OLKM01005033.1 10516","Other"
"2852","ENA|OLKM01005034|OLKM01005034.1 2037","Intron"
"2853","ENA|OLKM01005034|OLKM01005034.1 2047","Intron"
"2854","ENA|OLKM01005039|OLKM01005039.1 16094","Other"
"2855","ENA|OLKM01005041|OLKM01005041.1 5142","Other"
"2856","ENA|OLKM01005044|OLKM01005044.1 7346","Other"
"2857","ENA|OLKM01005049|OLKM01005049.1 8039","CDS"
"2858","ENA|OLKM01005051|OLKM01005051.1 1271","Other"
"2859","ENA|OLKM01005052|OLKM01005052.1 8960","Other"
"2860","ENA|OLKM01005054|OLKM01005054.1 12388","Other"
"2861","ENA|OLKM01005063|OLKM01005063.1 1531","Other"
"2862","ENA|OLKM01005063|OLKM01005063.1 1878","Other"
"2863","ENA|OLKM01005063|OLKM01005063.1 1893","Other"
"2864","ENA|OLKM01005063|OLKM01005063.1 2608","Other"
"2865","ENA|OLKM01005063|OLKM01005063.1 3202","Other"
"2866","ENA|OLKM01005063|OLKM01005063.1 3474","Other"
"2867","ENA|OLKM01005066|OLKM01005066.1 9768","Intron"
"2868","ENA|OLKM01005066|OLKM01005066.1 17288","Other"
"2869","ENA|OLKM01005066|OLKM01005066.1 17346","Other"
"2870","ENA|OLKM01005066|OLKM01005066.1 17411","Other"
"2871","ENA|OLKM01005067|OLKM01005067.1 8637","CDS"
"2872","ENA|OLKM01005067|OLKM01005067.1 10327","UTR3"
"2873","ENA|OLKM01005080|OLKM01005080.1 8011","Other"
"2874","ENA|OLKM01005081|OLKM01005081.1 15917","Other"
"2875","ENA|OLKM01005087|OLKM01005087.1 12197","Intron"
"2876","ENA|OLKM01005087|OLKM01005087.1 13279","CDS"
"2877","ENA|OLKM01005091|OLKM01005091.1 8975","Other"
"2878","ENA|OLKM01005091|OLKM01005091.1 9053","Other"
"2879","ENA|OLKM01005091|OLKM01005091.1 15448","Other"
"2880","ENA|OLKM01005094|OLKM01005094.1 12387","Other"
"2881","ENA|OLKM01005103|OLKM01005103.1 1571","Other"
"2882","ENA|OLKM01005103|OLKM01005103.1 4618","Other"
"2883","ENA|OLKM01005103|OLKM01005103.1 4899","Other"
"2884","ENA|OLKM01005109|OLKM01005109.1 5032","Other"
"2885","ENA|OLKM01005116|OLKM01005116.1 14286","Other"
"2886","ENA|OLKM01005116|OLKM01005116.1 15318","Other"
"2887","ENA|OLKM01005117|OLKM01005117.1 3672","Intron"
"2888","ENA|OLKM01005118|OLKM01005118.1 3574","Other"
"2889","ENA|OLKM01005120|OLKM01005120.1 761","Intron"
"2890","ENA|OLKM01005120|OLKM01005120.1 12862","Other"
"2891","ENA|OLKM01005120|OLKM01005120.1 12990","Other"
"2892","ENA|OLKM01005131|OLKM01005131.1 14818","Other"
"2893","ENA|OLKM01005138|OLKM01005138.1 1782","Other"
"2894","ENA|OLKM01005153|OLKM01005153.1 15687","Other"
"2895","ENA|OLKM01005153|OLKM01005153.1 15845","Other"
"2896","ENA|OLKM01005153|OLKM01005153.1 16055","Other"
"2897","ENA|OLKM01005153|OLKM01005153.1 16064","Other"
"2898","ENA|OLKM01005153|OLKM01005153.1 16087","Other"
"2899","ENA|OLKM01005153|OLKM01005153.1 16334","Other"
"2900","ENA|OLKM01005161|OLKM01005161.1 3585","Other"
"2901","ENA|OLKM01005161|OLKM01005161.1 3620","Other"
"2902","ENA|OLKM01005161|OLKM01005161.1 3661","Other"
"2903","ENA|OLKM01005161|OLKM01005161.1 3737","Other"
"2904","ENA|OLKM01005161|OLKM01005161.1 4245","Intron"
"2905","ENA|OLKM01005177|OLKM01005177.1 2298","Other"
"2906","ENA|OLKM01005187|OLKM01005187.1 9905","Other"
"2907","ENA|OLKM01005187|OLKM01005187.1 10488","Other"
"2908","ENA|OLKM01005194|OLKM01005194.1 16529","Other"
"2909","ENA|OLKM01005201|OLKM01005201.1 5589","Other"
"2910","ENA|OLKM01005201|OLKM01005201.1 6270","Other"
"2911","ENA|OLKM01005201|OLKM01005201.1 9231","Other"
"2912","ENA|OLKM01005206|OLKM01005206.1 13913","Other"
"2913","ENA|OLKM01005207|OLKM01005207.1 4271","Intron"
"2914","ENA|OLKM01005216|OLKM01005216.1 3853","Other"
"2915","ENA|OLKM01005219|OLKM01005219.1 901","Other"
"2916","ENA|OLKM01005219|OLKM01005219.1 3739","Other"
"2917","ENA|OLKM01005229|OLKM01005229.1 10913","Other"
"2918","ENA|OLKM01005229|OLKM01005229.1 11748","Intron"
"2919","ENA|OLKM01005229|OLKM01005229.1 12255","Intron"
"2920","ENA|OLKM01005235|OLKM01005235.1 1855","CDS"
"2921","ENA|OLKM01005235|OLKM01005235.1 2377","Intron"
"2922","ENA|OLKM01005235|OLKM01005235.1 2862","CDS"
"2923","ENA|OLKM01005235|OLKM01005235.1 3010","Intron"
"2924","ENA|OLKM01005235|OLKM01005235.1 6022","Intron"
"2925","ENA|OLKM01005235|OLKM01005235.1 6054","Intron"
"2926","ENA|OLKM01005235|OLKM01005235.1 7673","Intron"
"2927","ENA|OLKM01005235|OLKM01005235.1 9701","Other"
"2928","ENA|OLKM01005235|OLKM01005235.1 9726","Other"
"2929","ENA|OLKM01005235|OLKM01005235.1 9998","Other"
"2930","ENA|OLKM01005235|OLKM01005235.1 10058","Other"
"2931","ENA|OLKM01005235|OLKM01005235.1 10095","Other"
"2932","ENA|OLKM01005235|OLKM01005235.1 10234","Other"
"2933","ENA|OLKM01005235|OLKM01005235.1 10616","Other"
"2934","ENA|OLKM01005235|OLKM01005235.1 10638","Other"
"2935","ENA|OLKM01005235|OLKM01005235.1 10663","Other"
"2936","ENA|OLKM01005235|OLKM01005235.1 12645","Other"
"2937","ENA|OLKM01005235|OLKM01005235.1 16536","CDS"
"2938","ENA|OLKM01005244|OLKM01005244.1 1323","Other"
"2939","ENA|OLKM01005255|OLKM01005255.1 8504","Other"
"2940","ENA|OLKM01005258|OLKM01005258.1 1620","Other"
"2941","ENA|OLKM01005258|OLKM01005258.1 3305","Other"
"2942","ENA|OLKM01005259|OLKM01005259.1 4896","Other"
"2943","ENA|OLKM01005265|OLKM01005265.1 7409","Other"
"2944","ENA|OLKM01005265|OLKM01005265.1 7935","Other"
"2945","ENA|OLKM01005265|OLKM01005265.1 8488","Other"
"2946","ENA|OLKM01005265|OLKM01005265.1 8782","Other"
"2947","ENA|OLKM01005265|OLKM01005265.1 8883","Other"
"2948","ENA|OLKM01005265|OLKM01005265.1 12166","Other"
"2949","ENA|OLKM01005265|OLKM01005265.1 13445","Other"
"2950","ENA|OLKM01005268|OLKM01005268.1 5504","UTR5"
"2951","ENA|OLKM01005269|OLKM01005269.1 5558","Other"
"2952","ENA|OLKM01005269|OLKM01005269.1 7195","Other"
"2953","ENA|OLKM01005269|OLKM01005269.1 8807","Other"
"2954","ENA|OLKM01005276|OLKM01005276.1 3303","Other"
"2955","ENA|OLKM01005283|OLKM01005283.1 6912","Other"
"2956","ENA|OLKM01005283|OLKM01005283.1 7104","Other"
"2957","ENA|OLKM01005287|OLKM01005287.1 15080","Other"
"2958","ENA|OLKM01005293|OLKM01005293.1 2464","Other"
"2959","ENA|OLKM01005293|OLKM01005293.1 3943","Other"
"2960","ENA|OLKM01005294|OLKM01005294.1 7603","Other"
"2961","ENA|OLKM01005296|OLKM01005296.1 10678","Other"
"2962","ENA|OLKM01005306|OLKM01005306.1 3991","Intron"
"2963","ENA|OLKM01005306|OLKM01005306.1 5304","Terminator"
"2964","ENA|OLKM01005321|OLKM01005321.1 3250","Other"
"2965","ENA|OLKM01005321|OLKM01005321.1 3381","Other"
"2966","ENA|OLKM01005321|OLKM01005321.1 3914","Other"
"2967","ENA|OLKM01005321|OLKM01005321.1 4604","Other"
"2968","ENA|OLKM01005321|OLKM01005321.1 6315","Other"
"2969","ENA|OLKM01005329|OLKM01005329.1 4932","Other"
"2970","ENA|OLKM01005330|OLKM01005330.1 3109","Intron"
"2971","ENA|OLKM01005330|OLKM01005330.1 3247","Intron"
"2972","ENA|OLKM01005330|OLKM01005330.1 4775","Intron"
"2973","ENA|OLKM01005330|OLKM01005330.1 4803","Intron"
"2974","ENA|OLKM01005330|OLKM01005330.1 5007","Intron"
"2975","ENA|OLKM01005338|OLKM01005338.1 1517","CDS"
"2976","ENA|OLKM01005338|OLKM01005338.1 1536","CDS"
"2977","ENA|OLKM01005338|OLKM01005338.1 2829","Intron"
"2978","ENA|OLKM01005338|OLKM01005338.1 2845","Intron"
"2979","ENA|OLKM01005338|OLKM01005338.1 2926","Intron"
"2980","ENA|OLKM01005338|OLKM01005338.1 5106","Intron"
"2981","ENA|OLKM01005339|OLKM01005339.1 1273","Intron"
"2982","ENA|OLKM01005339|OLKM01005339.1 2845","CDS"
"2983","ENA|OLKM01005339|OLKM01005339.1 6899","Other"
"2984","ENA|OLKM01005339|OLKM01005339.1 7684","Other"
"2985","ENA|OLKM01005354|OLKM01005354.1 4267","Other"
"2986","ENA|OLKM01005354|OLKM01005354.1 5327","Other"
"2987","ENA|OLKM01005364|OLKM01005364.1 1787","Intron"
"2988","ENA|OLKM01005364|OLKM01005364.1 3575","CDS"
"2989","ENA|OLKM01005364|OLKM01005364.1 3798","CDS"
"2990","ENA|OLKM01005364|OLKM01005364.1 5835","Intron"
"2991","ENA|OLKM01005364|OLKM01005364.1 6603","Intron"
"2992","ENA|OLKM01005364|OLKM01005364.1 8040","Intron"
"2993","ENA|OLKM01005364|OLKM01005364.1 11397","CDS"
"2994","ENA|OLKM01005364|OLKM01005364.1 11457","Intron"
"2995","ENA|OLKM01005364|OLKM01005364.1 13885","Intron"
"2996","ENA|OLKM01005364|OLKM01005364.1 14086","Intron"
"2997","ENA|OLKM01005369|OLKM01005369.1 8388","Other"
"2998","ENA|OLKM01005369|OLKM01005369.1 8579","Other"
"2999","ENA|OLKM01005369|OLKM01005369.1 9208","Other"
"3000","ENA|OLKM01005369|OLKM01005369.1 9523","Other"
"3001","ENA|OLKM01005369|OLKM01005369.1 9742","Other"
"3002","ENA|OLKM01005369|OLKM01005369.1 11547","Other"
"3003","ENA|OLKM01005371|OLKM01005371.1 11887","Other"
"3004","ENA|OLKM01005373|OLKM01005373.1 14100","Intron"
"3005","ENA|OLKM01005375|OLKM01005375.1 13885","Other"
"3006","ENA|OLKM01005375|OLKM01005375.1 13891","Other"
"3007","ENA|OLKM01005375|OLKM01005375.1 14516","Other"
"3008","ENA|OLKM01005375|OLKM01005375.1 16562","Other"
"3009","ENA|OLKM01005380|OLKM01005380.1 983","Terminator"
"3010","ENA|OLKM01005394|OLKM01005394.1 9652","Other"
"3011","ENA|OLKM01005394|OLKM01005394.1 10506","Other"
"3012","ENA|OLKM01005394|OLKM01005394.1 13712","Other"
"3013","ENA|OLKM01005397|OLKM01005397.1 2406","Other"
"3014","ENA|OLKM01005397|OLKM01005397.1 2978","Other"
"3015","ENA|OLKM01005397|OLKM01005397.1 3291","Other"
"3016","ENA|OLKM01005398|OLKM01005398.1 9580","Other"
"3017","ENA|OLKM01005398|OLKM01005398.1 9591","Other"
"3018","ENA|OLKM01005398|OLKM01005398.1 9712","Other"
"3019","ENA|OLKM01005403|OLKM01005403.1 13175","Other"
"3020","ENA|OLKM01005404|OLKM01005404.1 9121","Other"
"3021","ENA|OLKM01005406|OLKM01005406.1 5528","Intron"
"3022","ENA|OLKM01005406|OLKM01005406.1 6518","Intron"
"3023","ENA|OLKM01005406|OLKM01005406.1 14323","Other"
"3024","ENA|OLKM01005406|OLKM01005406.1 14393","Other"
"3025","ENA|OLKM01005414|OLKM01005414.1 579","Other"
"3026","ENA|OLKM01005414|OLKM01005414.1 848","Other"
"3027","ENA|OLKM01005414|OLKM01005414.1 7621","Intron"
"3028","ENA|OLKM01005422|OLKM01005422.1 1309","Other"
"3029","ENA|OLKM01005422|OLKM01005422.1 1449","Other"
"3030","ENA|OLKM01005422|OLKM01005422.1 2501","Other"
"3031","ENA|OLKM01005425|OLKM01005425.1 4450","Other"
"3032","ENA|OLKM01005425|OLKM01005425.1 7145","Intron"
"3033","ENA|OLKM01005425|OLKM01005425.1 11611","Other"
"3034","ENA|OLKM01005425|OLKM01005425.1 11656","Other"
"3035","ENA|OLKM01005430|OLKM01005430.1 5034","Other"
"3036","ENA|OLKM01005430|OLKM01005430.1 5048","Other"
"3037","ENA|OLKM01005430|OLKM01005430.1 5525","Other"
"3038","ENA|OLKM01005430|OLKM01005430.1 6816","Promoter"
"3039","ENA|OLKM01005430|OLKM01005430.1 14376","Intron"
"3040","ENA|OLKM01005434|OLKM01005434.1 1943","Other"
"3041","ENA|OLKM01005435|OLKM01005435.1 2718","Intron"
"3042","ENA|OLKM01005435|OLKM01005435.1 3435","Intron"
"3043","ENA|OLKM01005435|OLKM01005435.1 11864","CDS"
"3044","ENA|OLKM01005440|OLKM01005440.1 3739","UTR3"
"3045","ENA|OLKM01005440|OLKM01005440.1 3962","Intron"
"3046","ENA|OLKM01005440|OLKM01005440.1 4907","CDS"
"3047","ENA|OLKM01005446|OLKM01005446.1 13360","Intron"
"3048","ENA|OLKM01005451|OLKM01005451.1 928","Intron"
"3049","ENA|OLKM01005460|OLKM01005460.1 2734","Other"
"3050","ENA|OLKM01005460|OLKM01005460.1 3675","Other"
"3051","ENA|OLKM01005460|OLKM01005460.1 5159","Other"
"3052","ENA|OLKM01005460|OLKM01005460.1 5170","Other"
"3053","ENA|OLKM01005460|OLKM01005460.1 11455","UTR5"
"3054","ENA|OLKM01005460|OLKM01005460.1 11558","UTR5"
"3055","ENA|OLKM01005460|OLKM01005460.1 11768","Intron"
"3056","ENA|OLKM01005460|OLKM01005460.1 13070","Other"
"3057","ENA|OLKM01005460|OLKM01005460.1 13244","Other"
"3058","ENA|OLKM01005460|OLKM01005460.1 14097","Other"
"3059","ENA|OLKM01005460|OLKM01005460.1 14293","Other"
"3060","ENA|OLKM01005460|OLKM01005460.1 14338","Other"
"3061","ENA|OLKM01005460|OLKM01005460.1 14930","CDS"
"3062","ENA|OLKM01005460|OLKM01005460.1 14970","Other"
"3063","ENA|OLKM01005460|OLKM01005460.1 14989","CDS"
"3064","ENA|OLKM01005460|OLKM01005460.1 15087","CDS"
"3065","ENA|OLKM01005460|OLKM01005460.1 15891","Other"
"3066","ENA|OLKM01005460|OLKM01005460.1 16557","Other"
"3067","ENA|OLKM01005466|OLKM01005466.1 4701","Intron"
"3068","ENA|OLKM01005466|OLKM01005466.1 4823","CDS"
"3069","ENA|OLKM01005466|OLKM01005466.1 4834","CDS"
"3070","ENA|OLKM01005466|OLKM01005466.1 4915","CDS"
"3071","ENA|OLKM01005466|OLKM01005466.1 9948","Intron"
"3072","ENA|OLKM01005466|OLKM01005466.1 11147","Intron"
"3073","ENA|OLKM01005466|OLKM01005466.1 11172","Intron"
"3074","ENA|OLKM01005466|OLKM01005466.1 11352","Intron"
"3075","ENA|OLKM01005466|OLKM01005466.1 11744","Intron"
"3076","ENA|OLKM01005466|OLKM01005466.1 11935","Intron"
"3077","ENA|OLKM01005466|OLKM01005466.1 12907","CDS"
"3078","ENA|OLKM01005473|OLKM01005473.1 5408","Other"
"3079","ENA|OLKM01005492|OLKM01005492.1 1183","CDS"
"3080","ENA|OLKM01005497|OLKM01005497.1 5039","Terminator"
"3081","ENA|OLKM01005497|OLKM01005497.1 5280","Other"
"3082","ENA|OLKM01005497|OLKM01005497.1 5859","Other"
"3083","ENA|OLKM01005497|OLKM01005497.1 8120","Intron"
"3084","ENA|OLKM01005513|OLKM01005513.1 12751","Intron"
"3085","ENA|OLKM01005513|OLKM01005513.1 12758","Intron"
"3086","ENA|OLKM01005513|OLKM01005513.1 13493","Intron"
"3087","ENA|OLKM01005515|OLKM01005515.1 7204","Other"
"3088","ENA|OLKM01005515|OLKM01005515.1 7780","Other"
"3089","ENA|OLKM01005515|OLKM01005515.1 7818","Other"
"3090","ENA|OLKM01005515|OLKM01005515.1 8113","Other"
"3091","ENA|OLKM01005523|OLKM01005523.1 3052","Other"
"3092","ENA|OLKM01005523|OLKM01005523.1 5245","CDS"
"3093","ENA|OLKM01005523|OLKM01005523.1 6621","Terminator"
"3094","ENA|OLKM01005523|OLKM01005523.1 6631","Terminator"
"3095","ENA|OLKM01005523|OLKM01005523.1 6709","Other"
"3096","ENA|OLKM01005523|OLKM01005523.1 6789","Other"
"3097","ENA|OLKM01005523|OLKM01005523.1 6831","Other"
"3098","ENA|OLKM01005523|OLKM01005523.1 6841","Other"
"3099","ENA|OLKM01005523|OLKM01005523.1 6923","Other"
"3100","ENA|OLKM01005523|OLKM01005523.1 6956","Other"
"3101","ENA|OLKM01005523|OLKM01005523.1 6970","Other"
"3102","ENA|OLKM01005523|OLKM01005523.1 7041","Other"
"3103","ENA|OLKM01005523|OLKM01005523.1 7057","Other"
"3104","ENA|OLKM01005523|OLKM01005523.1 10128","Intron"
"3105","ENA|OLKM01005523|OLKM01005523.1 10192","Intron"
"3106","ENA|OLKM01005523|OLKM01005523.1 10222","Intron"
"3107","ENA|OLKM01005523|OLKM01005523.1 10314","CDS"
"3108","ENA|OLKM01005523|OLKM01005523.1 10459","Intron"
"3109","ENA|OLKM01005523|OLKM01005523.1 10637","CDS"
"3110","ENA|OLKM01005523|OLKM01005523.1 10753","CDS"
"3111","ENA|OLKM01005523|OLKM01005523.1 10808","CDS"
"3112","ENA|OLKM01005523|OLKM01005523.1 10993","UTR3"
"3113","ENA|OLKM01005523|OLKM01005523.1 11085","UTR3"
"3114","ENA|OLKM01005523|OLKM01005523.1 11165","UTR3"
"3115","ENA|OLKM01005523|OLKM01005523.1 11430","Other"
"3116","ENA|OLKM01005523|OLKM01005523.1 11655","Intron"
"3117","ENA|OLKM01005525|OLKM01005525.1 4287","Intron"
"3118","ENA|OLKM01005525|OLKM01005525.1 5076","Intron"
"3119","ENA|OLKM01005527|OLKM01005527.1 1185","Other"
"3120","ENA|OLKM01005527|OLKM01005527.1 1817","Other"
"3121","ENA|OLKM01005527|OLKM01005527.1 4726","Other"
"3122","ENA|OLKM01005527|OLKM01005527.1 4779","Other"
"3123","ENA|OLKM01005538|OLKM01005538.1 3859","Intron"
"3124","ENA|OLKM01005542|OLKM01005542.1 2355","Intron"
"3125","ENA|OLKM01005542|OLKM01005542.1 6492","Intron"
"3126","ENA|OLKM01005542|OLKM01005542.1 7652","Intron"
"3127","ENA|OLKM01005553|OLKM01005553.1 1073","Other"
"3128","ENA|OLKM01005557|OLKM01005557.1 3011","Intron"
"3129","ENA|OLKM01005562|OLKM01005562.1 975","Intron"
"3130","ENA|OLKM01005562|OLKM01005562.1 1755","Intron"
"3131","ENA|OLKM01005562|OLKM01005562.1 2947","Intron"
"3132","ENA|OLKM01005562|OLKM01005562.1 3134","Intron"
"3133","ENA|OLKM01005562|OLKM01005562.1 3769","Intron"
"3134","ENA|OLKM01005562|OLKM01005562.1 4346","Intron"
"3135","ENA|OLKM01005562|OLKM01005562.1 4380","CDS"
"3136","ENA|OLKM01005562|OLKM01005562.1 5250","CDS"
"3137","ENA|OLKM01005562|OLKM01005562.1 5256","CDS"
"3138","ENA|OLKM01005562|OLKM01005562.1 5357","CDS"
"3139","ENA|OLKM01005562|OLKM01005562.1 5397","CDS"
"3140","ENA|OLKM01005562|OLKM01005562.1 7655","Other"
"3141","ENA|OLKM01005562|OLKM01005562.1 7870","Other"
"3142","ENA|OLKM01005562|OLKM01005562.1 7979","Other"
"3143","ENA|OLKM01005562|OLKM01005562.1 7990","Other"
"3144","ENA|OLKM01005562|OLKM01005562.1 8155","Other"
"3145","ENA|OLKM01005562|OLKM01005562.1 10058","Other"
"3146","ENA|OLKM01005562|OLKM01005562.1 10242","Other"
"3147","ENA|OLKM01005567|OLKM01005567.1 3937","Intron"
"3148","ENA|OLKM01005579|OLKM01005579.1 4357","Other"
"3149","ENA|OLKM01005579|OLKM01005579.1 4625","Other"
"3150","ENA|OLKM01005579|OLKM01005579.1 8656","CDS"
"3151","ENA|OLKM01005581|OLKM01005581.1 3759","UTR5"
"3152","ENA|OLKM01005585|OLKM01005585.1 1034","Promoter"
"3153","ENA|OLKM01005585|OLKM01005585.1 9883","Other"
"3154","ENA|OLKM01005586|OLKM01005586.1 7011","Other"
"3155","ENA|OLKM01005592|OLKM01005592.1 1484","Other"
"3156","ENA|OLKM01005592|OLKM01005592.1 1517","Other"
"3157","ENA|OLKM01005592|OLKM01005592.1 16162","Other"
"3158","ENA|OLKM01005594|OLKM01005594.1 866","Intron"
"3159","ENA|OLKM01005610|OLKM01005610.1 13168","Intron"
"3160","ENA|OLKM01005616|OLKM01005616.1 2245","Other"
"3161","ENA|OLKM01005623|OLKM01005623.1 13662","CDS"
"3162","ENA|OLKM01005629|OLKM01005629.1 10224","Intron"
"3163","ENA|OLKM01005629|OLKM01005629.1 10325","Intron"
"3164","ENA|OLKM01005633|OLKM01005633.1 6890","Other"
"3165","ENA|OLKM01005633|OLKM01005633.1 7050","Other"
"3166","ENA|OLKM01005633|OLKM01005633.1 7077","Other"
"3167","ENA|OLKM01005636|OLKM01005636.1 9747","Other"
"3168","ENA|OLKM01005636|OLKM01005636.1 9755","Other"
"3169","ENA|OLKM01005636|OLKM01005636.1 9758","Other"
"3170","ENA|OLKM01005636|OLKM01005636.1 9764","Other"
"3171","ENA|OLKM01005636|OLKM01005636.1 9840","Other"
"3172","ENA|OLKM01005636|OLKM01005636.1 15652","Intron"
"3173","ENA|OLKM01005636|OLKM01005636.1 15658","Intron"
"3174","ENA|OLKM01005636|OLKM01005636.1 15708","Intron"
"3175","ENA|OLKM01005637|OLKM01005637.1 4176","Other"
"3176","ENA|OLKM01005637|OLKM01005637.1 5267","Intron"
"3177","ENA|OLKM01005637|OLKM01005637.1 6210","Intron"
"3178","ENA|OLKM01005637|OLKM01005637.1 6249","Intron"
"3179","ENA|OLKM01005640|OLKM01005640.1 9083","Other"
"3180","ENA|OLKM01005641|OLKM01005641.1 9831","Other"
"3181","ENA|OLKM01005642|OLKM01005642.1 2897","Intron"
"3182","ENA|OLKM01005642|OLKM01005642.1 3414","Intron"
"3183","ENA|OLKM01005642|OLKM01005642.1 8653","Intron"
"3184","ENA|OLKM01005653|OLKM01005653.1 401","Promoter"
"3185","ENA|OLKM01005653|OLKM01005653.1 845","Intron"
"3186","ENA|OLKM01005653|OLKM01005653.1 1152","Intron"
"3187","ENA|OLKM01005653|OLKM01005653.1 3668","Intron"
"3188","ENA|OLKM01005653|OLKM01005653.1 3784","Intron"
"3189","ENA|OLKM01005653|OLKM01005653.1 3789","Intron"
"3190","ENA|OLKM01005653|OLKM01005653.1 3802","Intron"
"3191","ENA|OLKM01005653|OLKM01005653.1 3873","Intron"
"3192","ENA|OLKM01005653|OLKM01005653.1 3904","Intron"
"3193","ENA|OLKM01005653|OLKM01005653.1 3988","Intron"
"3194","ENA|OLKM01005653|OLKM01005653.1 4108","Intron"
"3195","ENA|OLKM01005653|OLKM01005653.1 4650","Other"
"3196","ENA|OLKM01005653|OLKM01005653.1 5954","Other"
"3197","ENA|OLKM01005657|OLKM01005657.1 7657","Other"
"3198","ENA|OLKM01005662|OLKM01005662.1 3643","Other"
"3199","ENA|OLKM01005662|OLKM01005662.1 11214","CDS"
"3200","ENA|OLKM01005662|OLKM01005662.1 11232","CDS"
"3201","ENA|OLKM01005662|OLKM01005662.1 12295","Intron"
"3202","ENA|OLKM01005662|OLKM01005662.1 12343","Intron"
"3203","ENA|OLKM01005662|OLKM01005662.1 12568","CDS"
"3204","ENA|OLKM01005662|OLKM01005662.1 12628","CDS"
"3205","ENA|OLKM01005662|OLKM01005662.1 12769","CDS"
"3206","ENA|OLKM01005677|OLKM01005677.1 11920","Other"
"3207","ENA|OLKM01005679|OLKM01005679.1 11381","CDS"
"3208","ENA|OLKM01005679|OLKM01005679.1 11447","Intron"
"3209","ENA|OLKM01005679|OLKM01005679.1 11966","Intron"
"3210","ENA|OLKM01005679|OLKM01005679.1 11977","Intron"
"3211","ENA|OLKM01005683|OLKM01005683.1 7497","Other"
"3212","ENA|OLKM01005685|OLKM01005685.1 9192","Other"
"3213","ENA|OLKM01005685|OLKM01005685.1 9199","Other"
"3214","ENA|OLKM01005687|OLKM01005687.1 1471","Intron"
"3215","ENA|OLKM01005687|OLKM01005687.1 2702","Intron"
"3216","ENA|OLKM01005695|OLKM01005695.1 8666","Other"
"3217","ENA|OLKM01005695|OLKM01005695.1 9847","Other"
"3218","ENA|OLKM01005695|OLKM01005695.1 10898","Other"
"3219","ENA|OLKM01005696|OLKM01005696.1 10007","Other"
"3220","ENA|OLKM01005696|OLKM01005696.1 10950","Intron"
"3221","ENA|OLKM01005707|OLKM01005707.1 10681","Other"
"3222","ENA|OLKM01005707|OLKM01005707.1 10865","Other"
"3223","ENA|OLKM01005707|OLKM01005707.1 11075","Other"
"3224","ENA|OLKM01005707|OLKM01005707.1 12140","Other"
"3225","ENA|OLKM01005707|OLKM01005707.1 13686","Other"
"3226","ENA|OLKM01005707|OLKM01005707.1 13895","Other"
"3227","ENA|OLKM01005707|OLKM01005707.1 13953","Other"
"3228","ENA|OLKM01005707|OLKM01005707.1 14365","Other"
"3229","ENA|OLKM01005707|OLKM01005707.1 14653","Other"
"3230","ENA|OLKM01005708|OLKM01005708.1 8848","Intron"
"3231","ENA|OLKM01005708|OLKM01005708.1 14895","Other"
"3232","ENA|OLKM01005708|OLKM01005708.1 15118","Other"
"3233","ENA|OLKM01005710|OLKM01005710.1 1583","Intron"
"3234","ENA|OLKM01005710|OLKM01005710.1 5115","Other"
"3235","ENA|OLKM01005725|OLKM01005725.1 562","Other"
"3236","ENA|OLKM01005727|OLKM01005727.1 6814","Intron"
"3237","ENA|OLKM01005727|OLKM01005727.1 10769","Intron"
"3238","ENA|OLKM01005727|OLKM01005727.1 14383","Intron"
"3239","ENA|OLKM01005731|OLKM01005731.1 2889","Other"
"3240","ENA|OLKM01005740|OLKM01005740.1 13483","Other"
"3241","ENA|OLKM01005741|OLKM01005741.1 8007","Other"
"3242","ENA|OLKM01005741|OLKM01005741.1 8075","Other"
"3243","ENA|OLKM01005741|OLKM01005741.1 9053","Other"
"3244","ENA|OLKM01005741|OLKM01005741.1 9132","Other"
"3245","ENA|OLKM01005741|OLKM01005741.1 9367","CDS"
"3246","ENA|OLKM01005741|OLKM01005741.1 9558","Intron"
"3247","ENA|OLKM01005741|OLKM01005741.1 9766","Intron"
"3248","ENA|OLKM01005741|OLKM01005741.1 9777","Intron"
"3249","ENA|OLKM01005741|OLKM01005741.1 9822","Intron"
"3250","ENA|OLKM01005741|OLKM01005741.1 10139","CDS"
"3251","ENA|OLKM01005741|OLKM01005741.1 11121","Intron"
"3252","ENA|OLKM01005741|OLKM01005741.1 11156","Intron"
"3253","ENA|OLKM01005741|OLKM01005741.1 11232","Intron"
"3254","ENA|OLKM01005741|OLKM01005741.1 12010","Intron"
"3255","ENA|OLKM01005741|OLKM01005741.1 12095","Intron"
"3256","ENA|OLKM01005753|OLKM01005753.1 7389","Intron"
"3257","ENA|OLKM01005753|OLKM01005753.1 7692","Intron"
"3258","ENA|OLKM01005753|OLKM01005753.1 7745","Intron"
"3259","ENA|OLKM01005753|OLKM01005753.1 10911","Intron"
"3260","ENA|OLKM01005753|OLKM01005753.1 10942","Intron"
"3261","ENA|OLKM01005753|OLKM01005753.1 10950","Intron"
"3262","ENA|OLKM01005754|OLKM01005754.1 7340","Other"
"3263","ENA|OLKM01005758|OLKM01005758.1 1193","Other"
"3264","ENA|OLKM01005761|OLKM01005761.1 11228","Other"
"3265","ENA|OLKM01005766|OLKM01005766.1 11759","Other"
"3266","ENA|OLKM01005766|OLKM01005766.1 13505","Other"
"3267","ENA|OLKM01005767|OLKM01005767.1 371","CDS"
"3268","ENA|OLKM01005767|OLKM01005767.1 472","CDS"
"3269","ENA|OLKM01005767|OLKM01005767.1 547","CDS"
"3270","ENA|OLKM01005767|OLKM01005767.1 585","CDS"
"3271","ENA|OLKM01005767|OLKM01005767.1 913","Intron"
"3272","ENA|OLKM01005767|OLKM01005767.1 1137","Intron"
"3273","ENA|OLKM01005767|OLKM01005767.1 1281","Intron"
"3274","ENA|OLKM01005767|OLKM01005767.1 2947","Intron"
"3275","ENA|OLKM01005767|OLKM01005767.1 3123","Intron"
"3276","ENA|OLKM01005767|OLKM01005767.1 3441","Intron"
"3277","ENA|OLKM01005767|OLKM01005767.1 4020","CDS"
"3278","ENA|OLKM01005767|OLKM01005767.1 4411","CDS"
"3279","ENA|OLKM01005768|OLKM01005768.1 5657","Other"
"3280","ENA|OLKM01005768|OLKM01005768.1 7834","Other"
"3281","ENA|OLKM01005776|OLKM01005776.1 11235","Other"
"3282","ENA|OLKM01005777|OLKM01005777.1 6625","Intron"
"3283","ENA|OLKM01005777|OLKM01005777.1 6856","Intron"
"3284","ENA|OLKM01005777|OLKM01005777.1 11369","Other"
"3285","ENA|OLKM01005777|OLKM01005777.1 11405","Other"
"3286","ENA|OLKM01005794|OLKM01005794.1 2516","Other"
"3287","ENA|OLKM01005794|OLKM01005794.1 2594","Other"
"3288","ENA|OLKM01005800|OLKM01005800.1 4994","Other"
"3289","ENA|OLKM01005807|OLKM01005807.1 1179","Other"
"3290","ENA|OLKM01005813|OLKM01005813.1 5486","Other"
"3291","ENA|OLKM01005813|OLKM01005813.1 5533","Other"
"3292","ENA|OLKM01005813|OLKM01005813.1 5914","Other"
"3293","ENA|OLKM01005813|OLKM01005813.1 7966","Other"
"3294","ENA|OLKM01005815|OLKM01005815.1 825","Other"
"3295","ENA|OLKM01005819|OLKM01005819.1 591","Other"
"3296","ENA|OLKM01005819|OLKM01005819.1 1754","Other"
"3297","ENA|OLKM01005819|OLKM01005819.1 2309","Other"
"3298","ENA|OLKM01005819|OLKM01005819.1 3154","CDS"
"3299","ENA|OLKM01005819|OLKM01005819.1 3181","CDS"
"3300","ENA|OLKM01005819|OLKM01005819.1 5532","Other"
"3301","ENA|OLKM01005820|OLKM01005820.1 6953","Other"
"3302","ENA|OLKM01005820|OLKM01005820.1 7020","Other"
"3303","ENA|OLKM01005821|OLKM01005821.1 3330","Terminator"
"3304","ENA|OLKM01005821|OLKM01005821.1 3337","Terminator"
"3305","ENA|OLKM01005821|OLKM01005821.1 9358","Terminator"
"3306","ENA|OLKM01005822|OLKM01005822.1 5294","Other"
"3307","ENA|OLKM01005822|OLKM01005822.1 5311","Other"
"3308","ENA|OLKM01005822|OLKM01005822.1 7253","Other"
"3309","ENA|OLKM01005822|OLKM01005822.1 8400","Other"
"3310","ENA|OLKM01005822|OLKM01005822.1 11810","Other"
"3311","ENA|OLKM01005822|OLKM01005822.1 13986","Other"
"3312","ENA|OLKM01005822|OLKM01005822.1 14013","Other"
"3313","ENA|OLKM01005837|OLKM01005837.1 1974","Other"
"3314","ENA|OLKM01005842|OLKM01005842.1 14345","Other"
"3315","ENA|OLKM01005842|OLKM01005842.1 15677","Other"
"3316","ENA|OLKM01005848|OLKM01005848.1 7896","Other"
"3317","ENA|OLKM01005865|OLKM01005865.1 15581","Other"
"3318","ENA|OLKM01005867|OLKM01005867.1 8101","Intron"
"3319","ENA|OLKM01005867|OLKM01005867.1 8559","Intron"
"3320","ENA|OLKM01005874|OLKM01005874.1 1226","Other"
"3321","ENA|OLKM01005874|OLKM01005874.1 1924","Other"
"3322","ENA|OLKM01005874|OLKM01005874.1 1954","Other"
"3323","ENA|OLKM01005874|OLKM01005874.1 2111","Other"
"3324","ENA|OLKM01005874|OLKM01005874.1 2568","CDS"
"3325","ENA|OLKM01005874|OLKM01005874.1 3745","Other"
"3326","ENA|OLKM01005876|OLKM01005876.1 1570","Other"
"3327","ENA|OLKM01005876|OLKM01005876.1 2442","Other"
"3328","ENA|OLKM01005876|OLKM01005876.1 2750","Other"
"3329","ENA|OLKM01005876|OLKM01005876.1 3570","Other"
"3330","ENA|OLKM01005876|OLKM01005876.1 3849","Other"
"3331","ENA|OLKM01005876|OLKM01005876.1 4793","Terminator"
"3332","ENA|OLKM01005876|OLKM01005876.1 4914","Terminator"
"3333","ENA|OLKM01005876|OLKM01005876.1 5826","Other"
"3334","ENA|OLKM01005876|OLKM01005876.1 8594","Other"
"3335","ENA|OLKM01005881|OLKM01005881.1 10240","Other"
"3336","ENA|OLKM01005884|OLKM01005884.1 5232","Other"
"3337","ENA|OLKM01005884|OLKM01005884.1 6867","CDS"
"3338","ENA|OLKM01005884|OLKM01005884.1 6885","CDS"
"3339","ENA|OLKM01005886|OLKM01005886.1 1977","Other"
"3340","ENA|OLKM01005886|OLKM01005886.1 3177","Other"
"3341","ENA|OLKM01005886|OLKM01005886.1 9673","CDS"
"3342","ENA|OLKM01005886|OLKM01005886.1 9879","Intron"
"3343","ENA|OLKM01005886|OLKM01005886.1 11276","Intron"
"3344","ENA|OLKM01005886|OLKM01005886.1 12822","Intron"
"3345","ENA|OLKM01005894|OLKM01005894.1 311","Other"
"3346","ENA|OLKM01005894|OLKM01005894.1 1666","Other"
"3347","ENA|OLKM01005900|OLKM01005900.1 9201","Other"
"3348","ENA|OLKM01005907|OLKM01005907.1 11672","Promoter"
"3349","ENA|OLKM01005907|OLKM01005907.1 13435","Terminator"
"3350","ENA|OLKM01005907|OLKM01005907.1 15485","Other"
"3351","ENA|OLKM01005912|OLKM01005912.1 5847","Other"
"3352","ENA|OLKM01005917|OLKM01005917.1 11836","Other"
"3353","ENA|OLKM01005919|OLKM01005919.1 9551","Other"
"3354","ENA|OLKM01005919|OLKM01005919.1 10419","Other"
"3355","ENA|OLKM01005927|OLKM01005927.1 7168","CDS"
"3356","ENA|OLKM01005937|OLKM01005937.1 11291","CDS"
"3357","ENA|OLKM01005939|OLKM01005939.1 5143","Other"
"3358","ENA|OLKM01005939|OLKM01005939.1 6028","Other"
"3359","ENA|OLKM01005939|OLKM01005939.1 8889","Intron"
"3360","ENA|OLKM01005939|OLKM01005939.1 10032","Intron"
"3361","ENA|OLKM01005939|OLKM01005939.1 10630","CDS"
"3362","ENA|OLKM01005939|OLKM01005939.1 11279","Other"
"3363","ENA|OLKM01005939|OLKM01005939.1 13139","Other"
"3364","ENA|OLKM01005940|OLKM01005940.1 3240","UTR5"
"3365","ENA|OLKM01005942|OLKM01005942.1 6179","Other"
"3366","ENA|OLKM01005946|OLKM01005946.1 4239","Intron"
"3367","ENA|OLKM01005946|OLKM01005946.1 4461","Intron"
"3368","ENA|OLKM01005946|OLKM01005946.1 4649","Intron"
"3369","ENA|OLKM01005947|OLKM01005947.1 5612","Other"
"3370","ENA|OLKM01005947|OLKM01005947.1 6093","Other"
"3371","ENA|OLKM01005947|OLKM01005947.1 10370","Other"
"3372","ENA|OLKM01005953|OLKM01005953.1 5288","Other"
"3373","ENA|OLKM01005953|OLKM01005953.1 5922","Other"
"3374","ENA|OLKM01005953|OLKM01005953.1 7521","Other"
"3375","ENA|OLKM01005953|OLKM01005953.1 7600","Other"
"3376","ENA|OLKM01005953|OLKM01005953.1 8953","Other"
"3377","ENA|OLKM01005953|OLKM01005953.1 9117","Other"
"3378","ENA|OLKM01005953|OLKM01005953.1 10079","Other"
"3379","ENA|OLKM01005953|OLKM01005953.1 10156","Other"
"3380","ENA|OLKM01005956|OLKM01005956.1 440","Other"
"3381","ENA|OLKM01005963|OLKM01005963.1 5918","Other"
"3382","ENA|OLKM01005965|OLKM01005965.1 4124","Intron"
"3383","ENA|OLKM01005966|OLKM01005966.1 9926","Other"
"3384","ENA|OLKM01005968|OLKM01005968.1 3103","Intron"
"3385","ENA|OLKM01005968|OLKM01005968.1 3122","Intron"
"3386","ENA|OLKM01005968|OLKM01005968.1 3520","Intron"
"3387","ENA|OLKM01005974|OLKM01005974.1 4957","CDS"
"3388","ENA|OLKM01005974|OLKM01005974.1 6025","CDS"
"3389","ENA|OLKM01005977|OLKM01005977.1 4483","Other"
"3390","ENA|OLKM01005979|OLKM01005979.1 13829","Other"
"3391","ENA|OLKM01005984|OLKM01005984.1 474","Other"
"3392","ENA|OLKM01005988|OLKM01005988.1 5860","Other"
"3393","ENA|OLKM01005989|OLKM01005989.1 8106","Intron"
"3394","ENA|OLKM01005989|OLKM01005989.1 8113","Intron"
"3395","ENA|OLKM01005989|OLKM01005989.1 10119","Intron"
"3396","ENA|OLKM01005990|OLKM01005990.1 2327","Other"
"3397","ENA|OLKM01005996|OLKM01005996.1 13362","Other"
"3398","ENA|OLKM01005998|OLKM01005998.1 1669","Other"
"3399","ENA|OLKM01005998|OLKM01005998.1 2325","Other"
"3400","ENA|OLKM01005998|OLKM01005998.1 2400","Other"
"3401","ENA|OLKM01005999|OLKM01005999.1 709","Other"
"3402","ENA|OLKM01005999|OLKM01005999.1 725","Other"
"3403","ENA|OLKM01005999|OLKM01005999.1 732","Other"
"3404","ENA|OLKM01005999|OLKM01005999.1 4736","Other"
"3405","ENA|OLKM01005999|OLKM01005999.1 4839","Other"
"3406","ENA|OLKM01006003|OLKM01006003.1 8682","Other"
"3407","ENA|OLKM01006003|OLKM01006003.1 9040","Other"
"3408","ENA|OLKM01006003|OLKM01006003.1 9128","Other"
"3409","ENA|OLKM01006007|OLKM01006007.1 4273","CDS"
"3410","ENA|OLKM01006007|OLKM01006007.1 4353","CDS"
"3411","ENA|OLKM01006007|OLKM01006007.1 4402","CDS"
"3412","ENA|OLKM01006007|OLKM01006007.1 4508","Intron"
"3413","ENA|OLKM01006008|OLKM01006008.1 692","Other"
"3414","ENA|OLKM01006008|OLKM01006008.1 839","Other"
"3415","ENA|OLKM01006016|OLKM01006016.1 222","Other"
"3416","ENA|OLKM01006016|OLKM01006016.1 1834","CDS"
"3417","ENA|OLKM01006016|OLKM01006016.1 4709","Other"
"3418","ENA|OLKM01006016|OLKM01006016.1 6644","Intron"
"3419","ENA|OLKM01006016|OLKM01006016.1 7116","Intron"
"3420","ENA|OLKM01006016|OLKM01006016.1 9134","CDS"
"3421","ENA|OLKM01006036|OLKM01006036.1 214","Other"
"3422","ENA|OLKM01006036|OLKM01006036.1 833","Other"
"3423","ENA|OLKM01006036|OLKM01006036.1 1120","Other"
"3424","ENA|OLKM01006036|OLKM01006036.1 1171","Other"
"3425","ENA|OLKM01006036|OLKM01006036.1 2505","Other"
"3426","ENA|OLKM01006045|OLKM01006045.1 8930","Intron"
"3427","ENA|OLKM01006045|OLKM01006045.1 9562","Intron"
"3428","ENA|OLKM01006045|OLKM01006045.1 9976","Intron"
"3429","ENA|OLKM01006050|OLKM01006050.1 14606","Intron"
"3430","ENA|OLKM01006054|OLKM01006054.1 5779","Other"
"3431","ENA|OLKM01006057|OLKM01006057.1 556","CDS"
"3432","ENA|OLKM01006063|OLKM01006063.1 5015","Other"
"3433","ENA|OLKM01006063|OLKM01006063.1 5437","Other"
"3434","ENA|OLKM01006063|OLKM01006063.1 5519","Other"
"3435","ENA|OLKM01006063|OLKM01006063.1 7179","Other"
"3436","ENA|OLKM01006063|OLKM01006063.1 7218","Other"
"3437","ENA|OLKM01006063|OLKM01006063.1 7290","Other"
"3438","ENA|OLKM01006063|OLKM01006063.1 7400","Other"
"3439","ENA|OLKM01006066|OLKM01006066.1 9688","CDS"
"3440","ENA|OLKM01006066|OLKM01006066.1 9701","CDS"
"3441","ENA|OLKM01006066|OLKM01006066.1 9710","CDS"
"3442","ENA|OLKM01006067|OLKM01006067.1 8414","Other"
"3443","ENA|OLKM01006073|OLKM01006073.1 4144","Other"
"3444","ENA|OLKM01006078|OLKM01006078.1 2184","Other"
"3445","ENA|OLKM01006082|OLKM01006082.1 9577","Other"
"3446","ENA|OLKM01006093|OLKM01006093.1 5804","Other"
"3447","ENA|OLKM01006093|OLKM01006093.1 7022","Other"
"3448","ENA|OLKM01006093|OLKM01006093.1 7444","Other"
"3449","ENA|OLKM01006098|OLKM01006098.1 10307","Intron"
"3450","ENA|OLKM01006098|OLKM01006098.1 10398","Intron"
"3451","ENA|OLKM01006100|OLKM01006100.1 8311","CDS"
"3452","ENA|OLKM01006100|OLKM01006100.1 8946","Intron"
"3453","ENA|OLKM01006100|OLKM01006100.1 10332","Other"
"3454","ENA|OLKM01006108|OLKM01006108.1 9095","Other"
"3455","ENA|OLKM01006113|OLKM01006113.1 8683","CDS"
"3456","ENA|OLKM01006115|OLKM01006115.1 2032","Other"
"3457","ENA|OLKM01006123|OLKM01006123.1 11632","Intron"
"3458","ENA|OLKM01006134|OLKM01006134.1 10723","Other"
"3459","ENA|OLKM01006138|OLKM01006138.1 1388","Intron"
"3460","ENA|OLKM01006138|OLKM01006138.1 1390","Intron"
"3461","ENA|OLKM01006138|OLKM01006138.1 1398","Intron"
"3462","ENA|OLKM01006138|OLKM01006138.1 2882","Intron"
"3463","ENA|OLKM01006138|OLKM01006138.1 3279","Intron"
"3464","ENA|OLKM01006138|OLKM01006138.1 5653","Intron"
"3465","ENA|OLKM01006138|OLKM01006138.1 5961","Intron"
"3466","ENA|OLKM01006138|OLKM01006138.1 8067","Intron"
"3467","ENA|OLKM01006140|OLKM01006140.1 3456","Other"
"3468","ENA|OLKM01006140|OLKM01006140.1 4256","Other"
"3469","ENA|OLKM01006140|OLKM01006140.1 5747","Other"
"3470","ENA|OLKM01006140|OLKM01006140.1 6450","Other"
"3471","ENA|OLKM01006140|OLKM01006140.1 7660","Other"
"3472","ENA|OLKM01006140|OLKM01006140.1 8708","Other"
"3473","ENA|OLKM01006140|OLKM01006140.1 9076","Other"
"3474","ENA|OLKM01006147|OLKM01006147.1 1572","Other"
"3475","ENA|OLKM01006149|OLKM01006149.1 5634","Other"
"3476","ENA|OLKM01006149|OLKM01006149.1 7341","Other"
"3477","ENA|OLKM01006149|OLKM01006149.1 13293","Other"
"3478","ENA|OLKM01006158|OLKM01006158.1 6379","Promoter"
"3479","ENA|OLKM01006158|OLKM01006158.1 8167","Intron"
"3480","ENA|OLKM01006158|OLKM01006158.1 9186","CDS"
"3481","ENA|OLKM01006158|OLKM01006158.1 9900","CDS"
"3482","ENA|OLKM01006159|OLKM01006159.1 1695","Other"
"3483","ENA|OLKM01006164|OLKM01006164.1 3127","Intron"
"3484","ENA|OLKM01006164|OLKM01006164.1 5399","Intron"
"3485","ENA|OLKM01006164|OLKM01006164.1 5745","Intron"
"3486","ENA|OLKM01006164|OLKM01006164.1 5915","CDS"
"3487","ENA|OLKM01006164|OLKM01006164.1 6780","Other"
"3488","ENA|OLKM01006164|OLKM01006164.1 8042","Intron"
"3489","ENA|OLKM01006164|OLKM01006164.1 8334","CDS"
"3490","ENA|OLKM01006164|OLKM01006164.1 8393","CDS"
"3491","ENA|OLKM01006164|OLKM01006164.1 8577","CDS"
"3492","ENA|OLKM01006164|OLKM01006164.1 8811","Intron"
"3493","ENA|OLKM01006167|OLKM01006167.1 1033","Other"
"3494","ENA|OLKM01006167|OLKM01006167.1 2068","Other"
"3495","ENA|OLKM01006167|OLKM01006167.1 4829","Other"
"3496","ENA|OLKM01006173|OLKM01006173.1 8331","Intron"
"3497","ENA|OLKM01006174|OLKM01006174.1 2043","Other"
"3498","ENA|OLKM01006174|OLKM01006174.1 2191","Other"
"3499","ENA|OLKM01006174|OLKM01006174.1 2645","Other"
"3500","ENA|OLKM01006174|OLKM01006174.1 3471","Other"
"3501","ENA|OLKM01006174|OLKM01006174.1 4415","Other"
"3502","ENA|OLKM01006184|OLKM01006184.1 165","Promoter"
"3503","ENA|OLKM01006186|OLKM01006186.1 1427","Intron"
"3504","ENA|OLKM01006186|OLKM01006186.1 2605","Intron"
"3505","ENA|OLKM01006186|OLKM01006186.1 2647","Intron"
"3506","ENA|OLKM01006186|OLKM01006186.1 2708","Intron"
"3507","ENA|OLKM01006189|OLKM01006189.1 1357","CDS"
"3508","ENA|OLKM01006189|OLKM01006189.1 8377","Other"
"3509","ENA|OLKM01006189|OLKM01006189.1 8887","Intron"
"3510","ENA|OLKM01006189|OLKM01006189.1 8913","Intron"
"3511","ENA|OLKM01006190|OLKM01006190.1 1335","Other"
"3512","ENA|OLKM01006190|OLKM01006190.1 1530","Other"
"3513","ENA|OLKM01006190|OLKM01006190.1 2181","Other"
"3514","ENA|OLKM01006190|OLKM01006190.1 2511","Other"
"3515","ENA|OLKM01006197|OLKM01006197.1 10217","CDS"
"3516","ENA|OLKM01006206|OLKM01006206.1 4339","Intron"
"3517","ENA|OLKM01006206|OLKM01006206.1 4394","Intron"
"3518","ENA|OLKM01006207|OLKM01006207.1 2555","Other"
"3519","ENA|OLKM01006207|OLKM01006207.1 3648","Other"
"3520","ENA|OLKM01006207|OLKM01006207.1 4418","Other"
"3521","ENA|OLKM01006210|OLKM01006210.1 1467","Other"
"3522","ENA|OLKM01006210|OLKM01006210.1 7177","Other"
"3523","ENA|OLKM01006210|OLKM01006210.1 7331","Other"
"3524","ENA|OLKM01006212|OLKM01006212.1 234","Other"
"3525","ENA|OLKM01006212|OLKM01006212.1 11400","Other"
"3526","ENA|OLKM01006212|OLKM01006212.1 12075","Promoter"
"3527","ENA|OLKM01006227|OLKM01006227.1 2953","Terminator"
"3528","ENA|OLKM01006227|OLKM01006227.1 2971","Terminator"
"3529","ENA|OLKM01006227|OLKM01006227.1 4549","CDS"
"3530","ENA|OLKM01006227|OLKM01006227.1 7173","Other"
"3531","ENA|OLKM01006232|OLKM01006232.1 899","Intron"
"3532","ENA|OLKM01006232|OLKM01006232.1 1132","CDS"
"3533","ENA|OLKM01006232|OLKM01006232.1 1263","CDS"
"3534","ENA|OLKM01006232|OLKM01006232.1 5292","CDS"
"3535","ENA|OLKM01006232|OLKM01006232.1 5308","CDS"
"3536","ENA|OLKM01006232|OLKM01006232.1 5314","CDS"
"3537","ENA|OLKM01006232|OLKM01006232.1 5528","Intron"
"3538","ENA|OLKM01006235|OLKM01006235.1 8430","Other"
"3539","ENA|OLKM01006244|OLKM01006244.1 8881","Other"
"3540","ENA|OLKM01006244|OLKM01006244.1 8910","Other"
"3541","ENA|OLKM01006254|OLKM01006254.1 7076","Intron"
"3542","ENA|OLKM01006255|OLKM01006255.1 10151","Other"
"3543","ENA|OLKM01006261|OLKM01006261.1 382","Other"
"3544","ENA|OLKM01006261|OLKM01006261.1 530","Other"
"3545","ENA|OLKM01006261|OLKM01006261.1 568","Other"
"3546","ENA|OLKM01006261|OLKM01006261.1 6714","Other"
"3547","ENA|OLKM01006267|OLKM01006267.1 4740","Promoter"
"3548","ENA|OLKM01006267|OLKM01006267.1 4786","CDS"
"3549","ENA|OLKM01006267|OLKM01006267.1 4903","CDS"
"3550","ENA|OLKM01006287|OLKM01006287.1 1316","CDS"
"3551","ENA|OLKM01006287|OLKM01006287.1 1413","CDS"
"3552","ENA|OLKM01006294|OLKM01006294.1 8877","Other"
"3553","ENA|OLKM01006298|OLKM01006298.1 6407","Promoter"
"3554","ENA|OLKM01006298|OLKM01006298.1 6488","Promoter"
"3555","ENA|OLKM01006299|OLKM01006299.1 4930","Intron"
"3556","ENA|OLKM01006299|OLKM01006299.1 5788","Intron"
"3557","ENA|OLKM01006312|OLKM01006312.1 7126","Other"
"3558","ENA|OLKM01006312|OLKM01006312.1 7332","Other"
"3559","ENA|OLKM01006312|OLKM01006312.1 13165","Other"
"3560","ENA|OLKM01006321|OLKM01006321.1 4635","CDS"
"3561","ENA|OLKM01006321|OLKM01006321.1 6919","Intron"
"3562","ENA|OLKM01006321|OLKM01006321.1 6929","Intron"
"3563","ENA|OLKM01006321|OLKM01006321.1 7470","Intron"
"3564","ENA|OLKM01006324|OLKM01006324.1 2606","Other"
"3565","ENA|OLKM01006324|OLKM01006324.1 2627","Other"
"3566","ENA|OLKM01006324|OLKM01006324.1 2724","Other"
"3567","ENA|OLKM01006330|OLKM01006330.1 6871","Other"
"3568","ENA|OLKM01006330|OLKM01006330.1 10556","Intron"
"3569","ENA|OLKM01006344|OLKM01006344.1 651","Other"
"3570","ENA|OLKM01006344|OLKM01006344.1 1045","Other"
"3571","ENA|OLKM01006344|OLKM01006344.1 1877","Other"
"3572","ENA|OLKM01006344|OLKM01006344.1 4637","Other"
"3573","ENA|OLKM01006344|OLKM01006344.1 5103","Other"
"3574","ENA|OLKM01006344|OLKM01006344.1 5141","Other"
"3575","ENA|OLKM01006344|OLKM01006344.1 5559","Other"
"3576","ENA|OLKM01006344|OLKM01006344.1 5684","Other"
"3577","ENA|OLKM01006344|OLKM01006344.1 5995","Other"
"3578","ENA|OLKM01006347|OLKM01006347.1 6855","CDS"
"3579","ENA|OLKM01006347|OLKM01006347.1 6906","CDS"
"3580","ENA|OLKM01006347|OLKM01006347.1 8428","Intron"
"3581","ENA|OLKM01006350|OLKM01006350.1 3317","CDS"
"3582","ENA|OLKM01006350|OLKM01006350.1 7737","Intron"
"3583","ENA|OLKM01006353|OLKM01006353.1 1884","Other"
"3584","ENA|OLKM01006353|OLKM01006353.1 1891","Other"
"3585","ENA|OLKM01006353|OLKM01006353.1 1951","Other"
"3586","ENA|OLKM01006353|OLKM01006353.1 4873","Other"
"3587","ENA|OLKM01006353|OLKM01006353.1 5017","Other"
"3588","ENA|OLKM01006356|OLKM01006356.1 5407","Other"
"3589","ENA|OLKM01006363|OLKM01006363.1 526","Other"
"3590","ENA|OLKM01006370|OLKM01006370.1 4274","Other"
"3591","ENA|OLKM01006370|OLKM01006370.1 4312","Other"
"3592","ENA|OLKM01006374|OLKM01006374.1 1053","Other"
"3593","ENA|OLKM01006374|OLKM01006374.1 10431","Intron"
"3594","ENA|OLKM01006374|OLKM01006374.1 10794","Intron"
"3595","ENA|OLKM01006374|OLKM01006374.1 10798","Intron"
"3596","ENA|OLKM01006383|OLKM01006383.1 1860","CDS"
"3597","ENA|OLKM01006384|OLKM01006384.1 1268","Intron"
"3598","ENA|OLKM01006384|OLKM01006384.1 1449","Intron"
"3599","ENA|OLKM01006384|OLKM01006384.1 1457","Intron"
"3600","ENA|OLKM01006384|OLKM01006384.1 1538","Intron"
"3601","ENA|OLKM01006384|OLKM01006384.1 2120","Intron"
"3602","ENA|OLKM01006384|OLKM01006384.1 2169","Intron"
"3603","ENA|OLKM01006384|OLKM01006384.1 3577","Intron"
"3604","ENA|OLKM01006384|OLKM01006384.1 3632","Intron"
"3605","ENA|OLKM01006385|OLKM01006385.1 2623","Other"
"3606","ENA|OLKM01006391|OLKM01006391.1 1968","Other"
"3607","ENA|OLKM01006391|OLKM01006391.1 2851","Other"
"3608","ENA|OLKM01006398|OLKM01006398.1 3726","Other"
"3609","ENA|OLKM01006399|OLKM01006399.1 2781","Other"
"3610","ENA|OLKM01006400|OLKM01006400.1 6366","Other"
"3611","ENA|OLKM01006400|OLKM01006400.1 8686","Other"
"3612","ENA|OLKM01006404|OLKM01006404.1 5972","Other"
"3613","ENA|OLKM01006404|OLKM01006404.1 6425","Other"
"3614","ENA|OLKM01006404|OLKM01006404.1 7492","Other"
"3615","ENA|OLKM01006415|OLKM01006415.1 3836","CDS"
"3616","ENA|OLKM01006415|OLKM01006415.1 5757","Other"
"3617","ENA|OLKM01006419|OLKM01006419.1 989","Promoter"
"3618","ENA|OLKM01006419|OLKM01006419.1 1004","Promoter"
"3619","ENA|OLKM01006419|OLKM01006419.1 3213","Intron"
"3620","ENA|OLKM01006419|OLKM01006419.1 4245","Intron"
"3621","ENA|OLKM01006419|OLKM01006419.1 4256","Intron"
"3622","ENA|OLKM01006422|OLKM01006422.1 4862","Intron"
"3623","ENA|OLKM01006429|OLKM01006429.1 427","Other"
"3624","ENA|OLKM01006429|OLKM01006429.1 10781","CDS"
"3625","ENA|OLKM01006429|OLKM01006429.1 12355","Intron"
"3626","ENA|OLKM01006431|OLKM01006431.1 2940","Other"
"3627","ENA|OLKM01006431|OLKM01006431.1 3343","Other"
"3628","ENA|OLKM01006431|OLKM01006431.1 3466","Other"
"3629","ENA|OLKM01006434|OLKM01006434.1 9887","Other"
"3630","ENA|OLKM01006437|OLKM01006437.1 3505","Other"
"3631","ENA|OLKM01006440|OLKM01006440.1 6993","Other"
"3632","ENA|OLKM01006440|OLKM01006440.1 7033","Other"
"3633","ENA|OLKM01006440|OLKM01006440.1 7183","Other"
"3634","ENA|OLKM01006440|OLKM01006440.1 7253","Other"
"3635","ENA|OLKM01006440|OLKM01006440.1 8178","CDS"
"3636","ENA|OLKM01006440|OLKM01006440.1 8522","CDS"
"3637","ENA|OLKM01006440|OLKM01006440.1 8561","CDS"
"3638","ENA|OLKM01006440|OLKM01006440.1 8565","CDS"
"3639","ENA|OLKM01006440|OLKM01006440.1 8604","CDS"
"3640","ENA|OLKM01006440|OLKM01006440.1 9054","CDS"
"3641","ENA|OLKM01006440|OLKM01006440.1 9349","Intron"
"3642","ENA|OLKM01006440|OLKM01006440.1 9351","Intron"
"3643","ENA|OLKM01006440|OLKM01006440.1 9480","Intron"
"3644","ENA|OLKM01006440|OLKM01006440.1 9882","Intron"
"3645","ENA|OLKM01006440|OLKM01006440.1 10088","Intron"
"3646","ENA|OLKM01006440|OLKM01006440.1 10170","Intron"
"3647","ENA|OLKM01006440|OLKM01006440.1 10182","Intron"
"3648","ENA|OLKM01006440|OLKM01006440.1 10233","Intron"
"3649","ENA|OLKM01006440|OLKM01006440.1 10285","Intron"
"3650","ENA|OLKM01006440|OLKM01006440.1 10414","Intron"
"3651","ENA|OLKM01006440|OLKM01006440.1 10493","Intron"
"3652","ENA|OLKM01006440|OLKM01006440.1 10507","Intron"
"3653","ENA|OLKM01006440|OLKM01006440.1 10665","CDS"
"3654","ENA|OLKM01006447|OLKM01006447.1 4003","Intron"
"3655","ENA|OLKM01006448|OLKM01006448.1 3387","Other"
"3656","ENA|OLKM01006450|OLKM01006450.1 125","Other"
"3657","ENA|OLKM01006450|OLKM01006450.1 481","CDS"
"3658","ENA|OLKM01006450|OLKM01006450.1 515","CDS"
"3659","ENA|OLKM01006450|OLKM01006450.1 1352","Intron"
"3660","ENA|OLKM01006462|OLKM01006462.1 2582","UTR3"
"3661","ENA|OLKM01006462|OLKM01006462.1 3055","UTR3"
"3662","ENA|OLKM01006462|OLKM01006462.1 3829","Intron"
"3663","ENA|OLKM01006462|OLKM01006462.1 6187","Intron"
"3664","ENA|OLKM01006473|OLKM01006473.1 1504","Other"
"3665","ENA|OLKM01006476|OLKM01006476.1 4560","Other"
"3666","ENA|OLKM01006482|OLKM01006482.1 116","Other"
"3667","ENA|OLKM01006482|OLKM01006482.1 148","Other"
"3668","ENA|OLKM01006482|OLKM01006482.1 251","Other"
"3669","ENA|OLKM01006482|OLKM01006482.1 253","Other"
"3670","ENA|OLKM01006482|OLKM01006482.1 1126","Other"
"3671","ENA|OLKM01006482|OLKM01006482.1 1219","Other"
"3672","ENA|OLKM01006482|OLKM01006482.1 1229","Other"
"3673","ENA|OLKM01006482|OLKM01006482.1 1290","Other"
"3674","ENA|OLKM01006482|OLKM01006482.1 3247","Other"
"3675","ENA|OLKM01006482|OLKM01006482.1 3444","Other"
"3676","ENA|OLKM01006483|OLKM01006483.1 5509","Other"
"3677","ENA|OLKM01006484|OLKM01006484.1 1477","Intron"
"3678","ENA|OLKM01006484|OLKM01006484.1 1485","Intron"
"3679","ENA|OLKM01006484|OLKM01006484.1 1546","Intron"
"3680","ENA|OLKM01006484|OLKM01006484.1 1621","Intron"
"3681","ENA|OLKM01006484|OLKM01006484.1 1681","Intron"
"3682","ENA|OLKM01006484|OLKM01006484.1 1683","Intron"
"3683","ENA|OLKM01006484|OLKM01006484.1 1900","Intron"
"3684","ENA|OLKM01006484|OLKM01006484.1 1993","Intron"
"3685","ENA|OLKM01006484|OLKM01006484.1 2003","Intron"
"3686","ENA|OLKM01006484|OLKM01006484.1 2092","Intron"
"3687","ENA|OLKM01006484|OLKM01006484.1 3002","Intron"
"3688","ENA|OLKM01006484|OLKM01006484.1 3199","Intron"
"3689","ENA|OLKM01006484|OLKM01006484.1 3265","Intron"
"3690","ENA|OLKM01006484|OLKM01006484.1 3572","Intron"
"3691","ENA|OLKM01006484|OLKM01006484.1 3605","Intron"
"3692","ENA|OLKM01006484|OLKM01006484.1 3660","Intron"
"3693","ENA|OLKM01006484|OLKM01006484.1 3689","Intron"
"3694","ENA|OLKM01006484|OLKM01006484.1 4036","Intron"
"3695","ENA|OLKM01006484|OLKM01006484.1 8990","Intron"
"3696","ENA|OLKM01006493|OLKM01006493.1 1192","CDS"
"3697","ENA|OLKM01006493|OLKM01006493.1 1568","CDS"
"3698","ENA|OLKM01006493|OLKM01006493.1 2592","CDS"
"3699","ENA|OLKM01006522|OLKM01006522.1 1558","Other"
"3700","ENA|OLKM01006525|OLKM01006525.1 8365","CDS"
"3701","ENA|OLKM01006525|OLKM01006525.1 8448","Intron"
"3702","ENA|OLKM01006529|OLKM01006529.1 3677","Other"
"3703","ENA|OLKM01006530|OLKM01006530.1 4097","Other"
"3704","ENA|OLKM01006530|OLKM01006530.1 4272","Other"
"3705","ENA|OLKM01006530|OLKM01006530.1 4485","Other"
"3706","ENA|OLKM01006539|OLKM01006539.1 1464","CDS"
"3707","ENA|OLKM01006540|OLKM01006540.1 628","Other"
"3708","ENA|OLKM01006540|OLKM01006540.1 769","Other"
"3709","ENA|OLKM01006540|OLKM01006540.1 820","Other"
"3710","ENA|OLKM01006540|OLKM01006540.1 855","Other"
"3711","ENA|OLKM01006540|OLKM01006540.1 902","Other"
"3712","ENA|OLKM01006540|OLKM01006540.1 911","Other"
"3713","ENA|OLKM01006540|OLKM01006540.1 996","Other"
"3714","ENA|OLKM01006540|OLKM01006540.1 998","Other"
"3715","ENA|OLKM01006540|OLKM01006540.1 1206","Other"
"3716","ENA|OLKM01006540|OLKM01006540.1 9325","Intron"
"3717","ENA|OLKM01006547|OLKM01006547.1 2979","Promoter"
"3718","ENA|OLKM01006547|OLKM01006547.1 3033","UTR5"
"3719","ENA|OLKM01006547|OLKM01006547.1 3143","Intron"
"3720","ENA|OLKM01006547|OLKM01006547.1 3193","Intron"
"3721","ENA|OLKM01006547|OLKM01006547.1 3205","Intron"
"3722","ENA|OLKM01006547|OLKM01006547.1 3276","Intron"
"3723","ENA|OLKM01006547|OLKM01006547.1 4530","CDS"
"3724","ENA|OLKM01006547|OLKM01006547.1 6873","Other"
"3725","ENA|OLKM01006549|OLKM01006549.1 7492","Other"
"3726","ENA|OLKM01006549|OLKM01006549.1 9334","Other"
"3727","ENA|OLKM01006555|OLKM01006555.1 79","CDS"
"3728","ENA|OLKM01006558|OLKM01006558.1 6598","Other"
"3729","ENA|OLKM01006559|OLKM01006559.1 1897","CDS"
"3730","ENA|OLKM01006559|OLKM01006559.1 5890","CDS"
"3731","ENA|OLKM01006559|OLKM01006559.1 7218","Other"
"3732","ENA|OLKM01006576|OLKM01006576.1 1161","Intron"
"3733","ENA|OLKM01006576|OLKM01006576.1 3289","Terminator"
"3734","ENA|OLKM01006576|OLKM01006576.1 3297","Terminator"
"3735","ENA|OLKM01006577|OLKM01006577.1 537","Other"
"3736","ENA|OLKM01006577|OLKM01006577.1 1722","Other"
"3737","ENA|OLKM01006577|OLKM01006577.1 7207","Other"
"3738","ENA|OLKM01006579|OLKM01006579.1 8306","Other"
"3739","ENA|OLKM01006586|OLKM01006586.1 12596","Intron"
"3740","ENA|OLKM01006597|OLKM01006597.1 9940","CDS"
"3741","ENA|OLKM01006602|OLKM01006602.1 1191","Other"
"3742","ENA|OLKM01006602|OLKM01006602.1 1493","Other"
"3743","ENA|OLKM01006602|OLKM01006602.1 1521","Other"
"3744","ENA|OLKM01006617|OLKM01006617.1 9707","Promoter"
"3745","ENA|OLKM01006617|OLKM01006617.1 9825","CDS"
"3746","ENA|OLKM01006620|OLKM01006620.1 3129","Other"
"3747","ENA|OLKM01006620|OLKM01006620.1 3703","Promoter"
"3748","ENA|OLKM01006621|OLKM01006621.1 135","Other"
"3749","ENA|OLKM01006631|OLKM01006631.1 7234","Other"
"3750","ENA|OLKM01006631|OLKM01006631.1 10155","Other"
"3751","ENA|OLKM01006635|OLKM01006635.1 1090","Intron"
"3752","ENA|OLKM01006635|OLKM01006635.1 6694","Intron"
"3753","ENA|OLKM01006646|OLKM01006646.1 7987","Other"
"3754","ENA|OLKM01006646|OLKM01006646.1 8348","Other"
"3755","ENA|OLKM01006649|OLKM01006649.1 2248","Intron"
"3756","ENA|OLKM01006649|OLKM01006649.1 2280","CDS"
"3757","ENA|OLKM01006658|OLKM01006658.1 2648","CDS"
"3758","ENA|OLKM01006658|OLKM01006658.1 3055","Intron"
"3759","ENA|OLKM01006663|OLKM01006663.1 581","Other"
"3760","ENA|OLKM01006663|OLKM01006663.1 588","Other"
"3761","ENA|OLKM01006663|OLKM01006663.1 935","Other"
"3762","ENA|OLKM01006663|OLKM01006663.1 937","Other"
"3763","ENA|OLKM01006663|OLKM01006663.1 939","Other"
"3764","ENA|OLKM01006663|OLKM01006663.1 3088","Other"
"3765","ENA|OLKM01006663|OLKM01006663.1 3500","Other"
"3766","ENA|OLKM01006663|OLKM01006663.1 3639","Other"
"3767","ENA|OLKM01006675|OLKM01006675.1 3060","CDS"
"3768","ENA|OLKM01006683|OLKM01006683.1 3033","Other"
"3769","ENA|OLKM01006683|OLKM01006683.1 3385","Other"
"3770","ENA|OLKM01006683|OLKM01006683.1 4835","Other"
"3771","ENA|OLKM01006683|OLKM01006683.1 4940","Other"
"3772","ENA|OLKM01006683|OLKM01006683.1 5689","Other"
"3773","ENA|OLKM01006685|OLKM01006685.1 187","CDS"
"3774","ENA|OLKM01006685|OLKM01006685.1 350","CDS"
"3775","ENA|OLKM01006685|OLKM01006685.1 1385","Other"
"3776","ENA|OLKM01006685|OLKM01006685.1 1541","Other"
"3777","ENA|OLKM01006685|OLKM01006685.1 1729","Other"
"3778","ENA|OLKM01006685|OLKM01006685.1 2172","Other"
"3779","ENA|OLKM01006685|OLKM01006685.1 2407","Other"
"3780","ENA|OLKM01006686|OLKM01006686.1 2740","Intron"
"3781","ENA|OLKM01006693|OLKM01006693.1 1137","Other"
"3782","ENA|OLKM01006693|OLKM01006693.1 1208","Other"
"3783","ENA|OLKM01006703|OLKM01006703.1 8726","Other"
"3784","ENA|OLKM01006703|OLKM01006703.1 8830","Other"
"3785","ENA|OLKM01006703|OLKM01006703.1 9018","Other"
"3786","ENA|OLKM01006703|OLKM01006703.1 9047","Other"
"3787","ENA|OLKM01006703|OLKM01006703.1 9049","Other"
"3788","ENA|OLKM01006703|OLKM01006703.1 9094","Other"
"3789","ENA|OLKM01006703|OLKM01006703.1 9272","Other"
"3790","ENA|OLKM01006703|OLKM01006703.1 9278","Other"
"3791","ENA|OLKM01006703|OLKM01006703.1 9280","Other"
"3792","ENA|OLKM01006703|OLKM01006703.1 9294","Other"
"3793","ENA|OLKM01006703|OLKM01006703.1 9594","Other"
"3794","ENA|OLKM01006703|OLKM01006703.1 9598","Other"
"3795","ENA|OLKM01006703|OLKM01006703.1 9609","Other"
"3796","ENA|OLKM01006703|OLKM01006703.1 9656","Other"
"3797","ENA|OLKM01006703|OLKM01006703.1 9660","Other"
"3798","ENA|OLKM01006703|OLKM01006703.1 9743","Other"
"3799","ENA|OLKM01006703|OLKM01006703.1 9853","Other"
"3800","ENA|OLKM01006703|OLKM01006703.1 9859","Other"
"3801","ENA|OLKM01006703|OLKM01006703.1 9867","Other"
"3802","ENA|OLKM01006703|OLKM01006703.1 10381","Other"
"3803","ENA|OLKM01006703|OLKM01006703.1 10489","Other"
"3804","ENA|OLKM01006707|OLKM01006707.1 7564","Other"
"3805","ENA|OLKM01006707|OLKM01006707.1 8262","Other"
"3806","ENA|OLKM01006707|OLKM01006707.1 9757","Other"
"3807","ENA|OLKM01006707|OLKM01006707.1 10792","Other"
"3808","ENA|OLKM01006707|OLKM01006707.1 10931","Other"
"3809","ENA|OLKM01006707|OLKM01006707.1 11684","Other"
"3810","ENA|OLKM01006707|OLKM01006707.1 11686","Other"
"3811","ENA|OLKM01006719|OLKM01006719.1 3871","Intron"
"3812","ENA|OLKM01006723|OLKM01006723.1 472","Other"
"3813","ENA|OLKM01006723|OLKM01006723.1 1227","Other"
"3814","ENA|OLKM01006725|OLKM01006725.1 3690","Other"
"3815","ENA|OLKM01006727|OLKM01006727.1 7701","Other"
"3816","ENA|OLKM01006732|OLKM01006732.1 1790","CDS"
"3817","ENA|OLKM01006739|OLKM01006739.1 1059","Other"
"3818","ENA|OLKM01006744|OLKM01006744.1 1449","CDS"
"3819","ENA|OLKM01006744|OLKM01006744.1 1956","Intron"
"3820","ENA|OLKM01006744|OLKM01006744.1 2204","Intron"
"3821","ENA|OLKM01006744|OLKM01006744.1 7531","Other"
"3822","ENA|OLKM01006744|OLKM01006744.1 7712","Other"
"3823","ENA|OLKM01006744|OLKM01006744.1 7758","Other"
"3824","ENA|OLKM01006744|OLKM01006744.1 7985","Other"
"3825","ENA|OLKM01006744|OLKM01006744.1 9222","CDS"
"3826","ENA|OLKM01006744|OLKM01006744.1 9295","Intron"
"3827","ENA|OLKM01006744|OLKM01006744.1 9353","Intron"
"3828","ENA|OLKM01006744|OLKM01006744.1 9671","CDS"
"3829","ENA|OLKM01006744|OLKM01006744.1 9809","Intron"
"3830","ENA|OLKM01006744|OLKM01006744.1 10208","Intron"
"3831","ENA|OLKM01006744|OLKM01006744.1 10912","Other"
"3832","ENA|OLKM01006746|OLKM01006746.1 6869","Intron"
"3833","ENA|OLKM01006747|OLKM01006747.1 10313","Other"
"3834","ENA|OLKM01006747|OLKM01006747.1 11987","Other"
"3835","ENA|OLKM01006752|OLKM01006752.1 5548","Other"
"3836","ENA|OLKM01006759|OLKM01006759.1 2164","Other"
"3837","ENA|OLKM01006762|OLKM01006762.1 4318","CDS"
"3838","ENA|OLKM01006762|OLKM01006762.1 5219","Other"
"3839","ENA|OLKM01006762|OLKM01006762.1 5240","Other"
"3840","ENA|OLKM01006764|OLKM01006764.1 7591","Other"
"3841","ENA|OLKM01006764|OLKM01006764.1 8446","Other"
"3842","ENA|OLKM01006768|OLKM01006768.1 3480","Other"
"3843","ENA|OLKM01006768|OLKM01006768.1 5853","Other"
"3844","ENA|OLKM01006769|OLKM01006769.1 1298","Intron"
"3845","ENA|OLKM01006769|OLKM01006769.1 1338","Intron"
"3846","ENA|OLKM01006775|OLKM01006775.1 1122","Intron"
"3847","ENA|OLKM01006775|OLKM01006775.1 2479","Terminator"
"3848","ENA|OLKM01006775|OLKM01006775.1 2601","Other"
"3849","ENA|OLKM01006775|OLKM01006775.1 2610","Other"
"3850","ENA|OLKM01006775|OLKM01006775.1 2677","Other"
"3851","ENA|OLKM01006775|OLKM01006775.1 2695","Other"
"3852","ENA|OLKM01006775|OLKM01006775.1 5721","Terminator"
"3853","ENA|OLKM01006776|OLKM01006776.1 7489","Other"
"3854","ENA|OLKM01006776|OLKM01006776.1 8677","Promoter"
"3855","ENA|OLKM01006784|OLKM01006784.1 2429","CDS"
"3856","ENA|OLKM01006784|OLKM01006784.1 2813","CDS"
"3857","ENA|OLKM01006784|OLKM01006784.1 8474","CDS"
"3858","ENA|OLKM01006790|OLKM01006790.1 2558","Promoter"
"3859","ENA|OLKM01006793|OLKM01006793.1 10953","Other"
"3860","ENA|OLKM01006793|OLKM01006793.1 11040","Other"
"3861","ENA|OLKM01006793|OLKM01006793.1 12773","Intron"
"3862","ENA|OLKM01006793|OLKM01006793.1 13037","Terminator"
"3863","ENA|OLKM01006796|OLKM01006796.1 6133","Other"
"3864","ENA|OLKM01006796|OLKM01006796.1 8545","Other"
"3865","ENA|OLKM01006796|OLKM01006796.1 10006","Other"
"3866","ENA|OLKM01006796|OLKM01006796.1 10050","Other"
"3867","ENA|OLKM01006798|OLKM01006798.1 3247","Other"
"3868","ENA|OLKM01006798|OLKM01006798.1 3281","Other"
"3869","ENA|OLKM01006814|OLKM01006814.1 947","Other"
"3870","ENA|OLKM01006816|OLKM01006816.1 1274","Other"
"3871","ENA|OLKM01006820|OLKM01006820.1 1876","UTR3"
"3872","ENA|OLKM01006820|OLKM01006820.1 5845","Other"
"3873","ENA|OLKM01006822|OLKM01006822.1 875","Other"
"3874","ENA|OLKM01006822|OLKM01006822.1 1820","Promoter"
"3875","ENA|OLKM01006822|OLKM01006822.1 2335","CDS"
"3876","ENA|OLKM01006823|OLKM01006823.1 1295","Intron"
"3877","ENA|OLKM01006823|OLKM01006823.1 2444","CDS"
"3878","ENA|OLKM01006823|OLKM01006823.1 2549","Intron"
"3879","ENA|OLKM01006826|OLKM01006826.1 4909","Other"
"3880","ENA|OLKM01006826|OLKM01006826.1 8640","Other"
"3881","ENA|OLKM01006829|OLKM01006829.1 787","Other"
"3882","ENA|OLKM01006834|OLKM01006834.1 668","Other"
"3883","ENA|OLKM01006836|OLKM01006836.1 9639","Other"
"3884","ENA|OLKM01006840|OLKM01006840.1 2996","Intron"
"3885","ENA|OLKM01006845|OLKM01006845.1 1309","Other"
"3886","ENA|OLKM01006846|OLKM01006846.1 487","Other"
"3887","ENA|OLKM01006846|OLKM01006846.1 2178","Other"
"3888","ENA|OLKM01006850|OLKM01006850.1 1521","Other"
"3889","ENA|OLKM01006850|OLKM01006850.1 2217","Other"
"3890","ENA|OLKM01006850|OLKM01006850.1 2761","Other"
"3891","ENA|OLKM01006850|OLKM01006850.1 3419","Other"
"3892","ENA|OLKM01006865|OLKM01006865.1 256","CDS"
"3893","ENA|OLKM01006865|OLKM01006865.1 287","CDS"
"3894","ENA|OLKM01006865|OLKM01006865.1 326","CDS"
"3895","ENA|OLKM01006865|OLKM01006865.1 354","CDS"
"3896","ENA|OLKM01006865|OLKM01006865.1 492","CDS"
"3897","ENA|OLKM01006865|OLKM01006865.1 736","CDS"
"3898","ENA|OLKM01006865|OLKM01006865.1 840","CDS"
"3899","ENA|OLKM01006865|OLKM01006865.1 870","CDS"
"3900","ENA|OLKM01006865|OLKM01006865.1 1105","CDS"
"3901","ENA|OLKM01006865|OLKM01006865.1 1529","CDS"
"3902","ENA|OLKM01006865|OLKM01006865.1 1595","CDS"
"3903","ENA|OLKM01006865|OLKM01006865.1 1798","CDS"
"3904","ENA|OLKM01006865|OLKM01006865.1 1842","CDS"
"3905","ENA|OLKM01006865|OLKM01006865.1 1866","CDS"
"3906","ENA|OLKM01006865|OLKM01006865.1 2160","CDS"
"3907","ENA|OLKM01006865|OLKM01006865.1 2217","CDS"
"3908","ENA|OLKM01006865|OLKM01006865.1 2270","CDS"
"3909","ENA|OLKM01006865|OLKM01006865.1 2673","CDS"
"3910","ENA|OLKM01006865|OLKM01006865.1 2750","CDS"
"3911","ENA|OLKM01006865|OLKM01006865.1 2989","Terminator"
"3912","ENA|OLKM01006865|OLKM01006865.1 3855","Other"
"3913","ENA|OLKM01006872|OLKM01006872.1 9217","Other"
"3914","ENA|OLKM01006873|OLKM01006873.1 902","CDS"
"3915","ENA|OLKM01006873|OLKM01006873.1 1832","Other"
"3916","ENA|OLKM01006873|OLKM01006873.1 1857","Other"
"3917","ENA|OLKM01006873|OLKM01006873.1 2923","Other"
"3918","ENA|OLKM01006877|OLKM01006877.1 744","Promoter"
"3919","ENA|OLKM01006877|OLKM01006877.1 1379","CDS"
"3920","ENA|OLKM01006877|OLKM01006877.1 1399","CDS"
"3921","ENA|OLKM01006877|OLKM01006877.1 1441","CDS"
"3922","ENA|OLKM01006877|OLKM01006877.1 1483","Intron"
"3923","ENA|OLKM01006877|OLKM01006877.1 1511","Intron"
"3924","ENA|OLKM01006877|OLKM01006877.1 1604","Intron"
"3925","ENA|OLKM01006877|OLKM01006877.1 1779","Intron"
"3926","ENA|OLKM01006877|OLKM01006877.1 3111","Intron"
"3927","ENA|OLKM01006877|OLKM01006877.1 3219","Intron"
"3928","ENA|OLKM01006880|OLKM01006880.1 198","Intron"
"3929","ENA|OLKM01006880|OLKM01006880.1 210","Intron"
"3930","ENA|OLKM01006880|OLKM01006880.1 261","Intron"
"3931","ENA|OLKM01006880|OLKM01006880.1 263","Intron"
"3932","ENA|OLKM01006880|OLKM01006880.1 464","Intron"
"3933","ENA|OLKM01006880|OLKM01006880.1 517","Intron"
"3934","ENA|OLKM01006880|OLKM01006880.1 543","Intron"
"3935","ENA|OLKM01006880|OLKM01006880.1 574","Intron"
"3936","ENA|OLKM01006880|OLKM01006880.1 585","Intron"
"3937","ENA|OLKM01006880|OLKM01006880.1 599","Intron"
"3938","ENA|OLKM01006880|OLKM01006880.1 796","CDS"
"3939","ENA|OLKM01006880|OLKM01006880.1 8036","Intron"
"3940","ENA|OLKM01006881|OLKM01006881.1 1282","Other"
"3941","ENA|OLKM01006881|OLKM01006881.1 6206","Other"
"3942","ENA|OLKM01006881|OLKM01006881.1 8508","Other"
"3943","ENA|OLKM01006882|OLKM01006882.1 7129","Other"
"3944","ENA|OLKM01006882|OLKM01006882.1 7502","Other"
"3945","ENA|OLKM01006883|OLKM01006883.1 7957","Other"
"3946","ENA|OLKM01006886|OLKM01006886.1 3045","Other"
"3947","ENA|OLKM01006886|OLKM01006886.1 3990","Other"
"3948","ENA|OLKM01006886|OLKM01006886.1 4040","Other"
"3949","ENA|OLKM01006886|OLKM01006886.1 11437","Intron"
"3950","ENA|OLKM01006890|OLKM01006890.1 5670","Intron"
"3951","ENA|OLKM01006892|OLKM01006892.1 2233","Other"
"3952","ENA|OLKM01006892|OLKM01006892.1 2519","Other"
"3953","ENA|OLKM01006892|OLKM01006892.1 3351","Other"
"3954","ENA|OLKM01006892|OLKM01006892.1 3591","Other"
"3955","ENA|OLKM01006892|OLKM01006892.1 7062","CDS"
"3956","ENA|OLKM01006896|OLKM01006896.1 2421","Other"
"3957","ENA|OLKM01006896|OLKM01006896.1 2539","Other"
"3958","ENA|OLKM01006896|OLKM01006896.1 4442","Other"
"3959","ENA|OLKM01006896|OLKM01006896.1 4625","Other"
"3960","ENA|OLKM01006900|OLKM01006900.1 3735","Other"
"3961","ENA|OLKM01006900|OLKM01006900.1 3860","Other"
"3962","ENA|OLKM01006900|OLKM01006900.1 4234","Other"
"3963","ENA|OLKM01006908|OLKM01006908.1 4916","Other"
"3964","ENA|OLKM01006911|OLKM01006911.1 1383","CDS"
"3965","ENA|OLKM01006916|OLKM01006916.1 1878","CDS"
"3966","ENA|OLKM01006919|OLKM01006919.1 4659","Intron"
"3967","ENA|OLKM01006929|OLKM01006929.1 1443","Other"
"3968","ENA|OLKM01006929|OLKM01006929.1 1591","Other"
"3969","ENA|OLKM01006929|OLKM01006929.1 1645","Other"
"3970","ENA|OLKM01006929|OLKM01006929.1 2431","Other"
"3971","ENA|OLKM01006929|OLKM01006929.1 2873","Other"
"3972","ENA|OLKM01006929|OLKM01006929.1 3456","Other"
"3973","ENA|OLKM01006929|OLKM01006929.1 6232","Other"
"3974","ENA|OLKM01006929|OLKM01006929.1 9713","Other"
"3975","ENA|OLKM01006939|OLKM01006939.1 1720","Other"
"3976","ENA|OLKM01006939|OLKM01006939.1 1731","Other"
"3977","ENA|OLKM01006939|OLKM01006939.1 1754","Other"
"3978","ENA|OLKM01006939|OLKM01006939.1 1777","Other"
"3979","ENA|OLKM01006939|OLKM01006939.1 4297","Other"
"3980","ENA|OLKM01006939|OLKM01006939.1 4423","Promoter"
"3981","ENA|OLKM01006939|OLKM01006939.1 4429","Promoter"
"3982","ENA|OLKM01006939|OLKM01006939.1 4532","Promoter"
"3983","ENA|OLKM01006939|OLKM01006939.1 6028","Other"
"3984","ENA|OLKM01006939|OLKM01006939.1 6141","Other"
"3985","ENA|OLKM01006939|OLKM01006939.1 9012","Intron"
"3986","ENA|OLKM01006943|OLKM01006943.1 2082","Other"
"3987","ENA|OLKM01006943|OLKM01006943.1 8803","Other"
"3988","ENA|OLKM01006944|OLKM01006944.1 658","Other"
"3989","ENA|OLKM01006944|OLKM01006944.1 1925","Other"
"3990","ENA|OLKM01006944|OLKM01006944.1 2188","Other"
"3991","ENA|OLKM01006944|OLKM01006944.1 2693","Other"
"3992","ENA|OLKM01006949|OLKM01006949.1 10959","Other"
"3993","ENA|OLKM01006949|OLKM01006949.1 10978","Other"
"3994","ENA|OLKM01006952|OLKM01006952.1 4720","CDS"
"3995","ENA|OLKM01006952|OLKM01006952.1 4768","CDS"
"3996","ENA|OLKM01006956|OLKM01006956.1 5486","Intron"
"3997","ENA|OLKM01006967|OLKM01006967.1 5395","Other"
"3998","ENA|OLKM01006970|OLKM01006970.1 7633","UTR3"
"3999","ENA|OLKM01006971|OLKM01006971.1 3026","Other"
"4000","ENA|OLKM01006971|OLKM01006971.1 3107","Other"
"4001","ENA|OLKM01006972|OLKM01006972.1 152","Other"
"4002","ENA|OLKM01006972|OLKM01006972.1 1630","Other"
"4003","ENA|OLKM01006972|OLKM01006972.1 1651","Other"
"4004","ENA|OLKM01006985|OLKM01006985.1 5822","CDS"
"4005","ENA|OLKM01006986|OLKM01006986.1 656","Other"
"4006","ENA|OLKM01006989|OLKM01006989.1 3445","Other"
"4007","ENA|OLKM01006990|OLKM01006990.1 1896","Other"
"4008","ENA|OLKM01006990|OLKM01006990.1 3645","Other"
"4009","ENA|OLKM01006990|OLKM01006990.1 4607","Other"
"4010","ENA|OLKM01006991|OLKM01006991.1 3363","Other"
"4011","ENA|OLKM01006991|OLKM01006991.1 9543","Other"
"4012","ENA|OLKM01006997|OLKM01006997.1 11369","Other"
"4013","ENA|OLKM01006997|OLKM01006997.1 11457","Other"
"4014","ENA|OLKM01007001|OLKM01007001.1 2030","Other"
"4015","ENA|OLKM01007008|OLKM01007008.1 7224","Other"
"4016","ENA|OLKM01007010|OLKM01007010.1 7976","Other"
"4017","ENA|OLKM01007014|OLKM01007014.1 5419","Other"
"4018","ENA|OLKM01007025|OLKM01007025.1 3635","Other"
"4019","ENA|OLKM01007025|OLKM01007025.1 7485","Other"
"4020","ENA|OLKM01007025|OLKM01007025.1 8639","Other"
"4021","ENA|OLKM01007026|OLKM01007026.1 10587","Intron"
"4022","ENA|OLKM01007028|OLKM01007028.1 9388","Intron"
"4023","ENA|OLKM01007028|OLKM01007028.1 9478","Intron"
"4024","ENA|OLKM01007031|OLKM01007031.1 7260","Intron"
"4025","ENA|OLKM01007031|OLKM01007031.1 8687","Intron"
"4026","ENA|OLKM01007038|OLKM01007038.1 2156","CDS"
"4027","ENA|OLKM01007038|OLKM01007038.1 2180","CDS"
"4028","ENA|OLKM01007038|OLKM01007038.1 2191","CDS"
"4029","ENA|OLKM01007038|OLKM01007038.1 2200","CDS"
"4030","ENA|OLKM01007038|OLKM01007038.1 2245","CDS"
"4031","ENA|OLKM01007038|OLKM01007038.1 2247","CDS"
"4032","ENA|OLKM01007038|OLKM01007038.1 2261","CDS"
"4033","ENA|OLKM01007038|OLKM01007038.1 2272","CDS"
"4034","ENA|OLKM01007038|OLKM01007038.1 2295","Intron"
"4035","ENA|OLKM01007038|OLKM01007038.1 2366","Intron"
"4036","ENA|OLKM01007038|OLKM01007038.1 2374","Intron"
"4037","ENA|OLKM01007038|OLKM01007038.1 3182","Intron"
"4038","ENA|OLKM01007038|OLKM01007038.1 3748","Intron"
"4039","ENA|OLKM01007038|OLKM01007038.1 4300","Intron"
"4040","ENA|OLKM01007042|OLKM01007042.1 7533","Intron"
"4041","ENA|OLKM01007043|OLKM01007043.1 1245","Other"
"4042","ENA|OLKM01007043|OLKM01007043.1 9079","Terminator"
"4043","ENA|OLKM01007043|OLKM01007043.1 9133","Terminator"
"4044","ENA|OLKM01007055|OLKM01007055.1 6183","CDS"
"4045","ENA|OLKM01007055|OLKM01007055.1 6201","CDS"
"4046","ENA|OLKM01007057|OLKM01007057.1 7412","Other"
"4047","ENA|OLKM01007065|OLKM01007065.1 456","Other"
"4048","ENA|OLKM01007065|OLKM01007065.1 5690","Intron"
"4049","ENA|OLKM01007068|OLKM01007068.1 1229","Other"
"4050","ENA|OLKM01007068|OLKM01007068.1 2064","Other"
"4051","ENA|OLKM01007070|OLKM01007070.1 4508","Other"
"4052","ENA|OLKM01007070|OLKM01007070.1 4559","Other"
"4053","ENA|OLKM01007071|OLKM01007071.1 1357","CDS"
"4054","ENA|OLKM01007071|OLKM01007071.1 2052","Intron"
"4055","ENA|OLKM01007073|OLKM01007073.1 1056","Other"
"4056","ENA|OLKM01007073|OLKM01007073.1 1792","Other"
"4057","ENA|OLKM01007073|OLKM01007073.1 2358","Other"
"4058","ENA|OLKM01007073|OLKM01007073.1 6992","CDS"
"4059","ENA|OLKM01007078|OLKM01007078.1 9340","Other"
"4060","ENA|OLKM01007078|OLKM01007078.1 9593","Other"
"4061","ENA|OLKM01007087|OLKM01007087.1 2095","Other"
"4062","ENA|OLKM01007087|OLKM01007087.1 3032","Other"
"4063","ENA|OLKM01007088|OLKM01007088.1 6785","Other"
"4064","ENA|OLKM01007089|OLKM01007089.1 2447","Intron"
"4065","ENA|OLKM01007089|OLKM01007089.1 2450","Intron"
"4066","ENA|OLKM01007097|OLKM01007097.1 653","Other"
"4067","ENA|OLKM01007099|OLKM01007099.1 9201","Other"
"4068","ENA|OLKM01007100|OLKM01007100.1 8928","CDS"
"4069","ENA|OLKM01007100|OLKM01007100.1 8942","CDS"
"4070","ENA|OLKM01007100|OLKM01007100.1 8944","CDS"
"4071","ENA|OLKM01007104|OLKM01007104.1 1071","Intron"
"4072","ENA|OLKM01007104|OLKM01007104.1 9314","Intron"
"4073","ENA|OLKM01007104|OLKM01007104.1 9394","Intron"
"4074","ENA|OLKM01007104|OLKM01007104.1 9418","Intron"
"4075","ENA|OLKM01007105|OLKM01007105.1 10408","Terminator"
"4076","ENA|OLKM01007106|OLKM01007106.1 662","Other"
"4077","ENA|OLKM01007113|OLKM01007113.1 1035","Other"
"4078","ENA|OLKM01007113|OLKM01007113.1 1621","Other"
"4079","ENA|OLKM01007113|OLKM01007113.1 1653","Other"
"4080","ENA|OLKM01007113|OLKM01007113.1 1655","Other"
"4081","ENA|OLKM01007113|OLKM01007113.1 1679","Other"
"4082","ENA|OLKM01007113|OLKM01007113.1 1756","Other"
"4083","ENA|OLKM01007113|OLKM01007113.1 1758","Other"
"4084","ENA|OLKM01007113|OLKM01007113.1 1766","Other"
"4085","ENA|OLKM01007113|OLKM01007113.1 1827","Other"
"4086","ENA|OLKM01007113|OLKM01007113.1 1859","Other"
"4087","ENA|OLKM01007113|OLKM01007113.1 1930","Other"
"4088","ENA|OLKM01007113|OLKM01007113.1 1949","Other"
"4089","ENA|OLKM01007113|OLKM01007113.1 1964","Other"
"4090","ENA|OLKM01007113|OLKM01007113.1 1972","Other"
"4091","ENA|OLKM01007113|OLKM01007113.1 2005","Other"
"4092","ENA|OLKM01007113|OLKM01007113.1 2060","Other"
"4093","ENA|OLKM01007118|OLKM01007118.1 1521","Other"
"4094","ENA|OLKM01007118|OLKM01007118.1 1641","Other"
"4095","ENA|OLKM01007125|OLKM01007125.1 10233","Other"
"4096","ENA|OLKM01007134|OLKM01007134.1 3840","CDS"
"4097","ENA|OLKM01007136|OLKM01007136.1 4515","Terminator"
"4098","ENA|OLKM01007138|OLKM01007138.1 4557","Other"
"4099","ENA|OLKM01007148|OLKM01007148.1 1402","Other"
"4100","ENA|OLKM01007150|OLKM01007150.1 2586","Other"
"4101","ENA|OLKM01007151|OLKM01007151.1 1689","Other"
"4102","ENA|OLKM01007151|OLKM01007151.1 2403","Other"
"4103","ENA|OLKM01007158|OLKM01007158.1 2349","Other"
"4104","ENA|OLKM01007164|OLKM01007164.1 1159","CDS"
"4105","ENA|OLKM01007164|OLKM01007164.1 3894","Other"
"4106","ENA|OLKM01007164|OLKM01007164.1 7603","Other"
"4107","ENA|OLKM01007164|OLKM01007164.1 10033","CDS"
"4108","ENA|OLKM01007164|OLKM01007164.1 10503","CDS"
"4109","ENA|OLKM01007174|OLKM01007174.1 3114","Other"
"4110","ENA|OLKM01007174|OLKM01007174.1 10332","CDS"
"4111","ENA|OLKM01007177|OLKM01007177.1 718","Other"
"4112","ENA|OLKM01007177|OLKM01007177.1 2774","Other"
"4113","ENA|OLKM01007180|OLKM01007180.1 441","Other"
"4114","ENA|OLKM01007180|OLKM01007180.1 448","Other"
"4115","ENA|OLKM01007186|OLKM01007186.1 1043","Other"
"4116","ENA|OLKM01007187|OLKM01007187.1 851","Other"
"4117","ENA|OLKM01007188|OLKM01007188.1 8947","CDS"
"4118","ENA|OLKM01007188|OLKM01007188.1 9097","Intron"
"4119","ENA|OLKM01007188|OLKM01007188.1 10334","CDS"
"4120","ENA|OLKM01007188|OLKM01007188.1 10732","Intron"
"4121","ENA|OLKM01007190|OLKM01007190.1 1635","Other"
"4122","ENA|OLKM01007190|OLKM01007190.1 1637","Other"
"4123","ENA|OLKM01007190|OLKM01007190.1 1841","Other"
"4124","ENA|OLKM01007204|OLKM01007204.1 8051","Intron"
"4125","ENA|OLKM01007212|OLKM01007212.1 6586","Other"
"4126","ENA|OLKM01007223|OLKM01007223.1 3362","Other"
"4127","ENA|OLKM01007224|OLKM01007224.1 7312","Terminator"
"4128","ENA|OLKM01007238|OLKM01007238.1 4797","Other"
"4129","ENA|OLKM01007239|OLKM01007239.1 4973","Other"
"4130","ENA|OLKM01007239|OLKM01007239.1 5812","Other"
"4131","ENA|OLKM01007240|OLKM01007240.1 6379","Intron"
"4132","ENA|OLKM01007249|OLKM01007249.1 1697","Other"
"4133","ENA|OLKM01007263|OLKM01007263.1 473","CDS"
"4134","ENA|OLKM01007263|OLKM01007263.1 820","Intron"
"4135","ENA|OLKM01007263|OLKM01007263.1 1214","CDS"
"4136","ENA|OLKM01007263|OLKM01007263.1 2273","CDS"
"4137","ENA|OLKM01007263|OLKM01007263.1 2286","CDS"
"4138","ENA|OLKM01007263|OLKM01007263.1 2357","CDS"
"4139","ENA|OLKM01007267|OLKM01007267.1 1295","Intron"
"4140","ENA|OLKM01007267|OLKM01007267.1 2328","Intron"
"4141","ENA|OLKM01007267|OLKM01007267.1 2847","Intron"
"4142","ENA|OLKM01007267|OLKM01007267.1 3290","Intron"
"4143","ENA|OLKM01007267|OLKM01007267.1 4966","Intron"
"4144","ENA|OLKM01007267|OLKM01007267.1 5045","Intron"
"4145","ENA|OLKM01007267|OLKM01007267.1 8463","Intron"
"4146","ENA|OLKM01007273|OLKM01007273.1 302","Other"
"4147","ENA|OLKM01007273|OLKM01007273.1 315","Other"
"4148","ENA|OLKM01007273|OLKM01007273.1 541","Other"
"4149","ENA|OLKM01007279|OLKM01007279.1 717","Terminator"
"4150","ENA|OLKM01007279|OLKM01007279.1 853","Other"
"4151","ENA|OLKM01007279|OLKM01007279.1 1121","Other"
"4152","ENA|OLKM01007279|OLKM01007279.1 1216","Other"
"4153","ENA|OLKM01007279|OLKM01007279.1 1225","Other"
"4154","ENA|OLKM01007279|OLKM01007279.1 1249","Other"
"4155","ENA|OLKM01007279|OLKM01007279.1 1896","Other"
"4156","ENA|OLKM01007279|OLKM01007279.1 2037","Other"
"4157","ENA|OLKM01007279|OLKM01007279.1 2092","Other"
"4158","ENA|OLKM01007279|OLKM01007279.1 2114","Other"
"4159","ENA|OLKM01007279|OLKM01007279.1 2629","Other"
"4160","ENA|OLKM01007279|OLKM01007279.1 2664","Other"
"4161","ENA|OLKM01007279|OLKM01007279.1 2684","Other"
"4162","ENA|OLKM01007279|OLKM01007279.1 2706","Other"
"4163","ENA|OLKM01007279|OLKM01007279.1 2748","Other"
"4164","ENA|OLKM01007279|OLKM01007279.1 2880","Other"
"4165","ENA|OLKM01007279|OLKM01007279.1 2909","Other"
"4166","ENA|OLKM01007279|OLKM01007279.1 3076","Other"
"4167","ENA|OLKM01007279|OLKM01007279.1 3294","Other"
"4168","ENA|OLKM01007279|OLKM01007279.1 4298","Intron"
"4169","ENA|OLKM01007281|OLKM01007281.1 438","Other"
"4170","ENA|OLKM01007283|OLKM01007283.1 2178","Terminator"
"4171","ENA|OLKM01007286|OLKM01007286.1 1588","Other"
"4172","ENA|OLKM01007286|OLKM01007286.1 1607","Other"
"4173","ENA|OLKM01007286|OLKM01007286.1 1722","Other"
"4174","ENA|OLKM01007286|OLKM01007286.1 4891","Promoter"
"4175","ENA|OLKM01007288|OLKM01007288.1 314","Other"
"4176","ENA|OLKM01007288|OLKM01007288.1 1331","Other"
"4177","ENA|OLKM01007291|OLKM01007291.1 1738","CDS"
"4178","ENA|OLKM01007291|OLKM01007291.1 1777","CDS"
"4179","ENA|OLKM01007292|OLKM01007292.1 2231","Intron"
"4180","ENA|OLKM01007292|OLKM01007292.1 5914","CDS"
"4181","ENA|OLKM01007294|OLKM01007294.1 6354","Other"
"4182","ENA|OLKM01007294|OLKM01007294.1 6435","Other"
"4183","ENA|OLKM01007294|OLKM01007294.1 6438","Other"
"4184","ENA|OLKM01007294|OLKM01007294.1 6686","Other"
"4185","ENA|OLKM01007309|OLKM01007309.1 9974","Intron"
"4186","ENA|OLKM01007309|OLKM01007309.1 10035","Intron"
"4187","ENA|OLKM01007313|OLKM01007313.1 4002","CDS"
"4188","ENA|OLKM01007314|OLKM01007314.1 7319","Other"
"4189","ENA|OLKM01007314|OLKM01007314.1 7327","Other"
"4190","ENA|OLKM01007314|OLKM01007314.1 7343","Other"
"4191","ENA|OLKM01007314|OLKM01007314.1 8813","Other"
"4192","ENA|OLKM01007323|OLKM01007323.1 3420","Intron"
"4193","ENA|OLKM01007325|OLKM01007325.1 8362","CDS"
"4194","ENA|OLKM01007325|OLKM01007325.1 8821","Other"
"4195","ENA|OLKM01007325|OLKM01007325.1 9453","Other"
"4196","ENA|OLKM01007327|OLKM01007327.1 4012","Other"
"4197","ENA|OLKM01007327|OLKM01007327.1 6733","Other"
"4198","ENA|OLKM01007327|OLKM01007327.1 9871","Other"
"4199","ENA|OLKM01007334|OLKM01007334.1 174","Other"
"4200","ENA|OLKM01007334|OLKM01007334.1 432","Other"
"4201","ENA|OLKM01007334|OLKM01007334.1 851","Other"
"4202","ENA|OLKM01007334|OLKM01007334.1 3695","Other"
"4203","ENA|OLKM01007334|OLKM01007334.1 4511","Other"
"4204","ENA|OLKM01007338|OLKM01007338.1 2871","Other"
"4205","ENA|OLKM01007338|OLKM01007338.1 2960","Other"
"4206","ENA|OLKM01007338|OLKM01007338.1 3372","Other"
"4207","ENA|OLKM01007344|OLKM01007344.1 1939","Other"
"4208","ENA|OLKM01007349|OLKM01007349.1 984","Other"
"4209","ENA|OLKM01007349|OLKM01007349.1 1906","Other"
"4210","ENA|OLKM01007349|OLKM01007349.1 1958","Other"
"4211","ENA|OLKM01007349|OLKM01007349.1 3810","Intron"
"4212","ENA|OLKM01007372|OLKM01007372.1 266","Other"
"4213","ENA|OLKM01007372|OLKM01007372.1 7340","Intron"
"4214","ENA|OLKM01007372|OLKM01007372.1 7392","Intron"
"4215","ENA|OLKM01007379|OLKM01007379.1 3623","Promoter"
"4216","ENA|OLKM01007388|OLKM01007388.1 1021","Other"
"4217","ENA|OLKM01007388|OLKM01007388.1 2504","Terminator"
"4218","ENA|OLKM01007388|OLKM01007388.1 2654","Terminator"
"4219","ENA|OLKM01007391|OLKM01007391.1 4551","Intron"
"4220","ENA|OLKM01007394|OLKM01007394.1 6268","Other"
"4221","ENA|OLKM01007394|OLKM01007394.1 6353","Other"
"4222","ENA|OLKM01007398|OLKM01007398.1 7583","Intron"
"4223","ENA|OLKM01007402|OLKM01007402.1 1579","CDS"
"4224","ENA|OLKM01007402|OLKM01007402.1 1669","CDS"
"4225","ENA|OLKM01007402|OLKM01007402.1 1723","CDS"
"4226","ENA|OLKM01007402|OLKM01007402.1 2035","Intron"
"4227","ENA|OLKM01007402|OLKM01007402.1 2152","CDS"
"4228","ENA|OLKM01007402|OLKM01007402.1 5332","Intron"
"4229","ENA|OLKM01007403|OLKM01007403.1 1154","Other"
"4230","ENA|OLKM01007403|OLKM01007403.1 1186","Other"
"4231","ENA|OLKM01007403|OLKM01007403.1 2011","CDS"
"4232","ENA|OLKM01007415|OLKM01007415.1 2352","Other"
"4233","ENA|OLKM01007422|OLKM01007422.1 1664","Other"
"4234","ENA|OLKM01007423|OLKM01007423.1 3252","Other"
"4235","ENA|OLKM01007423|OLKM01007423.1 4199","Other"
"4236","ENA|OLKM01007423|OLKM01007423.1 4971","Other"
"4237","ENA|OLKM01007423|OLKM01007423.1 5122","Other"
"4238","ENA|OLKM01007426|OLKM01007426.1 5781","Other"
"4239","ENA|OLKM01007426|OLKM01007426.1 10425","CDS"
"4240","ENA|OLKM01007435|OLKM01007435.1 1384","Other"
"4241","ENA|OLKM01007435|OLKM01007435.1 1414","Other"
"4242","ENA|OLKM01007435|OLKM01007435.1 2118","Other"
"4243","ENA|OLKM01007435|OLKM01007435.1 3328","Other"
"4244","ENA|OLKM01007435|OLKM01007435.1 3735","Other"
"4245","ENA|OLKM01007435|OLKM01007435.1 3779","Other"
"4246","ENA|OLKM01007435|OLKM01007435.1 4009","Other"
"4247","ENA|OLKM01007437|OLKM01007437.1 1962","CDS"
"4248","ENA|OLKM01007438|OLKM01007438.1 6862","Other"
"4249","ENA|OLKM01007445|OLKM01007445.1 1572","Other"
"4250","ENA|OLKM01007445|OLKM01007445.1 2939","Other"
"4251","ENA|OLKM01007445|OLKM01007445.1 2985","Other"
"4252","ENA|OLKM01007445|OLKM01007445.1 2992","Other"
"4253","ENA|OLKM01007445|OLKM01007445.1 3034","Other"
"4254","ENA|OLKM01007445|OLKM01007445.1 7420","Other"
"4255","ENA|OLKM01007447|OLKM01007447.1 841","Other"
"4256","ENA|OLKM01007447|OLKM01007447.1 2431","Other"
"4257","ENA|OLKM01007447|OLKM01007447.1 3265","Other"
"4258","ENA|OLKM01007447|OLKM01007447.1 3802","Other"
"4259","ENA|OLKM01007451|OLKM01007451.1 521","Promoter"
"4260","ENA|OLKM01007451|OLKM01007451.1 5805","CDS"
"4261","ENA|OLKM01007456|OLKM01007456.1 1229","Other"
"4262","ENA|OLKM01007456|OLKM01007456.1 2562","Intron"
"4263","ENA|OLKM01007458|OLKM01007458.1 623","Intron"
"4264","ENA|OLKM01007458|OLKM01007458.1 640","Intron"
"4265","ENA|OLKM01007458|OLKM01007458.1 667","Intron"
"4266","ENA|OLKM01007458|OLKM01007458.1 673","Intron"
"4267","ENA|OLKM01007458|OLKM01007458.1 957","Intron"
"4268","ENA|OLKM01007458|OLKM01007458.1 1064","Intron"
"4269","ENA|OLKM01007458|OLKM01007458.1 1228","Intron"
"4270","ENA|OLKM01007458|OLKM01007458.1 1393","Intron"
"4271","ENA|OLKM01007458|OLKM01007458.1 1894","Intron"
"4272","ENA|OLKM01007458|OLKM01007458.1 2109","Intron"
"4273","ENA|OLKM01007458|OLKM01007458.1 2304","Intron"
"4274","ENA|OLKM01007458|OLKM01007458.1 2725","CDS"
"4275","ENA|OLKM01007458|OLKM01007458.1 2875","CDS"
"4276","ENA|OLKM01007458|OLKM01007458.1 2894","CDS"
"4277","ENA|OLKM01007458|OLKM01007458.1 2952","CDS"
"4278","ENA|OLKM01007458|OLKM01007458.1 3787","Intron"
"4279","ENA|OLKM01007458|OLKM01007458.1 5989","Intron"
"4280","ENA|OLKM01007458|OLKM01007458.1 6462","CDS"
"4281","ENA|OLKM01007458|OLKM01007458.1 6497","Intron"
"4282","ENA|OLKM01007459|OLKM01007459.1 2297","CDS"
"4283","ENA|OLKM01007468|OLKM01007468.1 1033","Intron"
"4284","ENA|OLKM01007468|OLKM01007468.1 1580","Intron"
"4285","ENA|OLKM01007468|OLKM01007468.1 1643","Intron"
"4286","ENA|OLKM01007468|OLKM01007468.1 1673","Intron"
"4287","ENA|OLKM01007468|OLKM01007468.1 1683","Intron"
"4288","ENA|OLKM01007468|OLKM01007468.1 2588","Intron"
"4289","ENA|OLKM01007468|OLKM01007468.1 2700","Intron"
"4290","ENA|OLKM01007468|OLKM01007468.1 3582","Intron"
"4291","ENA|OLKM01007471|OLKM01007471.1 1175","Other"
"4292","ENA|OLKM01007476|OLKM01007476.1 5306","Other"
"4293","ENA|OLKM01007477|OLKM01007477.1 5720","Other"
"4294","ENA|OLKM01007477|OLKM01007477.1 5754","Other"
"4295","ENA|OLKM01007477|OLKM01007477.1 5818","Other"
"4296","ENA|OLKM01007477|OLKM01007477.1 5959","Other"
"4297","ENA|OLKM01007477|OLKM01007477.1 6045","Other"
"4298","ENA|OLKM01007477|OLKM01007477.1 6184","Other"
"4299","ENA|OLKM01007477|OLKM01007477.1 6932","Other"
"4300","ENA|OLKM01007477|OLKM01007477.1 8841","Promoter"
"4301","ENA|OLKM01007477|OLKM01007477.1 9689","Other"
"4302","ENA|OLKM01007477|OLKM01007477.1 9758","Other"
"4303","ENA|OLKM01007477|OLKM01007477.1 10177","Other"
"4304","ENA|OLKM01007478|OLKM01007478.1 4721","Intron"
"4305","ENA|OLKM01007478|OLKM01007478.1 4814","Intron"
"4306","ENA|OLKM01007482|OLKM01007482.1 6083","Intron"
"4307","ENA|OLKM01007494|OLKM01007494.1 2423","Other"
"4308","ENA|OLKM01007496|OLKM01007496.1 6119","Other"
"4309","ENA|OLKM01007500|OLKM01007500.1 2152","Other"
"4310","ENA|OLKM01007500|OLKM01007500.1 2539","Other"
"4311","ENA|OLKM01007503|OLKM01007503.1 6699","Other"
"4312","ENA|OLKM01007503|OLKM01007503.1 6814","Other"
"4313","ENA|OLKM01007540|OLKM01007540.1 2235","Other"
"4314","ENA|OLKM01007557|OLKM01007557.1 1383","Other"
"4315","ENA|OLKM01007559|OLKM01007559.1 6643","Other"
"4316","ENA|OLKM01007566|OLKM01007566.1 3551","Other"
"4317","ENA|OLKM01007576|OLKM01007576.1 395","Other"
"4318","ENA|OLKM01007576|OLKM01007576.1 959","Other"
"4319","ENA|OLKM01007580|OLKM01007580.1 245","Other"
"4320","ENA|OLKM01007580|OLKM01007580.1 2580","Other"
"4321","ENA|OLKM01007583|OLKM01007583.1 4063","Other"
"4322","ENA|OLKM01007587|OLKM01007587.1 59","CDS"
"4323","ENA|OLKM01007587|OLKM01007587.1 299","Other"
"4324","ENA|OLKM01007587|OLKM01007587.1 348","Other"
"4325","ENA|OLKM01007587|OLKM01007587.1 685","Intron"
"4326","ENA|OLKM01007587|OLKM01007587.1 791","Intron"
"4327","ENA|OLKM01007587|OLKM01007587.1 1333","Intron"
"4328","ENA|OLKM01007587|OLKM01007587.1 1394","Intron"
"4329","ENA|OLKM01007587|OLKM01007587.1 1404","Intron"
"4330","ENA|OLKM01007587|OLKM01007587.1 1598","CDS"
"4331","ENA|OLKM01007587|OLKM01007587.1 1706","CDS"
"4332","ENA|OLKM01007587|OLKM01007587.1 3743","CDS"
"4333","ENA|OLKM01007589|OLKM01007589.1 3323","Other"
"4334","ENA|OLKM01007589|OLKM01007589.1 6646","Other"
"4335","ENA|OLKM01007592|OLKM01007592.1 4388","Intron"
"4336","ENA|OLKM01007597|OLKM01007597.1 5460","Intron"
"4337","ENA|OLKM01007597|OLKM01007597.1 5475","Intron"
"4338","ENA|OLKM01007603|OLKM01007603.1 1474","Other"
"4339","ENA|OLKM01007612|OLKM01007612.1 645","Other"
"4340","ENA|OLKM01007614|OLKM01007614.1 898","Other"
"4341","ENA|OLKM01007622|OLKM01007622.1 1535","Other"
"4342","ENA|OLKM01007622|OLKM01007622.1 2054","Other"
"4343","ENA|OLKM01007622|OLKM01007622.1 4437","Other"
"4344","ENA|OLKM01007641|OLKM01007641.1 1934","Other"
"4345","ENA|OLKM01007643|OLKM01007643.1 3473","UTR5"
"4346","ENA|OLKM01007643|OLKM01007643.1 3489","UTR5"
"4347","ENA|OLKM01007644|OLKM01007644.1 1015","Intron"
"4348","ENA|OLKM01007644|OLKM01007644.1 1027","Intron"
"4349","ENA|OLKM01007644|OLKM01007644.1 1081","Intron"
"4350","ENA|OLKM01007644|OLKM01007644.1 1840","Intron"
"4351","ENA|OLKM01007644|OLKM01007644.1 2929","Intron"
"4352","ENA|OLKM01007644|OLKM01007644.1 3489","Intron"
"4353","ENA|OLKM01007644|OLKM01007644.1 4749","Intron"
"4354","ENA|OLKM01007644|OLKM01007644.1 4901","Intron"
"4355","ENA|OLKM01007644|OLKM01007644.1 5567","Intron"
"4356","ENA|OLKM01007645|OLKM01007645.1 171","Other"
"4357","ENA|OLKM01007645|OLKM01007645.1 394","Other"
"4358","ENA|OLKM01007646|OLKM01007646.1 67","Other"
"4359","ENA|OLKM01007653|OLKM01007653.1 1454","Other"
"4360","ENA|OLKM01007653|OLKM01007653.1 1750","Other"
"4361","ENA|OLKM01007661|OLKM01007661.1 1798","Intron"
"4362","ENA|OLKM01007661|OLKM01007661.1 1821","Intron"
"4363","ENA|OLKM01007662|OLKM01007662.1 402","Other"
"4364","ENA|OLKM01007666|OLKM01007666.1 3854","Intron"
"4365","ENA|OLKM01007674|OLKM01007674.1 2189","Other"
"4366","ENA|OLKM01007684|OLKM01007684.1 3930","Intron"
"4367","ENA|OLKM01007684|OLKM01007684.1 3975","Intron"
"4368","ENA|OLKM01007684|OLKM01007684.1 4114","Intron"
"4369","ENA|OLKM01007687|OLKM01007687.1 6767","Intron"
"4370","ENA|OLKM01007690|OLKM01007690.1 1789","Other"
"4371","ENA|OLKM01007690|OLKM01007690.1 6407","Other"
"4372","ENA|OLKM01007693|OLKM01007693.1 2336","Other"
"4373","ENA|OLKM01007693|OLKM01007693.1 2793","Other"
"4374","ENA|OLKM01007693|OLKM01007693.1 3317","Other"
"4375","ENA|OLKM01007693|OLKM01007693.1 3745","Other"
"4376","ENA|OLKM01007693|OLKM01007693.1 6262","Other"
"4377","ENA|OLKM01007693|OLKM01007693.1 6268","Other"
"4378","ENA|OLKM01007693|OLKM01007693.1 6302","Other"
"4379","ENA|OLKM01007694|OLKM01007694.1 6063","Other"
"4380","ENA|OLKM01007696|OLKM01007696.1 608","CDS"
"4381","ENA|OLKM01007696|OLKM01007696.1 953","Terminator"
"4382","ENA|OLKM01007696|OLKM01007696.1 1091","Other"
"4383","ENA|OLKM01007696|OLKM01007696.1 1222","Other"
"4384","ENA|OLKM01007696|OLKM01007696.1 1393","Other"
"4385","ENA|OLKM01007696|OLKM01007696.1 1421","Other"
"4386","ENA|OLKM01007696|OLKM01007696.1 1431","Other"
"4387","ENA|OLKM01007696|OLKM01007696.1 1476","Other"
"4388","ENA|OLKM01007696|OLKM01007696.1 5201","Other"
"4389","ENA|OLKM01007702|OLKM01007702.1 907","Other"
"4390","ENA|OLKM01007702|OLKM01007702.1 3060","Other"
"4391","ENA|OLKM01007711|OLKM01007711.1 127","Other"
"4392","ENA|OLKM01007711|OLKM01007711.1 144","Other"
"4393","ENA|OLKM01007711|OLKM01007711.1 1167","Other"
"4394","ENA|OLKM01007711|OLKM01007711.1 1206","Promoter"
"4395","ENA|OLKM01007711|OLKM01007711.1 1220","Promoter"
"4396","ENA|OLKM01007711|OLKM01007711.1 1291","Promoter"
"4397","ENA|OLKM01007711|OLKM01007711.1 1315","Promoter"
"4398","ENA|OLKM01007711|OLKM01007711.1 1317","Promoter"
"4399","ENA|OLKM01007711|OLKM01007711.1 1413","CDS"
"4400","ENA|OLKM01007714|OLKM01007714.1 2207","Other"
"4401","ENA|OLKM01007727|OLKM01007727.1 1210","Other"
"4402","ENA|OLKM01007730|OLKM01007730.1 1612","Other"
"4403","ENA|OLKM01007733|OLKM01007733.1 2843","Other"
"4404","ENA|OLKM01007736|OLKM01007736.1 2710","Other"
"4405","ENA|OLKM01007738|OLKM01007738.1 1520","Other"
"4406","ENA|OLKM01007738|OLKM01007738.1 5395","Other"
"4407","ENA|OLKM01007744|OLKM01007744.1 2027","Other"
"4408","ENA|OLKM01007747|OLKM01007747.1 7667","Other"
"4409","ENA|OLKM01007767|OLKM01007767.1 5434","Other"
"4410","ENA|OLKM01007767|OLKM01007767.1 5445","Other"
"4411","ENA|OLKM01007772|OLKM01007772.1 3788","CDS"
"4412","ENA|OLKM01007774|OLKM01007774.1 629","CDS"
"4413","ENA|OLKM01007774|OLKM01007774.1 1183","CDS"
"4414","ENA|OLKM01007774|OLKM01007774.1 1557","Intron"
"4415","ENA|OLKM01007774|OLKM01007774.1 1571","Intron"
"4416","ENA|OLKM01007774|OLKM01007774.1 1864","Intron"
"4417","ENA|OLKM01007774|OLKM01007774.1 1943","Intron"
"4418","ENA|OLKM01007774|OLKM01007774.1 2471","Terminator"
"4419","ENA|OLKM01007774|OLKM01007774.1 8837","Other"
"4420","ENA|OLKM01007774|OLKM01007774.1 9026","Other"
"4421","ENA|OLKM01007778|OLKM01007778.1 2050","Other"
"4422","ENA|OLKM01007778|OLKM01007778.1 2794","Other"
"4423","ENA|OLKM01007784|OLKM01007784.1 1135","CDS"
"4424","ENA|OLKM01007784|OLKM01007784.1 1735","CDS"
"4425","ENA|OLKM01007784|OLKM01007784.1 3886","Other"
"4426","ENA|OLKM01007784|OLKM01007784.1 4705","Promoter"
"4427","ENA|OLKM01007784|OLKM01007784.1 5101","CDS"
"4428","ENA|OLKM01007784|OLKM01007784.1 5518","CDS"
"4429","ENA|OLKM01007786|OLKM01007786.1 6394","Intron"
"4430","ENA|OLKM01007786|OLKM01007786.1 6408","Intron"
"4431","ENA|OLKM01007786|OLKM01007786.1 8840","Intron"
"4432","ENA|OLKM01007787|OLKM01007787.1 1568","Other"
"4433","ENA|OLKM01007787|OLKM01007787.1 1570","Other"
"4434","ENA|OLKM01007788|OLKM01007788.1 1032","CDS"
"4435","ENA|OLKM01007788|OLKM01007788.1 1155","CDS"
"4436","ENA|OLKM01007788|OLKM01007788.1 1235","Intron"
"4437","ENA|OLKM01007793|OLKM01007793.1 7372","Other"
"4438","ENA|OLKM01007793|OLKM01007793.1 7576","Other"
"4439","ENA|OLKM01007794|OLKM01007794.1 2176","Other"
"4440","ENA|OLKM01007794|OLKM01007794.1 2289","Other"
"4441","ENA|OLKM01007794|OLKM01007794.1 2422","Other"
"4442","ENA|OLKM01007794|OLKM01007794.1 2440","Other"
"4443","ENA|OLKM01007794|OLKM01007794.1 2607","Other"
"4444","ENA|OLKM01007799|OLKM01007799.1 936","Other"
"4445","ENA|OLKM01007799|OLKM01007799.1 1098","Other"
"4446","ENA|OLKM01007799|OLKM01007799.1 1144","Other"
"4447","ENA|OLKM01007799|OLKM01007799.1 7137","Other"
"4448","ENA|OLKM01007808|OLKM01007808.1 4607","CDS"
"4449","ENA|OLKM01007808|OLKM01007808.1 4636","CDS"
"4450","ENA|OLKM01007808|OLKM01007808.1 4963","CDS"
"4451","ENA|OLKM01007808|OLKM01007808.1 6949","Intron"
"4452","ENA|OLKM01007808|OLKM01007808.1 8574","CDS"
"4453","ENA|OLKM01007809|OLKM01007809.1 4592","Intron"
"4454","ENA|OLKM01007809|OLKM01007809.1 4825","Intron"
"4455","ENA|OLKM01007824|OLKM01007824.1 2449","Other"
"4456","ENA|OLKM01007827|OLKM01007827.1 4997","Other"
"4457","ENA|OLKM01007836|OLKM01007836.1 3024","Other"
"4458","ENA|OLKM01007843|OLKM01007843.1 5724","CDS"
"4459","ENA|OLKM01007844|OLKM01007844.1 1013","Other"
"4460","ENA|OLKM01007856|OLKM01007856.1 565","Other"
"4461","ENA|OLKM01007867|OLKM01007867.1 3517","Other"
"4462","ENA|OLKM01007885|OLKM01007885.1 1538","Other"
"4463","ENA|OLKM01007885|OLKM01007885.1 1543","Other"
"4464","ENA|OLKM01007885|OLKM01007885.1 1558","Other"
"4465","ENA|OLKM01007885|OLKM01007885.1 2037","Other"
"4466","ENA|OLKM01007885|OLKM01007885.1 2960","Other"
"4467","ENA|OLKM01007885|OLKM01007885.1 2966","Other"
"4468","ENA|OLKM01007885|OLKM01007885.1 2995","Other"
"4469","ENA|OLKM01007885|OLKM01007885.1 3049","Other"
"4470","ENA|OLKM01007892|OLKM01007892.1 1874","Intron"
"4471","ENA|OLKM01007892|OLKM01007892.1 1884","Intron"
"4472","ENA|OLKM01007900|OLKM01007900.1 6081","Intron"
"4473","ENA|OLKM01007902|OLKM01007902.1 3897","CDS"
"4474","ENA|OLKM01007903|OLKM01007903.1 4448","Other"
"4475","ENA|OLKM01007903|OLKM01007903.1 4722","Other"
"4476","ENA|OLKM01007903|OLKM01007903.1 4871","Other"
"4477","ENA|OLKM01007907|OLKM01007907.1 2027","Other"
"4478","ENA|OLKM01007913|OLKM01007913.1 2196","Other"
"4479","ENA|OLKM01007913|OLKM01007913.1 2211","Other"
"4480","ENA|OLKM01007919|OLKM01007919.1 680","Other"
"4481","ENA|OLKM01007919|OLKM01007919.1 1459","Other"
"4482","ENA|OLKM01007921|OLKM01007921.1 1170","Other"
"4483","ENA|OLKM01007924|OLKM01007924.1 7551","Other"
"4484","ENA|OLKM01007932|OLKM01007932.1 3906","Intron"
"4485","ENA|OLKM01007932|OLKM01007932.1 8488","Intron"
"4486","ENA|OLKM01007934|OLKM01007934.1 1660","Other"
"4487","ENA|OLKM01007941|OLKM01007941.1 2228","Other"
"4488","ENA|OLKM01007941|OLKM01007941.1 2531","Other"
"4489","ENA|OLKM01007943|OLKM01007943.1 1230","CDS"
"4490","ENA|OLKM01007943|OLKM01007943.1 1293","CDS"
"4491","ENA|OLKM01007943|OLKM01007943.1 1741","Terminator"
"4492","ENA|OLKM01007943|OLKM01007943.1 2576","Other"
"4493","ENA|OLKM01007943|OLKM01007943.1 2584","Other"
"4494","ENA|OLKM01007958|OLKM01007958.1 245","Other"
"4495","ENA|OLKM01007958|OLKM01007958.1 570","Other"
"4496","ENA|OLKM01007958|OLKM01007958.1 4578","CDS"
"4497","ENA|OLKM01007958|OLKM01007958.1 4593","CDS"
"4498","ENA|OLKM01007958|OLKM01007958.1 4639","CDS"
"4499","ENA|OLKM01007958|OLKM01007958.1 4658","CDS"
"4500","ENA|OLKM01007958|OLKM01007958.1 4699","CDS"
"4501","ENA|OLKM01007958|OLKM01007958.1 4710","CDS"
"4502","ENA|OLKM01007958|OLKM01007958.1 4773","CDS"
"4503","ENA|OLKM01007960|OLKM01007960.1 6607","CDS"
"4504","ENA|OLKM01007960|OLKM01007960.1 6854","Intron"
"4505","ENA|OLKM01007960|OLKM01007960.1 7405","Intron"
"4506","ENA|OLKM01007964|OLKM01007964.1 3252","UTR5"
"4507","ENA|OLKM01007967|OLKM01007967.1 942","Intron"
"4508","ENA|OLKM01007970|OLKM01007970.1 347","Other"
"4509","ENA|OLKM01007972|OLKM01007972.1 248","Other"
"4510","ENA|OLKM01007972|OLKM01007972.1 1371","Other"
"4511","ENA|OLKM01007972|OLKM01007972.1 3579","Other"
"4512","ENA|OLKM01007975|OLKM01007975.1 623","Other"
"4513","ENA|OLKM01007975|OLKM01007975.1 649","Other"
"4514","ENA|OLKM01007975|OLKM01007975.1 785","Other"
"4515","ENA|OLKM01007975|OLKM01007975.1 5418","Other"
"4516","ENA|OLKM01007975|OLKM01007975.1 6259","Other"
"4517","ENA|OLKM01007975|OLKM01007975.1 6700","Other"
"4518","ENA|OLKM01007975|OLKM01007975.1 6864","Other"
"4519","ENA|OLKM01007980|OLKM01007980.1 1642","UTR5"
"4520","ENA|OLKM01007980|OLKM01007980.1 1741","UTR5"
"4521","ENA|OLKM01007980|OLKM01007980.1 2900","Other"
"4522","ENA|OLKM01007985|OLKM01007985.1 6324","Other"
"4523","ENA|OLKM01007990|OLKM01007990.1 2269","Other"
"4524","ENA|OLKM01007990|OLKM01007990.1 3815","Intron"
"4525","ENA|OLKM01007990|OLKM01007990.1 4183","Intron"
"4526","ENA|OLKM01007990|OLKM01007990.1 4821","Intron"
"4527","ENA|OLKM01007990|OLKM01007990.1 7086","UTR3"
"4528","ENA|OLKM01008001|OLKM01008001.1 2692","Other"
"4529","ENA|OLKM01008001|OLKM01008001.1 4048","Other"
"4530","ENA|OLKM01008001|OLKM01008001.1 4141","Other"
"4531","ENA|OLKM01008004|OLKM01008004.1 2302","Other"
"4532","ENA|OLKM01008008|OLKM01008008.1 3907","Other"
"4533","ENA|OLKM01008016|OLKM01008016.1 577","Other"
"4534","ENA|OLKM01008016|OLKM01008016.1 3417","Other"
"4535","ENA|OLKM01008033|OLKM01008033.1 698","CDS"
"4536","ENA|OLKM01008042|OLKM01008042.1 835","Other"
"4537","ENA|OLKM01008042|OLKM01008042.1 2891","Other"
"4538","ENA|OLKM01008042|OLKM01008042.1 3458","Other"
"4539","ENA|OLKM01008043|OLKM01008043.1 879","Other"
"4540","ENA|OLKM01008043|OLKM01008043.1 1648","Other"
"4541","ENA|OLKM01008043|OLKM01008043.1 2149","Other"
"4542","ENA|OLKM01008045|OLKM01008045.1 225","Other"
"4543","ENA|OLKM01008046|OLKM01008046.1 594","CDS"
"4544","ENA|OLKM01008046|OLKM01008046.1 604","CDS"
"4545","ENA|OLKM01008046|OLKM01008046.1 2121","Intron"
"4546","ENA|OLKM01008046|OLKM01008046.1 2234","Intron"
"4547","ENA|OLKM01008046|OLKM01008046.1 2351","UTR5"
"4548","ENA|OLKM01008046|OLKM01008046.1 2448","UTR5"
"4549","ENA|OLKM01008046|OLKM01008046.1 2998","Other"
"4550","ENA|OLKM01008046|OLKM01008046.1 3247","Other"
"4551","ENA|OLKM01008046|OLKM01008046.1 3280","Other"
"4552","ENA|OLKM01008046|OLKM01008046.1 4175","CDS"
"4553","ENA|OLKM01008046|OLKM01008046.1 7814","CDS"
"4554","ENA|OLKM01008046|OLKM01008046.1 7923","CDS"
"4555","ENA|OLKM01008046|OLKM01008046.1 7991","Terminator"
"4556","ENA|OLKM01008046|OLKM01008046.1 8045","Terminator"
"4557","ENA|OLKM01008046|OLKM01008046.1 8298","CDS"
"4558","ENA|OLKM01008046|OLKM01008046.1 8690","Terminator"
"4559","ENA|OLKM01008052|OLKM01008052.1 1767","Other"
"4560","ENA|OLKM01008052|OLKM01008052.1 7249","Intron"
"4561","ENA|OLKM01008052|OLKM01008052.1 7354","Intron"
"4562","ENA|OLKM01008052|OLKM01008052.1 7391","Intron"
"4563","ENA|OLKM01008058|OLKM01008058.1 698","Other"
"4564","ENA|OLKM01008058|OLKM01008058.1 1160","Other"
"4565","ENA|OLKM01008065|OLKM01008065.1 313","Other"
"4566","ENA|OLKM01008071|OLKM01008071.1 1362","Intron"
"4567","ENA|OLKM01008071|OLKM01008071.1 1533","Intron"
"4568","ENA|OLKM01008071|OLKM01008071.1 4148","Other"
"4569","ENA|OLKM01008071|OLKM01008071.1 5208","Other"
"4570","ENA|OLKM01008072|OLKM01008072.1 3897","Other"
"4571","ENA|OLKM01008072|OLKM01008072.1 3899","Other"
"4572","ENA|OLKM01008072|OLKM01008072.1 3901","Other"
"4573","ENA|OLKM01008079|OLKM01008079.1 1320","Promoter"
"4574","ENA|OLKM01008079|OLKM01008079.1 1446","Promoter"
"4575","ENA|OLKM01008079|OLKM01008079.1 7038","Intron"
"4576","ENA|OLKM01008079|OLKM01008079.1 8398","Terminator"
"4577","ENA|OLKM01008087|OLKM01008087.1 5774","Other"
"4578","ENA|OLKM01008087|OLKM01008087.1 5859","Other"
"4579","ENA|OLKM01008098|OLKM01008098.1 204","Other"
"4580","ENA|OLKM01008104|OLKM01008104.1 297","Other"
"4581","ENA|OLKM01008104|OLKM01008104.1 1307","Other"
"4582","ENA|OLKM01008104|OLKM01008104.1 2714","Other"
"4583","ENA|OLKM01008104|OLKM01008104.1 2904","Other"
"4584","ENA|OLKM01008104|OLKM01008104.1 2994","Promoter"
"4585","ENA|OLKM01008104|OLKM01008104.1 3261","CDS"
"4586","ENA|OLKM01008104|OLKM01008104.1 3279","CDS"
"4587","ENA|OLKM01008104|OLKM01008104.1 3321","CDS"
"4588","ENA|OLKM01008104|OLKM01008104.1 5708","Intron"
"4589","ENA|OLKM01008105|OLKM01008105.1 481","Other"
"4590","ENA|OLKM01008105|OLKM01008105.1 747","Other"
"4591","ENA|OLKM01008105|OLKM01008105.1 1217","Other"
"4592","ENA|OLKM01008105|OLKM01008105.1 1254","Promoter"
"4593","ENA|OLKM01008105|OLKM01008105.1 3461","CDS"
"4594","ENA|OLKM01008106|OLKM01008106.1 471","Other"
"4595","ENA|OLKM01008106|OLKM01008106.1 6996","CDS"
"4596","ENA|OLKM01008106|OLKM01008106.1 7140","CDS"
"4597","ENA|OLKM01008106|OLKM01008106.1 7466","Intron"
"4598","ENA|OLKM01008106|OLKM01008106.1 7653","CDS"
"4599","ENA|OLKM01008106|OLKM01008106.1 7773","Intron"
"4600","ENA|OLKM01008112|OLKM01008112.1 5532","Other"
"4601","ENA|OLKM01008112|OLKM01008112.1 8052","Other"
"4602","ENA|OLKM01008159|OLKM01008159.1 5241","CDS"
"4603","ENA|OLKM01008269|OLKM01008269.1 49","Other"
"4604","ENA|OLKM01008269|OLKM01008269.1 81","Other"
"4605","ENA|OLKM01008269|OLKM01008269.1 567","Other"
"4606","ENA|OLKM01008269|OLKM01008269.1 572","Other"
"4607","ENA|OLKM01008269|OLKM01008269.1 610","Other"
"4608","ENA|OLKM01008278|OLKM01008278.1 198","Other"
"4609","ENA|OLKM01008278|OLKM01008278.1 395","Other"
"4610","ENA|OLKM01008299|OLKM01008299.1 396","Other"
"4611","ENA|OLKM01008299|OLKM01008299.1 831","Other"
"4612","ENA|OLKM01008299|OLKM01008299.1 882","Other"
"4613","ENA|OLKM01008299|OLKM01008299.1 951","Other"
"4614","ENA|OLKM01008299|OLKM01008299.1 1344","Other"
"4615","ENA|OLKM01008299|OLKM01008299.1 1667","Other"
"4616","ENA|OLKM01008299|OLKM01008299.1 1739","Other"
"4617","ENA|OLKM01008299|OLKM01008299.1 1822","Other"
"4618","ENA|OLKM01008299|OLKM01008299.1 1862","Other"
"4619","ENA|OLKM01008299|OLKM01008299.1 2244","CDS"
"4620","ENA|OLKM01008299|OLKM01008299.1 2415","CDS"
"4621","ENA|OLKM01008299|OLKM01008299.1 2596","CDS"
"4622","ENA|OLKM01008299|OLKM01008299.1 3165","CDS"
"4623","ENA|OLKM01008299|OLKM01008299.1 3193","CDS"
"4624","ENA|OLKM01008312|OLKM01008312.1 3239","Intron"
"4625","ENA|OLKM01008375|OLKM01008375.1 980","Other"
"4626","ENA|OLKM01008375|OLKM01008375.1 2003","Other"
"4627","ENA|OLKM01008375|OLKM01008375.1 2224","Other"
"4628","ENA|OLKM01008375|OLKM01008375.1 2259","Other"
"4629","ENA|OLKM01008376|OLKM01008376.1 2492","Other"
"4630","ENA|OLKM01008384|OLKM01008384.1 1507","Other"
