"scaffold","number_of_loci","Sequence.Length"
"OLKM01000001.1",223,1626948
"OLKM01000006.1",204,1187672
"OLKM01000041.1",180,742072
"OLKM01000002.1",160,1369316
"OLKM01000003.1",144,1336224
"OLKM01000004.1",144,1294201
"OLKM01000028.1",141,802855
"OLKM01000059.1",137,669020
"OLKM01000008.1",128,1100095
"OLKM01000023.1",125,847562
"OLKM01000042.1",120,736084
"OLKM01000011.1",117,970638
"OLKM01000016.1",117,876846
"OLKM01000244.1",116,413688
"OLKM01000019.1",115,862895
"OLKM01000057.1",114,671702
"OLKM01000035.1",112,773429
"OLKM01000142.1",111,508615
"OLKM01000099.1",110,580312
"OLKM01000113.1",108,556972
"OLKM01000335.1",108,358028
"OLKM01000009.1",105,1063587
"OLKM01000039.1",105,744332
"OLKM01000110.1",103,558848
"OLKM01000007.1",102,1155478
"OLKM01000075.1",100,628544
"OLKM01000367.1",100,344243
"OLKM01000536.1",100,283446
"OLKM01000088.1",98,594889
"OLKM01000204.1",98,445980
"OLKM01000105.1",97,568333
"OLKM01000005.1",95,1196965
"OLKM01000038.1",94,746026
"OLKM01000124.1",94,533867
"OLKM01000202.1",94,447263
"OLKM01000047.1",93,693215
"OLKM01000058.1",93,670150
"OLKM01000074.1",93,628967
"OLKM01000539.1",93,282541
"OLKM01003916.1",93,27868
"OLKM01000040.1",92,743825
"OLKM01000070.1",92,640083
"OLKM01000265.1",92,399938
"OLKM01000015.1",91,880624
"OLKM01000062.1",91,663484
"OLKM01000063.1",90,660482
"OLKM01000634.1",90,256030
"OLKM01000108.1",89,562012
"OLKM01000177.1",89,465526
"OLKM01000178.1",89,465050
"OLKM01000089.1",88,594494
"OLKM01000022.1",87,854711
"OLKM01000037.1",86,761227
"OLKM01000175.1",86,470299
"OLKM01000456.1",86,308038
"OLKM01000044.1",85,715878
"OLKM01000386.1",85,337074
"OLKM01000045.1",84,712554
"OLKM01000198.1",84,452331
"OLKM01000475.1",84,300115
"OLKM01000288.1",83,385592
"OLKM01000024.1",82,830399
"OLKM01000064.1",82,657237
"OLKM01000167.1",82,478484
"OLKM01000029.1",81,800855
"OLKM01000018.1",80,866444
"OLKM01000132.1",80,521259
"OLKM01000238.1",80,420774
"OLKM01000325.1",80,364125
"OLKM01000166.1",79,478650
"OLKM01000017.1",78,870134
"OLKM01000036.1",77,768982
"OLKM01000284.1",77,390090
"OLKM01000051.1",76,681306
"OLKM01000065.1",76,652591
"OLKM01000013.1",75,926208
"OLKM01000025.1",75,816862
"OLKM01000125.1",75,533052
"OLKM01000156.1",75,488399
"OLKM01000246.1",75,412479
"OLKM01000256.1",75,403399
"OLKM01000012.1",74,959773
"OLKM01000150.1",74,494446
"OLKM01000258.1",74,403121
"OLKM01000259.1",74,402992
"OLKM01000081.1",73,612535
"OLKM01000505.1",73,290956
"OLKM01000792.1",73,221960
"OLKM01000033.1",72,783699
"OLKM01000096.1",72,582393
"OLKM01000190.1",72,458783
"OLKM01000271.1",72,394689
"OLKM01000172.1",71,473547
"OLKM01000345.1",71,351655
"OLKM01003606.1",71,33306
"OLKM01000174.1",70,470757
"OLKM01000211.1",70,440777
"OLKM01000242.1",70,416139
"OLKM01000455.1",70,308345
"OLKM01000527.1",70,286480
"OLKM01000030.1",69,796949
"OLKM01000055.1",69,675028
"OLKM01000093.1",69,584417
"OLKM01000043.1",68,733482
"OLKM01000092.1",68,584966
"OLKM01000111.1",68,558817
"OLKM01000169.1",68,476843
"OLKM01000182.1",68,462331
"OLKM01000364.1",68,346391
"OLKM01000914.1",68,203356
"OLKM01000326.1",67,363551
"OLKM01000379.1",67,338299
"OLKM01000086.1",66,596185
"OLKM01000222.1",66,430884
"OLKM01000427.1",66,319879
"OLKM01000068.1",65,647987
"OLKM01000127.1",65,531338
"OLKM01000433.1",65,318071
"OLKM01000050.1",64,682417
"OLKM01000114.1",64,546931
"OLKM01000122.1",64,534798
"OLKM01000157.1",64,488081
"OLKM01000287.1",64,386167
"OLKM01000512.1",64,289247
"OLKM01001565.1",64,122155
"OLKM01000031.1",63,796851
"OLKM01000098.1",62,580852
"OLKM01000107.1",62,562215
"OLKM01000196.1",62,454757
"OLKM01000230.1",62,425647
"OLKM01000614.1",62,258499
"OLKM01000052.1",61,678942
"OLKM01000104.1",61,568384
"OLKM01000183.1",61,461331
"OLKM01000240.1",61,420305
"OLKM01000954.1",61,194796
"OLKM01004954.1",61,19167
"OLKM01000200.1",60,448579
"OLKM01000201.1",60,448183
"OLKM01000205.1",60,444964
"OLKM01000252.1",60,406427
"OLKM01000076.1",59,621435
"OLKM01000143.1",59,508194
"OLKM01000613.1",59,259733
"OLKM01000027.1",58,806277
"OLKM01000072.1",58,633204
"OLKM01000660.1",58,248450
"OLKM01003581.1",58,33704
"OLKM01000101.1",57,577444
"OLKM01000290.1",57,384876
"OLKM01000295.1",57,382584
"OLKM01000391.1",57,334642
"OLKM01000395.1",57,332796
"OLKM01004331.1",57,23208
"OLKM01000060.1",56,665563
"OLKM01000136.1",56,517766
"OLKM01000229.1",56,425757
"OLKM01000267.1",56,398672
"OLKM01000301.1",56,379333
"OLKM01000161.1",55,482308
"OLKM01000186.1",55,460362
"OLKM01000191.1",55,458651
"OLKM01000309.1",55,374148
"OLKM01000014.1",54,906000
"OLKM01000034.1",54,783160
"OLKM01000118.1",54,540805
"OLKM01000129.1",54,526742
"OLKM01000134.1",54,519545
"OLKM01000173.1",54,470997
"OLKM01000199.1",54,451040
"OLKM01000266.1",54,399879
"OLKM01000317.1",54,369447
"OLKM01000347.1",54,350463
"OLKM01000368.1",54,343906
"OLKM01000412.1",54,325804
"OLKM01000160.1",53,483413
"OLKM01000179.1",53,464606
"OLKM01000221.1",53,431979
"OLKM01000233.1",53,424119
"OLKM01000282.1",53,390390
"OLKM01000537.1",53,283378
"OLKM01000692.1",53,242243
"OLKM01003646.1",53,32726
"OLKM01004294.1",53,23593
"OLKM01000079.1",52,615662
"OLKM01000170.1",52,476362
"OLKM01000355.1",52,348831
"OLKM01000402.1",52,329706
"OLKM01000485.1",52,296423
"OLKM01000026.1",51,808902
"OLKM01000227.1",51,426961
"OLKM01000341.1",51,355879
"OLKM01000450.1",51,309046
"OLKM01000845.1",51,214080
"OLKM01001024.1",51,184055
"OLKM01007038.1",51,12790
"OLKM01000102.1",50,570395
"OLKM01000224.1",50,428235
"OLKM01000383.1",50,337588
"OLKM01000439.1",50,312444
"OLKM01000497.1",50,293280
"OLKM01000850.1",50,213129
"OLKM01001020.1",50,184644
"OLKM01000032.1",49,791586
"OLKM01000061.1",49,664273
"OLKM01000424.1",49,320630
"OLKM01000473.1",49,300269
"OLKM01000624.1",49,256871
"OLKM01000626.1",49,256696
"OLKM01000728.1",49,233790
"OLKM01000892.1",49,207724
"OLKM01007458.1",49,11771
"OLKM01000048.1",48,686611
"OLKM01000168.1",48,477985
"OLKM01000216.1",48,436680
"OLKM01000461.1",48,304925
"OLKM01000524.1",48,287328
"OLKM01000604.1",48,262622
"OLKM01000677.1",48,245377
"OLKM01000711.1",48,237054
"OLKM01000020.1",47,862834
"OLKM01000073.1",47,633016
"OLKM01000082.1",47,609128
"OLKM01000087.1",47,595517
"OLKM01000090.1",47,592469
"OLKM01000116.1",47,541319
"OLKM01000123.1",47,534298
"OLKM01000180.1",47,462996
"OLKM01000291.1",47,383068
"OLKM01000308.1",47,375427
"OLKM01000394.1",47,332981
"OLKM01004189.1",47,24398
"OLKM01006440.1",47,14280
"OLKM01000078.1",46,619451
"OLKM01000120.1",46,539102
"OLKM01000207.1",46,442670
"OLKM01000215.1",46,437354
"OLKM01000241.1",46,418873
"OLKM01000330.1",46,360932
"OLKM01000390.1",46,336363
"OLKM01000454.1",46,308508
"OLKM01000665.1",46,247839
"OLKM01000713.1",46,236477
"OLKM01000715.1",46,236026
"OLKM01000758.1",46,228210
"OLKM01005235.1",46,17894
"OLKM01005460.1",46,17065
"OLKM01000083.1",45,606126
"OLKM01000095.1",45,583002
"OLKM01000103.1",45,569137
"OLKM01000126.1",45,532651
"OLKM01000154.1",45,493045
"OLKM01000171.1",45,475535
"OLKM01000346.1",45,351135
"OLKM01000360.1",45,347392
"OLKM01000363.1",45,346438
"OLKM01000374.1",45,340667
"OLKM01000376.1",45,339036
"OLKM01000384.1",45,337542
"OLKM01000486.1",45,296351
"OLKM01000647.1",45,252108
"OLKM01000705.1",45,237999
"OLKM01001036.1",45,181226
"OLKM01002125.1",45,84041
"OLKM01000010.1",44,970790
"OLKM01000080.1",44,614323
"OLKM01000100.1",44,577598
"OLKM01000119.1",44,539655
"OLKM01000306.1",44,376922
"OLKM01001039.1",44,180682
"OLKM01002372.1",44,71907
"OLKM01000053.1",43,678086
"OLKM01000056.1",43,672232
"OLKM01000085.1",43,603124
"OLKM01000151.1",43,494261
"OLKM01000181.1",43,462425
"OLKM01000184.1",43,461228
"OLKM01000187.1",43,459867
"OLKM01000209.1",43,442079
"OLKM01000299.1",43,380353
"OLKM01000314.1",43,371966
"OLKM01000321.1",43,367295
"OLKM01000380.1",43,338273
"OLKM01000416.1",43,324825
"OLKM01000479.1",43,298192
"OLKM01000489.1",43,295674
"OLKM01000622.1",43,257315
"OLKM01000818.1",43,217603
"OLKM01001286.1",43,150453
"OLKM01000046.1",42,702404
"OLKM01000130.1",42,526065
"OLKM01000165.1",42,479496
"OLKM01000185.1",42,460871
"OLKM01000337.1",42,357476
"OLKM01000342.1",42,355875
"OLKM01000351.1",42,349509
"OLKM01000366.1",42,344499
"OLKM01000398.1",42,331171
"OLKM01000415.1",42,324841
"OLKM01000515.1",42,288768
"OLKM01000531.1",42,285888
"OLKM01000532.1",42,285183
"OLKM01000619.1",42,257628
"OLKM01000716.1",42,235976
"OLKM01000719.1",42,235560
"OLKM01000991.1",42,188839
"OLKM01000112.1",41,557181
"OLKM01000133.1",41,519749
"OLKM01000158.1",41,487263
"OLKM01000159.1",41,485454
"OLKM01000176.1",41,470259
"OLKM01000223.1",41,430223
"OLKM01000249.1",41,409382
"OLKM01000302.1",41,379311
"OLKM01000357.1",41,348480
"OLKM01000377.1",41,338972
"OLKM01000449.1",41,309156
"OLKM01000526.1",41,286919
"OLKM01000668.1",41,246780
"OLKM01000760.1",41,227945
"OLKM01000793.1",41,221790
"OLKM01000811.1",41,218860
"OLKM01001071.1",41,176758
"OLKM01000054.1",40,676273
"OLKM01000084.1",40,605317
"OLKM01000155.1",40,490875
"OLKM01000218.1",40,435992
"OLKM01000236.1",40,423086
"OLKM01000239.1",40,420487
"OLKM01000263.1",40,400928
"OLKM01000269.1",40,396076
"OLKM01000273.1",40,393766
"OLKM01000279.1",40,391340
"OLKM01000338.1",40,357462
"OLKM01000344.1",40,352457
"OLKM01000400.1",40,330898
"OLKM01000417.1",40,324656
"OLKM01000520.1",40,287964
"OLKM01000738.1",40,232363
"OLKM01000759.1",40,228196
"OLKM01000875.1",40,209751
"OLKM01001734.1",40,109773
"OLKM01005523.1",40,16879
"OLKM01000077.1",39,621158
"OLKM01000128.1",39,530087
"OLKM01000148.1",39,496920
"OLKM01000153.1",39,493378
"OLKM01000195.1",39,456436
"OLKM01000260.1",39,401803
"OLKM01000353.1",39,349323
"OLKM01000405.1",39,328184
"OLKM01000407.1",39,327701
"OLKM01000672.1",39,245933
"OLKM01000782.1",39,223699
"OLKM01000857.1",39,211882
"OLKM01000865.1",39,211204
"OLKM01001126.1",39,169513
"OLKM01001204.1",39,161017
"OLKM01001225.1",39,158752
"OLKM01001564.1",39,122282
"OLKM01000066.1",38,649277
"OLKM01000188.1",38,459452
"OLKM01000197.1",38,453743
"OLKM01000274.1",38,393406
"OLKM01000298.1",38,381338
"OLKM01000324.1",38,364912
"OLKM01000413.1",38,325644
"OLKM01000467.1",38,302893
"OLKM01000480.1",38,297253
"OLKM01000496.1",38,293444
"OLKM01000559.1",38,278648
"OLKM01000909.1",38,204777
"OLKM01000978.1",38,191491
"OLKM01001005.1",38,186739
"OLKM01001153.1",38,166834
"OLKM01001156.1",38,166623
"OLKM01001170.1",38,164861
"OLKM01000140.1",37,511006
"OLKM01000145.1",37,501589
"OLKM01000147.1",37,499293
"OLKM01000213.1",37,439375
"OLKM01000318.1",37,369115
"OLKM01000332.1",37,359195
"OLKM01000333.1",37,358743
"OLKM01000399.1",37,331164
"OLKM01000491.1",37,295005
"OLKM01000500.1",37,292685
"OLKM01000503.1",37,291801
"OLKM01000514.1",37,288799
"OLKM01000517.1",37,288582
"OLKM01000671.1",37,246068
"OLKM01001061.1",37,177272
"OLKM01001152.1",37,167053
"OLKM01001921.1",37,95839
"OLKM01003633.1",37,32895
"OLKM01000164.1",36,480593
"OLKM01000313.1",36,372275
"OLKM01000316.1",36,370536
"OLKM01000356.1",36,348640
"OLKM01000418.1",36,323536
"OLKM01000469.1",36,302606
"OLKM01000610.1",36,260845
"OLKM01000650.1",36,250853
"OLKM01000667.1",36,247001
"OLKM01000783.1",36,223321
"OLKM01000822.1",36,217109
"OLKM01000893.1",36,207721
"OLKM01000961.1",36,194230
"OLKM01000982.1",36,190709
"OLKM01001011.1",36,186016
"OLKM01001050.1",36,179386
"OLKM01001377.1",36,141289
"OLKM01001442.1",36,135324
"OLKM01001607.1",36,119466
"OLKM01006164.1",36,14965
"OLKM01000069.1",35,644467
"OLKM01000149.1",35,495758
"OLKM01000162.1",35,482088
"OLKM01000217.1",35,436418
"OLKM01000237.1",35,421207
"OLKM01000248.1",35,409905
"OLKM01000251.1",35,407031
"OLKM01000268.1",35,396430
"OLKM01000305.1",35,377772
"OLKM01000327.1",35,362660
"OLKM01000358.1",35,348470
"OLKM01000443.1",35,310549
"OLKM01000446.1",35,309625
"OLKM01000466.1",35,303207
"OLKM01000472.1",35,301366
"OLKM01000499.1",35,292859
"OLKM01000598.1",35,264698
"OLKM01000627.1",35,256682
"OLKM01000644.1",35,252449
"OLKM01000648.1",35,251943
"OLKM01000686.1",35,243036
"OLKM01000778.1",35,224259
"OLKM01000976.1",35,192047
"OLKM01000993.1",35,188304
"OLKM01001032.1",35,182265
"OLKM01001375.1",35,141371
"OLKM01001394.1",35,139787
"OLKM01004222.1",35,24193
"OLKM01007279.1",35,12143
"OLKM01008046.1",35,9905
"OLKM01000254.1",34,404470
"OLKM01000303.1",34,379158
"OLKM01000329.1",34,361490
"OLKM01000435.1",34,316534
"OLKM01000481.1",34,297227
"OLKM01000518.1",34,288489
"OLKM01000631.1",34,256300
"OLKM01000633.1",34,256208
"OLKM01000750.1",34,229601
"OLKM01000823.1",34,217089
"OLKM01000879.1",34,209151
"OLKM01000937.1",34,198711
"OLKM01000962.1",34,194183
"OLKM01001101.1",34,172603
"OLKM01001193.1",34,162345
"OLKM01001333.1",34,146354
"OLKM01001384.1",34,140763
"OLKM01001395.1",34,139763
"OLKM01001439.1",34,135607
"OLKM01004874.1",34,19525
"OLKM01000049.1",33,682485
"OLKM01000194.1",33,456871
"OLKM01000245.1",33,413174
"OLKM01000253.1",33,404966
"OLKM01000264.1",33,400087
"OLKM01000277.1",33,392007
"OLKM01000397.1",33,331575
"OLKM01000408.1",33,327428
"OLKM01000434.1",33,317813
"OLKM01000458.1",33,306180
"OLKM01000529.1",33,286152
"OLKM01000649.1",33,251286
"OLKM01000655.1",33,249821
"OLKM01000679.1",33,245268
"OLKM01000752.1",33,229027
"OLKM01000812.1",33,218524
"OLKM01000826.1",33,217057
"OLKM01000839.1",33,215324
"OLKM01000916.1",33,203093
"OLKM01000956.1",33,194528
"OLKM01001086.1",33,174391
"OLKM01006374.1",33,14440
"OLKM01000206.1",32,442979
"OLKM01000307.1",32,376846
"OLKM01000320.1",32,367575
"OLKM01000369.1",32,343217
"OLKM01000396.1",32,331884
"OLKM01000419.1",32,323000
"OLKM01000420.1",32,322754
"OLKM01000468.1",32,302792
"OLKM01000522.1",32,287861
"OLKM01000542.1",32,281987
"OLKM01000789.1",32,222134
"OLKM01000868.1",32,210690
"OLKM01000964.1",32,194113
"OLKM01000969.1",32,193181
"OLKM01001028.1",32,183098
"OLKM01001074.1",32,176477
"OLKM01001129.1",32,168787
"OLKM01001162.1",32,166050
"OLKM01001613.1",32,118848
"OLKM01001626.1",32,118255
"OLKM01002075.1",32,86448
"OLKM01002936.1",32,49403
"OLKM01003945.1",32,27519
"OLKM01004515.1",32,21861
"OLKM01006744.1",32,13509
"OLKM01006865.1",32,13213
"OLKM01000109.1",31,560296
"OLKM01000270.1",31,395534
"OLKM01000286.1",31,386975
"OLKM01000343.1",31,355351
"OLKM01000359.1",31,348055
"OLKM01000460.1",31,305645
"OLKM01000501.1",31,292499
"OLKM01000645.1",31,252297
"OLKM01000813.1",31,218223
"OLKM01000815.1",31,217857
"OLKM01000846.1",31,213931
"OLKM01000968.1",31,193284
"OLKM01001042.1",31,180347
"OLKM01001144.1",31,167697
"OLKM01001237.1",31,156344
"OLKM01001251.1",31,154548
"OLKM01001498.1",31,130017
"OLKM01001747.1",31,108842
"OLKM01003437.1",31,36550
"OLKM01003773.1",31,30232
"OLKM01004065.1",31,25900
"OLKM01006484.1",31,14153
"OLKM01000071.1",30,635436
"OLKM01000234.1",30,424049
"OLKM01000275.1",30,393011
"OLKM01000385.1",30,337215
"OLKM01000387.1",30,336614
"OLKM01000483.1",30,296995
"OLKM01000492.1",30,294730
"OLKM01000508.1",30,290678
"OLKM01000615.1",30,258254
"OLKM01000670.1",30,246190
"OLKM01000699.1",30,239613
"OLKM01000766.1",30,226912
"OLKM01000897.1",30,207462
"OLKM01000910.1",30,204553
"OLKM01001012.1",30,185741
"OLKM01001173.1",30,164669
"OLKM01001345.1",30,145286
"OLKM01001486.1",30,131615
"OLKM01003470.1",30,35807
"OLKM01006929.1",30,13079
"OLKM01000117.1",29,541155
"OLKM01000137.1",29,515579
"OLKM01000232.1",29,424214
"OLKM01000243.1",29,414702
"OLKM01000296.1",29,382477
"OLKM01000361.1",29,346940
"OLKM01000423.1",29,320869
"OLKM01000521.1",29,287899
"OLKM01000602.1",29,263636
"OLKM01000751.1",29,229534
"OLKM01000827.1",29,216962
"OLKM01000828.1",29,216847
"OLKM01000871.1",29,210450
"OLKM01000924.1",29,201044
"OLKM01000967.1",29,193635
"OLKM01001000.1",29,187183
"OLKM01001010.1",29,186037
"OLKM01001158.1",29,166399
"OLKM01001175.1",29,164451
"OLKM01001206.1",29,161000
"OLKM01001208.1",29,160884
"OLKM01001259.1",29,153437
"OLKM01001277.1",29,151351
"OLKM01001280.1",29,150900
"OLKM01001428.1",29,136706
"OLKM01001429.1",29,136673
"OLKM01001481.1",29,131753
"OLKM01001518.1",29,127626
"OLKM01001571.1",29,121397
"OLKM01001648.1",29,116424
"OLKM01001671.1",29,114439
"OLKM01001971.1",29,92327
"OLKM01000189.1",28,459145
"OLKM01000278.1",28,391418
"OLKM01000280.1",28,391041
"OLKM01000322.1",28,366020
"OLKM01000339.1",28,356582
"OLKM01000370.1",28,342670
"OLKM01000375.1",28,339124
"OLKM01000392.1",28,333772
"OLKM01000431.1",28,318549
"OLKM01000538.1",28,282746
"OLKM01000695.1",28,241316
"OLKM01000702.1",28,238955
"OLKM01000726.1",28,233992
"OLKM01000803.1",28,220364
"OLKM01000844.1",28,214285
"OLKM01000918.1",28,202883
"OLKM01000970.1",28,192902
"OLKM01001070.1",28,176767
"OLKM01001344.1",28,145387
"OLKM01001635.1",28,117343
"OLKM01001814.1",28,103660
"OLKM01001870.1",28,100016
"OLKM01002083.1",28,86058
"OLKM01004925.1",28,19298
"OLKM01000163.1",27,480947
"OLKM01000203.1",27,447113
"OLKM01000210.1",27,441611
"OLKM01000334.1",27,358307
"OLKM01000484.1",27,296695
"OLKM01000511.1",27,289940
"OLKM01000560.1",27,278201
"OLKM01000586.1",27,269208
"OLKM01000639.1",27,254378
"OLKM01000657.1",27,249157
"OLKM01000676.1",27,245497
"OLKM01000735.1",27,232469
"OLKM01000833.1",27,216126
"OLKM01000834.1",27,215950
"OLKM01000840.1",27,215120
"OLKM01000928.1",27,200587
"OLKM01000934.1",27,199270
"OLKM01000994.1",27,188302
"OLKM01000996.1",27,188260
"OLKM01001060.1",27,177463
"OLKM01001078.1",27,176147
"OLKM01001100.1",27,172713
"OLKM01001150.1",27,167128
"OLKM01001299.1",27,149594
"OLKM01001416.1",27,137774
"OLKM01001421.1",27,137131
"OLKM01001611.1",27,118932
"OLKM01002145.1",27,83116
"OLKM01002386.1",27,71185
"OLKM01003038.1",27,46129
"OLKM01004989.1",27,19009
"OLKM01005653.1",27,16423
"OLKM01006232.1",27,14790
"OLKM01008299.1",27,3730
"OLKM01000067.1",26,648409
"OLKM01000091.1",26,592292
"OLKM01000144.1",26,503263
"OLKM01000192.1",26,458403
"OLKM01000219.1",26,432969
"OLKM01000257.1",26,403299
"OLKM01000285.1",26,387119
"OLKM01000349.1",26,350130
"OLKM01000350.1",26,349576
"OLKM01000362.1",26,346679
"OLKM01000378.1",26,338346
"OLKM01000421.1",26,322496
"OLKM01000426.1",26,319960
"OLKM01000429.1",26,319129
"OLKM01000530.1",26,286133
"OLKM01000533.1",26,285039
"OLKM01000534.1",26,284789
"OLKM01000541.1",26,282030
"OLKM01000632.1",26,256244
"OLKM01000654.1",26,250588
"OLKM01000731.1",26,233369
"OLKM01000744.1",26,231168
"OLKM01000773.1",26,225194
"OLKM01000775.1",26,224829
"OLKM01000786.1",26,222326
"OLKM01000787.1",26,222205
"OLKM01000800.1",26,221270
"OLKM01000836.1",26,215696
"OLKM01000853.1",26,212492
"OLKM01000901.1",26,206238
"OLKM01000919.1",26,202485
"OLKM01000945.1",26,196669
"OLKM01001003.1",26,186829
"OLKM01001085.1",26,174449
"OLKM01001115.1",26,171121
"OLKM01001117.1",26,170816
"OLKM01001318.1",26,148001
"OLKM01001343.1",26,145390
"OLKM01001577.1",26,120966
"OLKM01002140.1",26,83259
"OLKM01002165.1",26,82042
"OLKM01005741.1",26,16052
"OLKM01006775.1",26,13423
"OLKM01000131.1",25,521735
"OLKM01000138.1",25,513838
"OLKM01000139.1",25,511709
"OLKM01000225.1",25,427742
"OLKM01000228.1",25,425859
"OLKM01000250.1",25,408611
"OLKM01000255.1",25,404205
"OLKM01000292.1",25,383048
"OLKM01000315.1",25,371674
"OLKM01000348.1",25,350207
"OLKM01000393.1",25,333193
"OLKM01000463.1",25,304766
"OLKM01000490.1",25,295175
"OLKM01000597.1",25,264761
"OLKM01000628.1",25,256553
"OLKM01000681.1",25,245028
"OLKM01000714.1",25,236049
"OLKM01000722.1",25,234790
"OLKM01000748.1",25,230456
"OLKM01000769.1",25,226035
"OLKM01000808.1",25,219044
"OLKM01000809.1",25,219010
"OLKM01000843.1",25,214288
"OLKM01000873.1",25,209993
"OLKM01000876.1",25,209748
"OLKM01000878.1",25,209289
"OLKM01000923.1",25,201119
"OLKM01000977.1",25,191685
"OLKM01000984.1",25,190281
"OLKM01001063.1",25,177074
"OLKM01001118.1",25,170804
"OLKM01001213.1",25,160136
"OLKM01001216.1",25,159933
"OLKM01001320.1",25,147967
"OLKM01001461.1",25,133349
"OLKM01001477.1",25,131889
"OLKM01001559.1",25,122800
"OLKM01001567.1",25,121797
"OLKM01001621.1",25,118478
"OLKM01001673.1",25,114314
"OLKM01002041.1",25,88417
"OLKM01002119.1",25,84226
"OLKM01002326.1",25,74099
"OLKM01002671.1",25,58947
"OLKM01005466.1",25,17057
"OLKM01005886.1",25,15673
"OLKM01006703.1",25,13592
"OLKM01007468.1",25,11743
"OLKM01007958.1",25,10241
"OLKM01000106.1",24,567183
"OLKM01000121.1",24,538904
"OLKM01000193.1",24,458049
"OLKM01000208.1",24,442349
"OLKM01000220.1",24,432780
"OLKM01000231.1",24,425075
"OLKM01000261.1",24,401321
"OLKM01000304.1",24,378406
"OLKM01000311.1",24,373481
"OLKM01000352.1",24,349437
"OLKM01000406.1",24,327879
"OLKM01000410.1",24,327100
"OLKM01000430.1",24,318691
"OLKM01000438.1",24,314564
"OLKM01000447.1",24,309266
"OLKM01000504.1",24,291369
"OLKM01000548.1",24,280875
"OLKM01000605.1",24,262535
"OLKM01000637.1",24,255208
"OLKM01000706.1",24,237949
"OLKM01000799.1",24,221372
"OLKM01000801.1",24,220538
"OLKM01000805.1",24,220166
"OLKM01000806.1",24,219654
"OLKM01000824.1",24,217084
"OLKM01000947.1",24,196504
"OLKM01000999.1",24,187356
"OLKM01001016.1",24,185412
"OLKM01001034.1",24,181843
"OLKM01001043.1",24,180314
"OLKM01001103.1",24,172433
"OLKM01001373.1",24,141543
"OLKM01001389.1",24,140341
"OLKM01001408.1",24,138637
"OLKM01001637.1",24,117255
"OLKM01001738.1",24,109621
"OLKM01001782.1",24,105851
"OLKM01001980.1",24,91880
"OLKM01002077.1",24,86250
"OLKM01002873.1",24,51574
"OLKM01003981.1",24,26867
"OLKM01005321.1",24,17563
"OLKM01006540.1",24,13995
"OLKM01007477.1",24,11723
"OLKM01000212.1",23,440007
"OLKM01000323.1",23,365585
"OLKM01000340.1",23,356182
"OLKM01000432.1",23,318109
"OLKM01000440.1",23,312237
"OLKM01000554.1",23,279518
"OLKM01000608.1",23,262060
"OLKM01000630.1",23,256310
"OLKM01000640.1",23,253993
"OLKM01000659.1",23,248546
"OLKM01000700.1",23,239497
"OLKM01000708.1",23,237558
"OLKM01000718.1",23,235693
"OLKM01000732.1",23,233193
"OLKM01000739.1",23,232287
"OLKM01000816.1",23,217853
"OLKM01000830.1",23,216683
"OLKM01000856.1",23,211941
"OLKM01000867.1",23,210905
"OLKM01000949.1",23,196027
"OLKM01000997.1",23,187815
"OLKM01001018.1",23,185250
"OLKM01001089.1",23,174083
"OLKM01001161.1",23,166230
"OLKM01001178.1",23,163978
"OLKM01001186.1",23,162951
"OLKM01001245.1",23,155582
"OLKM01001267.1",23,152107
"OLKM01001273.1",23,151664
"OLKM01001327.1",23,147188
"OLKM01001392.1",23,139960
"OLKM01001399.1",23,139430
"OLKM01001400.1",23,139386
"OLKM01001445.1",23,135167
"OLKM01001504.1",23,129282
"OLKM01001741.1",23,109197
"OLKM01002184.1",23,80663
"OLKM01002480.1",23,67156
"OLKM01003672.1",23,32333
"OLKM01004661.1",23,20789
"OLKM01005177.1",23,18128
"OLKM01006384.1",23,14422
"OLKM01006482.1",23,14154
"OLKM01008106.1",23,8707
"OLKM01000097.1",22,581224
"OLKM01000300.1",22,380352
"OLKM01000310.1",22,373613
"OLKM01000373.1",22,341023
"OLKM01000382.1",22,338023
"OLKM01000462.1",22,304845
"OLKM01000476.1",22,299817
"OLKM01000493.1",22,294454
"OLKM01000596.1",22,264811
"OLKM01000600.1",22,264487
"OLKM01000680.1",22,245178
"OLKM01000682.1",22,244554
"OLKM01000780.1",22,224005
"OLKM01000797.1",22,221599
"OLKM01000841.1",22,215116
"OLKM01000890.1",22,208130
"OLKM01000913.1",22,203362
"OLKM01000975.1",22,192119
"OLKM01000998.1",22,187628
"OLKM01001092.1",22,173181
"OLKM01001104.1",22,172289
"OLKM01001109.1",22,171900
"OLKM01001164.1",22,165646
"OLKM01001202.1",22,161161
"OLKM01001224.1",22,158940
"OLKM01001238.1",22,156167
"OLKM01001276.1",22,151355
"OLKM01001303.1",22,149182
"OLKM01001348.1",22,144968
"OLKM01001411.1",22,138409
"OLKM01001437.1",22,135647
"OLKM01001482.1",22,131733
"OLKM01001619.1",22,118530
"OLKM01001668.1",22,114635
"OLKM01001698.1",22,112331
"OLKM01001906.1",22,96925
"OLKM01001933.1",22,94946
"OLKM01002107.1",22,84750
"OLKM01002696.1",22,57762
"OLKM01002997.1",22,47322
"OLKM01004009.1",22,26591
"OLKM01004136.1",22,25011
"OLKM01004429.1",22,22485
"OLKM01005876.1",22,15697
"OLKM01006880.1",22,13181
"OLKM01007696.1",22,11037
"OLKM01000115.1",21,545268
"OLKM01000262.1",21,401260
"OLKM01000272.1",21,394191
"OLKM01000283.1",21,390171
"OLKM01000312.1",21,372746
"OLKM01000336.1",21,357750
"OLKM01000388.1",21,336469
"OLKM01000411.1",21,326384
"OLKM01000445.1",21,309736
"OLKM01000453.1",21,308602
"OLKM01000457.1",21,307841
"OLKM01000464.1",21,304637
"OLKM01000510.1",21,290065
"OLKM01000513.1",21,289206
"OLKM01000612.1",21,259741
"OLKM01000618.1",21,257660
"OLKM01000620.1",21,257550
"OLKM01000717.1",21,235912
"OLKM01000741.1",21,231918
"OLKM01000742.1",21,231733
"OLKM01000761.1",21,227938
"OLKM01000810.1",21,218879
"OLKM01000820.1",21,217343
"OLKM01000837.1",21,215546
"OLKM01000884.1",21,208881
"OLKM01000906.1",21,205122
"OLKM01000907.1",21,205112
"OLKM01000908.1",21,205048
"OLKM01000973.1",21,192366
"OLKM01001001.1",21,187075
"OLKM01001013.1",21,185631
"OLKM01001021.1",21,184465
"OLKM01001025.1",21,183943
"OLKM01001029.1",21,183016
"OLKM01001031.1",21,182566
"OLKM01001037.1",21,180936
"OLKM01001221.1",21,159183
"OLKM01001244.1",21,155836
"OLKM01001283.1",21,150687
"OLKM01001308.1",21,148898
"OLKM01001322.1",21,147743
"OLKM01001412.1",21,138405
"OLKM01001465.1",21,132828
"OLKM01001487.1",21,131564
"OLKM01001558.1",21,122844
"OLKM01001590.1",21,120372
"OLKM01001652.1",21,116230
"OLKM01001654.1",21,116137
"OLKM01001682.1",21,113251
"OLKM01001858.1",21,100679
"OLKM01001860.1",21,100594
"OLKM01001909.1",21,96606
"OLKM01001962.1",21,92645
"OLKM01002009.1",21,89909
"OLKM01002136.1",21,83408
"OLKM01002359.1",21,72599
"OLKM01002415.1",21,70151
"OLKM01002608.1",21,61742
"OLKM01002716.1",21,57028
"OLKM01002820.1",21,53495
"OLKM01002955.1",21,48611
"OLKM01003036.1",21,46244
"OLKM01003266.1",21,39852
"OLKM01003570.1",21,33890
"OLKM01003872.1",21,28629
"OLKM01004487.1",21,22015
"OLKM01005364.1",21,17414
"OLKM01006016.1",21,15293
"OLKM01006939.1",21,13059
"OLKM01000235.1",20,423499
"OLKM01000319.1",20,368866
"OLKM01000442.1",20,311214
"OLKM01000448.1",20,309261
"OLKM01000494.1",20,294188
"OLKM01000502.1",20,291962
"OLKM01000509.1",20,290464
"OLKM01000523.1",20,287613
"OLKM01000540.1",20,282491
"OLKM01000547.1",20,281182
"OLKM01000583.1",20,269648
"OLKM01000635.1",20,255829
"OLKM01000642.1",20,253432
"OLKM01000674.1",20,245804
"OLKM01000683.1",20,243451
"OLKM01000723.1",20,234758
"OLKM01000724.1",20,234205
"OLKM01000727.1",20,233914
"OLKM01000736.1",20,232444
"OLKM01000740.1",20,232273
"OLKM01000762.1",20,227915
"OLKM01000777.1",20,224304
"OLKM01000784.1",20,223093
"OLKM01000790.1",20,222126
"OLKM01000807.1",20,219401
"OLKM01000831.1",20,216589
"OLKM01000838.1",20,215396
"OLKM01000869.1",20,210662
"OLKM01000898.1",20,206774
"OLKM01000911.1",20,204386
"OLKM01000959.1",20,194324
"OLKM01001035.1",20,181680
"OLKM01001041.1",20,180387
"OLKM01001106.1",20,172175
"OLKM01001112.1",20,171555
"OLKM01001171.1",20,164732
"OLKM01001271.1",20,151697
"OLKM01001285.1",20,150499
"OLKM01001296.1",20,149773
"OLKM01001363.1",20,143033
"OLKM01001370.1",20,141874
"OLKM01001393.1",20,139922
"OLKM01001472.1",20,132179
"OLKM01001609.1",20,119386
"OLKM01001622.1",20,118443
"OLKM01001695.1",20,112455
"OLKM01001779.1",20,106065
"OLKM01001802.1",20,104393
"OLKM01001840.1",20,101776
"OLKM01001907.1",20,96733
"OLKM01002160.1",20,82260
"OLKM01002252.1",20,77078
"OLKM01002367.1",20,72281
"OLKM01002535.1",20,65062
"OLKM01002856.1",20,52096
"OLKM01003562.1",20,33979
"OLKM01003955.1",20,27336
"OLKM01005662.1",20,16387
"OLKM01006063.1",20,15202
"OLKM01006547.1",20,13968
"OLKM01000276.1",19,392953
"OLKM01000482.1",19,297213
"OLKM01000552.1",19,280277
"OLKM01000556.1",19,279395
"OLKM01000629.1",19,256515
"OLKM01000652.1",19,250633
"OLKM01000663.1",19,248203
"OLKM01000693.1",19,241481
"OLKM01000701.1",19,239087
"OLKM01000725.1",19,234134
"OLKM01000737.1",19,232366
"OLKM01000756.1",19,228330
"OLKM01000767.1",19,226564
"OLKM01000772.1",19,225428
"OLKM01000781.1",19,223922
"OLKM01000855.1",19,212025
"OLKM01000877.1",19,209348
"OLKM01000902.1",19,205868
"OLKM01000912.1",19,204348
"OLKM01000920.1",19,202316
"OLKM01000957.1",19,194517
"OLKM01000958.1",19,194336
"OLKM01001022.1",19,184394
"OLKM01001062.1",19,177262
"OLKM01001080.1",19,175988
"OLKM01001087.1",19,174269
"OLKM01001096.1",19,172990
"OLKM01001165.1",19,165560
"OLKM01001174.1",19,164557
"OLKM01001183.1",19,163441
"OLKM01001306.1",19,149026
"OLKM01001334.1",19,146151
"OLKM01001362.1",19,143271
"OLKM01001388.1",19,140539
"OLKM01001405.1",19,138890
"OLKM01001413.1",19,138094
"OLKM01001478.1",19,131883
"OLKM01001480.1",19,131767
"OLKM01001495.1",19,130716
"OLKM01001552.1",19,123613
"OLKM01001563.1",19,122309
"OLKM01001642.1",19,117036
"OLKM01001656.1",19,116000
"OLKM01001712.1",19,111513
"OLKM01001755.1",19,108018
"OLKM01001790.1",19,105233
"OLKM01001811.1",19,103897
"OLKM01001936.1",19,94807
"OLKM01001961.1",19,92702
"OLKM01002016.1",19,89770
"OLKM01002021.1",19,89454
"OLKM01002101.1",19,85267
"OLKM01002129.1",19,83845
"OLKM01002171.1",19,81779
"OLKM01002366.1",19,72283
"OLKM01002728.1",19,56643
"OLKM01002864.1",19,51872
"OLKM01003488.1",19,35445
"OLKM01003897.1",19,28219
"OLKM01004118.1",19,25259
"OLKM01004653.1",19,20850
"OLKM01004832.1",19,19794
"OLKM01004965.1",19,19114
"OLKM01006685.1",19,13640
"OLKM01006707.1",19,13585
"OLKM01007113.1",19,12601
"OLKM01000094.1",18,584128
"OLKM01000226.1",18,427165
"OLKM01000328.1",18,361592
"OLKM01000389.1",18,336466
"OLKM01000428.1",18,319808
"OLKM01000465.1",18,303893
"OLKM01000474.1",18,300205
"OLKM01000535.1",18,284642
"OLKM01000544.1",18,281548
"OLKM01000575.1",18,273802
"OLKM01000606.1",18,262316
"OLKM01000636.1",18,255473
"OLKM01000710.1",18,237132
"OLKM01000746.1",18,231028
"OLKM01000747.1",18,230803
"OLKM01000755.1",18,228498
"OLKM01000771.1",18,225671
"OLKM01000798.1",18,221454
"OLKM01000832.1",18,216168
"OLKM01000880.1",18,209126
"OLKM01000891.1",18,207815
"OLKM01000895.1",18,207549
"OLKM01000903.1",18,205422
"OLKM01000933.1",18,199327
"OLKM01000971.1",18,192670
"OLKM01000981.1",18,190716
"OLKM01001006.1",18,186589
"OLKM01001017.1",18,185288
"OLKM01001051.1",18,179258
"OLKM01001069.1",18,176771
"OLKM01001090.1",18,173789
"OLKM01001142.1",18,167768
"OLKM01001181.1",18,163480
"OLKM01001220.1",18,159360
"OLKM01001242.1",18,155984
"OLKM01001252.1",18,154527
"OLKM01001262.1",18,152729
"OLKM01001352.1",18,144663
"OLKM01001378.1",18,141211
"OLKM01001455.1",18,133990
"OLKM01001463.1",18,133187
"OLKM01001475.1",18,131893
"OLKM01001513.1",18,127955
"OLKM01001551.1",18,123879
"OLKM01001573.1",18,121346
"OLKM01001599.1",18,119762
"OLKM01001817.1",18,103443
"OLKM01001836.1",18,102094
"OLKM01001848.1",18,101266
"OLKM01001856.1",18,100836
"OLKM01001893.1",18,98018
"OLKM01001920.1",18,96005
"OLKM01001959.1",18,92798
"OLKM01002052.1",18,87730
"OLKM01002111.1",18,84650
"OLKM01002341.1",18,73407
"OLKM01002358.1",18,72679
"OLKM01002605.1",18,61834
"OLKM01002619.1",18,61300
"OLKM01002840.1",18,52880
"OLKM01002976.1",18,47753
"OLKM01003461.1",18,36020
"OLKM01003915.1",18,27875
"OLKM01004107.1",18,25372
"OLKM01004237.1",18,24060
"OLKM01004455.1",18,22268
"OLKM01004603.1",18,21252
"OLKM01004619.1",18,21112
"OLKM01005265.1",18,17783
"OLKM01005753.1",18,16025
"OLKM01007104.1",18,12615
"OLKM01000021.1",17,855689
"OLKM01000135.1",17,517885
"OLKM01000403.1",17,329334
"OLKM01000471.1",17,302061
"OLKM01000550.1",17,280474
"OLKM01000570.1",17,275671
"OLKM01000691.1",17,242348
"OLKM01000745.1",17,231154
"OLKM01000749.1",17,229986
"OLKM01000770.1",17,225741
"OLKM01000885.1",17,208515
"OLKM01000900.1",17,206387
"OLKM01000929.1",17,200262
"OLKM01000944.1",17,197414
"OLKM01000972.1",17,192483
"OLKM01000974.1",17,192218
"OLKM01001015.1",17,185598
"OLKM01001058.1",17,177941
"OLKM01001081.1",17,175685
"OLKM01001120.1",17,170594
"OLKM01001139.1",17,168033
"OLKM01001185.1",17,162954
"OLKM01001189.1",17,162723
"OLKM01001195.1",17,161913
"OLKM01001228.1",17,158304
"OLKM01001231.1",17,157210
"OLKM01001257.1",17,153632
"OLKM01001266.1",17,152236
"OLKM01001326.1",17,147211
"OLKM01001360.1",17,143808
"OLKM01001383.1",17,140808
"OLKM01001401.1",17,139287
"OLKM01001409.1",17,138630
"OLKM01001422.1",17,137125
"OLKM01001503.1",17,129310
"OLKM01001593.1",17,120223
"OLKM01001595.1",17,120114
"OLKM01001646.1",17,116479
"OLKM01001753.1",17,108372
"OLKM01001805.1",17,104234
"OLKM01001883.1",17,98923
"OLKM01001884.1",17,98748
"OLKM01001900.1",17,97583
"OLKM01001915.1",17,96167
"OLKM01001995.1",17,91053
"OLKM01002007.1",17,90094
"OLKM01002133.1",17,83594
"OLKM01002162.1",17,82168
"OLKM01002173.1",17,81508
"OLKM01002214.1",17,79070
"OLKM01002438.1",17,68974
"OLKM01002723.1",17,56791
"OLKM01002898.1",17,50832
"OLKM01002907.1",17,50473
"OLKM01002947.1",17,48876
"OLKM01003065.1",17,45282
"OLKM01003138.1",17,43018
"OLKM01003510.1",17,34981
"OLKM01003529.1",17,34650
"OLKM01003754.1",17,30553
"OLKM01003881.1",17,28422
"OLKM01004025.1",17,26420
"OLKM01004292.1",17,23603
"OLKM01004926.1",17,19292
"OLKM01005562.1",17,16764
"OLKM01005649.1",17,16444
"OLKM01005821.1",17,15842
"OLKM01006138.1",17,15028
"OLKM01006344.1",17,14509
"OLKM01006422.1",17,14317
"OLKM01006944.1",17,13038
"OLKM01007587.1",17,11376
"OLKM01007794.1",17,10778
"OLKM01000141.1",16,509508
"OLKM01000371.1",16,342630
"OLKM01000372.1",16,341515
"OLKM01000459.1",16,305763
"OLKM01000477.1",16,299342
"OLKM01000506.1",16,290947
"OLKM01000519.1",16,288323
"OLKM01000525.1",16,287276
"OLKM01000563.1",16,277259
"OLKM01000609.1",16,261978
"OLKM01000616.1",16,257787
"OLKM01000621.1",16,257447
"OLKM01000656.1",16,249813
"OLKM01000666.1",16,247622
"OLKM01000712.1",16,236809
"OLKM01000721.1",16,235067
"OLKM01000733.1",16,232952
"OLKM01000734.1",16,232905
"OLKM01000795.1",16,221676
"OLKM01000870.1",16,210636
"OLKM01000881.1",16,209109
"OLKM01000950.1",16,195524
"OLKM01000955.1",16,194567
"OLKM01001023.1",16,184284
"OLKM01001026.1",16,183859
"OLKM01001057.1",16,178067
"OLKM01001147.1",16,167391
"OLKM01001155.1",16,166625
"OLKM01001207.1",16,160923
"OLKM01001214.1",16,160090
"OLKM01001229.1",16,157761
"OLKM01001253.1",16,154181
"OLKM01001272.1",16,151690
"OLKM01001294.1",16,149827
"OLKM01001300.1",16,149592
"OLKM01001331.1",16,146788
"OLKM01001390.1",16,140294
"OLKM01001432.1",16,136254
"OLKM01001476.1",16,131889
"OLKM01001639.1",16,117186
"OLKM01001640.1",16,117118
"OLKM01001739.1",16,109296
"OLKM01001770.1",16,106655
"OLKM01001809.1",16,103938
"OLKM01001875.1",16,99768
"OLKM01001919.1",16,96018
"OLKM01001956.1",16,93124
"OLKM01001968.1",16,92432
"OLKM01002000.1",16,90703
"OLKM01002013.1",16,89832
"OLKM01002057.1",16,87426
"OLKM01002069.1",16,86727
"OLKM01002134.1",16,83566
"OLKM01002267.1",16,76386
"OLKM01002279.1",16,75782
"OLKM01002317.1",16,74366
"OLKM01002376.1",16,71642
"OLKM01002385.1",16,71232
"OLKM01002423.1",16,69876
"OLKM01002465.1",16,68025
"OLKM01002473.1",16,67447
"OLKM01002614.1",16,61547
"OLKM01002655.1",16,59617
"OLKM01003011.1",16,47083
"OLKM01003162.1",16,42571
"OLKM01003622.1",16,33095
"OLKM01003666.1",16,32398
"OLKM01003765.1",16,30296
"OLKM01003818.1",16,29460
"OLKM01004064.1",16,25909
"OLKM01004865.1",16,19567
"OLKM01005677.1",16,16304
"OLKM01005822.1",16,15838
"OLKM01005953.1",16,15480
"OLKM01006400.1",16,14375
"OLKM01006450.1",16,14247
"OLKM01006886.1",16,13162
"OLKM01007073.1",16,12696
"OLKM01007190.1",16,12402
"OLKM01007263.1",16,12177
"OLKM01000281.1",15,390901
"OLKM01000365.1",15,346211
"OLKM01000381.1",15,338098
"OLKM01000478.1",15,298602
"OLKM01000546.1",15,281444
"OLKM01000579.1",15,272395
"OLKM01000587.1",15,268728
"OLKM01000599.1",15,264616
"OLKM01000661.1",15,248397
"OLKM01000685.1",15,243339
"OLKM01000720.1",15,235493
"OLKM01000754.1",15,228794
"OLKM01000765.1",15,227183
"OLKM01000825.1",15,217069
"OLKM01000848.1",15,213395
"OLKM01000852.1",15,212600
"OLKM01000858.1",15,211517
"OLKM01000874.1",15,209915
"OLKM01000887.1",15,208265
"OLKM01000905.1",15,205199
"OLKM01000942.1",15,197729
"OLKM01000948.1",15,196101
"OLKM01000983.1",15,190499
"OLKM01001019.1",15,184925
"OLKM01001073.1",15,176522
"OLKM01001110.1",15,171892
"OLKM01001113.1",15,171173
"OLKM01001138.1",15,168069
"OLKM01001145.1",15,167588
"OLKM01001148.1",15,167216
"OLKM01001169.1",15,165020
"OLKM01001233.1",15,157123
"OLKM01001256.1",15,153823
"OLKM01001312.1",15,148544
"OLKM01001324.1",15,147467
"OLKM01001339.1",15,145562
"OLKM01001355.1",15,144388
"OLKM01001385.1",15,140716
"OLKM01001449.1",15,134602
"OLKM01001470.1",15,132384
"OLKM01001510.1",15,128164
"OLKM01001512.1",15,128073
"OLKM01001517.1",15,127637
"OLKM01001532.1",15,126421
"OLKM01001535.1",15,125944
"OLKM01001570.1",15,121548
"OLKM01001578.1",15,120941
"OLKM01001606.1",15,119472
"OLKM01001631.1",15,117560
"OLKM01001632.1",15,117522
"OLKM01001647.1",15,116465
"OLKM01001757.1",15,107830
"OLKM01001822.1",15,103174
"OLKM01001935.1",15,94808
"OLKM01001938.1",15,94680
"OLKM01001965.1",15,92520
"OLKM01002036.1",15,88711
"OLKM01002154.1",15,82722
"OLKM01002200.1",15,79778
"OLKM01002271.1",15,76245
"OLKM01002301.1",15,74899
"OLKM01002344.1",15,73216
"OLKM01002346.1",15,73108
"OLKM01002371.1",15,71955
"OLKM01002476.1",15,67416
"OLKM01002562.1",15,64081
"OLKM01002689.1",15,57892
"OLKM01002695.1",15,57800
"OLKM01002745.1",15,56152
"OLKM01002841.1",15,52806
"OLKM01002869.1",15,51644
"OLKM01002874.1",15,51572
"OLKM01002881.1",15,51388
"OLKM01002963.1",15,48165
"OLKM01002982.1",15,47537
"OLKM01003198.1",15,41637
"OLKM01003229.1",15,40821
"OLKM01003636.1",15,32816
"OLKM01003966.1",15,27165
"OLKM01004042.1",15,26152
"OLKM01004264.1",15,23870
"OLKM01004281.1",15,23661
"OLKM01004565.1",15,21567
"OLKM01005636.1",15,16509
"OLKM01007068.1",15,12705
"OLKM01007435.1",15,11827
"OLKM01007960.1",15,10240
"OLKM01008104.1",15,8741
"OLKM01000247.1",14,410158
"OLKM01000289.1",14,385049
"OLKM01000297.1",14,382272
"OLKM01000409.1",14,327330
"OLKM01000425.1",14,320267
"OLKM01000436.1",14,315301
"OLKM01000437.1",14,315270
"OLKM01000452.1",14,308760
"OLKM01000487.1",14,296204
"OLKM01000558.1",14,278788
"OLKM01000704.1",14,238098
"OLKM01000788.1",14,222204
"OLKM01000802.1",14,220426
"OLKM01000814.1",14,217886
"OLKM01000835.1",14,215699
"OLKM01000866.1",14,211065
"OLKM01000888.1",14,208146
"OLKM01000894.1",14,207587
"OLKM01000896.1",14,207496
"OLKM01000917.1",14,202985
"OLKM01000966.1",14,193707
"OLKM01000986.1",14,189976
"OLKM01001045.1",14,180050
"OLKM01001067.1",14,176875
"OLKM01001075.1",14,176399
"OLKM01001091.1",14,173362
"OLKM01001111.1",14,171748
"OLKM01001124.1",14,169754
"OLKM01001134.1",14,168497
"OLKM01001146.1",14,167416
"OLKM01001194.1",14,161969
"OLKM01001198.1",14,161566
"OLKM01001215.1",14,160003
"OLKM01001235.1",14,156630
"OLKM01001282.1",14,150763
"OLKM01001309.1",14,148832
"OLKM01001336.1",14,146108
"OLKM01001350.1",14,144918
"OLKM01001351.1",14,144769
"OLKM01001357.1",14,144262
"OLKM01001361.1",14,143592
"OLKM01001417.1",14,137598
"OLKM01001424.1",14,136919
"OLKM01001466.1",14,132728
"OLKM01001496.1",14,130471
"OLKM01001528.1",14,126898
"OLKM01001543.1",14,124851
"OLKM01001548.1",14,124304
"OLKM01001596.1",14,119958
"OLKM01001662.1",14,115462
"OLKM01001678.1",14,113753
"OLKM01001691.1",14,112592
"OLKM01001703.1",14,112174
"OLKM01001710.1",14,111544
"OLKM01001749.1",14,108771
"OLKM01001794.1",14,104897
"OLKM01001798.1",14,104811
"OLKM01001847.1",14,101362
"OLKM01001859.1",14,100645
"OLKM01001865.1",14,100348
"OLKM01001885.1",14,98624
"OLKM01001930.1",14,95245
"OLKM01001954.1",14,93436
"OLKM01001990.1",14,91408
"OLKM01002002.1",14,90567
"OLKM01002212.1",14,79150
"OLKM01002224.1",14,78551
"OLKM01002234.1",14,78032
"OLKM01002270.1",14,76278
"OLKM01002281.1",14,75734
"OLKM01002296.1",14,75138
"OLKM01002434.1",14,69394
"OLKM01002591.1",14,62278
"OLKM01002661.1",14,59284
"OLKM01002706.1",14,57379
"OLKM01002731.1",14,56504
"OLKM01002807.1",14,54042
"OLKM01002863.1",14,51898
"OLKM01002899.1",14,50805
"OLKM01002975.1",14,47773
"OLKM01003014.1",14,46893
"OLKM01003022.1",14,46539
"OLKM01003052.1",14,45627
"OLKM01003074.1",14,44970
"OLKM01003104.1",14,44120
"OLKM01003251.1",14,40130
"OLKM01003422.1",14,36713
"OLKM01003428.1",14,36671
"OLKM01003739.1",14,31030
"OLKM01003855.1",14,28845
"OLKM01003987.1",14,26805
"OLKM01004098.1",14,25465
"OLKM01004275.1",14,23735
"OLKM01004470.1",14,22179
"OLKM01004668.1",14,20756
"OLKM01004669.1",14,20749
"OLKM01004804.1",14,19980
"OLKM01004827.1",14,19822
"OLKM01005161.1",14,18192
"OLKM01005283.1",14,17707
"OLKM01005313.1",14,17589
"OLKM01006174.1",14,14941
"OLKM01006602.1",14,13849
"OLKM01006764.1",14,13456
"OLKM01006877.1",14,13185
"OLKM01007349.1",14,12002
"OLKM01007372.1",14,11956
"OLKM01007423.1",14,11853
"OLKM01007784.1",14,10811
"OLKM01000152.1",13,493520
"OLKM01000214.1",13,438202
"OLKM01000293.1",13,382823
"OLKM01000354.1",13,349322
"OLKM01000451.1",13,308930
"OLKM01000470.1",13,302403
"OLKM01000549.1",13,280621
"OLKM01000566.1",13,275952
"OLKM01000573.1",13,274692
"OLKM01000582.1",13,270672
"OLKM01000669.1",13,246692
"OLKM01000673.1",13,245864
"OLKM01000687.1",13,242669
"OLKM01000707.1",13,237833
"OLKM01000753.1",13,228873
"OLKM01000785.1",13,223049
"OLKM01000854.1",13,212294
"OLKM01000860.1",13,211471
"OLKM01000864.1",13,211238
"OLKM01000872.1",13,210236
"OLKM01000883.1",13,208947
"OLKM01000899.1",13,206525
"OLKM01000915.1",13,203174
"OLKM01000925.1",13,200965
"OLKM01000927.1",13,200752
"OLKM01000932.1",13,199640
"OLKM01000936.1",13,198902
"OLKM01000938.1",13,198648
"OLKM01000953.1",13,194817
"OLKM01001008.1",13,186154
"OLKM01001009.1",13,186047
"OLKM01001044.1",13,180265
"OLKM01001048.1",13,179780
"OLKM01001116.1",13,171075
"OLKM01001128.1",13,168790
"OLKM01001160.1",13,166322
"OLKM01001177.1",13,164059
"OLKM01001199.1",13,161408
"OLKM01001210.1",13,160638
"OLKM01001249.1",13,155071
"OLKM01001278.1",13,151179
"OLKM01001284.1",13,150581
"OLKM01001338.1",13,145914
"OLKM01001387.1",13,140582
"OLKM01001402.1",13,139235
"OLKM01001420.1",13,137251
"OLKM01001438.1",13,135625
"OLKM01001450.1",13,134481
"OLKM01001451.1",13,134446
"OLKM01001462.1",13,133249
"OLKM01001468.1",13,132469
"OLKM01001493.1",13,130780
"OLKM01001499.1",13,129996
"OLKM01001526.1",13,127066
"OLKM01001531.1",13,126758
"OLKM01001546.1",13,124664
"OLKM01001612.1",13,118911
"OLKM01001615.1",13,118745
"OLKM01001627.1",13,118073
"OLKM01001650.1",13,116417
"OLKM01001665.1",13,115091
"OLKM01001693.1",13,112537
"OLKM01001704.1",13,112068
"OLKM01001708.1",13,111627
"OLKM01001715.1",13,111346
"OLKM01001724.1",13,110659
"OLKM01001744.1",13,109107
"OLKM01001764.1",13,107192
"OLKM01001773.1",13,106428
"OLKM01001786.1",13,105541
"OLKM01001787.1",13,105500
"OLKM01001843.1",13,101694
"OLKM01001845.1",13,101460
"OLKM01001862.1",13,100533
"OLKM01001863.1",13,100527
"OLKM01001876.1",13,99707
"OLKM01001888.1",13,98447
"OLKM01001916.1",13,96160
"OLKM01001946.1",13,93975
"OLKM01001970.1",13,92365
"OLKM01002019.1",13,89712
"OLKM01002103.1",13,85249
"OLKM01002187.1",13,80533
"OLKM01002195.1",13,80029
"OLKM01002204.1",13,79621
"OLKM01002249.1",13,77256
"OLKM01002263.1",13,76448
"OLKM01002272.1",13,76241
"OLKM01002323.1",13,74222
"OLKM01002394.1",13,70969
"OLKM01002478.1",13,67246
"OLKM01002500.1",13,66553
"OLKM01002516.1",13,65628
"OLKM01002639.1",13,60394
"OLKM01002672.1",13,58914
"OLKM01002719.1",13,56878
"OLKM01002739.1",13,56276
"OLKM01002802.1",13,54351
"OLKM01002875.1",13,51507
"OLKM01002939.1",13,49335
"OLKM01002984.1",13,47498
"OLKM01003093.1",13,44365
"OLKM01003205.1",13,41365
"OLKM01003539.1",13,34355
"OLKM01003770.1",13,30257
"OLKM01004114.1",13,25279
"OLKM01004201.1",13,24310
"OLKM01004366.1",13,22928
"OLKM01004542.1",13,21676
"OLKM01004632.1",13,21025
"OLKM01004662.1",13,20780
"OLKM01004687.1",13,20619
"OLKM01004691.1",13,20586
"OLKM01004831.1",13,19808
"OLKM01004861.1",13,19575
"OLKM01005063.1",13,18640
"OLKM01005339.1",13,17498
"OLKM01005640.1",13,16488
"OLKM01005679.1",13,16293
"OLKM01005695.1",13,16221
"OLKM01005707.1",13,16170
"OLKM01006042.1",13,15252
"OLKM01006158.1",13,14980
"OLKM01006190.1",13,14905
"OLKM01006784.1",13,13411
"OLKM01006793.1",13,13394
"OLKM01006820.1",13,13327
"OLKM01007028.1",13,12819
"OLKM01007447.1",13,11801
"OLKM01007678.1",13,11113
"OLKM01007744.1",13,10908
"OLKM01007774.1",13,10838
"OLKM01000294.1",12,382761
"OLKM01000422.1",12,321748
"OLKM01000507.1",12,290819
"OLKM01000551.1",12,280343
"OLKM01000562.1",12,277467
"OLKM01000567.1",12,275820
"OLKM01000638.1",12,254456
"OLKM01000763.1",12,227554
"OLKM01000768.1",12,226309
"OLKM01000842.1",12,214952
"OLKM01000943.1",12,197510
"OLKM01000963.1",12,194171
"OLKM01000965.1",12,193775
"OLKM01000992.1",12,188319
"OLKM01001004.1",12,186823
"OLKM01001084.1",12,174561
"OLKM01001131.1",12,168646
"OLKM01001143.1",12,167763
"OLKM01001159.1",12,166343
"OLKM01001182.1",12,163471
"OLKM01001217.1",12,159779
"OLKM01001234.1",12,156849
"OLKM01001236.1",12,156395
"OLKM01001240.1",12,156067
"OLKM01001255.1",12,153972
"OLKM01001288.1",12,150037
"OLKM01001292.1",12,149918
"OLKM01001307.1",12,148988
"OLKM01001315.1",12,148267
"OLKM01001317.1",12,148021
"OLKM01001347.1",12,145009
"OLKM01001372.1",12,141704
"OLKM01001376.1",12,141299
"OLKM01001425.1",12,136890
"OLKM01001440.1",12,135436
"OLKM01001441.1",12,135353
"OLKM01001457.1",12,133737
"OLKM01001459.1",12,133522
"OLKM01001469.1",12,132410
"OLKM01001484.1",12,131663
"OLKM01001502.1",12,129818
"OLKM01001505.1",12,128966
"OLKM01001530.1",12,126875
"OLKM01001542.1",12,124945
"OLKM01001574.1",12,121282
"OLKM01001594.1",12,120183
"OLKM01001598.1",12,119827
"OLKM01001630.1",12,117831
"OLKM01001651.1",12,116289
"OLKM01001659.1",12,115665
"OLKM01001702.1",12,112179
"OLKM01001709.1",12,111587
"OLKM01001716.1",12,111187
"OLKM01001735.1",12,109705
"OLKM01001788.1",12,105388
"OLKM01001810.1",12,103910
"OLKM01001854.1",12,100932
"OLKM01001914.1",12,96252
"OLKM01001958.1",12,92890
"OLKM01002010.1",12,89879
"OLKM01002035.1",12,88715
"OLKM01002053.1",12,87704
"OLKM01002055.1",12,87574
"OLKM01002070.1",12,86689
"OLKM01002076.1",12,86261
"OLKM01002085.1",12,85961
"OLKM01002092.1",12,85646
"OLKM01002100.1",12,85270
"OLKM01002108.1",12,84741
"OLKM01002118.1",12,84243
"OLKM01002120.1",12,84164
"OLKM01002130.1",12,83712
"OLKM01002148.1",12,82993
"OLKM01002170.1",12,81827
"OLKM01002199.1",12,79827
"OLKM01002247.1",12,77449
"OLKM01002277.1",12,75954
"OLKM01002311.1",12,74520
"OLKM01002360.1",12,72539
"OLKM01002408.1",12,70455
"OLKM01002483.1",12,67028
"OLKM01002484.1",12,67026
"OLKM01002523.1",12,65407
"OLKM01002560.1",12,64172
"OLKM01002568.1",12,63690
"OLKM01002575.1",12,63446
"OLKM01002594.1",12,62113
"OLKM01002640.1",12,60313
"OLKM01002688.1",12,57911
"OLKM01002715.1",12,57052
"OLKM01002735.1",12,56405
"OLKM01002766.1",12,55394
"OLKM01002845.1",12,52653
"OLKM01002871.1",12,51614
"OLKM01002926.1",12,49848
"OLKM01002962.1",12,48217
"OLKM01003004.1",12,47154
"OLKM01003009.1",12,47110
"OLKM01003120.1",12,43543
"OLKM01003124.1",12,43463
"OLKM01003154.1",12,42710
"OLKM01003224.1",12,40914
"OLKM01003228.1",12,40823
"OLKM01003277.1",12,39657
"OLKM01003359.1",12,38042
"OLKM01003363.1",12,37982
"OLKM01003462.1",12,36019
"OLKM01003508.1",12,34999
"OLKM01003564.1",12,33958
"OLKM01003588.1",12,33620
"OLKM01003809.1",12,29606
"OLKM01003885.1",12,28385
"OLKM01003901.1",12,28136
"OLKM01004002.1",12,26664
"OLKM01004088.1",12,25600
"OLKM01004112.1",12,25313
"OLKM01004227.1",12,24152
"OLKM01004373.1",12,22871
"OLKM01004527.1",12,21790
"OLKM01004787.1",12,20073
"OLKM01004811.1",12,19916
"OLKM01004847.1",12,19699
"OLKM01004919.1",12,19322
"OLKM01005138.1",12,18281
"OLKM01005201.1",12,18043
"OLKM01005397.1",12,17314
"OLKM01005398.1",12,17311
"OLKM01005610.1",12,16588
"OLKM01005907.1",12,15622
"OLKM01005947.1",12,15488
"OLKM01006140.1",12,15027
"OLKM01006186.1",12,14908
"OLKM01006312.1",12,14596
"OLKM01006762.1",12,13466
"OLKM01006970.1",12,12970
"OLKM01006972.1",12,12961
"OLKM01007043.1",12,12770
"OLKM01007644.1",12,11212
"OLKM01007693.1",12,11047
"OLKM01007903.1",12,10460
"OLKM01008160.1",12,7433
"OLKM01000441.1",11,311421
"OLKM01000495.1",11,293847
"OLKM01000545.1",11,281514
"OLKM01000588.1",11,267483
"OLKM01000590.1",11,266996
"OLKM01000594.1",11,265803
"OLKM01000595.1",11,264865
"OLKM01000603.1",11,263548
"OLKM01000623.1",11,257212
"OLKM01000646.1",11,252168
"OLKM01000653.1",11,250605
"OLKM01000675.1",11,245743
"OLKM01000694.1",11,241383
"OLKM01000757.1",11,228254
"OLKM01000779.1",11,224224
"OLKM01000849.1",11,213351
"OLKM01000851.1",11,212914
"OLKM01000886.1",11,208445
"OLKM01000926.1",11,200844
"OLKM01000940.1",11,197806
"OLKM01000946.1",11,196553
"OLKM01000979.1",11,191224
"OLKM01000988.1",11,189698
"OLKM01001040.1",11,180415
"OLKM01001053.1",11,178766
"OLKM01001065.1",11,177018
"OLKM01001066.1",11,177000
"OLKM01001082.1",11,175221
"OLKM01001102.1",11,172576
"OLKM01001135.1",11,168439
"OLKM01001192.1",11,162483
"OLKM01001196.1",11,161619
"OLKM01001205.1",11,161002
"OLKM01001212.1",11,160413
"OLKM01001219.1",11,159514
"OLKM01001241.1",11,156017
"OLKM01001250.1",11,154789
"OLKM01001265.1",11,152389
"OLKM01001279.1",11,150907
"OLKM01001321.1",11,147921
"OLKM01001329.1",11,146975
"OLKM01001366.1",11,142237
"OLKM01001368.1",11,142022
"OLKM01001431.1",11,136329
"OLKM01001446.1",11,135023
"OLKM01001534.1",11,126285
"OLKM01001549.1",11,124182
"OLKM01001556.1",11,123354
"OLKM01001557.1",11,123156
"OLKM01001618.1",11,118702
"OLKM01001628.1",11,117976
"OLKM01001629.1",11,117948
"OLKM01001641.1",11,117116
"OLKM01001658.1",11,115703
"OLKM01001686.1",11,112961
"OLKM01001690.1",11,112603
"OLKM01001737.1",11,109624
"OLKM01001751.1",11,108569
"OLKM01001752.1",11,108391
"OLKM01001763.1",11,107249
"OLKM01001767.1",11,106852
"OLKM01001795.1",11,104876
"OLKM01001812.1",11,103778
"OLKM01001852.1",11,100983
"OLKM01001892.1",11,98209
"OLKM01001903.1",11,97486
"OLKM01001991.1",11,91407
"OLKM01002008.1",11,90028
"OLKM01002058.1",11,87390
"OLKM01002110.1",11,84657
"OLKM01002137.1",11,83345
"OLKM01002146.1",11,83063
"OLKM01002163.1",11,82135
"OLKM01002243.1",11,77605
"OLKM01002259.1",11,76651
"OLKM01002288.1",11,75524
"OLKM01002302.1",11,74871
"OLKM01002361.1",11,72519
"OLKM01002446.1",11,68729
"OLKM01002570.1",11,63581
"OLKM01002596.1",11,62078
"OLKM01002648.1",11,60007
"OLKM01002657.1",11,59583
"OLKM01002693.1",11,57843
"OLKM01002718.1",11,56989
"OLKM01002722.1",11,56800
"OLKM01002727.1",11,56646
"OLKM01002740.1",11,56258
"OLKM01002851.1",11,52378
"OLKM01002912.1",11,50327
"OLKM01002932.1",11,49513
"OLKM01003008.1",11,47122
"OLKM01003026.1",11,46511
"OLKM01003112.1",11,43735
"OLKM01003172.1",11,42286
"OLKM01003260.1",11,39969
"OLKM01003289.1",11,39447
"OLKM01003299.1",11,39228
"OLKM01003399.1",11,37226
"OLKM01003409.1",11,37053
"OLKM01003459.1",11,36108
"OLKM01003546.1",11,34260
"OLKM01003634.1",11,32844
"OLKM01003655.1",11,32564
"OLKM01003681.1",11,32201
"OLKM01003759.1",11,30454
"OLKM01003783.1",11,30024
"OLKM01003860.1",11,28823
"OLKM01003904.1",11,27999
"OLKM01003978.1",11,26978
"OLKM01004017.1",11,26482
"OLKM01004214.1",11,24238
"OLKM01004253.1",11,23947
"OLKM01004383.1",11,22824
"OLKM01004475.1",11,22145
"OLKM01004659.1",11,20797
"OLKM01004684.1",11,20636
"OLKM01004745.1",11,20275
"OLKM01004756.1",11,20227
"OLKM01004819.1",11,19865
"OLKM01005120.1",11,18347
"OLKM01005515.1",11,16898
"OLKM01005642.1",11,16472
"OLKM01005767.1",11,15984
"OLKM01005768.1",11,15982
"OLKM01005858.1",11,15742
"OLKM01006003.1",11,15340
"OLKM01006227.1",11,14796
"OLKM01006391.1",11,14408
"OLKM01006399.1",11,14380
"OLKM01006567.1",11,13926
"OLKM01006663.1",11,13685
"OLKM01006686.1",11,13637
"OLKM01006788.1",11,13404
"OLKM01006873.1",11,13196
"OLKM01006997.1",11,12893
"OLKM01007099.1",11,12622
"OLKM01007100.1",11,12621
"OLKM01007164.1",11,12462
"OLKM01007239.1",11,12244
"OLKM01007426.1",11,11848
"OLKM01007711.1",11,11002
"OLKM01007980.1",11,10167
"OLKM01008089.1",11,9005
"OLKM01008153.1",11,7645
"OLKM01000146.1",10,499846
"OLKM01000565.1",10,276424
"OLKM01000574.1",10,274466
"OLKM01000576.1",10,273659
"OLKM01000584.1",10,269372
"OLKM01000658.1",10,248695
"OLKM01000662.1",10,248250
"OLKM01000684.1",10,243369
"OLKM01000696.1",10,240581
"OLKM01000697.1",10,240329
"OLKM01000709.1",10,237543
"OLKM01000730.1",10,233720
"OLKM01000796.1",10,221612
"OLKM01000829.1",10,216729
"OLKM01000847.1",10,213522
"OLKM01000859.1",10,211482
"OLKM01000930.1",10,200109
"OLKM01000990.1",10,189078
"OLKM01001052.1",10,178830
"OLKM01001079.1",10,176113
"OLKM01001083.1",10,175101
"OLKM01001121.1",10,170432
"OLKM01001184.1",10,163077
"OLKM01001209.1",10,160758
"OLKM01001243.1",10,155940
"OLKM01001246.1",10,155391
"OLKM01001258.1",10,153624
"OLKM01001269.1",10,151852
"OLKM01001270.1",10,151748
"OLKM01001275.1",10,151565
"OLKM01001289.1",10,149976
"OLKM01001290.1",10,149959
"OLKM01001323.1",10,147680
"OLKM01001332.1",10,146622
"OLKM01001337.1",10,146026
"OLKM01001404.1",10,138988
"OLKM01001415.1",10,137811
"OLKM01001430.1",10,136533
"OLKM01001467.1",10,132590
"OLKM01001473.1",10,132108
"OLKM01001474.1",10,132036
"OLKM01001522.1",10,127332
"OLKM01001533.1",10,126420
"OLKM01001536.1",10,125553
"OLKM01001538.1",10,125194
"OLKM01001583.1",10,120675
"OLKM01001589.1",10,120394
"OLKM01001610.1",10,119328
"OLKM01001624.1",10,118406
"OLKM01001638.1",10,117188
"OLKM01001645.1",10,116573
"OLKM01001653.1",10,116209
"OLKM01001661.1",10,115548
"OLKM01001674.1",10,114294
"OLKM01001677.1",10,113824
"OLKM01001683.1",10,113241
"OLKM01001688.1",10,112731
"OLKM01001692.1",10,112580
"OLKM01001701.1",10,112246
"OLKM01001714.1",10,111360
"OLKM01001719.1",10,110973
"OLKM01001765.1",10,107156
"OLKM01001776.1",10,106210
"OLKM01001800.1",10,104493
"OLKM01001842.1",10,101699
"OLKM01001897.1",10,97671
"OLKM01001902.1",10,97493
"OLKM01001917.1",10,96129
"OLKM01001927.1",10,95295
"OLKM01001928.1",10,95282
"OLKM01001939.1",10,94653
"OLKM01001964.1",10,92570
"OLKM01001977.1",10,92015
"OLKM01001978.1",10,92008
"OLKM01001997.1",10,90896
"OLKM01002034.1",10,88718
"OLKM01002040.1",10,88513
"OLKM01002046.1",10,88125
"OLKM01002073.1",10,86546
"OLKM01002116.1",10,84296
"OLKM01002132.1",10,83625
"OLKM01002209.1",10,79302
"OLKM01002238.1",10,77832
"OLKM01002242.1",10,77665
"OLKM01002262.1",10,76503
"OLKM01002273.1",10,76197
"OLKM01002285.1",10,75612
"OLKM01002289.1",10,75471
"OLKM01002313.1",10,74461
"OLKM01002343.1",10,73350
"OLKM01002381.1",10,71491
"OLKM01002464.1",10,68085
"OLKM01002482.1",10,67041
"OLKM01002538.1",10,65031
"OLKM01002581.1",10,63106
"OLKM01002590.1",10,62405
"OLKM01002612.1",10,61631
"OLKM01002627.1",10,61020
"OLKM01002654.1",10,59648
"OLKM01002771.1",10,55234
"OLKM01002882.1",10,51355
"OLKM01002891.1",10,51085
"OLKM01002934.1",10,49453
"OLKM01002959.1",10,48523
"OLKM01002968.1",10,47916
"OLKM01002995.1",10,47386
"OLKM01003016.1",10,46736
"OLKM01003024.1",10,46518
"OLKM01003055.1",10,45594
"OLKM01003057.1",10,45503
"OLKM01003131.1",10,43212
"OLKM01003223.1",10,40934
"OLKM01003319.1",10,38754
"OLKM01003344.1",10,38380
"OLKM01003350.1",10,38302
"OLKM01003421.1",10,36745
"OLKM01003443.1",10,36399
"OLKM01003449.1",10,36281
"OLKM01003524.1",10,34727
"OLKM01003565.1",10,33952
"OLKM01003716.1",10,31473
"OLKM01003721.1",10,31363
"OLKM01003738.1",10,31038
"OLKM01003761.1",10,30407
"OLKM01003930.1",10,27694
"OLKM01003985.1",10,26820
"OLKM01004006.1",10,26632
"OLKM01004073.1",10,25812
"OLKM01004162.1",10,24731
"OLKM01004221.1",10,24195
"OLKM01004356.1",10,23042
"OLKM01004438.1",10,22436
"OLKM01004663.1",10,20774
"OLKM01004665.1",10,20766
"OLKM01004708.1",10,20501
"OLKM01004785.1",10,20080
"OLKM01004869.1",10,19548
"OLKM01004991.1",10,18999
"OLKM01005091.1",10,18495
"OLKM01005269.1",10,17760
"OLKM01005387.1",10,17341
"OLKM01005939.1",10,15515
"OLKM01005940.1",10,15509
"OLKM01006189.1",10,14905
"OLKM01006462.1",10,14202
"OLKM01006595.1",10,13865
"OLKM01006683.1",10,13642
"OLKM01006747.1",10,13504
"OLKM01006776.1",10,13421
"OLKM01006796.1",10,13391
"OLKM01006822.1",10,13325
"OLKM01006829.1",10,13302
"OLKM01007176.1",10,12430
"OLKM01007286.1",10,12128
"OLKM01007445.1",10,11808
"OLKM01007456.1",10,11783
"OLKM01008071.1",10,9493
"OLKM01008269.1",10,4327
"OLKM01000498.1",9,292864
"OLKM01000528.1",9,286248
"OLKM01000607.1",9,262231
"OLKM01000625.1",9,256836
"OLKM01000643.1",9,252707
"OLKM01000664.1",9,247880
"OLKM01000776.1",9,224640
"OLKM01000821.1",9,217333
"OLKM01000863.1",9,211327
"OLKM01000951.1",9,195278
"OLKM01000960.1",9,194273
"OLKM01000980.1",9,191090
"OLKM01001049.1",9,179509
"OLKM01001059.1",9,177895
"OLKM01001064.1",9,177061
"OLKM01001076.1",9,176321
"OLKM01001088.1",9,174100
"OLKM01001094.1",9,173100
"OLKM01001099.1",9,172739
"OLKM01001119.1",9,170642
"OLKM01001122.1",9,170371
"OLKM01001141.1",9,167769
"OLKM01001149.1",9,167153
"OLKM01001163.1",9,165970
"OLKM01001191.1",9,162619
"OLKM01001197.1",9,161601
"OLKM01001226.1",9,158733
"OLKM01001291.1",9,149918
"OLKM01001304.1",9,149129
"OLKM01001341.1",9,145500
"OLKM01001359.1",9,143852
"OLKM01001381.1",9,140997
"OLKM01001391.1",9,140123
"OLKM01001407.1",9,138815
"OLKM01001452.1",9,134378
"OLKM01001458.1",9,133709
"OLKM01001485.1",9,131657
"OLKM01001508.1",9,128170
"OLKM01001544.1",9,124814
"OLKM01001545.1",9,124717
"OLKM01001555.1",9,123375
"OLKM01001560.1",9,122733
"OLKM01001572.1",9,121383
"OLKM01001581.1",9,120744
"OLKM01001587.1",9,120428
"OLKM01001660.1",9,115597
"OLKM01001664.1",9,115344
"OLKM01001675.1",9,114255
"OLKM01001722.1",9,110811
"OLKM01001723.1",9,110774
"OLKM01001754.1",9,108339
"OLKM01001815.1",9,103496
"OLKM01001824.1",9,103102
"OLKM01001826.1",9,102913
"OLKM01001846.1",9,101387
"OLKM01001866.1",9,100312
"OLKM01001873.1",9,99924
"OLKM01001890.1",9,98287
"OLKM01001942.1",9,94322
"OLKM01001985.1",9,91634
"OLKM01001986.1",9,91585
"OLKM01002033.1",9,88732
"OLKM01002043.1",9,88306
"OLKM01002050.1",9,87899
"OLKM01002063.1",9,87106
"OLKM01002068.1",9,86729
"OLKM01002102.1",9,85255
"OLKM01002153.1",9,82752
"OLKM01002157.1",9,82562
"OLKM01002208.1",9,79351
"OLKM01002210.1",9,79260
"OLKM01002213.1",9,79077
"OLKM01002237.1",9,77838
"OLKM01002300.1",9,74906
"OLKM01002309.1",9,74664
"OLKM01002345.1",9,73180
"OLKM01002356.1",9,72691
"OLKM01002373.1",9,71877
"OLKM01002382.1",9,71437
"OLKM01002397.1",9,70861
"OLKM01002406.1",9,70544
"OLKM01002409.1",9,70358
"OLKM01002416.1",9,70084
"OLKM01002419.1",9,69935
"OLKM01002424.1",9,69806
"OLKM01002440.1",9,68877
"OLKM01002453.1",9,68436
"OLKM01002468.1",9,67900
"OLKM01002486.1",9,66988
"OLKM01002510.1",9,66106
"OLKM01002530.1",9,65159
"OLKM01002534.1",9,65092
"OLKM01002558.1",9,64263
"OLKM01002602.1",9,61905
"OLKM01002664.1",9,59217
"OLKM01002681.1",9,58295
"OLKM01002709.1",9,57241
"OLKM01002713.1",9,57089
"OLKM01002738.1",9,56366
"OLKM01002772.1",9,55207
"OLKM01002816.1",9,53757
"OLKM01002822.1",9,53470
"OLKM01002896.1",9,50892
"OLKM01002913.1",9,50324
"OLKM01002919.1",9,49999
"OLKM01002937.1",9,49378
"OLKM01002957.1",9,48602
"OLKM01002991.1",9,47448
"OLKM01003020.1",9,46557
"OLKM01003089.1",9,44439
"OLKM01003190.1",9,41854
"OLKM01003226.1",9,40886
"OLKM01003287.1",9,39485
"OLKM01003507.1",9,35054
"OLKM01003531.1",9,34640
"OLKM01003576.1",9,33797
"OLKM01003712.1",9,31599
"OLKM01003763.1",9,30358
"OLKM01003777.1",9,30104
"OLKM01003848.1",9,28943
"OLKM01003886.1",9,28347
"OLKM01003891.1",9,28284
"OLKM01004007.1",9,26615
"OLKM01004035.1",9,26304
"OLKM01004067.1",9,25877
"OLKM01004139.1",9,24969
"OLKM01004217.1",9,24216
"OLKM01004283.1",9,23656
"OLKM01004425.1",9,22523
"OLKM01004505.1",9,21908
"OLKM01004514.1",9,21867
"OLKM01004690.1",9,20611
"OLKM01004720.1",9,20434
"OLKM01004853.1",9,19644
"OLKM01004899.1",9,19411
"OLKM01004917.1",9,19325
"OLKM01004922.1",9,19311
"OLKM01004943.1",9,19224
"OLKM01005034.1",9,18785
"OLKM01005039.1",9,18749
"OLKM01005103.1",9,18397
"OLKM01005373.1",9,17389
"OLKM01005425.1",9,17204
"OLKM01005426.1",9,17204
"OLKM01005433.1",9,17179
"OLKM01005542.1",9,16822
"OLKM01005548.1",9,16799
"OLKM01005554.1",9,16777
"OLKM01005766.1",9,15989
"OLKM01005848.1",9,15776
"OLKM01005974.1",9,15412
"OLKM01006045.1",9,15238
"OLKM01006082.1",9,15162
"OLKM01006111.1",9,15093
"OLKM01006156.1",9,14988
"OLKM01006493.1",9,14124
"OLKM01006991.1",9,12910
"OLKM01007078.1",9,12687
"OLKM01007292.1",9,12107
"OLKM01007606.1",9,11313
"OLKM01007786.1",9,10803
"OLKM01007975.1",9,10186
"OLKM01007990.1",9,10141
"OLKM01008079.1",9,9322
"OLKM01000401.1",8,329745
"OLKM01000414.1",8,325593
"OLKM01000555.1",8,279483
"OLKM01000561.1",8,277605
"OLKM01000568.1",8,275741
"OLKM01000578.1",8,272978
"OLKM01000601.1",8,263714
"OLKM01000743.1",8,231394
"OLKM01000774.1",8,224863
"OLKM01000804.1",8,220346
"OLKM01000817.1",8,217703
"OLKM01000921.1",8,201710
"OLKM01000989.1",8,189619
"OLKM01000995.1",8,188285
"OLKM01001007.1",8,186439
"OLKM01001027.1",8,183595
"OLKM01001125.1",8,169595
"OLKM01001154.1",8,166720
"OLKM01001211.1",8,160510
"OLKM01001232.1",8,157201
"OLKM01001248.1",8,155324
"OLKM01001260.1",8,153424
"OLKM01001261.1",8,153306
"OLKM01001263.1",8,152620
"OLKM01001264.1",8,152483
"OLKM01001295.1",8,149823
"OLKM01001298.1",8,149616
"OLKM01001302.1",8,149268
"OLKM01001311.1",8,148622
"OLKM01001314.1",8,148335
"OLKM01001316.1",8,148137
"OLKM01001319.1",8,147985
"OLKM01001325.1",8,147218
"OLKM01001349.1",8,144944
"OLKM01001358.1",8,144255
"OLKM01001410.1",8,138446
"OLKM01001426.1",8,136762
"OLKM01001427.1",8,136708
"OLKM01001454.1",8,134165
"OLKM01001456.1",8,133986
"OLKM01001464.1",8,133114
"OLKM01001471.1",8,132321
"OLKM01001483.1",8,131673
"OLKM01001500.1",8,129989
"OLKM01001540.1",8,125060
"OLKM01001553.1",8,123575
"OLKM01001561.1",8,122546
"OLKM01001580.1",8,120782
"OLKM01001582.1",8,120706
"OLKM01001592.1",8,120240
"OLKM01001636.1",8,117275
"OLKM01001655.1",8,116023
"OLKM01001670.1",8,114511
"OLKM01001681.1",8,113315
"OLKM01001689.1",8,112718
"OLKM01001696.1",8,112420
"OLKM01001732.1",8,109836
"OLKM01001740.1",8,109215
"OLKM01001743.1",8,109114
"OLKM01001762.1",8,107290
"OLKM01001771.1",8,106649
"OLKM01001789.1",8,105369
"OLKM01001823.1",8,103149
"OLKM01001838.1",8,101983
"OLKM01001855.1",8,100880
"OLKM01001867.1",8,100274
"OLKM01001895.1",8,97688
"OLKM01001896.1",8,97684
"OLKM01001908.1",8,96710
"OLKM01001911.1",8,96488
"OLKM01001988.1",8,91450
"OLKM01002024.1",8,89212
"OLKM01002032.1",8,88738
"OLKM01002056.1",8,87532
"OLKM01002074.1",8,86537
"OLKM01002127.1",8,83859
"OLKM01002135.1",8,83491
"OLKM01002144.1",8,83124
"OLKM01002166.1",8,81983
"OLKM01002198.1",8,79881
"OLKM01002206.1",8,79499
"OLKM01002215.1",8,79047
"OLKM01002248.1",8,77289
"OLKM01002257.1",8,76696
"OLKM01002266.1",8,76402
"OLKM01002275.1",8,76019
"OLKM01002276.1",8,75997
"OLKM01002286.1",8,75568
"OLKM01002308.1",8,74664
"OLKM01002325.1",8,74195
"OLKM01002331.1",8,73893
"OLKM01002365.1",8,72343
"OLKM01002393.1",8,70993
"OLKM01002432.1",8,69467
"OLKM01002451.1",8,68602
"OLKM01002469.1",8,67819
"OLKM01002474.1",8,67445
"OLKM01002495.1",8,66745
"OLKM01002512.1",8,65986
"OLKM01002536.1",8,65040
"OLKM01002550.1",8,64484
"OLKM01002563.1",8,64041
"OLKM01002564.1",8,63950
"OLKM01002576.1",8,63296
"OLKM01002601.1",8,61929
"OLKM01002617.1",8,61390
"OLKM01002628.1",8,60952
"OLKM01002644.1",8,60214
"OLKM01002673.1",8,58796
"OLKM01002707.1",8,57309
"OLKM01002748.1",8,56056
"OLKM01002751.1",8,55978
"OLKM01002756.1",8,55792
"OLKM01002775.1",8,55113
"OLKM01002780.1",8,54987
"OLKM01002786.1",8,54794
"OLKM01002800.1",8,54409
"OLKM01002823.1",8,53409
"OLKM01002858.1",8,52058
"OLKM01002861.1",8,51933
"OLKM01002870.1",8,51644
"OLKM01002885.1",8,51294
"OLKM01003007.1",8,47128
"OLKM01003025.1",8,46514
"OLKM01003039.1",8,46117
"OLKM01003042.1",8,46022
"OLKM01003070.1",8,45115
"OLKM01003092.1",8,44384
"OLKM01003146.1",8,42868
"OLKM01003180.1",8,42107
"OLKM01003181.1",8,42087
"OLKM01003182.1",8,42054
"OLKM01003208.1",8,41273
"OLKM01003241.1",8,40401
"OLKM01003346.1",8,38340
"OLKM01003380.1",8,37622
"OLKM01003395.1",8,37302
"OLKM01003396.1",8,37272
"OLKM01003403.1",8,37152
"OLKM01003411.1",8,36998
"OLKM01003427.1",8,36673
"OLKM01003472.1",8,35767
"OLKM01003483.1",8,35500
"OLKM01003497.1",8,35230
"OLKM01003509.1",8,34989
"OLKM01003520.1",8,34804
"OLKM01003553.1",8,34137
"OLKM01003620.1",8,33134
"OLKM01003635.1",8,32830
"OLKM01003705.1",8,31688
"OLKM01003779.1",8,30083
"OLKM01003797.1",8,29819
"OLKM01003817.1",8,29465
"OLKM01003840.1",8,29059
"OLKM01004011.1",8,26549
"OLKM01004161.1",8,24743
"OLKM01004276.1",8,23723
"OLKM01004336.1",8,23179
"OLKM01004342.1",8,23147
"OLKM01004375.1",8,22870
"OLKM01004422.1",8,22551
"OLKM01004432.1",8,22474
"OLKM01004491.1",8,22000
"OLKM01004509.1",8,21897
"OLKM01004528.1",8,21784
"OLKM01004533.1",8,21732
"OLKM01004537.1",8,21707
"OLKM01004634.1",8,20997
"OLKM01004639.1",8,20939
"OLKM01004803.1",8,19981
"OLKM01004914.1",8,19334
"OLKM01004924.1",8,19304
"OLKM01004927.1",8,19290
"OLKM01004967.1",8,19108
"OLKM01005029.1",8,18828
"OLKM01005065.1",8,18631
"OLKM01005087.1",8,18521
"OLKM01005294.1",8,17665
"OLKM01005330.1",8,17527
"OLKM01005338.1",8,17499
"OLKM01005435.1",8,17174
"OLKM01005513.1",8,16908
"OLKM01005538.1",8,16831
"OLKM01005541.1",8,16822
"OLKM01005623.1",8,16551
"OLKM01005633.1",8,16526
"OLKM01005800.1",8,15902
"OLKM01005867.1",8,15725
"OLKM01005919.1",8,15583
"OLKM01005937.1",8,15521
"OLKM01006078.1",8,15164
"OLKM01006084.1",8,15161
"OLKM01006261.1",8,14700
"OLKM01006309.1",8,14603
"OLKM01006419.1",8,14326
"OLKM01006483.1",8,14154
"OLKM01006559.1",8,13941
"OLKM01006620.1",8,13815
"OLKM01006823.1",8,13319
"OLKM01006897.1",8,13138
"OLKM01007055.1",8,12740
"OLKM01007097.1",8,12629
"OLKM01007188.1",8,12403
"OLKM01007223.1",8,12307
"OLKM01007334.1",8,12034
"OLKM01007338.1",8,12016
"OLKM01007363.1",8,11979
"OLKM01007478.1",8,11717
"OLKM01007589.1",8,11372
"OLKM01007767.1",8,10859
"OLKM01007808.1",8,10742
"OLKM01007822.1",8,10712
"OLKM01007943.1",8,10304
"OLKM01000404.1",7,328811
"OLKM01000488.1",7,295995
"OLKM01000580.1",7,271076
"OLKM01000617.1",7,257781
"OLKM01000641.1",7,253433
"OLKM01000651.1",7,250679
"OLKM01000703.1",7,238350
"OLKM01000791.1",7,222088
"OLKM01000794.1",7,221692
"OLKM01000819.1",7,217478
"OLKM01000931.1",7,199804
"OLKM01001047.1",7,179801
"OLKM01001098.1",7,172859
"OLKM01001127.1",7,169076
"OLKM01001136.1",7,168329
"OLKM01001166.1",7,165265
"OLKM01001168.1",7,165103
"OLKM01001179.1",7,163617
"OLKM01001222.1",7,159103
"OLKM01001297.1",7,149658
"OLKM01001335.1",7,146117
"OLKM01001346.1",7,145206
"OLKM01001354.1",7,144429
"OLKM01001367.1",7,142095
"OLKM01001371.1",7,141710
"OLKM01001396.1",7,139668
"OLKM01001434.1",7,136068
"OLKM01001488.1",7,131487
"OLKM01001491.1",7,131256
"OLKM01001494.1",7,130735
"OLKM01001497.1",7,130442
"OLKM01001509.1",7,128167
"OLKM01001514.1",7,127927
"OLKM01001519.1",7,127487
"OLKM01001525.1",7,127139
"OLKM01001537.1",7,125549
"OLKM01001568.1",7,121692
"OLKM01001605.1",7,119480
"OLKM01001614.1",7,118789
"OLKM01001623.1",7,118428
"OLKM01001694.1",7,112484
"OLKM01001700.1",7,112262
"OLKM01001718.1",7,111010
"OLKM01001729.1",7,110332
"OLKM01001760.1",7,107506
"OLKM01001784.1",7,105640
"OLKM01001792.1",7,105022
"OLKM01001806.1",7,104156
"OLKM01001821.1",7,103232
"OLKM01001830.1",7,102507
"OLKM01001839.1",7,101816
"OLKM01001853.1",7,100966
"OLKM01001868.1",7,100249
"OLKM01001869.1",7,100205
"OLKM01001879.1",7,99298
"OLKM01001894.1",7,97768
"OLKM01001898.1",7,97662
"OLKM01001904.1",7,97258
"OLKM01001912.1",7,96422
"OLKM01001960.1",7,92786
"OLKM01001974.1",7,92252
"OLKM01001982.1",7,91760
"OLKM01002006.1",7,90104
"OLKM01002014.1",7,89819
"OLKM01002026.1",7,89189
"OLKM01002027.1",7,89048
"OLKM01002054.1",7,87637
"OLKM01002078.1",7,86195
"OLKM01002086.1",7,85942
"OLKM01002088.1",7,85910
"OLKM01002109.1",7,84674
"OLKM01002124.1",7,84060
"OLKM01002128.1",7,83851
"OLKM01002141.1",7,83245
"OLKM01002167.1",7,81957
"OLKM01002175.1",7,81351
"OLKM01002186.1",7,80626
"OLKM01002189.1",7,80312
"OLKM01002190.1",7,80298
"OLKM01002194.1",7,80051
"OLKM01002231.1",7,78172
"OLKM01002241.1",7,77677
"OLKM01002245.1",7,77495
"OLKM01002250.1",7,77228
"OLKM01002278.1",7,75949
"OLKM01002282.1",7,75677
"OLKM01002292.1",7,75317
"OLKM01002295.1",7,75143
"OLKM01002303.1",7,74858
"OLKM01002304.1",7,74782
"OLKM01002307.1",7,74687
"OLKM01002312.1",7,74496
"OLKM01002332.1",7,73755
"OLKM01002378.1",7,71611
"OLKM01002388.1",7,71160
"OLKM01002391.1",7,71028
"OLKM01002404.1",7,70681
"OLKM01002421.1",7,69905
"OLKM01002425.1",7,69778
"OLKM01002455.1",7,68339
"OLKM01002466.1",7,67960
"OLKM01002485.1",7,66990
"OLKM01002505.1",7,66394
"OLKM01002522.1",7,65494
"OLKM01002528.1",7,65187
"OLKM01002532.1",7,65146
"OLKM01002551.1",7,64465
"OLKM01002589.1",7,62553
"OLKM01002598.1",7,62031
"OLKM01002600.1",7,61986
"OLKM01002622.1",7,61201
"OLKM01002626.1",7,61036
"OLKM01002637.1",7,60589
"OLKM01002660.1",7,59326
"OLKM01002662.1",7,59265
"OLKM01002680.1",7,58297
"OLKM01002692.1",7,57849
"OLKM01002712.1",7,57135
"OLKM01002730.1",7,56547
"OLKM01002749.1",7,56038
"OLKM01002768.1",7,55291
"OLKM01002810.1",7,53977
"OLKM01002819.1",7,53607
"OLKM01002849.1",7,52433
"OLKM01002857.1",7,52085
"OLKM01002859.1",7,52049
"OLKM01002886.1",7,51277
"OLKM01002900.1",7,50715
"OLKM01002945.1",7,48907
"OLKM01002949.1",7,48845
"OLKM01002950.1",7,48831
"OLKM01002954.1",7,48620
"OLKM01002971.1",7,47844
"OLKM01002974.1",7,47777
"OLKM01002989.1",7,47461
"OLKM01003013.1",7,46965
"OLKM01003073.1",7,45035
"OLKM01003121.1",7,43540
"OLKM01003150.1",7,42733
"OLKM01003152.1",7,42720
"OLKM01003157.1",7,42692
"OLKM01003163.1",7,42509
"OLKM01003201.1",7,41482
"OLKM01003243.1",7,40353
"OLKM01003244.1",7,40334
"OLKM01003257.1",7,39984
"OLKM01003272.1",7,39735
"OLKM01003351.1",7,38282
"OLKM01003357.1",7,38049
"OLKM01003372.1",7,37742
"OLKM01003373.1",7,37733
"OLKM01003410.1",7,37004
"OLKM01003460.1",7,36066
"OLKM01003486.1",7,35469
"OLKM01003495.1",7,35240
"OLKM01003511.1",7,34981
"OLKM01003515.1",7,34933
"OLKM01003535.1",7,34477
"OLKM01003536.1",7,34444
"OLKM01003541.1",7,34312
"OLKM01003543.1",7,34273
"OLKM01003544.1",7,34270
"OLKM01003596.1",7,33522
"OLKM01003667.1",7,32388
"OLKM01003766.1",7,30292
"OLKM01003790.1",7,29944
"OLKM01003792.1",7,29883
"OLKM01003806.1",7,29634
"OLKM01003820.1",7,29375
"OLKM01003834.1",7,29138
"OLKM01003873.1",7,28620
"OLKM01003896.1",7,28236
"OLKM01003912.1",7,27905
"OLKM01003950.1",7,27402
"OLKM01004001.1",7,26667
"OLKM01004016.1",7,26496
"OLKM01004029.1",7,26330
"OLKM01004075.1",7,25777
"OLKM01004176.1",7,24568
"OLKM01004198.1",7,24344
"OLKM01004223.1",7,24192
"OLKM01004254.1",7,23931
"OLKM01004259.1",7,23884
"OLKM01004334.1",7,23187
"OLKM01004343.1",7,23147
"OLKM01004351.1",7,23081
"OLKM01004363.1",7,22951
"OLKM01004394.1",7,22738
"OLKM01004412.1",7,22620
"OLKM01004427.1",7,22500
"OLKM01004462.1",7,22234
"OLKM01004466.1",7,22212
"OLKM01004518.1",7,21844
"OLKM01004560.1",7,21589
"OLKM01004667.1",7,20756
"OLKM01004748.1",7,20257
"OLKM01004789.1",7,20061
"OLKM01004983.1",7,19031
"OLKM01005116.1",7,18352
"OLKM01005153.1",7,18226
"OLKM01005207.1",7,18009
"OLKM01005229.1",7,17906
"OLKM01005293.1",7,17667
"OLKM01005369.1",7,17403
"OLKM01005381.1",7,17356
"OLKM01005406.1",7,17266
"OLKM01005414.1",7,17253
"OLKM01005430.1",7,17194
"OLKM01005586.1",7,16682
"OLKM01005629.1",7,16545
"OLKM01005637.1",7,16507
"OLKM01005727.1",7,16093
"OLKM01005761.1",7,16003
"OLKM01005820.1",7,15844
"OLKM01005968.1",7,15424
"OLKM01005979.1",7,15399
"OLKM01006137.1",7,15031
"OLKM01006167.1",7,14959
"OLKM01006197.1",7,14881
"OLKM01006207.1",7,14847
"OLKM01006212.1",7,14834
"OLKM01006267.1",7,14684
"OLKM01006321.1",7,14582
"OLKM01006324.1",7,14574
"OLKM01006341.1",7,14518
"OLKM01006363.1",7,14465
"OLKM01006401.1",7,14372
"OLKM01006611.1",7,13830
"OLKM01006619.1",7,13817
"OLKM01006635.1",7,13763
"OLKM01006732.1",7,13530
"OLKM01006836.1",7,13290
"OLKM01006892.1",7,13151
"OLKM01007042.1",7,12776
"OLKM01007089.1",7,12661
"OLKM01007192.1",7,12395
"OLKM01007273.1",7,12157
"OLKM01007333.1",7,12040
"OLKM01007351.1",7,12002
"OLKM01007402.1",7,11897
"OLKM01007500.1",7,11674
"OLKM01007597.1",7,11353
"OLKM01007657.1",7,11182
"OLKM01007666.1",7,11158
"OLKM01007694.1",7,11044
"OLKM01007720.1",7,10981
"OLKM01007799.1",7,10766
"OLKM01007885.1",7,10503
"OLKM01007892.1",7,10483
"OLKM01008014.1",7,10040
"OLKM01008042.1",7,9939
"OLKM01008057.1",7,9730
"OLKM01008058.1",7,9727
"OLKM01008087.1",7,9098
"OLKM01008151.1",7,7736
"OLKM01000444.1",6,310217
"OLKM01000553.1",6,279828
"OLKM01000571.1",6,275371
"OLKM01000592.1",6,266533
"OLKM01000987.1",6,189820
"OLKM01001002.1",6,186997
"OLKM01001056.1",6,178393
"OLKM01001077.1",6,176159
"OLKM01001093.1",6,173103
"OLKM01001095.1",6,173059
"OLKM01001097.1",6,172958
"OLKM01001107.1",6,172151
"OLKM01001108.1",6,171965
"OLKM01001130.1",6,168740
"OLKM01001133.1",6,168583
"OLKM01001137.1",6,168150
"OLKM01001172.1",6,164685
"OLKM01001180.1",6,163516
"OLKM01001188.1",6,162791
"OLKM01001200.1",6,161365
"OLKM01001203.1",6,161116
"OLKM01001247.1",6,155351
"OLKM01001287.1",6,150179
"OLKM01001313.1",6,148335
"OLKM01001330.1",6,146947
"OLKM01001340.1",6,145525
"OLKM01001353.1",6,144617
"OLKM01001379.1",6,141037
"OLKM01001397.1",6,139659
"OLKM01001403.1",6,139138
"OLKM01001418.1",6,137516
"OLKM01001506.1",6,128364
"OLKM01001511.1",6,128136
"OLKM01001516.1",6,127799
"OLKM01001521.1",6,127346
"OLKM01001562.1",6,122403
"OLKM01001566.1",6,122063
"OLKM01001601.1",6,119709
"OLKM01001602.1",6,119591
"OLKM01001633.1",6,117420
"OLKM01001644.1",6,116680
"OLKM01001649.1",6,116419
"OLKM01001685.1",6,113143
"OLKM01001697.1",6,112391
"OLKM01001717.1",6,111013
"OLKM01001728.1",6,110358
"OLKM01001736.1",6,109671
"OLKM01001748.1",6,108802
"OLKM01001758.1",6,107802
"OLKM01001774.1",6,106371
"OLKM01001783.1",6,105807
"OLKM01001793.1",6,104960
"OLKM01001799.1",6,104749
"OLKM01001816.1",6,103468
"OLKM01001851.1",6,101049
"OLKM01001864.1",6,100453
"OLKM01001871.1",6,100003
"OLKM01001887.1",6,98519
"OLKM01001889.1",6,98387
"OLKM01001899.1",6,97655
"OLKM01001925.1",6,95333
"OLKM01001934.1",6,94944
"OLKM01001941.1",6,94552
"OLKM01001949.1",6,93792
"OLKM01001952.1",6,93550
"OLKM01001972.1",6,92327
"OLKM01002001.1",6,90621
"OLKM01002038.1",6,88636
"OLKM01002047.1",6,88102
"OLKM01002072.1",6,86569
"OLKM01002079.1",6,86122
"OLKM01002081.1",6,86103
"OLKM01002082.1",6,86062
"OLKM01002093.1",6,85551
"OLKM01002094.1",6,85525
"OLKM01002098.1",6,85402
"OLKM01002115.1",6,84409
"OLKM01002121.1",6,84151
"OLKM01002122.1",6,84136
"OLKM01002123.1",6,84065
"OLKM01002150.1",6,82861
"OLKM01002155.1",6,82650
"OLKM01002180.1",6,80903
"OLKM01002183.1",6,80683
"OLKM01002188.1",6,80520
"OLKM01002216.1",6,79037
"OLKM01002220.1",6,78755
"OLKM01002235.1",6,77936
"OLKM01002264.1",6,76448
"OLKM01002265.1",6,76447
"OLKM01002268.1",6,76313
"OLKM01002305.1",6,74780
"OLKM01002334.1",6,73662
"OLKM01002340.1",6,73415
"OLKM01002342.1",6,73378
"OLKM01002369.1",6,72162
"OLKM01002377.1",6,71622
"OLKM01002428.1",6,69609
"OLKM01002431.1",6,69471
"OLKM01002436.1",6,69352
"OLKM01002439.1",6,68888
"OLKM01002449.1",6,68664
"OLKM01002463.1",6,68110
"OLKM01002471.1",6,67676
"OLKM01002490.1",6,66909
"OLKM01002491.1",6,66877
"OLKM01002497.1",6,66669
"OLKM01002499.1",6,66592
"OLKM01002506.1",6,66394
"OLKM01002552.1",6,64450
"OLKM01002582.1",6,62907
"OLKM01002584.1",6,62821
"OLKM01002587.1",6,62692
"OLKM01002588.1",6,62591
"OLKM01002606.1",6,61805
"OLKM01002638.1",6,60424
"OLKM01002641.1",6,60286
"OLKM01002647.1",6,60041
"OLKM01002650.1",6,59876
"OLKM01002659.1",6,59400
"OLKM01002665.1",6,59169
"OLKM01002669.1",6,59022
"OLKM01002676.1",6,58574
"OLKM01002678.1",6,58480
"OLKM01002690.1",6,57875
"OLKM01002724.1",6,56726
"OLKM01002733.1",6,56470
"OLKM01002734.1",6,56434
"OLKM01002744.1",6,56166
"OLKM01002760.1",6,55670
"OLKM01002761.1",6,55654
"OLKM01002788.1",6,54714
"OLKM01002789.1",6,54693
"OLKM01002798.1",6,54445
"OLKM01002808.1",6,53999
"OLKM01002812.1",6,53879
"OLKM01002828.1",6,53257
"OLKM01002835.1",6,53045
"OLKM01002836.1",6,52943
"OLKM01002847.1",6,52511
"OLKM01002879.1",6,51416
"OLKM01002883.1",6,51308
"OLKM01002889.1",6,51123
"OLKM01002911.1",6,50331
"OLKM01002920.1",6,49968
"OLKM01002922.1",6,49936
"OLKM01002923.1",6,49934
"OLKM01002924.1",6,49897
"OLKM01002953.1",6,48640
"OLKM01002956.1",6,48611
"OLKM01002978.1",6,47670
"OLKM01002980.1",6,47555
"OLKM01002988.1",6,47472
"OLKM01002996.1",6,47384
"OLKM01003010.1",6,47095
"OLKM01003019.1",6,46592
"OLKM01003029.1",6,46411
"OLKM01003062.1",6,45347
"OLKM01003072.1",6,45051
"OLKM01003088.1",6,44462
"OLKM01003101.1",6,44160
"OLKM01003107.1",6,43906
"OLKM01003113.1",6,43730
"OLKM01003123.1",6,43478
"OLKM01003126.1",6,43448
"OLKM01003151.1",6,42721
"OLKM01003160.1",6,42666
"OLKM01003170.1",6,42327
"OLKM01003242.1",6,40381
"OLKM01003256.1",6,40025
"OLKM01003259.1",6,39974
"OLKM01003288.1",6,39473
"OLKM01003343.1",6,38382
"OLKM01003382.1",6,37580
"OLKM01003397.1",6,37270
"OLKM01003417.1",6,36865
"OLKM01003435.1",6,36588
"OLKM01003487.1",6,35448
"OLKM01003490.1",6,35353
"OLKM01003523.1",6,34746
"OLKM01003528.1",6,34654
"OLKM01003545.1",6,34264
"OLKM01003580.1",6,33705
"OLKM01003613.1",6,33234
"OLKM01003654.1",6,32578
"OLKM01003665.1",6,32406
"OLKM01003706.1",6,31688
"OLKM01003826.1",6,29261
"OLKM01003835.1",6,29120
"OLKM01003846.1",6,28975
"OLKM01003847.1",6,28975
"OLKM01003865.1",6,28784
"OLKM01003906.1",6,27990
"OLKM01003926.1",6,27710
"OLKM01003951.1",6,27386
"OLKM01003961.1",6,27269
"OLKM01003975.1",6,27069
"OLKM01003977.1",6,27022
"OLKM01004008.1",6,26606
"OLKM01004020.1",6,26463
"OLKM01004045.1",6,26118
"OLKM01004052.1",6,26062
"OLKM01004055.1",6,26021
"OLKM01004090.1",6,25583
"OLKM01004102.1",6,25433
"OLKM01004106.1",6,25377
"OLKM01004116.1",6,25266
"OLKM01004117.1",6,25264
"OLKM01004127.1",6,25122
"OLKM01004150.1",6,24842
"OLKM01004152.1",6,24838
"OLKM01004155.1",6,24801
"OLKM01004168.1",6,24662
"OLKM01004212.1",6,24246
"OLKM01004230.1",6,24127
"OLKM01004270.1",6,23787
"OLKM01004299.1",6,23550
"OLKM01004319.1",6,23340
"OLKM01004358.1",6,23031
"OLKM01004362.1",6,22997
"OLKM01004446.1",6,22370
"OLKM01004559.1",6,21594
"OLKM01004578.1",6,21485
"OLKM01004596.1",6,21318
"OLKM01004682.1",6,20658
"OLKM01004703.1",6,20525
"OLKM01004705.1",6,20523
"OLKM01004715.1",6,20466
"OLKM01004721.1",6,20428
"OLKM01004763.1",6,20214
"OLKM01004796.1",6,20021
"OLKM01004828.1",6,19819
"OLKM01004830.1",6,19812
"OLKM01004984.1",6,19029
"OLKM01004996.1",6,18975
"OLKM01005031.1",6,18809
"OLKM01005049.1",6,18708
"OLKM01005081.1",6,18555
"OLKM01005117.1",6,18351
"OLKM01005165.1",6,18185
"OLKM01005211.1",6,17986
"OLKM01005220.1",6,17944
"OLKM01005255.1",6,17816
"OLKM01005276.1",6,17736
"OLKM01005296.1",6,17660
"OLKM01005375.1",6,17377
"OLKM01005527.1",6,16868
"OLKM01005592.1",6,16644
"OLKM01005616.1",6,16572
"OLKM01005617.1",6,16571
"OLKM01005647.1",6,16452
"OLKM01005696.1",6,16216
"OLKM01005776.1",6,15951
"OLKM01005777.1",6,15949
"OLKM01005794.1",6,15912
"OLKM01005874.1",6,15705
"OLKM01005906.1",6,15625
"OLKM01005917.1",6,15597
"OLKM01005988.1",6,15377
"OLKM01006039.1",6,15257
"OLKM01006066.1",6,15191
"OLKM01006067.1",6,15185
"OLKM01006098.1",6,15118
"OLKM01006100.1",6,15113
"OLKM01006206.1",6,14847
"OLKM01006292.1",6,14640
"OLKM01006317.1",6,14585
"OLKM01006347.1",6,14504
"OLKM01006353.1",6,14494
"OLKM01006429.1",6,14309
"OLKM01006459.1",6,14205
"OLKM01006579.1",6,13897
"OLKM01006693.1",6,13620
"OLKM01006814.1",6,13351
"OLKM01006881.1",6,13179
"OLKM01006952.1",6,13027
"OLKM01006989.1",6,12913
"OLKM01007008.1",6,12873
"OLKM01007065.1",6,12711
"OLKM01007151.1",6,12498
"OLKM01007155.1",6,12486
"OLKM01007251.1",6,12226
"OLKM01007314.1",6,12067
"OLKM01007325.1",6,12046
"OLKM01007403.1",6,11894
"OLKM01007446.1",6,11802
"OLKM01007494.1",6,11692
"OLKM01007530.1",6,11564
"OLKM01007622.1",6,11275
"OLKM01007624.1",6,11268
"OLKM01007646.1",6,11208
"OLKM01007653.1",6,11194
"OLKM01007867.1",6,10571
"OLKM01007874.1",6,10552
"OLKM01007972.1",6,10195
"OLKM01008054.1",6,9771
"OLKM01008143.1",6,7929
"OLKM01008251.1",6,4681
"OLKM01008281.1",6,4040
"OLKM01000331.1",5,359525
"OLKM01000516.1",5,288742
"OLKM01000577.1",5,273072
"OLKM01000581.1",5,270757
"OLKM01000611.1",5,260245
"OLKM01000678.1",5,245350
"OLKM01000690.1",5,242481
"OLKM01000861.1",5,211403
"OLKM01000862.1",5,211337
"OLKM01000904.1",5,205228
"OLKM01000922.1",5,201355
"OLKM01000935.1",5,199033
"OLKM01001030.1",5,182867
"OLKM01001072.1",5,176584
"OLKM01001123.1",5,169850
"OLKM01001151.1",5,167098
"OLKM01001187.1",5,162876
"OLKM01001218.1",5,159523
"OLKM01001293.1",5,149880
"OLKM01001328.1",5,147009
"OLKM01001369.1",5,141980
"OLKM01001414.1",5,137982
"OLKM01001443.1",5,135250
"OLKM01001489.1",5,131387
"OLKM01001501.1",5,129909
"OLKM01001515.1",5,127803
"OLKM01001520.1",5,127425
"OLKM01001524.1",5,127156
"OLKM01001575.1",5,121189
"OLKM01001584.1",5,120585
"OLKM01001600.1",5,119759
"OLKM01001657.1",5,115952
"OLKM01001663.1",5,115351
"OLKM01001666.1",5,115046
"OLKM01001680.1",5,113523
"OLKM01001699.1",5,112300
"OLKM01001707.1",5,111924
"OLKM01001720.1",5,110885
"OLKM01001721.1",5,110865
"OLKM01001725.1",5,110618
"OLKM01001726.1",5,110486
"OLKM01001731.1",5,109913
"OLKM01001750.1",5,108635
"OLKM01001769.1",5,106695
"OLKM01001775.1",5,106295
"OLKM01001797.1",5,104851
"OLKM01001804.1",5,104239
"OLKM01001807.1",5,104091
"OLKM01001820.1",5,103234
"OLKM01001828.1",5,102590
"OLKM01001835.1",5,102131
"OLKM01001872.1",5,99942
"OLKM01001877.1",5,99659
"OLKM01001882.1",5,99250
"OLKM01001886.1",5,98532
"OLKM01001905.1",5,97050
"OLKM01001910.1",5,96592
"OLKM01001929.1",5,95271
"OLKM01001940.1",5,94630
"OLKM01001943.1",5,94220
"OLKM01001948.1",5,93951
"OLKM01001950.1",5,93693
"OLKM01001973.1",5,92266
"OLKM01001976.1",5,92077
"OLKM01001992.1",5,91354
"OLKM01001999.1",5,90880
"OLKM01002015.1",5,89805
"OLKM01002020.1",5,89664
"OLKM01002022.1",5,89365
"OLKM01002023.1",5,89314
"OLKM01002025.1",5,89198
"OLKM01002044.1",5,88178
"OLKM01002080.1",5,86113
"OLKM01002090.1",5,85815
"OLKM01002112.1",5,84573
"OLKM01002114.1",5,84459
"OLKM01002149.1",5,82978
"OLKM01002156.1",5,82623
"OLKM01002164.1",5,82089
"OLKM01002179.1",5,80962
"OLKM01002181.1",5,80718
"OLKM01002192.1",5,80120
"OLKM01002196.1",5,80020
"OLKM01002287.1",5,75543
"OLKM01002290.1",5,75406
"OLKM01002291.1",5,75394
"OLKM01002299.1",5,74942
"OLKM01002306.1",5,74718
"OLKM01002314.1",5,74448
"OLKM01002324.1",5,74204
"OLKM01002352.1",5,72947
"OLKM01002362.1",5,72441
"OLKM01002368.1",5,72263
"OLKM01002370.1",5,72124
"OLKM01002392.1",5,71022
"OLKM01002395.1",5,70890
"OLKM01002400.1",5,70796
"OLKM01002401.1",5,70739
"OLKM01002402.1",5,70703
"OLKM01002411.1",5,70327
"OLKM01002418.1",5,69979
"OLKM01002426.1",5,69656
"OLKM01002448.1",5,68684
"OLKM01002481.1",5,67045
"OLKM01002503.1",5,66464
"OLKM01002508.1",5,66181
"OLKM01002513.1",5,65831
"OLKM01002514.1",5,65819
"OLKM01002515.1",5,65729
"OLKM01002520.1",5,65511
"OLKM01002554.1",5,64378
"OLKM01002555.1",5,64280
"OLKM01002586.1",5,62726
"OLKM01002595.1",5,62083
"OLKM01002607.1",5,61757
"OLKM01002609.1",5,61741
"OLKM01002615.1",5,61514
"OLKM01002620.1",5,61214
"OLKM01002635.1",5,60635
"OLKM01002668.1",5,59063
"OLKM01002675.1",5,58603
"OLKM01002701.1",5,57560
"OLKM01002721.1",5,56802
"OLKM01002746.1",5,56121
"OLKM01002750.1",5,55985
"OLKM01002754.1",5,55872
"OLKM01002813.1",5,53791
"OLKM01002831.1",5,53233
"OLKM01002832.1",5,53200
"OLKM01002842.1",5,52787
"OLKM01002855.1",5,52116
"OLKM01002902.1",5,50624
"OLKM01002909.1",5,50389
"OLKM01002914.1",5,50281
"OLKM01002921.1",5,49940
"OLKM01002960.1",5,48430
"OLKM01002965.1",5,48007
"OLKM01002966.1",5,47923
"OLKM01002981.1",5,47552
"OLKM01003000.1",5,47262
"OLKM01003018.1",5,46690
"OLKM01003021.1",5,46548
"OLKM01003037.1",5,46199
"OLKM01003045.1",5,45938
"OLKM01003046.1",5,45933
"OLKM01003095.1",5,44327
"OLKM01003096.1",5,44310
"OLKM01003097.1",5,44308
"OLKM01003114.1",5,43729
"OLKM01003118.1",5,43570
"OLKM01003130.1",5,43228
"OLKM01003133.1",5,43130
"OLKM01003148.1",5,42757
"OLKM01003153.1",5,42716
"OLKM01003167.1",5,42431
"OLKM01003173.1",5,42281
"OLKM01003187.1",5,42015
"OLKM01003188.1",5,41871
"OLKM01003195.1",5,41800
"OLKM01003202.1",5,41467
"OLKM01003211.1",5,41225
"OLKM01003216.1",5,41038
"OLKM01003221.1",5,40968
"OLKM01003253.1",5,40068
"OLKM01003273.1",5,39735
"OLKM01003274.1",5,39725
"OLKM01003293.1",5,39318
"OLKM01003320.1",5,38734
"OLKM01003337.1",5,38431
"OLKM01003364.1",5,37921
"OLKM01003368.1",5,37817
"OLKM01003376.1",5,37700
"OLKM01003378.1",5,37636
"OLKM01003387.1",5,37490
"OLKM01003401.1",5,37178
"OLKM01003423.1",5,36698
"OLKM01003432.1",5,36628
"OLKM01003438.1",5,36532
"OLKM01003446.1",5,36336
"OLKM01003454.1",5,36192
"OLKM01003474.1",5,35714
"OLKM01003485.1",5,35476
"OLKM01003491.1",5,35296
"OLKM01003517.1",5,34879
"OLKM01003551.1",5,34194
"OLKM01003603.1",5,33347
"OLKM01003617.1",5,33168
"OLKM01003625.1",5,33051
"OLKM01003641.1",5,32776
"OLKM01003650.1",5,32662
"OLKM01003651.1",5,32612
"OLKM01003698.1",5,31810
"OLKM01003758.1",5,30457
"OLKM01003787.1",5,29993
"OLKM01003789.1",5,29950
"OLKM01003796.1",5,29822
"OLKM01003821.1",5,29343
"OLKM01003878.1",5,28494
"OLKM01003898.1",5,28202
"OLKM01003900.1",5,28143
"OLKM01003907.1",5,27984
"OLKM01003923.1",5,27776
"OLKM01003934.1",5,27592
"OLKM01003952.1",5,27354
"OLKM01003958.1",5,27311
"OLKM01003969.1",5,27110
"OLKM01003998.1",5,26694
"OLKM01004005.1",5,26638
"OLKM01004033.1",5,26319
"OLKM01004133.1",5,25046
"OLKM01004134.1",5,25033
"OLKM01004154.1",5,24804
"OLKM01004177.1",5,24548
"OLKM01004267.1",5,23846
"OLKM01004282.1",5,23660
"OLKM01004296.1",5,23581
"OLKM01004304.1",5,23529
"OLKM01004312.1",5,23412
"OLKM01004348.1",5,23090
"OLKM01004378.1",5,22851
"OLKM01004381.1",5,22841
"OLKM01004430.1",5,22482
"OLKM01004460.1",5,22237
"OLKM01004495.1",5,21991
"OLKM01004503.1",5,21932
"OLKM01004512.1",5,21877
"OLKM01004536.1",5,21727
"OLKM01004561.1",5,21587
"OLKM01004575.1",5,21491
"OLKM01004583.1",5,21415
"OLKM01004585.1",5,21391
"OLKM01004621.1",5,21097
"OLKM01004624.1",5,21085
"OLKM01004644.1",5,20920
"OLKM01004698.1",5,20544
"OLKM01004722.1",5,20415
"OLKM01004768.1",5,20200
"OLKM01004786.1",5,20079
"OLKM01004806.1",5,19957
"OLKM01004829.1",5,19816
"OLKM01004856.1",5,19596
"OLKM01004863.1",5,19572
"OLKM01004879.1",5,19475
"OLKM01004934.1",5,19258
"OLKM01004960.1",5,19130
"OLKM01004968.1",5,19106
"OLKM01005015.1",5,18903
"OLKM01005016.1",5,18895
"OLKM01005022.1",5,18867
"OLKM01005055.1",5,18692
"OLKM01005080.1",5,18555
"OLKM01005187.1",5,18097
"OLKM01005422.1",5,17220
"OLKM01005497.1",5,16960
"OLKM01005525.1",5,16871
"OLKM01005579.1",5,16709
"OLKM01005593.1",5,16644
"OLKM01005631.1",5,16531
"OLKM01005641.1",5,16485
"OLKM01005684.1",5,16266
"OLKM01005701.1",5,16177
"OLKM01005704.1",5,16173
"OLKM01005772.1",5,15966
"OLKM01005779.1",5,15941
"OLKM01005782.1",5,15931
"OLKM01005783.1",5,15931
"OLKM01005812.1",5,15866
"OLKM01005819.1",5,15845
"OLKM01005838.1",5,15804
"OLKM01005842.1",5,15791
"OLKM01005853.1",5,15752
"OLKM01005881.1",5,15681
"OLKM01005900.1",5,15633
"OLKM01005903.1",5,15629
"OLKM01005989.1",5,15375
"OLKM01005990.1",5,15372
"OLKM01005998.1",5,15346
"OLKM01005999.1",5,15346
"OLKM01006093.1",5,15137
"OLKM01006204.1",5,14858
"OLKM01006254.1",5,14721
"OLKM01006265.1",5,14690
"OLKM01006330.1",5,14550
"OLKM01006334.1",5,14535
"OLKM01006366.1",5,14458
"OLKM01006383.1",5,14426
"OLKM01006404.1",5,14370
"OLKM01006438.1",5,14281
"OLKM01006481.1",5,14156
"OLKM01006502.1",5,14090
"OLKM01006530.1",5,14021
"OLKM01006549.1",5,13964
"OLKM01006555.1",5,13951
"OLKM01006580.1",5,13896
"OLKM01006597.1",5,13860
"OLKM01006676.1",5,13652
"OLKM01006711.1",5,13578
"OLKM01006719.1",5,13557
"OLKM01006754.1",5,13487
"OLKM01006755.1",5,13486
"OLKM01006827.1",5,13305
"OLKM01006883.1",5,13172
"OLKM01006896.1",5,13140
"OLKM01006943.1",5,13038
"OLKM01006994.1",5,12904
"OLKM01007031.1",5,12808
"OLKM01007112.1",5,12605
"OLKM01007117.1",5,12595
"OLKM01007118.1",5,12590
"OLKM01007127.1",5,12560
"OLKM01007136.1",5,12539
"OLKM01007229.1",5,12282
"OLKM01007238.1",5,12245
"OLKM01007264.1",5,12174
"OLKM01007291.1",5,12115
"OLKM01007327.1",5,12045
"OLKM01007388.1",5,11914
"OLKM01007406.1",5,11886
"OLKM01007471.1",5,11738
"OLKM01007576.1",5,11400
"OLKM01007607.1",5,11313
"OLKM01007635.1",5,11252
"OLKM01007645.1",5,11209
"OLKM01007702.1",5,11020
"OLKM01007714.1",5,10997
"OLKM01007726.1",5,10965
"OLKM01007736.1",5,10935
"OLKM01007738.1",5,10920
"OLKM01007758.1",5,10881
"OLKM01007787.1",5,10802
"OLKM01007829.1",5,10690
"OLKM01007863.1",5,10573
"OLKM01007884.1",5,10505
"OLKM01007919.1",5,10387
"OLKM01007956.1",5,10245
"OLKM01008105.1",5,8737
"OLKM01008112.1",5,8561
"OLKM01008230.1",5,5130
"OLKM01000543.1",4,281716
"OLKM01000557.1",4,278988
"OLKM01000572.1",4,275101
"OLKM01000589.1",4,267339
"OLKM01000688.1",4,242535
"OLKM01000698.1",4,240175
"OLKM01000764.1",4,227385
"OLKM01000889.1",4,208131
"OLKM01000941.1",4,197745
"OLKM01000952.1",4,194976
"OLKM01001046.1",4,179826
"OLKM01001054.1",4,178744
"OLKM01001055.1",4,178472
"OLKM01001114.1",4,171160
"OLKM01001157.1",4,166500
"OLKM01001190.1",4,162634
"OLKM01001201.1",4,161358
"OLKM01001227.1",4,158581
"OLKM01001230.1",4,157441
"OLKM01001281.1",4,150799
"OLKM01001301.1",4,149403
"OLKM01001305.1",4,149046
"OLKM01001386.1",4,140632
"OLKM01001433.1",4,136178
"OLKM01001448.1",4,134936
"OLKM01001547.1",4,124503
"OLKM01001554.1",4,123508
"OLKM01001569.1",4,121588
"OLKM01001591.1",4,120350
"OLKM01001597.1",4,119949
"OLKM01001603.1",4,119585
"OLKM01001604.1",4,119562
"OLKM01001608.1",4,119446
"OLKM01001625.1",4,118322
"OLKM01001643.1",4,116921
"OLKM01001669.1",4,114531
"OLKM01001672.1",4,114397
"OLKM01001705.1",4,111989
"OLKM01001713.1",4,111486
"OLKM01001733.1",4,109811
"OLKM01001746.1",4,108929
"OLKM01001761.1",4,107475
"OLKM01001772.1",4,106506
"OLKM01001781.1",4,105920
"OLKM01001785.1",4,105628
"OLKM01001818.1",4,103330
"OLKM01001827.1",4,102893
"OLKM01001829.1",4,102510
"OLKM01001832.1",4,102262
"OLKM01001834.1",4,102174
"OLKM01001922.1",4,95524
"OLKM01001926.1",4,95310
"OLKM01001932.1",4,95125
"OLKM01001947.1",4,93967
"OLKM01001966.1",4,92501
"OLKM01001969.1",4,92370
"OLKM01001979.1",4,91914
"OLKM01001981.1",4,91785
"OLKM01001984.1",4,91646
"OLKM01001996.1",4,91039
"OLKM01002011.1",4,89866
"OLKM01002017.1",4,89740
"OLKM01002030.1",4,88811
"OLKM01002039.1",4,88518
"OLKM01002048.1",4,88032
"OLKM01002049.1",4,87956
"OLKM01002051.1",4,87847
"OLKM01002065.1",4,86954
"OLKM01002066.1",4,86908
"OLKM01002087.1",4,85917
"OLKM01002089.1",4,85850
"OLKM01002091.1",4,85650
"OLKM01002095.1",4,85501
"OLKM01002105.1",4,85178
"OLKM01002131.1",4,83633
"OLKM01002159.1",4,82483
"OLKM01002201.1",4,79767
"OLKM01002202.1",4,79736
"OLKM01002218.1",4,78857
"OLKM01002226.1",4,78469
"OLKM01002229.1",4,78255
"OLKM01002232.1",4,78114
"OLKM01002261.1",4,76602
"OLKM01002269.1",4,76300
"OLKM01002294.1",4,75249
"OLKM01002310.1",4,74574
"OLKM01002330.1",4,73931
"OLKM01002333.1",4,73668
"OLKM01002338.1",4,73507
"OLKM01002351.1",4,72953
"OLKM01002364.1",4,72412
"OLKM01002384.1",4,71342
"OLKM01002387.1",4,71172
"OLKM01002399.1",4,70805
"OLKM01002410.1",4,70335
"OLKM01002413.1",4,70277
"OLKM01002442.1",4,68854
"OLKM01002445.1",4,68754
"OLKM01002447.1",4,68720
"OLKM01002450.1",4,68656
"OLKM01002452.1",4,68438
"OLKM01002456.1",4,68274
"OLKM01002457.1",4,68269
"OLKM01002458.1",4,68232
"OLKM01002460.1",4,68224
"OLKM01002467.1",4,67944
"OLKM01002470.1",4,67717
"OLKM01002487.1",4,66988
"OLKM01002488.1",4,66973
"OLKM01002501.1",4,66519
"OLKM01002504.1",4,66435
"OLKM01002507.1",4,66351
"OLKM01002511.1",4,66043
"OLKM01002521.1",4,65506
"OLKM01002545.1",4,64800
"OLKM01002546.1",4,64724
"OLKM01002547.1",4,64694
"OLKM01002549.1",4,64491
"OLKM01002556.1",4,64279
"OLKM01002557.1",4,64271
"OLKM01002572.1",4,63533
"OLKM01002578.1",4,63240
"OLKM01002583.1",4,62905
"OLKM01002604.1",4,61862
"OLKM01002616.1",4,61407
"OLKM01002633.1",4,60703
"OLKM01002636.1",4,60600
"OLKM01002643.1",4,60226
"OLKM01002649.1",4,59910
"OLKM01002667.1",4,59077
"OLKM01002697.1",4,57711
"OLKM01002717.1",4,57007
"OLKM01002726.1",4,56694
"OLKM01002773.1",4,55206
"OLKM01002787.1",4,54727
"OLKM01002796.1",4,54539
"OLKM01002805.1",4,54105
"OLKM01002818.1",4,53627
"OLKM01002825.1",4,53339
"OLKM01002846.1",4,52602
"OLKM01002852.1",4,52237
"OLKM01002876.1",4,51507
"OLKM01002888.1",4,51198
"OLKM01002903.1",4,50622
"OLKM01002910.1",4,50350
"OLKM01002917.1",4,50158
"OLKM01002931.1",4,49618
"OLKM01002935.1",4,49404
"OLKM01002969.1",4,47911
"OLKM01002986.1",4,47489
"OLKM01002992.1",4,47446
"OLKM01003012.1",4,47048
"OLKM01003028.1",4,46425
"OLKM01003033.1",4,46324
"OLKM01003034.1",4,46301
"OLKM01003048.1",4,45869
"OLKM01003056.1",4,45577
"OLKM01003059.1",4,45455
"OLKM01003060.1",4,45400
"OLKM01003064.1",4,45294
"OLKM01003071.1",4,45053
"OLKM01003082.1",4,44616
"OLKM01003084.1",4,44562
"OLKM01003105.1",4,44014
"OLKM01003110.1",4,43778
"OLKM01003140.1",4,42983
"OLKM01003155.1",4,42701
"OLKM01003158.1",4,42682
"OLKM01003165.1",4,42452
"OLKM01003179.1",4,42112
"OLKM01003185.1",4,42018
"OLKM01003193.1",4,41819
"OLKM01003214.1",4,41070
"OLKM01003234.1",4,40750
"OLKM01003247.1",4,40251
"OLKM01003294.1",4,39276
"OLKM01003296.1",4,39251
"OLKM01003301.1",4,39169
"OLKM01003312.1",4,39010
"OLKM01003322.1",4,38690
"OLKM01003323.1",4,38684
"OLKM01003334.1",4,38576
"OLKM01003336.1",4,38559
"OLKM01003349.1",4,38307
"OLKM01003374.1",4,37711
"OLKM01003381.1",4,37595
"OLKM01003390.1",4,37422
"OLKM01003408.1",4,37058
"OLKM01003416.1",4,36958
"OLKM01003455.1",4,36173
"OLKM01003475.1",4,35704
"OLKM01003496.1",4,35235
"OLKM01003506.1",4,35074
"OLKM01003532.1",4,34640
"OLKM01003537.1",4,34435
"OLKM01003552.1",4,34174
"OLKM01003558.1",4,34020
"OLKM01003571.1",4,33888
"OLKM01003574.1",4,33833
"OLKM01003586.1",4,33633
"OLKM01003601.1",4,33452
"OLKM01003623.1",4,33062
"OLKM01003629.1",4,32937
"OLKM01003660.1",4,32498
"OLKM01003663.1",4,32435
"OLKM01003673.1",4,32310
"OLKM01003680.1",4,32226
"OLKM01003688.1",4,32058
"OLKM01003708.1",4,31647
"OLKM01003714.1",4,31540
"OLKM01003715.1",4,31481
"OLKM01003717.1",4,31437
"OLKM01003727.1",4,31258
"OLKM01003737.1",4,31054
"OLKM01003747.1",4,30790
"OLKM01003775.1",4,30162
"OLKM01003802.1",4,29752
"OLKM01003810.1",4,29578
"OLKM01003811.1",4,29566
"OLKM01003851.1",4,28910
"OLKM01003856.1",4,28842
"OLKM01003857.1",4,28840
"OLKM01003888.1",4,28310
"OLKM01003903.1",4,28011
"OLKM01003946.1",4,27465
"OLKM01003957.1",4,27316
"OLKM01003973.1",4,27078
"OLKM01003983.1",4,26841
"OLKM01004013.1",4,26513
"OLKM01004028.1",4,26394
"OLKM01004038.1",4,26263
"OLKM01004049.1",4,26083
"OLKM01004071.1",4,25832
"OLKM01004089.1",4,25586
"OLKM01004101.1",4,25454
"OLKM01004113.1",4,25292
"OLKM01004124.1",4,25157
"OLKM01004159.1",4,24764
"OLKM01004169.1",4,24646
"OLKM01004173.1",4,24610
"OLKM01004187.1",4,24435
"OLKM01004190.1",4,24386
"OLKM01004191.1",4,24382
"OLKM01004233.1",4,24118
"OLKM01004244.1",4,24001
"OLKM01004246.1",4,23984
"OLKM01004256.1",4,23909
"OLKM01004269.1",4,23811
"OLKM01004277.1",4,23701
"OLKM01004285.1",4,23653
"OLKM01004297.1",4,23575
"OLKM01004301.1",4,23539
"OLKM01004302.1",4,23537
"OLKM01004311.1",4,23414
"OLKM01004317.1",4,23353
"OLKM01004330.1",4,23220
"OLKM01004339.1",4,23172
"OLKM01004360.1",4,23008
"OLKM01004365.1",4,22933
"OLKM01004369.1",4,22916
"OLKM01004435.1",4,22456
"OLKM01004439.1",4,22420
"OLKM01004442.1",4,22392
"OLKM01004473.1",4,22163
"OLKM01004474.1",4,22158
"OLKM01004490.1",4,22004
"OLKM01004502.1",4,21932
"OLKM01004507.1",4,21902
"OLKM01004522.1",4,21812
"OLKM01004569.1",4,21546
"OLKM01004628.1",4,21043
"OLKM01004641.1",4,20936
"OLKM01004650.1",4,20889
"OLKM01004730.1",4,20356
"OLKM01004774.1",4,20148
"OLKM01004800.1",4,20002
"OLKM01004809.1",4,19930
"OLKM01004810.1",4,19920
"OLKM01004812.1",4,19915
"OLKM01004849.1",4,19659
"OLKM01004867.1",4,19552
"OLKM01004875.1",4,19522
"OLKM01004883.1",4,19457
"OLKM01004886.1",4,19451
"OLKM01004908.1",4,19378
"OLKM01004931.1",4,19275
"OLKM01004936.1",4,19254
"OLKM01004962.1",4,19128
"OLKM01004969.1",4,19105
"OLKM01004973.1",4,19081
"OLKM01005000.1",4,18965
"OLKM01005011.1",4,18910
"OLKM01005033.1",4,18791
"OLKM01005042.1",4,18740
"OLKM01005109.1",4,18373
"OLKM01005118.1",4,18350
"OLKM01005131.1",4,18304
"OLKM01005219.1",4,17949
"OLKM01005258.1",4,17793
"OLKM01005287.1",4,17690
"OLKM01005306.1",4,17613
"OLKM01005394.1",4,17319
"OLKM01005396.1",4,17316
"OLKM01005411.1",4,17256
"OLKM01005440.1",4,17157
"OLKM01005446.1",4,17133
"OLKM01005468.1",4,17052
"OLKM01005539.1",4,16829
"OLKM01005553.1",4,16782
"OLKM01005559.1",4,16768
"OLKM01005560.1",4,16764
"OLKM01005619.1",4,16568
"OLKM01005657.1",4,16407
"OLKM01005685.1",4,16259
"OLKM01005710.1",4,16161
"OLKM01005720.1",4,16122
"OLKM01005774.1",4,15958
"OLKM01005787.1",4,15926
"OLKM01005813.1",4,15863
"OLKM01005852.1",4,15754
"OLKM01005884.1",4,15674
"OLKM01005885.1",4,15673
"OLKM01006007.1",4,15331
"OLKM01006023.1",4,15282
"OLKM01006036.1",4,15264
"OLKM01006112.1",4,15090
"OLKM01006126.1",4,15055
"OLKM01006132.1",4,15045
"OLKM01006161.1",4,14969
"OLKM01006173.1",4,14943
"OLKM01006298.1",4,14629
"OLKM01006299.1",4,14625
"OLKM01006343.1",4,14517
"OLKM01006409.1",4,14357
"OLKM01006454.1",4,14231
"OLKM01006469.1",4,14172
"OLKM01006495.1",4,14112
"OLKM01006576.1",4,13909
"OLKM01006586.1",4,13885
"OLKM01006617.1",4,13818
"OLKM01006630.1",4,13781
"OLKM01006648.1",4,13729
"OLKM01006655.1",4,13711
"OLKM01006668.1",4,13666
"OLKM01006675.1",4,13653
"OLKM01006706.1",4,13585
"OLKM01006723.1",4,13547
"OLKM01006739.1",4,13518
"OLKM01006748.1",4,13501
"OLKM01006766.1",4,13445
"OLKM01006769.1",4,13432
"OLKM01006777.1",4,13418
"OLKM01006834.1",4,13294
"OLKM01006846.1",4,13258
"OLKM01006853.1",4,13244
"OLKM01006860.1",4,13233
"OLKM01006894.1",4,13145
"OLKM01006900.1",4,13136
"OLKM01006904.1",4,13129
"OLKM01006916.1",4,13106
"OLKM01006940.1",4,13056
"OLKM01006990.1",4,12911
"OLKM01007004.1",4,12883
"OLKM01007025.1",4,12823
"OLKM01007056.1",4,12739
"OLKM01007105.1",4,12614
"OLKM01007134.1",4,12548
"OLKM01007147.1",4,12508
"OLKM01007150.1",4,12501
"OLKM01007209.1",4,12335
"OLKM01007240.1",4,12243
"OLKM01007245.1",4,12236
"OLKM01007267.1",4,12169
"OLKM01007281.1",4,12136
"OLKM01007288.1",4,12120
"OLKM01007316.1",4,12062
"OLKM01007373.1",4,11955
"OLKM01007379.1",4,11942
"OLKM01007398.1",4,11902
"OLKM01007424.1",4,11850
"OLKM01007438.1",4,11821
"OLKM01007495.1",4,11692
"OLKM01007509.1",4,11652
"OLKM01007521.1",4,11587
"OLKM01007539.1",4,11531
"OLKM01007559.1",4,11454
"OLKM01007566.1",4,11434
"OLKM01007612.1",4,11304
"OLKM01007643.1",4,11216
"OLKM01007660.1",4,11168
"OLKM01007824.1",4,10709
"OLKM01007842.1",4,10643
"OLKM01007843.1",4,10638
"OLKM01007900.1",4,10461
"OLKM01007913.1",4,10409
"OLKM01007932.1",4,10343
"OLKM01007934.1",4,10336
"OLKM01007941.1",4,10307
"OLKM01007965.1",4,10225
"OLKM01008004.1",4,10088
"OLKM01008045.1",4,9934
"OLKM01008052.1",4,9790
"OLKM01008072.1",4,9486
"OLKM01008156.1",4,7539
"OLKM01008201.1",4,6006
"OLKM01008207.1",4,5792
"OLKM01008268.1",4,4350
"OLKM01008277.1",4,4125
"OLKM01000564.1",3,277228
"OLKM01000569.1",3,275690
"OLKM01000939.1",3,198025
"OLKM01000985.1",3,190173
"OLKM01001014.1",3,185602
"OLKM01001132.1",3,168615
"OLKM01001140.1",3,167961
"OLKM01001167.1",3,165145
"OLKM01001176.1",3,164254
"OLKM01001223.1",3,159070
"OLKM01001254.1",3,154041
"OLKM01001310.1",3,148662
"OLKM01001342.1",3,145411
"OLKM01001356.1",3,144336
"OLKM01001364.1",3,142568
"OLKM01001365.1",3,142423
"OLKM01001380.1",3,141011
"OLKM01001419.1",3,137430
"OLKM01001423.1",3,137010
"OLKM01001435.1",3,136007
"OLKM01001447.1",3,134998
"OLKM01001453.1",3,134314
"OLKM01001523.1",3,127157
"OLKM01001539.1",3,125158
"OLKM01001541.1",3,124995
"OLKM01001550.1",3,124000
"OLKM01001588.1",3,120402
"OLKM01001617.1",3,118723
"OLKM01001620.1",3,118492
"OLKM01001667.1",3,114820
"OLKM01001687.1",3,112810
"OLKM01001706.1",3,111962
"OLKM01001742.1",3,109159
"OLKM01001745.1",3,109033
"OLKM01001756.1",3,107896
"OLKM01001766.1",3,106997
"OLKM01001780.1",3,106006
"OLKM01001796.1",3,104852
"OLKM01001801.1",3,104459
"OLKM01001808.1",3,103958
"OLKM01001831.1",3,102377
"OLKM01001841.1",3,101753
"OLKM01001850.1",3,101088
"OLKM01001857.1",3,100791
"OLKM01001878.1",3,99501
"OLKM01001924.1",3,95356
"OLKM01001945.1",3,94001
"OLKM01001955.1",3,93342
"OLKM01001957.1",3,93112
"OLKM01001983.1",3,91746
"OLKM01001987.1",3,91542
"OLKM01002003.1",3,90462
"OLKM01002004.1",3,90430
"OLKM01002005.1",3,90224
"OLKM01002059.1",3,87314
"OLKM01002061.1",3,87227
"OLKM01002084.1",3,85985
"OLKM01002099.1",3,85389
"OLKM01002106.1",3,85009
"OLKM01002126.1",3,83934
"OLKM01002138.1",3,83306
"OLKM01002139.1",3,83267
"OLKM01002147.1",3,83009
"OLKM01002168.1",3,81928
"OLKM01002193.1",3,80063
"OLKM01002219.1",3,78763
"OLKM01002228.1",3,78276
"OLKM01002230.1",3,78215
"OLKM01002236.1",3,77890
"OLKM01002240.1",3,77799
"OLKM01002244.1",3,77595
"OLKM01002274.1",3,76039
"OLKM01002283.1",3,75671
"OLKM01002284.1",3,75650
"OLKM01002297.1",3,75079
"OLKM01002315.1",3,74405
"OLKM01002316.1",3,74398
"OLKM01002318.1",3,74321
"OLKM01002320.1",3,74315
"OLKM01002322.1",3,74307
"OLKM01002327.1",3,74080
"OLKM01002337.1",3,73525
"OLKM01002339.1",3,73496
"OLKM01002348.1",3,73033
"OLKM01002375.1",3,71849
"OLKM01002389.1",3,71118
"OLKM01002417.1",3,70059
"OLKM01002437.1",3,69212
"OLKM01002441.1",3,68876
"OLKM01002454.1",3,68401
"OLKM01002489.1",3,66949
"OLKM01002494.1",3,66768
"OLKM01002498.1",3,66653
"OLKM01002517.1",3,65565
"OLKM01002524.1",3,65329
"OLKM01002526.1",3,65290
"OLKM01002537.1",3,65032
"OLKM01002544.1",3,64803
"OLKM01002573.1",3,63475
"OLKM01002574.1",3,63452
"OLKM01002597.1",3,62075
"OLKM01002599.1",3,62012
"OLKM01002610.1",3,61733
"OLKM01002623.1",3,61195
"OLKM01002642.1",3,60278
"OLKM01002645.1",3,60190
"OLKM01002646.1",3,60043
"OLKM01002653.1",3,59690
"OLKM01002656.1",3,59599
"OLKM01002663.1",3,59240
"OLKM01002674.1",3,58610
"OLKM01002702.1",3,57538
"OLKM01002704.1",3,57474
"OLKM01002711.1",3,57191
"OLKM01002720.1",3,56845
"OLKM01002725.1",3,56726
"OLKM01002729.1",3,56594
"OLKM01002732.1",3,56497
"OLKM01002737.1",3,56371
"OLKM01002741.1",3,56230
"OLKM01002747.1",3,56083
"OLKM01002753.1",3,55887
"OLKM01002757.1",3,55788
"OLKM01002759.1",3,55672
"OLKM01002779.1",3,55007
"OLKM01002783.1",3,54906
"OLKM01002791.1",3,54663
"OLKM01002799.1",3,54439
"OLKM01002803.1",3,54211
"OLKM01002804.1",3,54123
"OLKM01002824.1",3,53398
"OLKM01002843.1",3,52696
"OLKM01002848.1",3,52438
"OLKM01002860.1",3,51972
"OLKM01002865.1",3,51828
"OLKM01002877.1",3,51448
"OLKM01002884.1",3,51304
"OLKM01002887.1",3,51256
"OLKM01002897.1",3,50861
"OLKM01002901.1",3,50642
"OLKM01002905.1",3,50575
"OLKM01002927.1",3,49780
"OLKM01002938.1",3,49354
"OLKM01002946.1",3,48904
"OLKM01002970.1",3,47909
"OLKM01002983.1",3,47522
"OLKM01003001.1",3,47235
"OLKM01003002.1",3,47165
"OLKM01003023.1",3,46530
"OLKM01003027.1",3,46461
"OLKM01003030.1",3,46341
"OLKM01003031.1",3,46328
"OLKM01003032.1",3,46328
"OLKM01003041.1",3,46086
"OLKM01003044.1",3,45999
"OLKM01003047.1",3,45901
"OLKM01003054.1",3,45596
"OLKM01003061.1",3,45379
"OLKM01003068.1",3,45141
"OLKM01003076.1",3,44858
"OLKM01003079.1",3,44650
"OLKM01003081.1",3,44648
"OLKM01003103.1",3,44128
"OLKM01003117.1",3,43658
"OLKM01003128.1",3,43284
"OLKM01003169.1",3,42345
"OLKM01003177.1",3,42216
"OLKM01003178.1",3,42204
"OLKM01003203.1",3,41382
"OLKM01003218.1",3,41034
"OLKM01003219.1",3,41032
"OLKM01003231.1",3,40798
"OLKM01003235.1",3,40727
"OLKM01003240.1",3,40476
"OLKM01003254.1",3,40040
"OLKM01003261.1",3,39960
"OLKM01003267.1",3,39850
"OLKM01003275.1",3,39716
"OLKM01003280.1",3,39574
"OLKM01003283.1",3,39528
"OLKM01003284.1",3,39495
"OLKM01003308.1",3,39047
"OLKM01003314.1",3,38935
"OLKM01003324.1",3,38674
"OLKM01003325.1",3,38664
"OLKM01003327.1",3,38642
"OLKM01003348.1",3,38313
"OLKM01003365.1",3,37897
"OLKM01003383.1",3,37572
"OLKM01003386.1",3,37513
"OLKM01003400.1",3,37210
"OLKM01003412.1",3,36992
"OLKM01003415.1",3,36971
"OLKM01003424.1",3,36698
"OLKM01003425.1",3,36689
"OLKM01003444.1",3,36376
"OLKM01003452.1",3,36235
"OLKM01003458.1",3,36152
"OLKM01003471.1",3,35790
"OLKM01003476.1",3,35669
"OLKM01003493.1",3,35254
"OLKM01003494.1",3,35250
"OLKM01003503.1",3,35163
"OLKM01003504.1",3,35078
"OLKM01003512.1",3,34973
"OLKM01003514.1",3,34944
"OLKM01003518.1",3,34869
"OLKM01003527.1",3,34674
"OLKM01003566.1",3,33943
"OLKM01003567.1",3,33919
"OLKM01003575.1",3,33802
"OLKM01003583.1",3,33674
"OLKM01003584.1",3,33660
"OLKM01003593.1",3,33540
"OLKM01003594.1",3,33539
"OLKM01003597.1",3,33499
"OLKM01003599.1",3,33475
"OLKM01003610.1",3,33279
"OLKM01003628.1",3,32942
"OLKM01003645.1",3,32730
"OLKM01003658.1",3,32513
"OLKM01003659.1",3,32506
"OLKM01003661.1",3,32468
"OLKM01003668.1",3,32381
"OLKM01003674.1",3,32298
"OLKM01003678.1",3,32268
"OLKM01003683.1",3,32143
"OLKM01003686.1",3,32116
"OLKM01003689.1",3,32039
"OLKM01003711.1",3,31599
"OLKM01003724.1",3,31329
"OLKM01003728.1",3,31244
"OLKM01003752.1",3,30642
"OLKM01003791.1",3,29910
"OLKM01003794.1",3,29846
"OLKM01003803.1",3,29663
"OLKM01003814.1",3,29533
"OLKM01003815.1",3,29518
"OLKM01003828.1",3,29237
"OLKM01003884.1",3,28387
"OLKM01003899.1",3,28201
"OLKM01003902.1",3,28129
"OLKM01003905.1",3,27997
"OLKM01003909.1",3,27940
"OLKM01003922.1",3,27777
"OLKM01003929.1",3,27705
"OLKM01003932.1",3,27650
"OLKM01003935.1",3,27588
"OLKM01003947.1",3,27453
"OLKM01003949.1",3,27406
"OLKM01003954.1",3,27341
"OLKM01003965.1",3,27182
"OLKM01003986.1",3,26806
"OLKM01003989.1",3,26796
"OLKM01003992.1",3,26775
"OLKM01004015.1",3,26503
"OLKM01004021.1",3,26453
"OLKM01004032.1",3,26322
"OLKM01004034.1",3,26314
"OLKM01004047.1",3,26088
"OLKM01004058.1",3,25950
"OLKM01004066.1",3,25884
"OLKM01004072.1",3,25822
"OLKM01004078.1",3,25767
"OLKM01004093.1",3,25537
"OLKM01004094.1",3,25506
"OLKM01004105.1",3,25388
"OLKM01004108.1",3,25366
"OLKM01004110.1",3,25345
"OLKM01004125.1",3,25144
"OLKM01004129.1",3,25111
"OLKM01004140.1",3,24965
"OLKM01004146.1",3,24896
"OLKM01004157.1",3,24792
"OLKM01004202.1",3,24296
"OLKM01004215.1",3,24235
"OLKM01004228.1",3,24134
"OLKM01004229.1",3,24129
"OLKM01004235.1",3,24103
"OLKM01004258.1",3,23891
"OLKM01004263.1",3,23873
"OLKM01004284.1",3,23655
"OLKM01004293.1",3,23597
"OLKM01004321.1",3,23301
"OLKM01004325.1",3,23259
"OLKM01004327.1",3,23244
"OLKM01004328.1",3,23240
"OLKM01004349.1",3,23084
"OLKM01004399.1",3,22702
"OLKM01004408.1",3,22639
"OLKM01004409.1",3,22631
"OLKM01004413.1",3,22617
"OLKM01004415.1",3,22587
"OLKM01004444.1",3,22375
"OLKM01004447.1",3,22351
"OLKM01004449.1",3,22330
"OLKM01004492.1",3,21999
"OLKM01004500.1",3,21954
"OLKM01004550.1",3,21630
"OLKM01004558.1",3,21595
"OLKM01004570.1",3,21539
"OLKM01004573.1",3,21514
"OLKM01004593.1",3,21327
"OLKM01004605.1",3,21242
"OLKM01004614.1",3,21176
"OLKM01004620.1",3,21101
"OLKM01004626.1",3,21067
"OLKM01004635.1",3,20975
"OLKM01004642.1",3,20934
"OLKM01004657.1",3,20804
"OLKM01004681.1",3,20660
"OLKM01004688.1",3,20617
"OLKM01004693.1",3,20579
"OLKM01004713.1",3,20485
"OLKM01004719.1",3,20443
"OLKM01004742.1",3,20281
"OLKM01004757.1",3,20227
"OLKM01004777.1",3,20118
"OLKM01004826.1",3,19830
"OLKM01004840.1",3,19732
"OLKM01004857.1",3,19590
"OLKM01004862.1",3,19572
"OLKM01004884.1",3,19455
"OLKM01004890.1",3,19443
"OLKM01004894.1",3,19430
"OLKM01004910.1",3,19374
"OLKM01004912.1",3,19373
"OLKM01004920.1",3,19320
"OLKM01004976.1",3,19064
"OLKM01004988.1",3,19013
"OLKM01005003.1",3,18949
"OLKM01005052.1",3,18700
"OLKM01005066.1",3,18628
"OLKM01005067.1",3,18621
"OLKM01005079.1",3,18562
"OLKM01005096.1",3,18450
"OLKM01005101.1",3,18428
"OLKM01005102.1",3,18427
"OLKM01005136.1",3,18284
"OLKM01005142.1",3,18270
"OLKM01005154.1",3,18223
"OLKM01005172.1",3,18154
"OLKM01005173.1",3,18150
"OLKM01005176.1",3,18129
"OLKM01005189.1",3,18091
"OLKM01005195.1",3,18079
"OLKM01005206.1",3,18010
"OLKM01005238.1",3,17879
"OLKM01005241.1",3,17867
"OLKM01005244.1",3,17861
"OLKM01005268.1",3,17760
"OLKM01005278.1",3,17726
"OLKM01005318.1",3,17574
"OLKM01005335.1",3,17506
"OLKM01005345.1",3,17477
"OLKM01005354.1",3,17441
"OLKM01005382.1",3,17353
"OLKM01005395.1",3,17318
"OLKM01005408.1",3,17263
"OLKM01005428.1",3,17199
"OLKM01005443.1",3,17147
"OLKM01005451.1",3,17123
"OLKM01005494.1",3,16972
"OLKM01005511.1",3,16910
"OLKM01005552.1",3,16784
"OLKM01005584.1",3,16690
"OLKM01005612.1",3,16581
"OLKM01005618.1",3,16571
"OLKM01005622.1",3,16553
"OLKM01005628.1",3,16546
"OLKM01005635.1",3,16510
"OLKM01005654.1",3,16422
"OLKM01005687.1",3,16241
"OLKM01005697.1",3,16210
"OLKM01005732.1",3,16075
"OLKM01005740.1",3,16052
"OLKM01005785.1",3,15928
"OLKM01005795.1",3,15911
"OLKM01005807.1",3,15876
"OLKM01005815.1",3,15859
"OLKM01005824.1",3,15834
"OLKM01005828.1",3,15827
"OLKM01005882.1",3,15678
"OLKM01005894.1",3,15652
"OLKM01005912.1",3,15615
"OLKM01005963.1",3,15456
"OLKM01005965.1",3,15445
"OLKM01005971.1",3,15413
"OLKM01005973.1",3,15412
"OLKM01005984.1",3,15391
"OLKM01005991.1",3,15371
"OLKM01005992.1",3,15365
"OLKM01006008.1",3,15327
"OLKM01006054.1",3,15221
"OLKM01006057.1",3,15213
"OLKM01006073.1",3,15176
"OLKM01006146.1",3,15011
"OLKM01006148.1",3,15004
"OLKM01006149.1",3,15003
"OLKM01006151.1",3,15003
"OLKM01006184.1",3,14909
"OLKM01006194.1",3,14886
"OLKM01006205.1",3,14856
"OLKM01006210.1",3,14838
"OLKM01006270.1",3,14676
"OLKM01006282.1",3,14654
"OLKM01006311.1",3,14597
"OLKM01006342.1",3,14518
"OLKM01006350.1",3,14499
"OLKM01006378.1",3,14432
"OLKM01006398.1",3,14380
"OLKM01006415.1",3,14337
"OLKM01006437.1",3,14283
"OLKM01006447.1",3,14263
"OLKM01006479.1",3,14157
"OLKM01006489.1",3,14141
"OLKM01006525.1",3,14033
"OLKM01006526.1",3,14030
"OLKM01006554.1",3,13955
"OLKM01006558.1",3,13942
"OLKM01006633.1",3,13766
"OLKM01006637.1",3,13752
"OLKM01006640.1",3,13743
"OLKM01006646.1",3,13730
"OLKM01006649.1",3,13727
"OLKM01006653.1",3,13720
"OLKM01006658.1",3,13694
"OLKM01006697.1",3,13606
"OLKM01006746.1",3,13506
"OLKM01006768.1",3,13440
"OLKM01006791.1",3,13398
"OLKM01006798.1",3,13384
"OLKM01006840.1",3,13273
"OLKM01006843.1",3,13263
"OLKM01006850.1",3,13251
"OLKM01006901.1",3,13134
"OLKM01006908.1",3,13124
"OLKM01006919.1",3,13094
"OLKM01006949.1",3,13030
"OLKM01006956.1",3,13007
"OLKM01006967.1",3,12977
"OLKM01006982.1",3,12928
"OLKM01006985.1",3,12923
"OLKM01007000.1",3,12887
"OLKM01007040.1",3,12781
"OLKM01007046.1",3,12763
"OLKM01007057.1",3,12736
"OLKM01007070.1",3,12700
"OLKM01007071.1",3,12699
"OLKM01007077.1",3,12689
"OLKM01007106.1",3,12614
"OLKM01007114.1",3,12598
"OLKM01007137.1",3,12535
"OLKM01007156.1",3,12483
"OLKM01007182.1",3,12416
"OLKM01007185.1",3,12409
"OLKM01007199.1",3,12361
"OLKM01007201.1",3,12352
"OLKM01007205.1",3,12341
"OLKM01007212.1",3,12328
"OLKM01007235.1",3,12255
"OLKM01007294.1",3,12107
"OLKM01007309.1",3,12081
"OLKM01007313.1",3,12070
"OLKM01007318.1",3,12058
"OLKM01007323.1",3,12050
"OLKM01007344.1",3,12011
"OLKM01007384.1",3,11925
"OLKM01007394.1",3,11908
"OLKM01007396.1",3,11906
"OLKM01007414.1",3,11878
"OLKM01007415.1",3,11874
"OLKM01007419.1",3,11864
"OLKM01007429.1",3,11844
"OLKM01007437.1",3,11824
"OLKM01007451.1",3,11793
"OLKM01007461.1",3,11756
"OLKM01007489.1",3,11698
"OLKM01007499.1",3,11677
"OLKM01007516.1",3,11607
"OLKM01007519.1",3,11599
"OLKM01007583.1",3,11382
"OLKM01007593.1",3,11368
"OLKM01007661.1",3,11164
"OLKM01007675.1",3,11119
"OLKM01007679.1",3,11103
"OLKM01007728.1",3,10964
"OLKM01007745.1",3,10908
"OLKM01007750.1",3,10899
"OLKM01007757.1",3,10883
"OLKM01007776.1",3,10830
"OLKM01007788.1",3,10801
"OLKM01007821.1",3,10715
"OLKM01007836.1",3,10660
"OLKM01007844.1",3,10634
"OLKM01007871.1",3,10558
"OLKM01007902.1",3,10460
"OLKM01007964.1",3,10232
"OLKM01007970.1",3,10198
"OLKM01008002.1",3,10091
"OLKM01008016.1",3,10037
"OLKM01008043.1",3,9938
"OLKM01008065.1",3,9598
"OLKM01008077.1",3,9379
"OLKM01008080.1",3,9285
"OLKM01008127.1",3,8211
"OLKM01008154.1",3,7602
"OLKM01008159.1",3,7448
"OLKM01008166.1",3,7091
"OLKM01008192.1",3,6216
"OLKM01008206.1",3,5837
"OLKM01008233.1",3,5111
"OLKM01008294.1",3,3839
"OLKM01008376.1",3,2664
"OLKM01008382.1",3,2598
"OLKM01000585.1",2,269304
"OLKM01000591.1",2,266790
"OLKM01000689.1",2,242517
"OLKM01000729.1",2,233778
"OLKM01001033.1",2,182192
"OLKM01001068.1",2,176844
"OLKM01001105.1",2,172180
"OLKM01001239.1",2,156071
"OLKM01001268.1",2,151861
"OLKM01001274.1",2,151599
"OLKM01001382.1",2,140864
"OLKM01001398.1",2,139517
"OLKM01001479.1",2,131768
"OLKM01001490.1",2,131280
"OLKM01001507.1",2,128351
"OLKM01001527.1",2,126904
"OLKM01001529.1",2,126875
"OLKM01001585.1",2,120545
"OLKM01001634.1",2,117417
"OLKM01001679.1",2,113699
"OLKM01001727.1",2,110470
"OLKM01001730.1",2,110325
"OLKM01001768.1",2,106820
"OLKM01001791.1",2,105119
"OLKM01001819.1",2,103310
"OLKM01001825.1",2,102975
"OLKM01001833.1",2,102237
"OLKM01001837.1",2,102085
"OLKM01001844.1",2,101576
"OLKM01001849.1",2,101152
"OLKM01001874.1",2,99838
"OLKM01001880.1",2,99272
"OLKM01001891.1",2,98231
"OLKM01001913.1",2,96253
"OLKM01001923.1",2,95502
"OLKM01001953.1",2,93489
"OLKM01001967.1",2,92488
"OLKM01001975.1",2,92092
"OLKM01001989.1",2,91421
"OLKM01001994.1",2,91246
"OLKM01001998.1",2,90893
"OLKM01002012.1",2,89848
"OLKM01002018.1",2,89736
"OLKM01002042.1",2,88342
"OLKM01002045.1",2,88127
"OLKM01002067.1",2,86796
"OLKM01002071.1",2,86571
"OLKM01002097.1",2,85465
"OLKM01002104.1",2,85246
"OLKM01002117.1",2,84269
"OLKM01002142.1",2,83193
"OLKM01002152.1",2,82776
"OLKM01002158.1",2,82553
"OLKM01002169.1",2,81902
"OLKM01002172.1",2,81734
"OLKM01002176.1",2,81069
"OLKM01002177.1",2,81050
"OLKM01002178.1",2,81036
"OLKM01002182.1",2,80715
"OLKM01002185.1",2,80656
"OLKM01002191.1",2,80257
"OLKM01002222.1",2,78673
"OLKM01002223.1",2,78608
"OLKM01002251.1",2,77174
"OLKM01002255.1",2,76859
"OLKM01002256.1",2,76728
"OLKM01002258.1",2,76664
"OLKM01002280.1",2,75770
"OLKM01002293.1",2,75276
"OLKM01002319.1",2,74317
"OLKM01002328.1",2,73949
"OLKM01002335.1",2,73661
"OLKM01002353.1",2,72886
"OLKM01002354.1",2,72881
"OLKM01002357.1",2,72687
"OLKM01002379.1",2,71587
"OLKM01002380.1",2,71574
"OLKM01002383.1",2,71369
"OLKM01002390.1",2,71074
"OLKM01002396.1",2,70884
"OLKM01002398.1",2,70820
"OLKM01002412.1",2,70313
"OLKM01002422.1",2,69884
"OLKM01002427.1",2,69649
"OLKM01002429.1",2,69570
"OLKM01002435.1",2,69373
"OLKM01002443.1",2,68828
"OLKM01002462.1",2,68174
"OLKM01002472.1",2,67668
"OLKM01002475.1",2,67439
"OLKM01002493.1",2,66771
"OLKM01002540.1",2,65019
"OLKM01002541.1",2,64968
"OLKM01002559.1",2,64221
"OLKM01002566.1",2,63720
"OLKM01002579.1",2,63170
"OLKM01002580.1",2,63147
"OLKM01002592.1",2,62172
"OLKM01002603.1",2,61864
"OLKM01002611.1",2,61636
"OLKM01002613.1",2,61564
"OLKM01002618.1",2,61338
"OLKM01002651.1",2,59724
"OLKM01002652.1",2,59708
"OLKM01002666.1",2,59124
"OLKM01002670.1",2,59014
"OLKM01002686.1",2,57961
"OLKM01002687.1",2,57955
"OLKM01002698.1",2,57626
"OLKM01002699.1",2,57615
"OLKM01002703.1",2,57478
"OLKM01002736.1",2,56391
"OLKM01002742.1",2,56227
"OLKM01002755.1",2,55871
"OLKM01002762.1",2,55601
"OLKM01002765.1",2,55469
"OLKM01002774.1",2,55197
"OLKM01002776.1",2,55091
"OLKM01002778.1",2,55065
"OLKM01002782.1",2,54926
"OLKM01002784.1",2,54812
"OLKM01002790.1",2,54673
"OLKM01002794.1",2,54615
"OLKM01002815.1",2,53766
"OLKM01002827.1",2,53278
"OLKM01002829.1",2,53249
"OLKM01002837.1",2,52900
"OLKM01002839.1",2,52886
"OLKM01002850.1",2,52397
"OLKM01002862.1",2,51932
"OLKM01002866.1",2,51752
"OLKM01002867.1",2,51724
"OLKM01002894.1",2,50969
"OLKM01002904.1",2,50593
"OLKM01002908.1",2,50410
"OLKM01002915.1",2,50229
"OLKM01002918.1",2,50007
"OLKM01002925.1",2,49859
"OLKM01002940.1",2,49235
"OLKM01002941.1",2,49192
"OLKM01002943.1",2,49043
"OLKM01002944.1",2,48974
"OLKM01002948.1",2,48854
"OLKM01002951.1",2,48813
"OLKM01002961.1",2,48423
"OLKM01002972.1",2,47807
"OLKM01002977.1",2,47701
"OLKM01002979.1",2,47649
"OLKM01002998.1",2,47320
"OLKM01002999.1",2,47278
"OLKM01003005.1",2,47148
"OLKM01003006.1",2,47134
"OLKM01003017.1",2,46701
"OLKM01003058.1",2,45471
"OLKM01003066.1",2,45227
"OLKM01003078.1",2,44731
"OLKM01003086.1",2,44555
"OLKM01003087.1",2,44491
"OLKM01003102.1",2,44149
"OLKM01003122.1",2,43479
"OLKM01003135.1",2,43072
"OLKM01003136.1",2,43053
"OLKM01003137.1",2,43024
"OLKM01003139.1",2,42995
"OLKM01003141.1",2,42981
"OLKM01003142.1",2,42953
"OLKM01003145.1",2,42898
"OLKM01003149.1",2,42755
"OLKM01003159.1",2,42667
"OLKM01003161.1",2,42644
"OLKM01003166.1",2,42452
"OLKM01003171.1",2,42312
"OLKM01003175.1",2,42221
"OLKM01003184.1",2,42030
"OLKM01003186.1",2,42016
"OLKM01003192.1",2,41824
"OLKM01003196.1",2,41761
"OLKM01003204.1",2,41376
"OLKM01003207.1",2,41290
"OLKM01003210.1",2,41244
"OLKM01003217.1",2,41035
"OLKM01003220.1",2,40973
"OLKM01003227.1",2,40833
"OLKM01003246.1",2,40319
"OLKM01003248.1",2,40148
"OLKM01003262.1",2,39941
"OLKM01003263.1",2,39938
"OLKM01003265.1",2,39892
"OLKM01003282.1",2,39551
"OLKM01003285.1",2,39488
"OLKM01003286.1",2,39486
"OLKM01003290.1",2,39423
"OLKM01003291.1",2,39364
"OLKM01003297.1",2,39244
"OLKM01003302.1",2,39157
"OLKM01003305.1",2,39099
"OLKM01003306.1",2,39097
"OLKM01003310.1",2,39043
"OLKM01003316.1",2,38831
"OLKM01003328.1",2,38625
"OLKM01003330.1",2,38600
"OLKM01003331.1",2,38598
"OLKM01003333.1",2,38581
"OLKM01003338.1",2,38431
"OLKM01003352.1",2,38245
"OLKM01003360.1",2,38019
"OLKM01003361.1",2,38013
"OLKM01003369.1",2,37790
"OLKM01003370.1",2,37767
"OLKM01003388.1",2,37485
"OLKM01003389.1",2,37459
"OLKM01003392.1",2,37385
"OLKM01003405.1",2,37133
"OLKM01003406.1",2,37104
"OLKM01003413.1",2,36981
"OLKM01003414.1",2,36972
"OLKM01003430.1",2,36643
"OLKM01003431.1",2,36638
"OLKM01003442.1",2,36420
"OLKM01003466.1",2,35937
"OLKM01003469.1",2,35845
"OLKM01003473.1",2,35738
"OLKM01003479.1",2,35617
"OLKM01003480.1",2,35608
"OLKM01003500.1",2,35202
"OLKM01003505.1",2,35078
"OLKM01003513.1",2,34971
"OLKM01003525.1",2,34703
"OLKM01003538.1",2,34388
"OLKM01003554.1",2,34127
"OLKM01003556.1",2,34058
"OLKM01003559.1",2,34005
"OLKM01003579.1",2,33721
"OLKM01003587.1",2,33631
"OLKM01003591.1",2,33551
"OLKM01003612.1",2,33261
"OLKM01003614.1",2,33210
"OLKM01003615.1",2,33184
"OLKM01003630.1",2,32929
"OLKM01003632.1",2,32903
"OLKM01003637.1",2,32809
"OLKM01003647.1",2,32716
"OLKM01003648.1",2,32695
"OLKM01003682.1",2,32185
"OLKM01003684.1",2,32129
"OLKM01003697.1",2,31837
"OLKM01003699.1",2,31805
"OLKM01003702.1",2,31733
"OLKM01003704.1",2,31697
"OLKM01003710.1",2,31602
"OLKM01003713.1",2,31582
"OLKM01003741.1",2,30989
"OLKM01003744.1",2,30864
"OLKM01003751.1",2,30662
"OLKM01003756.1",2,30513
"OLKM01003772.1",2,30232
"OLKM01003778.1",2,30088
"OLKM01003781.1",2,30069
"OLKM01003805.1",2,29635
"OLKM01003808.1",2,29612
"OLKM01003819.1",2,29393
"OLKM01003858.1",2,28836
"OLKM01003863.1",2,28789
"OLKM01003868.1",2,28764
"OLKM01003869.1",2,28763
"OLKM01003870.1",2,28695
"OLKM01003877.1",2,28514
"OLKM01003883.1",2,28395
"OLKM01003910.1",2,27925
"OLKM01003914.1",2,27899
"OLKM01003928.1",2,27705
"OLKM01003931.1",2,27662
"OLKM01003942.1",2,27525
"OLKM01003967.1",2,27138
"OLKM01003968.1",2,27126
"OLKM01003976.1",2,27053
"OLKM01003982.1",2,26845
"OLKM01003988.1",2,26805
"OLKM01003990.1",2,26787
"OLKM01003997.1",2,26706
"OLKM01004012.1",2,26539
"OLKM01004022.1",2,26452
"OLKM01004026.1",2,26413
"OLKM01004051.1",2,26078
"OLKM01004057.1",2,25964
"OLKM01004074.1",2,25781
"OLKM01004084.1",2,25670
"OLKM01004086.1",2,25631
"OLKM01004087.1",2,25630
"OLKM01004103.1",2,25428
"OLKM01004121.1",2,25227
"OLKM01004132.1",2,25092
"OLKM01004138.1",2,24994
"OLKM01004141.1",2,24965
"OLKM01004142.1",2,24945
"OLKM01004145.1",2,24897
"OLKM01004147.1",2,24883
"OLKM01004148.1",2,24873
"OLKM01004178.1",2,24510
"OLKM01004179.1",2,24486
"OLKM01004194.1",2,24368
"OLKM01004200.1",2,24312
"OLKM01004206.1",2,24276
"OLKM01004211.1",2,24249
"OLKM01004219.1",2,24211
"OLKM01004224.1",2,24170
"OLKM01004234.1",2,24114
"OLKM01004239.1",2,24053
"OLKM01004240.1",2,24030
"OLKM01004241.1",2,24017
"OLKM01004250.1",2,23968
"OLKM01004268.1",2,23842
"OLKM01004314.1",2,23401
"OLKM01004316.1",2,23362
"OLKM01004318.1",2,23353
"OLKM01004337.1",2,23176
"OLKM01004344.1",2,23137
"OLKM01004347.1",2,23121
"OLKM01004353.1",2,23055
"OLKM01004354.1",2,23055
"OLKM01004355.1",2,23043
"OLKM01004374.1",2,22871
"OLKM01004376.1",2,22861
"OLKM01004396.1",2,22720
"OLKM01004397.1",2,22713
"OLKM01004426.1",2,22500
"OLKM01004431.1",2,22480
"OLKM01004436.1",2,22448
"OLKM01004448.1",2,22336
"OLKM01004450.1",2,22325
"OLKM01004452.1",2,22299
"OLKM01004453.1",2,22289
"OLKM01004478.1",2,22122
"OLKM01004493.1",2,21995
"OLKM01004494.1",2,21993
"OLKM01004499.1",2,21961
"OLKM01004506.1",2,21902
"OLKM01004519.1",2,21839
"OLKM01004538.1",2,21699
"OLKM01004549.1",2,21634
"OLKM01004574.1",2,21505
"OLKM01004580.1",2,21463
"OLKM01004582.1",2,21421
"OLKM01004591.1",2,21339
"OLKM01004597.1",2,21310
"OLKM01004645.1",2,20919
"OLKM01004658.1",2,20801
"OLKM01004660.1",2,20794
"OLKM01004677.1",2,20683
"OLKM01004689.1",2,20613
"OLKM01004704.1",2,20524
"OLKM01004707.1",2,20508
"OLKM01004727.1",2,20366
"OLKM01004732.1",2,20354
"OLKM01004747.1",2,20259
"OLKM01004750.1",2,20249
"OLKM01004754.1",2,20235
"OLKM01004772.1",2,20155
"OLKM01004805.1",2,19975
"OLKM01004837.1",2,19750
"OLKM01004846.1",2,19700
"OLKM01004854.1",2,19639
"OLKM01004866.1",2,19554
"OLKM01004935.1",2,19255
"OLKM01004957.1",2,19139
"OLKM01004958.1",2,19136
"OLKM01004961.1",2,19129
"OLKM01004966.1",2,19112
"OLKM01004971.1",2,19100
"OLKM01004974.1",2,19076
"OLKM01004981.1",2,19033
"OLKM01005012.1",2,18907
"OLKM01005014.1",2,18905
"OLKM01005017.1",2,18888
"OLKM01005032.1",2,18796
"OLKM01005037.1",2,18763
"OLKM01005044.1",2,18737
"OLKM01005045.1",2,18729
"OLKM01005048.1",2,18709
"OLKM01005054.1",2,18692
"OLKM01005088.1",2,18520
"OLKM01005089.1",2,18514
"OLKM01005094.1",2,18464
"OLKM01005100.1",2,18429
"OLKM01005126.1",2,18314
"OLKM01005127.1",2,18313
"OLKM01005143.1",2,18266
"OLKM01005148.1",2,18238
"OLKM01005150.1",2,18234
"OLKM01005167.1",2,18172
"OLKM01005169.1",2,18159
"OLKM01005194.1",2,18084
"OLKM01005196.1",2,18067
"OLKM01005218.1",2,17951
"OLKM01005223.1",2,17935
"OLKM01005227.1",2,17920
"OLKM01005231.1",2,17902
"OLKM01005234.1",2,17896
"OLKM01005257.1",2,17802
"OLKM01005260.1",2,17787
"OLKM01005332.1",2,17515
"OLKM01005348.1",2,17467
"OLKM01005362.1",2,17420
"OLKM01005367.1",2,17406
"OLKM01005371.1",2,17395
"OLKM01005380.1",2,17365
"OLKM01005390.1",2,17328
"OLKM01005400.1",2,17308
"OLKM01005404.1",2,17288
"OLKM01005417.1",2,17236
"OLKM01005432.1",2,17182
"OLKM01005434.1",2,17179
"OLKM01005438.1",2,17159
"OLKM01005441.1",2,17156
"OLKM01005449.1",2,17128
"OLKM01005479.1",2,17030
"OLKM01005484.1",2,17010
"OLKM01005491.1",2,16984
"OLKM01005492.1",2,16984
"OLKM01005581.1",2,16705
"OLKM01005597.1",2,16638
"OLKM01005606.1",2,16603
"OLKM01005607.1",2,16594
"OLKM01005611.1",2,16583
"OLKM01005615.1",2,16573
"OLKM01005644.1",2,16465
"OLKM01005652.1",2,16430
"OLKM01005660.1",2,16395
"OLKM01005665.1",2,16380
"OLKM01005676.1",2,16311
"OLKM01005686.1",2,16249
"OLKM01005693.1",2,16223
"OLKM01005708.1",2,16165
"OLKM01005717.1",2,16141
"OLKM01005725.1",2,16108
"OLKM01005738.1",2,16053
"OLKM01005751.1",2,16028
"OLKM01005762.1",2,16001
"OLKM01005765.1",2,15989
"OLKM01005775.1",2,15956
"OLKM01005810.1",2,15871
"OLKM01005811.1",2,15870
"OLKM01005814.1",2,15861
"OLKM01005818.1",2,15845
"OLKM01005826.1",2,15831
"OLKM01005827.1",2,15828
"OLKM01005834.1",2,15809
"OLKM01005835.1",2,15805
"OLKM01005837.1",2,15805
"OLKM01005862.1",2,15739
"OLKM01005924.1",2,15567
"OLKM01005932.1",2,15539
"OLKM01005959.1",2,15472
"OLKM01005977.1",2,15404
"OLKM01005986.1",2,15381
"OLKM01005993.1",2,15362
"OLKM01005996.1",2,15352
"OLKM01006000.1",2,15345
"OLKM01006022.1",2,15282
"OLKM01006026.1",2,15277
"OLKM01006027.1",2,15277
"OLKM01006044.1",2,15242
"OLKM01006058.1",2,15212
"OLKM01006075.1",2,15170
"OLKM01006079.1",2,15164
"OLKM01006097.1",2,15123
"OLKM01006113.1",2,15090
"OLKM01006116.1",2,15082
"OLKM01006128.1",2,15053
"OLKM01006136.1",2,15034
"OLKM01006147.1",2,15010
"OLKM01006153.1",2,14993
"OLKM01006155.1",2,14990
"OLKM01006159.1",2,14975
"OLKM01006199.1",2,14877
"OLKM01006217.1",2,14824
"OLKM01006218.1",2,14816
"OLKM01006244.1",2,14754
"OLKM01006252.1",2,14725
"OLKM01006253.1",2,14723
"OLKM01006259.1",2,14703
"OLKM01006263.1",2,14698
"OLKM01006269.1",2,14678
"OLKM01006285.1",2,14649
"OLKM01006287.1",2,14648
"OLKM01006294.1",2,14635
"OLKM01006296.1",2,14629
"OLKM01006316.1",2,14586
"OLKM01006348.1",2,14503
"OLKM01006354.1",2,14492
"OLKM01006356.1",2,14485
"OLKM01006377.1",2,14433
"OLKM01006380.1",2,14430
"OLKM01006381.1",2,14429
"OLKM01006385.1",2,14419
"OLKM01006424.1",2,14315
"OLKM01006427.1",2,14313
"OLKM01006431.1",2,14304
"OLKM01006433.1",2,14300
"OLKM01006434.1",2,14299
"OLKM01006435.1",2,14298
"OLKM01006442.1",2,14273
"OLKM01006448.1",2,14260
"OLKM01006452.1",2,14236
"OLKM01006456.1",2,14225
"OLKM01006467.1",2,14176
"OLKM01006473.1",2,14166
"OLKM01006476.1",2,14161
"OLKM01006480.1",2,14157
"OLKM01006520.1",2,14044
"OLKM01006531.1",2,14020
"OLKM01006539.1",2,13995
"OLKM01006553.1",2,13958
"OLKM01006565.1",2,13927
"OLKM01006569.1",2,13925
"OLKM01006570.1",2,13920
"OLKM01006577.1",2,13898
"OLKM01006584.1",2,13887
"OLKM01006603.1",2,13848
"OLKM01006629.1",2,13788
"OLKM01006631.1",2,13769
"OLKM01006641.1",2,13741
"OLKM01006656.1",2,13696
"OLKM01006657.1",2,13694
"OLKM01006662.1",2,13687
"OLKM01006669.1",2,13663
"OLKM01006671.1",2,13661
"OLKM01006677.1",2,13651
"OLKM01006678.1",2,13648
"OLKM01006700.1",2,13597
"OLKM01006708.1",2,13581
"OLKM01006727.1",2,13544
"OLKM01006737.1",2,13522
"OLKM01006743.1",2,13510
"OLKM01006759.1",2,13475
"OLKM01006765.1",2,13447
"OLKM01006807.1",2,13360
"OLKM01006844.1",2,13262
"OLKM01006851.1",2,13248
"OLKM01006861.1",2,13219
"OLKM01006866.1",2,13210
"OLKM01006882.1",2,13173
"OLKM01006905.1",2,13129
"OLKM01006909.1",2,13121
"OLKM01006911.1",2,13121
"OLKM01006918.1",2,13094
"OLKM01006925.1",2,13089
"OLKM01006928.1",2,13081
"OLKM01006959.1",2,12999
"OLKM01006962.1",2,12985
"OLKM01006965.1",2,12980
"OLKM01006980.1",2,12930
"OLKM01007001.1",2,12886
"OLKM01007003.1",2,12885
"OLKM01007010.1",2,12870
"OLKM01007013.1",2,12860
"OLKM01007026.1",2,12821
"OLKM01007080.1",2,12686
"OLKM01007088.1",2,12665
"OLKM01007143.1",2,12522
"OLKM01007158.1",2,12476
"OLKM01007180.1",2,12422
"OLKM01007184.1",2,12413
"OLKM01007224.1",2,12304
"OLKM01007228.1",2,12288
"OLKM01007231.1",2,12264
"OLKM01007244.1",2,12236
"OLKM01007249.1",2,12227
"OLKM01007274.1",2,12154
"OLKM01007277.1",2,12144
"OLKM01007283.1",2,12130
"OLKM01007295.1",2,12104
"OLKM01007299.1",2,12094
"OLKM01007302.1",2,12092
"OLKM01007310.1",2,12080
"OLKM01007319.1",2,12057
"OLKM01007337.1",2,12026
"OLKM01007340.1",2,12013
"OLKM01007359.1",2,11982
"OLKM01007365.1",2,11976
"OLKM01007376.1",2,11948
"OLKM01007391.1",2,11910
"OLKM01007399.1",2,11899
"OLKM01007401.1",2,11897
"OLKM01007404.1",2,11890
"OLKM01007442.1",2,11811
"OLKM01007453.1",2,11789
"OLKM01007459.1",2,11759
"OLKM01007476.1",2,11725
"OLKM01007480.1",2,11715
"OLKM01007497.1",2,11680
"OLKM01007501.1",2,11673
"OLKM01007503.1",2,11663
"OLKM01007511.1",2,11635
"OLKM01007518.1",2,11603
"OLKM01007542.1",2,11527
"OLKM01007545.1",2,11513
"OLKM01007550.1",2,11485
"OLKM01007557.1",2,11460
"OLKM01007560.1",2,11449
"OLKM01007581.1",2,11392
"OLKM01007582.1",2,11391
"OLKM01007588.1",2,11374
"OLKM01007592.1",2,11368
"OLKM01007596.1",2,11354
"OLKM01007611.1",2,11308
"OLKM01007613.1",2,11304
"OLKM01007614.1",2,11302
"OLKM01007659.1",2,11173
"OLKM01007673.1",2,11131
"OLKM01007690.1",2,11059
"OLKM01007705.1",2,11016
"OLKM01007727.1",2,10964
"OLKM01007733.1",2,10942
"OLKM01007747.1",2,10908
"OLKM01007763.1",2,10866
"OLKM01007778.1",2,10827
"OLKM01007779.1",2,10819
"OLKM01007783.1",2,10814
"OLKM01007789.1",2,10800
"OLKM01007809.1",2,10741
"OLKM01007820.1",2,10715
"OLKM01007827.1",2,10695
"OLKM01007860.1",2,10575
"OLKM01007868.1",2,10566
"OLKM01007872.1",2,10555
"OLKM01007879.1",2,10536
"OLKM01007915.1",2,10397
"OLKM01007922.1",2,10383
"OLKM01007923.1",2,10382
"OLKM01007924.1",2,10370
"OLKM01007931.1",2,10345
"OLKM01007942.1",2,10305
"OLKM01007948.1",2,10290
"OLKM01007955.1",2,10250
"OLKM01007959.1",2,10240
"OLKM01007991.1",2,10140
"OLKM01008001.1",2,10104
"OLKM01008008.1",2,10070
"OLKM01008021.1",2,10027
"OLKM01008024.1",2,10016
"OLKM01008027.1",2,10000
"OLKM01008033.1",2,9978
"OLKM01008044.1",2,9935
"OLKM01008049.1",2,9837
"OLKM01008097.1",2,8858
"OLKM01008101.1",2,8769
"OLKM01008109.1",2,8642
"OLKM01008118.1",2,8433
"OLKM01008119.1",2,8376
"OLKM01008215.1",2,5546
"OLKM01008226.1",2,5268
"OLKM01008249.1",2,4733
"OLKM01008274.1",2,4202
"OLKM01008278.1",2,4081
"OLKM01008293.1",2,3847
"OLKM01008312.1",2,3546
"OLKM01008315.1",2,3492
"OLKM01008322.1",2,3375
"OLKM01008331.1",2,3261
"OLKM01008334.1",2,3203
"OLKM01008335.1",2,3197
"OLKM01008347.1",2,3038
"OLKM01008375.1",2,2667
"OLKM01008384.1",2,2579
"OLKM01008411.1",2,2274
"OLKM01000882.1",1,208954
"OLKM01001436.1",1,135703
"OLKM01001444.1",1,135196
"OLKM01001460.1",1,133512
"OLKM01001492.1",1,130871
"OLKM01001576.1",1,121163
"OLKM01001579.1",1,120815
"OLKM01001586.1",1,120436
"OLKM01001616.1",1,118729
"OLKM01001777.1",1,106204
"OLKM01001803.1",1,104310
"OLKM01001881.1",1,99254
"OLKM01001901.1",1,97494
"OLKM01001918.1",1,96091
"OLKM01001931.1",1,95171
"OLKM01001944.1",1,94189
"OLKM01001951.1",1,93575
"OLKM01001963.1",1,92604
"OLKM01002029.1",1,88924
"OLKM01002031.1",1,88772
"OLKM01002037.1",1,88647
"OLKM01002060.1",1,87234
"OLKM01002062.1",1,87170
"OLKM01002064.1",1,87043
"OLKM01002143.1",1,83163
"OLKM01002161.1",1,82241
"OLKM01002203.1",1,79642
"OLKM01002205.1",1,79560
"OLKM01002221.1",1,78729
"OLKM01002225.1",1,78507
"OLKM01002239.1",1,77830
"OLKM01002246.1",1,77467
"OLKM01002253.1",1,76945
"OLKM01002260.1",1,76617
"OLKM01002329.1",1,73943
"OLKM01002336.1",1,73549
"OLKM01002349.1",1,72972
"OLKM01002350.1",1,72969
"OLKM01002363.1",1,72420
"OLKM01002374.1",1,71867
"OLKM01002407.1",1,70462
"OLKM01002414.1",1,70179
"OLKM01002459.1",1,68228
"OLKM01002477.1",1,67386
"OLKM01002479.1",1,67165
"OLKM01002502.1",1,66500
"OLKM01002518.1",1,65555
"OLKM01002519.1",1,65525
"OLKM01002531.1",1,65149
"OLKM01002533.1",1,65099
"OLKM01002543.1",1,64828
"OLKM01002548.1",1,64577
"OLKM01002567.1",1,63705
"OLKM01002569.1",1,63583
"OLKM01002571.1",1,63563
"OLKM01002630.1",1,60796
"OLKM01002632.1",1,60730
"OLKM01002634.1",1,60643
"OLKM01002658.1",1,59508
"OLKM01002679.1",1,58380
"OLKM01002683.1",1,58065
"OLKM01002684.1",1,58045
"OLKM01002691.1",1,57869
"OLKM01002710.1",1,57218
"OLKM01002714.1",1,57059
"OLKM01002743.1",1,56179
"OLKM01002752.1",1,55946
"OLKM01002758.1",1,55778
"OLKM01002764.1",1,55475
"OLKM01002769.1",1,55251
"OLKM01002770.1",1,55247
"OLKM01002785.1",1,54796
"OLKM01002792.1",1,54617
"OLKM01002793.1",1,54617
"OLKM01002795.1",1,54607
"OLKM01002797.1",1,54514
"OLKM01002801.1",1,54406
"OLKM01002809.1",1,53988
"OLKM01002821.1",1,53482
"OLKM01002826.1",1,53322
"OLKM01002830.1",1,53239
"OLKM01002833.1",1,53113
"OLKM01002834.1",1,53071
"OLKM01002838.1",1,52891
"OLKM01002854.1",1,52179
"OLKM01002868.1",1,51676
"OLKM01002878.1",1,51442
"OLKM01002880.1",1,51397
"OLKM01002893.1",1,51003
"OLKM01002928.1",1,49745
"OLKM01002929.1",1,49714
"OLKM01002930.1",1,49689
"OLKM01002942.1",1,49146
"OLKM01002964.1",1,48043
"OLKM01002967.1",1,47917
"OLKM01002973.1",1,47786
"OLKM01002994.1",1,47422
"OLKM01003003.1",1,47165
"OLKM01003035.1",1,46275
"OLKM01003050.1",1,45768
"OLKM01003053.1",1,45614
"OLKM01003063.1",1,45315
"OLKM01003067.1",1,45172
"OLKM01003069.1",1,45126
"OLKM01003075.1",1,44865
"OLKM01003077.1",1,44843
"OLKM01003080.1",1,44649
"OLKM01003083.1",1,44600
"OLKM01003091.1",1,44399
"OLKM01003094.1",1,44329
"OLKM01003098.1",1,44264
"OLKM01003108.1",1,43876
"OLKM01003109.1",1,43781
"OLKM01003115.1",1,43682
"OLKM01003125.1",1,43450
"OLKM01003134.1",1,43114
"OLKM01003143.1",1,42945
"OLKM01003147.1",1,42809
"OLKM01003156.1",1,42701
"OLKM01003164.1",1,42458
"OLKM01003174.1",1,42260
"OLKM01003189.1",1,41866
"OLKM01003191.1",1,41830
"OLKM01003212.1",1,41162
"OLKM01003213.1",1,41082
"OLKM01003215.1",1,41048
"OLKM01003222.1",1,40951
"OLKM01003232.1",1,40774
"OLKM01003233.1",1,40752
"OLKM01003236.1",1,40607
"OLKM01003237.1",1,40597
"OLKM01003238.1",1,40556
"OLKM01003239.1",1,40550
"OLKM01003252.1",1,40090
"OLKM01003255.1",1,40033
"OLKM01003271.1",1,39763
"OLKM01003276.1",1,39662
"OLKM01003279.1",1,39575
"OLKM01003281.1",1,39553
"OLKM01003295.1",1,39262
"OLKM01003300.1",1,39179
"OLKM01003304.1",1,39147
"OLKM01003307.1",1,39073
"OLKM01003309.1",1,39043
"OLKM01003318.1",1,38756
"OLKM01003321.1",1,38704
"OLKM01003326.1",1,38651
"OLKM01003339.1",1,38421
"OLKM01003341.1",1,38403
"OLKM01003345.1",1,38349
"OLKM01003347.1",1,38330
"OLKM01003356.1",1,38079
"OLKM01003366.1",1,37867
"OLKM01003371.1",1,37743
"OLKM01003377.1",1,37636
"OLKM01003385.1",1,37538
"OLKM01003393.1",1,37361
"OLKM01003398.1",1,37227
"OLKM01003402.1",1,37158
"OLKM01003407.1",1,37092
"OLKM01003419.1",1,36834
"OLKM01003420.1",1,36796
"OLKM01003433.1",1,36610
"OLKM01003436.1",1,36557
"OLKM01003439.1",1,36474
"OLKM01003445.1",1,36367
"OLKM01003448.1",1,36291
"OLKM01003453.1",1,36195
"OLKM01003464.1",1,35982
"OLKM01003465.1",1,35960
"OLKM01003468.1",1,35859
"OLKM01003481.1",1,35586
"OLKM01003484.1",1,35484
"OLKM01003499.1",1,35215
"OLKM01003501.1",1,35185
"OLKM01003502.1",1,35174
"OLKM01003516.1",1,34902
"OLKM01003530.1",1,34640
"OLKM01003533.1",1,34540
"OLKM01003542.1",1,34307
"OLKM01003547.1",1,34253
"OLKM01003548.1",1,34224
"OLKM01003549.1",1,34219
"OLKM01003555.1",1,34123
"OLKM01003557.1",1,34048
"OLKM01003561.1",1,33980
"OLKM01003563.1",1,33960
"OLKM01003589.1",1,33612
"OLKM01003590.1",1,33565
"OLKM01003592.1",1,33547
"OLKM01003600.1",1,33467
"OLKM01003605.1",1,33311
"OLKM01003608.1",1,33292
"OLKM01003609.1",1,33284
"OLKM01003611.1",1,33266
"OLKM01003618.1",1,33166
"OLKM01003619.1",1,33155
"OLKM01003621.1",1,33096
"OLKM01003624.1",1,33056
"OLKM01003627.1",1,32959
"OLKM01003639.1",1,32790
"OLKM01003649.1",1,32673
"OLKM01003653.1",1,32605
"OLKM01003656.1",1,32533
"OLKM01003664.1",1,32417
"OLKM01003670.1",1,32348
"OLKM01003675.1",1,32284
"OLKM01003677.1",1,32270
"OLKM01003679.1",1,32233
"OLKM01003687.1",1,32087
"OLKM01003692.1",1,31902
"OLKM01003693.1",1,31885
"OLKM01003694.1",1,31869
"OLKM01003701.1",1,31757
"OLKM01003707.1",1,31683
"OLKM01003719.1",1,31407
"OLKM01003720.1",1,31393
"OLKM01003725.1",1,31317
"OLKM01003729.1",1,31209
"OLKM01003730.1",1,31200
"OLKM01003731.1",1,31168
"OLKM01003740.1",1,31020
"OLKM01003742.1",1,30946
"OLKM01003745.1",1,30842
"OLKM01003748.1",1,30726
"OLKM01003749.1",1,30690
"OLKM01003760.1",1,30450
"OLKM01003762.1",1,30398
"OLKM01003764.1",1,30327
"OLKM01003768.1",1,30283
"OLKM01003771.1",1,30238
"OLKM01003776.1",1,30153
"OLKM01003786.1",1,30001
"OLKM01003793.1",1,29883
"OLKM01003801.1",1,29756
"OLKM01003807.1",1,29626
"OLKM01003822.1",1,29305
"OLKM01003824.1",1,29284
"OLKM01003827.1",1,29239
"OLKM01003832.1",1,29205
"OLKM01003833.1",1,29204
"OLKM01003839.1",1,29072
"OLKM01003841.1",1,29055
"OLKM01003843.1",1,29014
"OLKM01003845.1",1,28995
"OLKM01003850.1",1,28916
"OLKM01003859.1",1,28835
"OLKM01003861.1",1,28813
"OLKM01003871.1",1,28657
"OLKM01003875.1",1,28561
"OLKM01003876.1",1,28524
"OLKM01003880.1",1,28436
"OLKM01003889.1",1,28300
"OLKM01003890.1",1,28294
"OLKM01003908.1",1,27975
"OLKM01003918.1",1,27861
"OLKM01003920.1",1,27799
"OLKM01003933.1",1,27633
"OLKM01003943.1",1,27525
"OLKM01003953.1",1,27354
"OLKM01003956.1",1,27324
"OLKM01003959.1",1,27305
"OLKM01003963.1",1,27244
"OLKM01003970.1",1,27108
"OLKM01003971.1",1,27102
"OLKM01003980.1",1,26878
"OLKM01003984.1",1,26834
"OLKM01003993.1",1,26763
"OLKM01003996.1",1,26713
"OLKM01003999.1",1,26686
"OLKM01004000.1",1,26678
"OLKM01004003.1",1,26646
"OLKM01004004.1",1,26642
"OLKM01004014.1",1,26510
"OLKM01004023.1",1,26437
"OLKM01004030.1",1,26326
"OLKM01004039.1",1,26261
"OLKM01004040.1",1,26204
"OLKM01004043.1",1,26145
"OLKM01004044.1",1,26138
"OLKM01004046.1",1,26107
"OLKM01004048.1",1,26086
"OLKM01004050.1",1,26081
"OLKM01004053.1",1,26050
"OLKM01004054.1",1,26032
"OLKM01004060.1",1,25939
"OLKM01004061.1",1,25935
"OLKM01004083.1",1,25676
"OLKM01004085.1",1,25662
"OLKM01004091.1",1,25579
"OLKM01004092.1",1,25575
"OLKM01004095.1",1,25502
"OLKM01004097.1",1,25478
"OLKM01004100.1",1,25456
"OLKM01004109.1",1,25358
"OLKM01004111.1",1,25328
"OLKM01004126.1",1,25122
"OLKM01004128.1",1,25116
"OLKM01004151.1",1,24840
"OLKM01004156.1",1,24801
"OLKM01004158.1",1,24775
"OLKM01004163.1",1,24727
"OLKM01004164.1",1,24726
"OLKM01004165.1",1,24702
"OLKM01004166.1",1,24697
"OLKM01004170.1",1,24638
"OLKM01004174.1",1,24595
"OLKM01004180.1",1,24486
"OLKM01004185.1",1,24460
"OLKM01004192.1",1,24374
"OLKM01004199.1",1,24335
"OLKM01004204.1",1,24291
"OLKM01004205.1",1,24283
"OLKM01004208.1",1,24272
"OLKM01004213.1",1,24238
"OLKM01004216.1",1,24230
"OLKM01004218.1",1,24213
"OLKM01004226.1",1,24157
"OLKM01004231.1",1,24124
"OLKM01004242.1",1,24007
"OLKM01004248.1",1,23976
"OLKM01004252.1",1,23955
"OLKM01004255.1",1,23921
"OLKM01004261.1",1,23878
"OLKM01004262.1",1,23874
"OLKM01004278.1",1,23692
"OLKM01004280.1",1,23663
"OLKM01004287.1",1,23644
"OLKM01004289.1",1,23634
"OLKM01004291.1",1,23616
"OLKM01004295.1",1,23590
"OLKM01004303.1",1,23534
"OLKM01004313.1",1,23410
"OLKM01004323.1",1,23287
"OLKM01004326.1",1,23252
"OLKM01004332.1",1,23207
"OLKM01004333.1",1,23191
"OLKM01004335.1",1,23185
"OLKM01004340.1",1,23158
"OLKM01004350.1",1,23084
"OLKM01004352.1",1,23063
"OLKM01004367.1",1,22922
"OLKM01004368.1",1,22920
"OLKM01004380.1",1,22842
"OLKM01004382.1",1,22826
"OLKM01004385.1",1,22808
"OLKM01004395.1",1,22721
"OLKM01004398.1",1,22710
"OLKM01004414.1",1,22603
"OLKM01004417.1",1,22582
"OLKM01004424.1",1,22525
"OLKM01004434.1",1,22462
"OLKM01004437.1",1,22440
"OLKM01004454.1",1,22288
"OLKM01004456.1",1,22263
"OLKM01004461.1",1,22237
"OLKM01004463.1",1,22231
"OLKM01004464.1",1,22231
"OLKM01004465.1",1,22221
"OLKM01004477.1",1,22138
"OLKM01004479.1",1,22120
"OLKM01004480.1",1,22098
"OLKM01004481.1",1,22095
"OLKM01004482.1",1,22094
"OLKM01004483.1",1,22051
"OLKM01004484.1",1,22048
"OLKM01004496.1",1,21991
"OLKM01004511.1",1,21894
"OLKM01004513.1",1,21869
"OLKM01004520.1",1,21833
"OLKM01004534.1",1,21731
"OLKM01004545.1",1,21655
"OLKM01004553.1",1,21625
"OLKM01004554.1",1,21621
"OLKM01004562.1",1,21584
"OLKM01004567.1",1,21549
"OLKM01004568.1",1,21546
"OLKM01004571.1",1,21525
"OLKM01004576.1",1,21487
"OLKM01004587.1",1,21367
"OLKM01004589.1",1,21357
"OLKM01004599.1",1,21292
"OLKM01004600.1",1,21262
"OLKM01004606.1",1,21239
"OLKM01004607.1",1,21221
"OLKM01004616.1",1,21141
"OLKM01004622.1",1,21096
"OLKM01004623.1",1,21087
"OLKM01004625.1",1,21076
"OLKM01004630.1",1,21036
"OLKM01004631.1",1,21030
"OLKM01004640.1",1,20937
"OLKM01004643.1",1,20931
"OLKM01004646.1",1,20918
"OLKM01004652.1",1,20866
"OLKM01004656.1",1,20812
"OLKM01004674.1",1,20717
"OLKM01004683.1",1,20658
"OLKM01004697.1",1,20544
"OLKM01004700.1",1,20541
"OLKM01004701.1",1,20532
"OLKM01004702.1",1,20526
"OLKM01004711.1",1,20490
"OLKM01004712.1",1,20488
"OLKM01004726.1",1,20375
"OLKM01004731.1",1,20356
"OLKM01004733.1",1,20343
"OLKM01004734.1",1,20324
"OLKM01004737.1",1,20303
"OLKM01004751.1",1,20247
"OLKM01004755.1",1,20234
"OLKM01004759.1",1,20218
"OLKM01004760.1",1,20218
"OLKM01004764.1",1,20212
"OLKM01004765.1",1,20205
"OLKM01004766.1",1,20203
"OLKM01004784.1",1,20080
"OLKM01004794.1",1,20026
"OLKM01004795.1",1,20023
"OLKM01004813.1",1,19906
"OLKM01004818.1",1,19874
"OLKM01004825.1",1,19834
"OLKM01004833.1",1,19791
"OLKM01004836.1",1,19765
"OLKM01004841.1",1,19732
"OLKM01004843.1",1,19720
"OLKM01004848.1",1,19676
"OLKM01004870.1",1,19544
"OLKM01004873.1",1,19526
"OLKM01004877.1",1,19495
"OLKM01004878.1",1,19476
"OLKM01004881.1",1,19465
"OLKM01004888.1",1,19449
"OLKM01004889.1",1,19449
"OLKM01004891.1",1,19440
"OLKM01004900.1",1,19409
"OLKM01004905.1",1,19390
"OLKM01004911.1",1,19373
"OLKM01004921.1",1,19316
"OLKM01004928.1",1,19290
"OLKM01004929.1",1,19286
"OLKM01004932.1",1,19274
"OLKM01004937.1",1,19250
"OLKM01004949.1",1,19194
"OLKM01004970.1",1,19101
"OLKM01004977.1",1,19052
"OLKM01004985.1",1,19017
"OLKM01004987.1",1,19016
"OLKM01004990.1",1,19001
"OLKM01004994.1",1,18983
"OLKM01005007.1",1,18922
"OLKM01005008.1",1,18919
"OLKM01005020.1",1,18874
"OLKM01005025.1",1,18849
"OLKM01005026.1",1,18841
"OLKM01005027.1",1,18838
"OLKM01005041.1",1,18743
"OLKM01005047.1",1,18718
"OLKM01005051.1",1,18701
"OLKM01005070.1",1,18603
"OLKM01005074.1",1,18582
"OLKM01005082.1",1,18548
"OLKM01005086.1",1,18531
"OLKM01005090.1",1,18512
"OLKM01005104.1",1,18394
"OLKM01005108.1",1,18379
"OLKM01005110.1",1,18372
"OLKM01005115.1",1,18355
"OLKM01005119.1",1,18348
"OLKM01005121.1",1,18346
"OLKM01005122.1",1,18345
"OLKM01005129.1",1,18308
"OLKM01005134.1",1,18289
"OLKM01005139.1",1,18281
"OLKM01005149.1",1,18235
"OLKM01005160.1",1,18196
"OLKM01005163.1",1,18187
"OLKM01005166.1",1,18177
"OLKM01005170.1",1,18158
"OLKM01005171.1",1,18157
"OLKM01005174.1",1,18148
"OLKM01005180.1",1,18118
"OLKM01005200.1",1,18044
"OLKM01005208.1",1,18000
"OLKM01005217.1",1,17954
"OLKM01005222.1",1,17938
"OLKM01005230.1",1,17903
"OLKM01005232.1",1,17899
"OLKM01005237.1",1,17883
"OLKM01005249.1",1,17845
"OLKM01005254.1",1,17816
"OLKM01005259.1",1,17790
"OLKM01005263.1",1,17784
"OLKM01005272.1",1,17745
"OLKM01005289.1",1,17681
"OLKM01005292.1",1,17677
"OLKM01005295.1",1,17662
"OLKM01005297.1",1,17655
"OLKM01005298.1",1,17653
"OLKM01005301.1",1,17634
"OLKM01005305.1",1,17622
"OLKM01005309.1",1,17600
"OLKM01005316.1",1,17584
"OLKM01005319.1",1,17570
"OLKM01005325.1",1,17545
"OLKM01005331.1",1,17517
"OLKM01005351.1",1,17455
"OLKM01005353.1",1,17444
"OLKM01005358.1",1,17429
"OLKM01005360.1",1,17422
"OLKM01005361.1",1,17420
"OLKM01005366.1",1,17409
"OLKM01005384.1",1,17349
"OLKM01005388.1",1,17335
"OLKM01005402.1",1,17295
"OLKM01005403.1",1,17295
"OLKM01005407.1",1,17265
"OLKM01005418.1",1,17232
"OLKM01005419.1",1,17232
"OLKM01005429.1",1,17196
"OLKM01005444.1",1,17138
"OLKM01005448.1",1,17129
"OLKM01005452.1",1,17113
"OLKM01005464.1",1,17060
"OLKM01005473.1",1,17042
"OLKM01005474.1",1,17037
"OLKM01005478.1",1,17032
"OLKM01005480.1",1,17024
"OLKM01005487.1",1,17000
"OLKM01005490.1",1,16988
"OLKM01005496.1",1,16962
"OLKM01005507.1",1,16920
"OLKM01005516.1",1,16896
"OLKM01005517.1",1,16893
"OLKM01005519.1",1,16892
"OLKM01005520.1",1,16888
"OLKM01005526.1",1,16871
"OLKM01005531.1",1,16849
"OLKM01005535.1",1,16836
"OLKM01005546.1",1,16801
"OLKM01005547.1",1,16801
"OLKM01005550.1",1,16787
"OLKM01005551.1",1,16784
"OLKM01005557.1",1,16775
"OLKM01005563.1",1,16760
"OLKM01005566.1",1,16755
"OLKM01005567.1",1,16752
"OLKM01005572.1",1,16744
"OLKM01005574.1",1,16732
"OLKM01005577.1",1,16710
"OLKM01005578.1",1,16709
"OLKM01005585.1",1,16687
"OLKM01005590.1",1,16651
"OLKM01005591.1",1,16646
"OLKM01005594.1",1,16644
"OLKM01005595.1",1,16644
"OLKM01005600.1",1,16622
"OLKM01005613.1",1,16576
"OLKM01005621.1",1,16558
"OLKM01005626.1",1,16547
"OLKM01005638.1",1,16501
"OLKM01005645.1",1,16464
"OLKM01005646.1",1,16453
"OLKM01005655.1",1,16411
"OLKM01005659.1",1,16396
"OLKM01005661.1",1,16388
"OLKM01005663.1",1,16386
"OLKM01005666.1",1,16379
"OLKM01005669.1",1,16353
"OLKM01005670.1",1,16346
"OLKM01005671.1",1,16342
"OLKM01005680.1",1,16286
"OLKM01005682.1",1,16279
"OLKM01005683.1",1,16267
"OLKM01005690.1",1,16235
"OLKM01005699.1",1,16191
"OLKM01005711.1",1,16159
"OLKM01005712.1",1,16157
"OLKM01005713.1",1,16156
"OLKM01005722.1",1,16116
"OLKM01005726.1",1,16102
"OLKM01005728.1",1,16091
"OLKM01005735.1",1,16067
"OLKM01005736.1",1,16056
"OLKM01005737.1",1,16055
"OLKM01005747.1",1,16039
"OLKM01005754.1",1,16025
"OLKM01005757.1",1,16012
"OLKM01005758.1",1,16010
"OLKM01005760.1",1,16005
"OLKM01005763.1",1,15993
"OLKM01005764.1",1,15990
"OLKM01005780.1",1,15934
"OLKM01005781.1",1,15932
"OLKM01005784.1",1,15929
"OLKM01005791.1",1,15914
"OLKM01005793.1",1,15913
"OLKM01005796.1",1,15910
"OLKM01005804.1",1,15889
"OLKM01005809.1",1,15871
"OLKM01005825.1",1,15834
"OLKM01005839.1",1,15802
"OLKM01005846.1",1,15780
"OLKM01005855.1",1,15748
"OLKM01005856.1",1,15743
"OLKM01005864.1",1,15732
"OLKM01005865.1",1,15729
"OLKM01005872.1",1,15715
"OLKM01005873.1",1,15708
"OLKM01005896.1",1,15639
"OLKM01005904.1",1,15626
"OLKM01005909.1",1,15621
"OLKM01005923.1",1,15568
"OLKM01005926.1",1,15566
"OLKM01005927.1",1,15562
"OLKM01005929.1",1,15560
"OLKM01005938.1",1,15517
"OLKM01005944.1",1,15499
"OLKM01005946.1",1,15492
"OLKM01005950.1",1,15486
"OLKM01005955.1",1,15476
"OLKM01005956.1",1,15476
"OLKM01005961.1",1,15461
"OLKM01005966.1",1,15442
"OLKM01005981.1",1,15395
"OLKM01005982.1",1,15394
"OLKM01006010.1",1,15317
"OLKM01006015.1",1,15295
"OLKM01006018.1",1,15290
"OLKM01006020.1",1,15287
"OLKM01006021.1",1,15285
"OLKM01006035.1",1,15265
"OLKM01006048.1",1,15231
"OLKM01006050.1",1,15226
"OLKM01006064.1",1,15199
"OLKM01006081.1",1,15163
"OLKM01006090.1",1,15148
"OLKM01006095.1",1,15128
"OLKM01006103.1",1,15109
"OLKM01006104.1",1,15109
"OLKM01006108.1",1,15100
"OLKM01006118.1",1,15079
"OLKM01006122.1",1,15060
"OLKM01006123.1",1,15058
"OLKM01006129.1",1,15053
"OLKM01006134.1",1,15044
"OLKM01006141.1",1,15022
"OLKM01006177.1",1,14932
"OLKM01006182.1",1,14914
"OLKM01006188.1",1,14908
"OLKM01006214.1",1,14830
"OLKM01006223.1",1,14806
"OLKM01006225.1",1,14798
"OLKM01006228.1",1,14794
"OLKM01006230.1",1,14791
"OLKM01006231.1",1,14790
"OLKM01006235.1",1,14785
"OLKM01006236.1",1,14784
"OLKM01006241.1",1,14771
"OLKM01006245.1",1,14752
"OLKM01006250.1",1,14734
"OLKM01006264.1",1,14694
"OLKM01006276.1",1,14664
"OLKM01006278.1",1,14662
"OLKM01006283.1",1,14652
"OLKM01006297.1",1,14629
"OLKM01006302.1",1,14617
"OLKM01006310.1",1,14603
"OLKM01006314.1",1,14594
"OLKM01006320.1",1,14583
"OLKM01006322.1",1,14576
"OLKM01006329.1",1,14557
"OLKM01006337.1",1,14531
"OLKM01006345.1",1,14508
"OLKM01006349.1",1,14501
"OLKM01006355.1",1,14488
"OLKM01006365.1",1,14459
"OLKM01006376.1",1,14437
"OLKM01006392.1",1,14407
"OLKM01006402.1",1,14371
"OLKM01006407.1",1,14362
"OLKM01006408.1",1,14360
"OLKM01006410.1",1,14355
"OLKM01006425.1",1,14314
"OLKM01006453.1",1,14234
"OLKM01006472.1",1,14168
"OLKM01006474.1",1,14162
"OLKM01006477.1",1,14161
"OLKM01006478.1",1,14159
"OLKM01006487.1",1,14150
"OLKM01006494.1",1,14114
"OLKM01006498.1",1,14098
"OLKM01006499.1",1,14094
"OLKM01006508.1",1,14072
"OLKM01006515.1",1,14059
"OLKM01006519.1",1,14048
"OLKM01006522.1",1,14038
"OLKM01006528.1",1,14025
"OLKM01006529.1",1,14023
"OLKM01006537.1",1,14003
"OLKM01006541.1",1,13995
"OLKM01006548.1",1,13965
"OLKM01006552.1",1,13960
"OLKM01006557.1",1,13943
"OLKM01006561.1",1,13934
"OLKM01006571.1",1,13916
"OLKM01006574.1",1,13914
"OLKM01006585.1",1,13886
"OLKM01006596.1",1,13863
"OLKM01006601.1",1,13851
"OLKM01006612.1",1,13824
"OLKM01006616.1",1,13823
"OLKM01006621.1",1,13812
"OLKM01006636.1",1,13757
"OLKM01006639.1",1,13750
"OLKM01006645.1",1,13730
"OLKM01006651.1",1,13722
"OLKM01006661.1",1,13693
"OLKM01006667.1",1,13671
"OLKM01006672.1",1,13660
"OLKM01006679.1",1,13647
"OLKM01006682.1",1,13643
"OLKM01006690.1",1,13627
"OLKM01006696.1",1,13614
"OLKM01006699.1",1,13601
"OLKM01006722.1",1,13550
"OLKM01006725.1",1,13545
"OLKM01006728.1",1,13543
"OLKM01006731.1",1,13531
"OLKM01006733.1",1,13530
"OLKM01006734.1",1,13530
"OLKM01006736.1",1,13527
"OLKM01006770.1",1,13431
"OLKM01006771.1",1,13430
"OLKM01006773.1",1,13425
"OLKM01006778.1",1,13417
"OLKM01006790.1",1,13402
"OLKM01006799.1",1,13379
"OLKM01006802.1",1,13372
"OLKM01006809.1",1,13357
"OLKM01006815.1",1,13345
"OLKM01006816.1",1,13345
"OLKM01006828.1",1,13304
"OLKM01006831.1",1,13299
"OLKM01006838.1",1,13289
"OLKM01006839.1",1,13287
"OLKM01006845.1",1,13261
"OLKM01006849.1",1,13254
"OLKM01006852.1",1,13245
"OLKM01006863.1",1,13216
"OLKM01006864.1",1,13214
"OLKM01006868.1",1,13206
"OLKM01006871.1",1,13200
"OLKM01006872.1",1,13198
"OLKM01006875.1",1,13188
"OLKM01006876.1",1,13187
"OLKM01006878.1",1,13182
"OLKM01006887.1",1,13160
"OLKM01006895.1",1,13142
"OLKM01006903.1",1,13132
"OLKM01006910.1",1,13121
"OLKM01006912.1",1,13120
"OLKM01006914.1",1,13117
"OLKM01006920.1",1,13094
"OLKM01006933.1",1,13071
"OLKM01006934.1",1,13067
"OLKM01006937.1",1,13064
"OLKM01006945.1",1,13036
"OLKM01006946.1",1,13036
"OLKM01006948.1",1,13034
"OLKM01006961.1",1,12987
"OLKM01006966.1",1,12978
"OLKM01006971.1",1,12964
"OLKM01006986.1",1,12917
"OLKM01006995.1",1,12901
"OLKM01007014.1",1,12860
"OLKM01007017.1",1,12855
"OLKM01007018.1",1,12843
"OLKM01007021.1",1,12837
"OLKM01007030.1",1,12813
"OLKM01007035.1",1,12794
"OLKM01007044.1",1,12770
"OLKM01007052.1",1,12742
"OLKM01007060.1",1,12724
"OLKM01007092.1",1,12650
"OLKM01007093.1",1,12648
"OLKM01007101.1",1,12617
"OLKM01007119.1",1,12586
"OLKM01007120.1",1,12569
"OLKM01007121.1",1,12569
"OLKM01007125.1",1,12563
"OLKM01007135.1",1,12540
"OLKM01007138.1",1,12534
"OLKM01007154.1",1,12488
"OLKM01007157.1",1,12481
"OLKM01007159.1",1,12469
"OLKM01007161.1",1,12466
"OLKM01007167.1",1,12453
"OLKM01007172.1",1,12437
"OLKM01007174.1",1,12434
"OLKM01007177.1",1,12427
"OLKM01007194.1",1,12392
"OLKM01007195.1",1,12379
"OLKM01007196.1",1,12376
"OLKM01007204.1",1,12343
"OLKM01007207.1",1,12339
"OLKM01007208.1",1,12335
"OLKM01007214.1",1,12324
"OLKM01007215.1",1,12324
"OLKM01007216.1",1,12321
"OLKM01007226.1",1,12300
"OLKM01007234.1",1,12255
"OLKM01007241.1",1,12241
"OLKM01007242.1",1,12240
"OLKM01007246.1",1,12234
"OLKM01007250.1",1,12227
"OLKM01007253.1",1,12220
"OLKM01007256.1",1,12209
"OLKM01007258.1",1,12203
"OLKM01007266.1",1,12171
"OLKM01007278.1",1,12143
"OLKM01007298.1",1,12098
"OLKM01007303.1",1,12091
"OLKM01007312.1",1,12074
"OLKM01007315.1",1,12066
"OLKM01007317.1",1,12058
"OLKM01007342.1",1,12011
"OLKM01007350.1",1,12002
"OLKM01007352.1",1,12001
"OLKM01007356.1",1,11993
"OLKM01007358.1",1,11987
"OLKM01007374.1",1,11951
"OLKM01007375.1",1,11950
"OLKM01007381.1",1,11939
"OLKM01007408.1",1,11884
"OLKM01007421.1",1,11861
"OLKM01007422.1",1,11861
"OLKM01007432.1",1,11839
"OLKM01007448.1",1,11800
"OLKM01007449.1",1,11797
"OLKM01007457.1",1,11780
"OLKM01007469.1",1,11742
"OLKM01007482.1",1,11704
"OLKM01007485.1",1,11701
"OLKM01007496.1",1,11682
"OLKM01007507.1",1,11658
"OLKM01007515.1",1,11611
"OLKM01007525.1",1,11569
"OLKM01007529.1",1,11564
"OLKM01007533.1",1,11557
"OLKM01007534.1",1,11557
"OLKM01007537.1",1,11550
"OLKM01007540.1",1,11531
"OLKM01007548.1",1,11495
"OLKM01007558.1",1,11457
"OLKM01007571.1",1,11408
"OLKM01007573.1",1,11404
"OLKM01007580.1",1,11395
"OLKM01007590.1",1,11370
"OLKM01007595.1",1,11361
"OLKM01007598.1",1,11353
"OLKM01007603.1",1,11339
"OLKM01007604.1",1,11337
"OLKM01007609.1",1,11309
"OLKM01007610.1",1,11308
"OLKM01007617.1",1,11294
"OLKM01007618.1",1,11293
"OLKM01007620.1",1,11280
"OLKM01007638.1",1,11234
"OLKM01007640.1",1,11224
"OLKM01007641.1",1,11223
"OLKM01007654.1",1,11191
"OLKM01007655.1",1,11190
"OLKM01007662.1",1,11164
"OLKM01007668.1",1,11150
"OLKM01007669.1",1,11147
"OLKM01007684.1",1,11080
"OLKM01007686.1",1,11065
"OLKM01007687.1",1,11061
"OLKM01007718.1",1,10989
"OLKM01007722.1",1,10975
"OLKM01007723.1",1,10968
"OLKM01007731.1",1,10950
"OLKM01007740.1",1,10916
"OLKM01007742.1",1,10910
"OLKM01007765.1",1,10862
"OLKM01007770.1",1,10852
"OLKM01007771.1",1,10852
"OLKM01007790.1",1,10792
"OLKM01007791.1",1,10791
"OLKM01007797.1",1,10768
"OLKM01007810.1",1,10741
"OLKM01007817.1",1,10729
"OLKM01007823.1",1,10710
"OLKM01007825.1",1,10705
"OLKM01007828.1",1,10692
"OLKM01007830.1",1,10689
"OLKM01007835.1",1,10661
"OLKM01007839.1",1,10649
"OLKM01007845.1",1,10633
"OLKM01007846.1",1,10631
"OLKM01007848.1",1,10616
"OLKM01007849.1",1,10613
"OLKM01007852.1",1,10606
"OLKM01007854.1",1,10597
"OLKM01007862.1",1,10574
"OLKM01007876.1",1,10541
"OLKM01007881.1",1,10530
"OLKM01007889.1",1,10495
"OLKM01007890.1",1,10494
"OLKM01007893.1",1,10482
"OLKM01007901.1",1,10461
"OLKM01007907.1",1,10447
"OLKM01007909.1",1,10446
"OLKM01007916.1",1,10393
"OLKM01007920.1",1,10385
"OLKM01007921.1",1,10383
"OLKM01007927.1",1,10361
"OLKM01007929.1",1,10349
"OLKM01007933.1",1,10343
"OLKM01007957.1",1,10241
"OLKM01007969.1",1,10209
"OLKM01007979.1",1,10170
"OLKM01007985.1",1,10148
"OLKM01007987.1",1,10145
"OLKM01007996.1",1,10128
"OLKM01008015.1",1,10038
"OLKM01008017.1",1,10037
"OLKM01008019.1",1,10033
"OLKM01008050.1",1,9828
"OLKM01008061.1",1,9651
"OLKM01008074.1",1,9447
"OLKM01008084.1",1,9168
"OLKM01008085.1",1,9112
"OLKM01008086.1",1,9110
"OLKM01008108.1",1,8671
"OLKM01008122.1",1,8296
"OLKM01008136.1",1,8049
"OLKM01008137.1",1,8018
"OLKM01008139.1",1,7990
"OLKM01008150.1",1,7742
"OLKM01008155.1",1,7541
"OLKM01008164.1",1,7264
"OLKM01008165.1",1,7134
"OLKM01008167.1",1,7078
"OLKM01008175.1",1,6864
"OLKM01008176.1",1,6848
"OLKM01008185.1",1,6431
"OLKM01008191.1",1,6339
"OLKM01008204.1",1,5892
"OLKM01008213.1",1,5652
"OLKM01008238.1",1,4982
"OLKM01008243.1",1,4878
"OLKM01008247.1",1,4808
"OLKM01008258.1",1,4497
"OLKM01008266.1",1,4371
"OLKM01008279.1",1,4078
"OLKM01008280.1",1,4067
"OLKM01008283.1",1,4024
"OLKM01008300.1",1,3711
"OLKM01008310.1",1,3573
"OLKM01008323.1",1,3346
"OLKM01008324.1",1,3340
"OLKM01008325.1",1,3323
"OLKM01008328.1",1,3282
"OLKM01008329.1",1,3270
"OLKM01008330.1",1,3264
"OLKM01008337.1",1,3185
"OLKM01008339.1",1,3157
"OLKM01008346.1",1,3068
"OLKM01008358.1",1,2911
"OLKM01008361.1",1,2890
"OLKM01008381.1",1,2602
"OLKM01008392.1",1,2486
"OLKM01008412.1",1,2257
