"","Loc","scaffold","position","gff_scaffold","scaffold.1","V2","feature_type","start","end","V6","V7","V8","ID","Name","Alias","Note"
"1","ENA|OLKM01000002|OLKM01000002.1 1260215","OLKM01000002.1",1260216,"MeA_20160214_scaffold_1","OLKM01000002.1","maker","gene",1255107,1260735,".","+",".","ID=MEAE_00000395","MEAE_00000395","Alias=maker-MeA_20160214_scaffold_1-snap-gene-3.594","Protein of unknown function"
"1.2","ENA|OLKM01000002|OLKM01000002.1 1260215","OLKM01000002.1",1260216,"MeA_20160214_scaffold_1","OLKM01000002.1","maker","gene",1258985,1261897,".","-",".","ID=MEAE_00000396","MEAE_00000396","Alias=snap_masked-MeA_20160214_scaffold_1-processed-gene-3.443","Protein of unknown function"
"2","ENA|OLKM01000003|OLKM01000003.1 929370","OLKM01000003.1",929371,"MeA_20160214_scaffold_2","OLKM01000003.1","maker","gene",892988,954521,".","+",".","ID=MEAE_00000539","MEAE_00000539","Alias=maker-MeA_20160214_scaffold_2-snap-gene-3.281","Protein of unknown function"
"3","ENA|OLKM01000003|OLKM01000003.1 1305712","OLKM01000003.1",1305713,"MeA_20160214_scaffold_2","OLKM01000003.1","maker","gene",1304217,1309303,".","-",".","ID=MEAE_00000607","MEAE_00000607","Alias=snap_masked-MeA_20160214_scaffold_2-processed-gene-3.250","Protein of unknown function"
"4","ENA|OLKM01000003|OLKM01000003.1 1305733","OLKM01000003.1",1305734,"MeA_20160214_scaffold_2","OLKM01000003.1","maker","gene",1304217,1309303,".","-",".","ID=MEAE_00000607","MEAE_00000607","Alias=snap_masked-MeA_20160214_scaffold_2-processed-gene-3.250","Protein of unknown function"
"5","ENA|OLKM01000003|OLKM01000003.1 1309466","OLKM01000003.1",1309467,"MeA_20160214_scaffold_2","OLKM01000003.1","maker","gene",1309432,1319053,".","-",".","ID=MEAE_00000608","MEAE_00000608","Alias=snap_masked-MeA_20160214_scaffold_2-processed-gene-3.251","Protein of unknown function"
"6","ENA|OLKM01000003|OLKM01000003.1 1318584","OLKM01000003.1",1318585,"MeA_20160214_scaffold_2","OLKM01000003.1","maker","gene",1309432,1319053,".","-",".","ID=MEAE_00000608","MEAE_00000608","Alias=snap_masked-MeA_20160214_scaffold_2-processed-gene-3.251","Protein of unknown function"
"10","ENA|OLKM01000005|OLKM01000005.1 226318","OLKM01000005.1",226319,"MeA_20160214_scaffold_4","OLKM01000005.1","maker","gene",225842,226553,".","+",".","ID=MEAE_00000784","MEAE_00000784","Alias=maker-MeA_20160214_scaffold_4-augustus-gene-0.128","Similar to ZBED5: Zinc finger BED domain-containing protein 5 (Bos taurus)"
"10.4","ENA|OLKM01000005|OLKM01000005.1 226318","OLKM01000005.1",226319,"MeA_20160214_scaffold_4","OLKM01000005.1","maker","gene",226187,236446,".","-",".","ID=MEAE_00000785","MEAE_00000785","Alias=snap_masked-MeA_20160214_scaffold_4-processed-gene-0.114","Protein of unknown function"
"12","ENA|OLKM01000006|OLKM01000006.1 1053909","OLKM01000006.1",1053910,"MeA_20160214_scaffold_5","OLKM01000006.1","maker","gene",1051372,1057068,".","+",".","ID=MEAE_00001117","MEAE_00001117","Alias=maker-MeA_20160214_scaffold_5-snap-gene-2.547","Similar to SH2D7: SH2 domain-containing protein 7 (Homo sapiens)"
"12.2","ENA|OLKM01000006|OLKM01000006.1 1053909","OLKM01000006.1",1053910,"MeA_20160214_scaffold_5","OLKM01000006.1","maker","gene",1053906,1054899,".","-",".","ID=MEAE_00001118","MEAE_00001118","Alias=snap_masked-MeA_20160214_scaffold_5-processed-gene-2.419","Protein of unknown function"
"13","ENA|OLKM01000012|OLKM01000012.1 798347","OLKM01000012.1",798348,"MeA_20160214_scaffold_11","OLKM01000012.1","maker","gene",737521,827291,".","+",".","ID=MEAE_00001898","MEAE_00001898","Alias=maker-MeA_20160214_scaffold_11-snap-gene-2.221","Similar to ATP13A3: Probable cation-transporting ATPase 13A3 (Homo sapiens)"
"14","ENA|OLKM01000013|OLKM01000013.1 391070","OLKM01000013.1",391071,"MeA_20160214_scaffold_12","OLKM01000013.1","maker","gene",383915,417734,".","-",".","ID=MEAE_00001983","MEAE_00001983","Alias=maker-MeA_20160214_scaffold_12-snap-gene-1.258","Similar to Plxnb3: Plexin-B3 (Mus musculus)"
"14.2","ENA|OLKM01000013|OLKM01000013.1 391070","OLKM01000013.1",391071,"MeA_20160214_scaffold_12","OLKM01000013.1","maker","gene",390532,396434,".","+",".","ID=MEAE_00001985","MEAE_00001985","Alias=snap_masked-MeA_20160214_scaffold_12-processed-gene-1.138","Protein of unknown function"
"15","ENA|OLKM01000013|OLKM01000013.1 391898","OLKM01000013.1",391899,"MeA_20160214_scaffold_12","OLKM01000013.1","maker","gene",383915,417734,".","-",".","ID=MEAE_00001983","MEAE_00001983","Alias=maker-MeA_20160214_scaffold_12-snap-gene-1.258","Similar to Plxnb3: Plexin-B3 (Mus musculus)"
"15.2","ENA|OLKM01000013|OLKM01000013.1 391898","OLKM01000013.1",391899,"MeA_20160214_scaffold_12","OLKM01000013.1","maker","gene",390532,396434,".","+",".","ID=MEAE_00001985","MEAE_00001985","Alias=snap_masked-MeA_20160214_scaffold_12-processed-gene-1.138","Protein of unknown function"
"16","ENA|OLKM01000013|OLKM01000013.1 780036","OLKM01000013.1",780037,"MeA_20160214_scaffold_12","OLKM01000013.1","maker","gene",775659,788950,".","+",".","ID=MEAE_00002033","MEAE_00002033","Alias=snap_masked-MeA_20160214_scaffold_12-processed-gene-2.171","Protein of unknown function"
"17","ENA|OLKM01000013|OLKM01000013.1 780045","OLKM01000013.1",780046,"MeA_20160214_scaffold_12","OLKM01000013.1","maker","gene",775659,788950,".","+",".","ID=MEAE_00002033","MEAE_00002033","Alias=snap_masked-MeA_20160214_scaffold_12-processed-gene-2.171","Protein of unknown function"
"18","ENA|OLKM01000018|OLKM01000018.1 662610","OLKM01000018.1",662611,"MeA_20160214_scaffold_17","OLKM01000018.1","maker","gene",651419,699441,".","-",".","ID=MEAE_00002630","MEAE_00002630","Alias=maker-MeA_20160214_scaffold_17-snap-gene-1.358","Similar to LEF1: Lymphoid enhancer-binding factor 1 (Homo sapiens)"
"20","ENA|OLKM01000022|OLKM01000022.1 825159","OLKM01000022.1",825160,"MeA_20160214_scaffold_21","OLKM01000022.1","maker","gene",822941,834388,".","-",".","ID=MEAE_00003144","MEAE_00003144","Alias=maker-MeA_20160214_scaffold_21-snap-gene-1.612","Similar to Adamtsl2: ADAMTS-like protein 2 (Mus musculus)"
"20.2","ENA|OLKM01000022|OLKM01000022.1 825159","OLKM01000022.1",825160,"MeA_20160214_scaffold_21","OLKM01000022.1","maker","gene",823597,829075,".","+",".","ID=MEAE_00003145","MEAE_00003145","Alias=snap_masked-MeA_20160214_scaffold_21-processed-gene-1.407","Protein of unknown function"
"21","ENA|OLKM01000022|OLKM01000022.1 850674","OLKM01000022.1",850675,"MeA_20160214_scaffold_21","OLKM01000022.1","maker","gene",849271,852673,".","+",".","ID=MEAE_00003151","MEAE_00003151","Alias=maker-MeA_20160214_scaffold_21-augustus-gene-1.505","Protein of unknown function"
"23","ENA|OLKM01000029|OLKM01000029.1 536273","OLKM01000029.1",536274,"MeA_20160214_scaffold_28","OLKM01000029.1","maker","gene",529726,545806,".","-",".","ID=MEAE_00003942","MEAE_00003942","Alias=snap_masked-MeA_20160214_scaffold_28-processed-gene-1.195","Similar to SYK: Tyrosine-protein kinase SYK (Homo sapiens)"
"24","ENA|OLKM01000029|OLKM01000029.1 536278","OLKM01000029.1",536279,"MeA_20160214_scaffold_28","OLKM01000029.1","maker","gene",529726,545806,".","-",".","ID=MEAE_00003942","MEAE_00003942","Alias=snap_masked-MeA_20160214_scaffold_28-processed-gene-1.195","Similar to SYK: Tyrosine-protein kinase SYK (Homo sapiens)"
"25","ENA|OLKM01000029|OLKM01000029.1 536298","OLKM01000029.1",536299,"MeA_20160214_scaffold_28","OLKM01000029.1","maker","gene",529726,545806,".","-",".","ID=MEAE_00003942","MEAE_00003942","Alias=snap_masked-MeA_20160214_scaffold_28-processed-gene-1.195","Similar to SYK: Tyrosine-protein kinase SYK (Homo sapiens)"
"26","ENA|OLKM01000030|OLKM01000030.1 75902","OLKM01000030.1",75903,"MeA_20160214_scaffold_29","OLKM01000030.1","maker","gene",75271,95354,".","+",".","ID=MEAE_00003979","MEAE_00003979","Alias=maker-MeA_20160214_scaffold_29-snap-gene-0.149","Similar to Mcm3ap: Germinal-center associated nuclear protein (Mus musculus)"
"27","ENA|OLKM01000030|OLKM01000030.1 511053","OLKM01000030.1",511054,"MeA_20160214_scaffold_29","OLKM01000030.1","maker","gene",498855,513792,".","+",".","ID=MEAE_00004053","MEAE_00004053","Alias=maker-MeA_20160214_scaffold_29-augustus-gene-1.286","Protein of unknown function"
"29","ENA|OLKM01000033|OLKM01000033.1 63272","OLKM01000033.1",63273,"MeA_20160214_scaffold_32","OLKM01000033.1","maker","gene",58387,72066,".","-",".","ID=MEAE_00004278","MEAE_00004278","Alias=maker-MeA_20160214_scaffold_32-snap-gene-0.125","Similar to ilf2: Interleukin enhancer-binding factor 2 homolog (Danio rerio)"
"31","ENA|OLKM01000034|OLKM01000034.1 741554","OLKM01000034.1",741555,"MeA_20160214_scaffold_33","OLKM01000034.1","maker","gene",729204,748138,".","-",".","ID=MEAE_00004476","MEAE_00004476","Alias=maker-MeA_20160214_scaffold_33-augustus-gene-1.314","Similar to Trypsin (Pleuronectes platessa)"
"32","ENA|OLKM01000038|OLKM01000038.1 181666","OLKM01000038.1",181667,"MeA_20160214_scaffold_37","OLKM01000038.1","maker","gene",170859,186884,".","-",".","ID=MEAE_00004800","MEAE_00004800","Alias=maker-MeA_20160214_scaffold_37-augustus-gene-0.137","Similar to SFRP2: Secreted frizzled-related protein 2 (Canis lupus familiaris)"
"33","ENA|OLKM01000039|OLKM01000039.1 475482","OLKM01000039.1",475483,"MeA_20160214_scaffold_38","OLKM01000039.1","maker","gene",467411,475532,".","-",".","ID=MEAE_00004921","MEAE_00004921","Alias=snap_masked-MeA_20160214_scaffold_38-processed-gene-1.308","Protein of unknown function"
"34","ENA|OLKM01000042|OLKM01000042.1 243342","OLKM01000042.1",243343,"MeA_20160214_scaffold_41","OLKM01000042.1","maker","gene",235085,286258,".","-",".","ID=MEAE_00005293","MEAE_00005293","Alias=maker-MeA_20160214_scaffold_41-snap-gene-1.447","Similar to arnt2: Aryl hydrocarbon receptor nuclear translocator 2 (Danio rerio)"
"38","ENA|OLKM01000046|OLKM01000046.1 548666","OLKM01000046.1",548667,"MeA_20160214_scaffold_45","OLKM01000046.1","maker","gene",547899,550591,".","+",".","ID=MEAE_00005793","MEAE_00005793","Alias=maker-MeA_20160214_scaffold_45-augustus-gene-1.263","Protein of unknown function"
"39","ENA|OLKM01000046|OLKM01000046.1 549609","OLKM01000046.1",549610,"MeA_20160214_scaffold_45","OLKM01000046.1","maker","gene",547899,550591,".","+",".","ID=MEAE_00005793","MEAE_00005793","Alias=maker-MeA_20160214_scaffold_45-augustus-gene-1.263","Protein of unknown function"
"44","ENA|OLKM01000051|OLKM01000051.1 445392","OLKM01000051.1",445393,"MeA_20160214_scaffold_50","OLKM01000051.1","maker","gene",444854,445507,".","-",".","ID=MEAE_00006259","MEAE_00006259","Alias=snap_masked-MeA_20160214_scaffold_50-processed-gene-1.282","Protein of unknown function"
"45","ENA|OLKM01000052|OLKM01000052.1 174668","OLKM01000052.1",174669,"MeA_20160214_scaffold_51","OLKM01000052.1","maker","gene",149811,184695,".","+",".","ID=MEAE_00006327","MEAE_00006327","Alias=maker-MeA_20160214_scaffold_51-snap-gene-0.102","Similar to Mapkapk2: MAP kinase-activated protein kinase 2 (Mus musculus)"
"46","ENA|OLKM01000054|OLKM01000054.1 27746","OLKM01000054.1",27747,"MeA_20160214_scaffold_53","OLKM01000054.1","maker","gene",62,147185,".","+",".","ID=MEAE_00006487","MEAE_00006487","Alias=maker-MeA_20160214_scaffold_53-snap-gene-0.50","Similar to Cadm2: Cell adhesion molecule 2 (Mus musculus)"
"46.2","ENA|OLKM01000054|OLKM01000054.1 27746","OLKM01000054.1",27747,"MeA_20160214_scaffold_53","OLKM01000054.1","maker","gene",3925,65951,".","-",".","ID=MEAE_00006489","MEAE_00006489","Alias=maker-MeA_20160214_scaffold_53-snap-gene-1.302","Protein of unknown function"
"47","ENA|OLKM01000054|OLKM01000054.1 322722","OLKM01000054.1",322723,"MeA_20160214_scaffold_53","OLKM01000054.1","maker","gene",320299,325503,".","-",".","ID=MEAE_00006531","MEAE_00006531","Alias=augustus_masked-MeA_20160214_scaffold_53-processed-gene-1.148","Protein of unknown function"
"48","ENA|OLKM01000054|OLKM01000054.1 553215","OLKM01000054.1",553216,"MeA_20160214_scaffold_53","OLKM01000054.1","maker","gene",550365,640003,".","-",".","ID=MEAE_00006562","MEAE_00006562","Alias=maker-MeA_20160214_scaffold_53-snap-gene-1.316","Similar to lrfn1l: Leucine-rich repeat and fibronectin type III domain-containing protein 1-like protein (Danio rerio)"
"50","ENA|OLKM01000055|OLKM01000055.1 333425","OLKM01000055.1",333426,"MeA_20160214_scaffold_54","OLKM01000055.1","maker","gene",322895,402062,".","+",".","ID=MEAE_00006611","MEAE_00006611","Alias=maker-MeA_20160214_scaffold_54-snap-gene-1.321","Similar to SLC2A9: Solute carrier family 2%2C facilitated glucose transporter member 9 (Pongo abelii)"
"51","ENA|OLKM01000055|OLKM01000055.1 334006","OLKM01000055.1",334007,"MeA_20160214_scaffold_54","OLKM01000055.1","maker","gene",322895,402062,".","+",".","ID=MEAE_00006611","MEAE_00006611","Alias=maker-MeA_20160214_scaffold_54-snap-gene-1.321","Similar to SLC2A9: Solute carrier family 2%2C facilitated glucose transporter member 9 (Pongo abelii)"
"52","ENA|OLKM01000055|OLKM01000055.1 334676","OLKM01000055.1",334677,"MeA_20160214_scaffold_54","OLKM01000055.1","maker","gene",322895,402062,".","+",".","ID=MEAE_00006611","MEAE_00006611","Alias=maker-MeA_20160214_scaffold_54-snap-gene-1.321","Similar to SLC2A9: Solute carrier family 2%2C facilitated glucose transporter member 9 (Pongo abelii)"
"53","ENA|OLKM01000055|OLKM01000055.1 335933","OLKM01000055.1",335934,"MeA_20160214_scaffold_54","OLKM01000055.1","maker","gene",322895,402062,".","+",".","ID=MEAE_00006611","MEAE_00006611","Alias=maker-MeA_20160214_scaffold_54-snap-gene-1.321","Similar to SLC2A9: Solute carrier family 2%2C facilitated glucose transporter member 9 (Pongo abelii)"
"54","ENA|OLKM01000059|OLKM01000059.1 564944","OLKM01000059.1",564945,"MeA_20160214_scaffold_58","OLKM01000059.1","maker","gene",500736,639143,".","+",".","ID=MEAE_00007064","MEAE_00007064","Alias=maker-MeA_20160214_scaffold_58-snap-gene-1.397","Similar to Eif2ak4: eIF-2-alpha kinase GCN2 (Rattus norvegicus)"
"54.2","ENA|OLKM01000059|OLKM01000059.1 564944","OLKM01000059.1",564945,"MeA_20160214_scaffold_58","OLKM01000059.1","maker","gene",561607,565833,".","-",".","ID=MEAE_00007074","MEAE_00007074","Alias=snap_masked-MeA_20160214_scaffold_58-processed-gene-1.318","Protein of unknown function"
"55","ENA|OLKM01000061|OLKM01000061.1 88233","OLKM01000061.1",88234,"MeA_20160214_scaffold_60","OLKM01000061.1","maker","gene",80607,98139,".","-",".","ID=MEAE_00007227","MEAE_00007227","Alias=maker-MeA_20160214_scaffold_60-snap-gene-1.497","Similar to USP31: Ubiquitin carboxyl-terminal hydrolase 31 (Homo sapiens)"
"60","ENA|OLKM01000067|OLKM01000067.1 417577","OLKM01000067.1",417578,"MeA_20160214_scaffold_66","OLKM01000067.1","maker","gene",317748,417980,".","+",".","ID=MEAE_00007837","MEAE_00007837","Alias=maker-MeA_20160214_scaffold_66-snap-gene-1.168","Protein of unknown function"
"60.4","ENA|OLKM01000067|OLKM01000067.1 417577","OLKM01000067.1",417578,"MeA_20160214_scaffold_66","OLKM01000067.1","maker","gene",417543,420397,".","-",".","ID=MEAE_00007842","MEAE_00007842","Alias=snap_masked-MeA_20160214_scaffold_66-processed-gene-1.147","Protein of unknown function"
"61","ENA|OLKM01000068|OLKM01000068.1 329302","OLKM01000068.1",329303,"MeA_20160214_scaffold_67","OLKM01000068.1","maker","gene",293174,345845,".","+",".","ID=MEAE_00007902","MEAE_00007902","Alias=maker-MeA_20160214_scaffold_67-snap-gene-1.245","Protein of unknown function"
"61.2","ENA|OLKM01000068|OLKM01000068.1 329302","OLKM01000068.1",329303,"MeA_20160214_scaffold_67","OLKM01000068.1","maker","gene",328596,333738,".","-",".","ID=MEAE_00007906","MEAE_00007906","Alias=snap_masked-MeA_20160214_scaffold_67-processed-gene-1.195","Protein of unknown function"
"62","ENA|OLKM01000072|OLKM01000072.1 600280","OLKM01000072.1",600281,"MeA_20160214_scaffold_71","OLKM01000072.1","maker","gene",578316,632733,".","+",".","ID=MEAE_00008306","MEAE_00008306","Alias=maker-MeA_20160214_scaffold_71-snap-gene-1.403","Similar to ADAMTS9: A disintegrin and metalloproteinase with thrombospondin motifs 9 (Homo sapiens)"
"64","ENA|OLKM01000075|OLKM01000075.1 19191","OLKM01000075.1",19192,"MeA_20160214_scaffold_74","OLKM01000075.1","maker","gene",14601,211005,".","-",".","ID=MEAE_00008499","MEAE_00008499","Alias=maker-MeA_20160214_scaffold_74-snap-gene-0.83","Similar to SMARCA4: Transcription activator BRG1 (Homo sapiens)"
"64.2","ENA|OLKM01000075|OLKM01000075.1 19191","OLKM01000075.1",19192,"MeA_20160214_scaffold_74","OLKM01000075.1","maker","gene",18538,26838,".","+",".","ID=MEAE_00008500","MEAE_00008500","Alias=snap_masked-MeA_20160214_scaffold_74-processed-gene-0.43","Protein of unknown function"
"65","ENA|OLKM01000075|OLKM01000075.1 19782","OLKM01000075.1",19783,"MeA_20160214_scaffold_74","OLKM01000075.1","maker","gene",14601,211005,".","-",".","ID=MEAE_00008499","MEAE_00008499","Alias=maker-MeA_20160214_scaffold_74-snap-gene-0.83","Similar to SMARCA4: Transcription activator BRG1 (Homo sapiens)"
"65.2","ENA|OLKM01000075|OLKM01000075.1 19782","OLKM01000075.1",19783,"MeA_20160214_scaffold_74","OLKM01000075.1","maker","gene",18538,26838,".","+",".","ID=MEAE_00008500","MEAE_00008500","Alias=snap_masked-MeA_20160214_scaffold_74-processed-gene-0.43","Protein of unknown function"
"67","ENA|OLKM01000076|OLKM01000076.1 7272","OLKM01000076.1",7273,"MeA_20160214_scaffold_75","OLKM01000076.1","maker","gene",33,35117,".","-",".","ID=MEAE_00008558","MEAE_00008558","Alias=maker-MeA_20160214_scaffold_75-snap-gene-1.313","Similar to MAST1: Microtubule-associated serine/threonine-protein kinase 1 (Homo sapiens)"
"68","ENA|OLKM01000076|OLKM01000076.1 7297","OLKM01000076.1",7298,"MeA_20160214_scaffold_75","OLKM01000076.1","maker","gene",33,35117,".","-",".","ID=MEAE_00008558","MEAE_00008558","Alias=maker-MeA_20160214_scaffold_75-snap-gene-1.313","Similar to MAST1: Microtubule-associated serine/threonine-protein kinase 1 (Homo sapiens)"
"69","ENA|OLKM01000076|OLKM01000076.1 7565","OLKM01000076.1",7566,"MeA_20160214_scaffold_75","OLKM01000076.1","maker","gene",33,35117,".","-",".","ID=MEAE_00008558","MEAE_00008558","Alias=maker-MeA_20160214_scaffold_75-snap-gene-1.313","Similar to MAST1: Microtubule-associated serine/threonine-protein kinase 1 (Homo sapiens)"
"70","ENA|OLKM01000076|OLKM01000076.1 7712","OLKM01000076.1",7713,"MeA_20160214_scaffold_75","OLKM01000076.1","maker","gene",33,35117,".","-",".","ID=MEAE_00008558","MEAE_00008558","Alias=maker-MeA_20160214_scaffold_75-snap-gene-1.313","Similar to MAST1: Microtubule-associated serine/threonine-protein kinase 1 (Homo sapiens)"
"71","ENA|OLKM01000076|OLKM01000076.1 7753","OLKM01000076.1",7754,"MeA_20160214_scaffold_75","OLKM01000076.1","maker","gene",33,35117,".","-",".","ID=MEAE_00008558","MEAE_00008558","Alias=maker-MeA_20160214_scaffold_75-snap-gene-1.313","Similar to MAST1: Microtubule-associated serine/threonine-protein kinase 1 (Homo sapiens)"
"72","ENA|OLKM01000076|OLKM01000076.1 9757","OLKM01000076.1",9758,"MeA_20160214_scaffold_75","OLKM01000076.1","maker","gene",33,35117,".","-",".","ID=MEAE_00008558","MEAE_00008558","Alias=maker-MeA_20160214_scaffold_75-snap-gene-1.313","Similar to MAST1: Microtubule-associated serine/threonine-protein kinase 1 (Homo sapiens)"
"73","ENA|OLKM01000076|OLKM01000076.1 9801","OLKM01000076.1",9802,"MeA_20160214_scaffold_75","OLKM01000076.1","maker","gene",33,35117,".","-",".","ID=MEAE_00008558","MEAE_00008558","Alias=maker-MeA_20160214_scaffold_75-snap-gene-1.313","Similar to MAST1: Microtubule-associated serine/threonine-protein kinase 1 (Homo sapiens)"
"74","ENA|OLKM01000076|OLKM01000076.1 98118","OLKM01000076.1",98119,"MeA_20160214_scaffold_75","OLKM01000076.1","maker","gene",49601,269056,".","-",".","ID=MEAE_00008565","MEAE_00008565","Alias=maker-MeA_20160214_scaffold_75-snap-gene-1.314","Similar to isl1: Insulin gene enhancer protein isl-1 (Danio rerio)"
"76","ENA|OLKM01000080|OLKM01000080.1 517616","OLKM01000080.1",517617,"MeA_20160214_scaffold_79","OLKM01000080.1","maker","gene",516111,518644,".","+",".","ID=MEAE_00008937","MEAE_00008937","Alias=augustus_masked-MeA_20160214_scaffold_79-processed-gene-1.161","Protein of unknown function"
"76.4","ENA|OLKM01000080|OLKM01000080.1 517616","OLKM01000080.1",517617,"MeA_20160214_scaffold_79","OLKM01000080.1","maker","gene",517305,522205,".","-",".","ID=MEAE_00008938","MEAE_00008938","Alias=snap_masked-MeA_20160214_scaffold_79-processed-gene-1.238","Protein of unknown function"
"77","ENA|OLKM01000082|OLKM01000082.1 356253","OLKM01000082.1",356254,"MeA_20160214_scaffold_81","OLKM01000082.1","maker","gene",352624,363974,".","-",".","ID=MEAE_00009114","MEAE_00009114","Alias=augustus_masked-MeA_20160214_scaffold_81-processed-gene-1.157","Similar to wdr5: WD repeat-containing protein 5 (Xenopus tropicalis)"
"81","ENA|OLKM01000090|OLKM01000090.1 217632","OLKM01000090.1",217633,"MeA_20160214_scaffold_89","OLKM01000090.1","maker","gene",214198,221963,".","-",".","ID=MEAE_00009801","MEAE_00009801","Alias=snap_masked-MeA_20160214_scaffold_89-processed-gene-0.224","Protein of unknown function"
"83","ENA|OLKM01000091|OLKM01000091.1 586774","OLKM01000091.1",586775,"MeA_20160214_scaffold_90","OLKM01000091.1","maker","gene",585367,588094,".","+",".","ID=MEAE_00009937","MEAE_00009937","Alias=augustus_masked-MeA_20160214_scaffold_90-processed-gene-0.164","Protein of unknown function"
"84","ENA|OLKM01000092|OLKM01000092.1 167881","OLKM01000092.1",167882,"MeA_20160214_scaffold_91","OLKM01000092.1","maker","gene",138200,211437,".","-",".","ID=MEAE_00009951","MEAE_00009951","Alias=maker-MeA_20160214_scaffold_91-snap-gene-0.324","Similar to Vav2: Guanine nucleotide exchange factor VAV2 (Mus musculus)"
"85","ENA|OLKM01000092|OLKM01000092.1 169479","OLKM01000092.1",169480,"MeA_20160214_scaffold_91","OLKM01000092.1","maker","gene",138200,211437,".","-",".","ID=MEAE_00009951","MEAE_00009951","Alias=maker-MeA_20160214_scaffold_91-snap-gene-0.324","Similar to Vav2: Guanine nucleotide exchange factor VAV2 (Mus musculus)"
"86","ENA|OLKM01000092|OLKM01000092.1 169641","OLKM01000092.1",169642,"MeA_20160214_scaffold_91","OLKM01000092.1","maker","gene",138200,211437,".","-",".","ID=MEAE_00009951","MEAE_00009951","Alias=maker-MeA_20160214_scaffold_91-snap-gene-0.324","Similar to Vav2: Guanine nucleotide exchange factor VAV2 (Mus musculus)"
"87","ENA|OLKM01000092|OLKM01000092.1 169951","OLKM01000092.1",169952,"MeA_20160214_scaffold_91","OLKM01000092.1","maker","gene",138200,211437,".","-",".","ID=MEAE_00009951","MEAE_00009951","Alias=maker-MeA_20160214_scaffold_91-snap-gene-0.324","Similar to Vav2: Guanine nucleotide exchange factor VAV2 (Mus musculus)"
"88","ENA|OLKM01000092|OLKM01000092.1 170128","OLKM01000092.1",170129,"MeA_20160214_scaffold_91","OLKM01000092.1","maker","gene",138200,211437,".","-",".","ID=MEAE_00009951","MEAE_00009951","Alias=maker-MeA_20160214_scaffold_91-snap-gene-0.324","Similar to Vav2: Guanine nucleotide exchange factor VAV2 (Mus musculus)"
"93","ENA|OLKM01000096|OLKM01000096.1 415147","OLKM01000096.1",415148,"MeA_20160214_scaffold_95","OLKM01000096.1","maker","gene",409433,430350,".","+",".","ID=MEAE_00010214","MEAE_00010214","Alias=maker-MeA_20160214_scaffold_95-augustus-gene-0.220","Similar to Gpm6b: Neuronal membrane glycoprotein M6-b (Mus musculus)"
"94","ENA|OLKM01000096|OLKM01000096.1 575316","OLKM01000096.1",575317,"MeA_20160214_scaffold_95","OLKM01000096.1","maker","gene",568434,581675,".","-",".","ID=MEAE_00010226","MEAE_00010226","Alias=maker-MeA_20160214_scaffold_95-snap-gene-0.249","Similar to HDAC4: Histone deacetylase 4 (Homo sapiens)"
"95","ENA|OLKM01000100|OLKM01000100.1 334828","OLKM01000100.1",334829,"MeA_20160214_scaffold_99","OLKM01000100.1","maker","gene",322224,337264,".","-",".","ID=MEAE_00010495","MEAE_00010495","Alias=augustus_masked-MeA_20160214_scaffold_99-processed-gene-0.167","Protein of unknown function"
"96","ENA|OLKM01000100|OLKM01000100.1 336969","OLKM01000100.1",336970,"MeA_20160214_scaffold_99","OLKM01000100.1","maker","gene",322224,337264,".","-",".","ID=MEAE_00010495","MEAE_00010495","Alias=augustus_masked-MeA_20160214_scaffold_99-processed-gene-0.167","Protein of unknown function"
"97","ENA|OLKM01000103|OLKM01000103.1 142580","OLKM01000103.1",142581,"MeA_20160214_scaffold_102","OLKM01000103.1","maker","gene",136750,145528,".","-",".","ID=MEAE_00010707","MEAE_00010707","Alias=maker-MeA_20160214_scaffold_102-snap-gene-0.385","Similar to Ppp1r16a: Protein phosphatase 1 regulatory subunit 16A (Mus musculus)"
"97.2","ENA|OLKM01000103|OLKM01000103.1 142580","OLKM01000103.1",142581,"MeA_20160214_scaffold_102","OLKM01000103.1","maker","gene",138851,142899,".","+",".","ID=MEAE_00010708","MEAE_00010708","Alias=snap_masked-MeA_20160214_scaffold_102-processed-gene-0.214","Protein of unknown function"
"98","ENA|OLKM01000108|OLKM01000108.1 93104","OLKM01000108.1",93105,"MeA_20160214_scaffold_107","OLKM01000108.1","maker","gene",91926,112031,".","+",".","ID=MEAE_00011132","MEAE_00011132","Alias=maker-MeA_20160214_scaffold_107-snap-gene-0.334","Similar to c2cd3: C2 domain-containing protein 3 (Xenopus tropicalis)"
"99","ENA|OLKM01000108|OLKM01000108.1 96610","OLKM01000108.1",96611,"MeA_20160214_scaffold_107","OLKM01000108.1","maker","gene",91926,112031,".","+",".","ID=MEAE_00011132","MEAE_00011132","Alias=maker-MeA_20160214_scaffold_107-snap-gene-0.334","Similar to c2cd3: C2 domain-containing protein 3 (Xenopus tropicalis)"
"100","ENA|OLKM01000108|OLKM01000108.1 96630","OLKM01000108.1",96631,"MeA_20160214_scaffold_107","OLKM01000108.1","maker","gene",91926,112031,".","+",".","ID=MEAE_00011132","MEAE_00011132","Alias=maker-MeA_20160214_scaffold_107-snap-gene-0.334","Similar to c2cd3: C2 domain-containing protein 3 (Xenopus tropicalis)"
"101","ENA|OLKM01000108|OLKM01000108.1 96652","OLKM01000108.1",96653,"MeA_20160214_scaffold_107","OLKM01000108.1","maker","gene",91926,112031,".","+",".","ID=MEAE_00011132","MEAE_00011132","Alias=maker-MeA_20160214_scaffold_107-snap-gene-0.334","Similar to c2cd3: C2 domain-containing protein 3 (Xenopus tropicalis)"
"102","ENA|OLKM01000110|OLKM01000110.1 258896","OLKM01000110.1",258897,"MeA_20160214_scaffold_109","OLKM01000110.1","maker","gene",249544,289580,".","+",".","ID=MEAE_00011317","MEAE_00011317","Alias=maker-MeA_20160214_scaffold_109-snap-gene-0.346","Similar to PPIB: Peptidyl-prolyl cis-trans isomerase B (Bos taurus)"
"103","ENA|OLKM01000113|OLKM01000113.1 256057","OLKM01000113.1",256058,"MeA_20160214_scaffold_112","OLKM01000113.1","maker","gene",245848,297352,".","+",".","ID=MEAE_00011519","MEAE_00011519","Alias=maker-MeA_20160214_scaffold_112-augustus-gene-0.319","Similar to specc1l: Cytospin-A (Tetraodon nigroviridis)"
"103.2","ENA|OLKM01000113|OLKM01000113.1 256057","OLKM01000113.1",256058,"MeA_20160214_scaffold_112","OLKM01000113.1","maker","gene",254067,258003,".","-",".","ID=MEAE_00011521","MEAE_00011521","Alias=snap_masked-MeA_20160214_scaffold_112-processed-gene-0.269","Protein of unknown function"
"105","ENA|OLKM01000114|OLKM01000114.1 81335","OLKM01000114.1",81336,"MeA_20160214_scaffold_113","OLKM01000114.1","maker","gene",80367,85105,".","+",".","ID=MEAE_00011592","MEAE_00011592","Alias=snap_masked-MeA_20160214_scaffold_113-processed-gene-0.196","Similar to mycl1b: Protein L-Myc-1b (Danio rerio)"
"106","ENA|OLKM01000114|OLKM01000114.1 83951","OLKM01000114.1",83952,"MeA_20160214_scaffold_113","OLKM01000114.1","maker","gene",80367,85105,".","+",".","ID=MEAE_00011592","MEAE_00011592","Alias=snap_masked-MeA_20160214_scaffold_113-processed-gene-0.196","Similar to mycl1b: Protein L-Myc-1b (Danio rerio)"
"107","ENA|OLKM01000114|OLKM01000114.1 83960","OLKM01000114.1",83961,"MeA_20160214_scaffold_113","OLKM01000114.1","maker","gene",80367,85105,".","+",".","ID=MEAE_00011592","MEAE_00011592","Alias=snap_masked-MeA_20160214_scaffold_113-processed-gene-0.196","Similar to mycl1b: Protein L-Myc-1b (Danio rerio)"
"110","ENA|OLKM01000133|OLKM01000133.1 46926","OLKM01000133.1",46927,"MeA_20160214_scaffold_132","OLKM01000133.1","maker","gene",38625,77442,".","+",".","ID=MEAE_00013043","MEAE_00013043","Alias=maker-MeA_20160214_scaffold_132-snap-gene-0.323","Similar to slc6a9: Sodium- and chloride-dependent glycine transporter 1 (Xenopus laevis)"
"111","ENA|OLKM01000135|OLKM01000135.1 368790","OLKM01000135.1",368791,"MeA_20160214_scaffold_134","OLKM01000135.1","maker","gene",353817,419470,".","+",".","ID=MEAE_00013222","MEAE_00013222","Alias=maker-MeA_20160214_scaffold_134-snap-gene-0.238","Protein of unknown function"
"111.2","ENA|OLKM01000135|OLKM01000135.1 368790","OLKM01000135.1",368791,"MeA_20160214_scaffold_134","OLKM01000135.1","maker","gene",365576,370640,".","-",".","ID=MEAE_00013223","MEAE_00013223","Alias=snap_masked-MeA_20160214_scaffold_134-processed-gene-0.200","Protein of unknown function"
"112","ENA|OLKM01000139|OLKM01000139.1 347179","OLKM01000139.1",347180,"MeA_20160214_scaffold_138","OLKM01000139.1","maker","gene",343718,373825,".","+",".","ID=MEAE_00013458","MEAE_00013458","Alias=augustus_masked-MeA_20160214_scaffold_138-processed-gene-0.96","Similar to DPEP1: Dipeptidase 1 (Bos taurus)"
"113","ENA|OLKM01000141|OLKM01000141.1 488425","OLKM01000141.1",488426,"MeA_20160214_scaffold_140","OLKM01000141.1","maker","gene",418941,489900,".","+",".","ID=MEAE_00013543","MEAE_00013543","Alias=maker-MeA_20160214_scaffold_140-snap-gene-0.168","Protein of unknown function"
"115","ENA|OLKM01000142|OLKM01000142.1 22843","OLKM01000142.1",22844,"MeA_20160214_scaffold_141","OLKM01000142.1","maker","gene",21774,40931,".","+",".","ID=MEAE_00013551","MEAE_00013551","Alias=maker-MeA_20160214_scaffold_141-augustus-gene-0.300","Similar to UBR1: E3 ubiquitin-protein ligase UBR1 (Homo sapiens)"
"117","ENA|OLKM01000144|OLKM01000144.1 157244","OLKM01000144.1",157245,"MeA_20160214_scaffold_143","OLKM01000144.1","maker","gene",153604,166805,".","+",".","ID=MEAE_00013741","MEAE_00013741","Alias=augustus_masked-MeA_20160214_scaffold_143-processed-gene-0.180","Similar to SLC27A2: Very long-chain acyl-CoA synthetase (Homo sapiens)"
"122","ENA|OLKM01000145|OLKM01000145.1 401637","OLKM01000145.1",401638,"MeA_20160214_scaffold_144","OLKM01000145.1","maker","gene",365466,419505,".","-",".","ID=MEAE_00013839","MEAE_00013839","Alias=maker-MeA_20160214_scaffold_144-augustus-gene-0.283","Similar to CERCAM: Probable inactive glycosyltransferase 25 family member 3 (Bos taurus)"
"122.2","ENA|OLKM01000145|OLKM01000145.1 401637","OLKM01000145.1",401638,"MeA_20160214_scaffold_144","OLKM01000145.1","maker","gene",396716,404108,".","+",".","ID=MEAE_00013844","MEAE_00013844","Alias=snap_masked-MeA_20160214_scaffold_144-processed-gene-0.206","Protein of unknown function"
"123","ENA|OLKM01000147|OLKM01000147.1 28061","OLKM01000147.1",28062,"MeA_20160214_scaffold_146","OLKM01000147.1","maker","gene",27571,34475,".","+",".","ID=MEAE_00013906","MEAE_00013906","Alias=genemark-MeA_20160214_scaffold_146-processed-gene-0.3","Similar to calcrla: Calcitonin gene-related peptide type 1 receptor (Danio rerio)"
"123.2","ENA|OLKM01000147|OLKM01000147.1 28061","OLKM01000147.1",28062,"MeA_20160214_scaffold_146","OLKM01000147.1","maker","gene",12803,29755,".","-",".","ID=MEAE_00013904","MEAE_00013904","Alias=maker-MeA_20160214_scaffold_146-snap-gene-0.199","Protein of unknown function"
"124","ENA|OLKM01000147|OLKM01000147.1 28073","OLKM01000147.1",28074,"MeA_20160214_scaffold_146","OLKM01000147.1","maker","gene",27571,34475,".","+",".","ID=MEAE_00013906","MEAE_00013906","Alias=genemark-MeA_20160214_scaffold_146-processed-gene-0.3","Similar to calcrla: Calcitonin gene-related peptide type 1 receptor (Danio rerio)"
"124.2","ENA|OLKM01000147|OLKM01000147.1 28073","OLKM01000147.1",28074,"MeA_20160214_scaffold_146","OLKM01000147.1","maker","gene",12803,29755,".","-",".","ID=MEAE_00013904","MEAE_00013904","Alias=maker-MeA_20160214_scaffold_146-snap-gene-0.199","Protein of unknown function"
"125","ENA|OLKM01000147|OLKM01000147.1 106301","OLKM01000147.1",106302,"MeA_20160214_scaffold_146","OLKM01000147.1","maker","gene",103089,151817,".","+",".","ID=MEAE_00013910","MEAE_00013910","Alias=maker-MeA_20160214_scaffold_146-snap-gene-0.192","Protein of unknown function"
"126","ENA|OLKM01000149|OLKM01000149.1 220136","OLKM01000149.1",220137,"MeA_20160214_scaffold_148","OLKM01000149.1","maker","gene",198679,227127,".","+",".","ID=MEAE_00014048","MEAE_00014048","Alias=snap_masked-MeA_20160214_scaffold_148-processed-gene-0.133","Protein of unknown function"
"127","ENA|OLKM01000149|OLKM01000149.1 370748","OLKM01000149.1",370749,"MeA_20160214_scaffold_148","OLKM01000149.1","maker","gene",298785,388562,".","-",".","ID=MEAE_00014054","MEAE_00014054","Alias=maker-MeA_20160214_scaffold_148-snap-gene-0.214","Similar to MCF2L2: Probable guanine nucleotide exchange factor MCF2L2 (Homo sapiens)"
"127.2","ENA|OLKM01000149|OLKM01000149.1 370748","OLKM01000149.1",370749,"MeA_20160214_scaffold_148","OLKM01000149.1","maker","gene",360732,372302,".","+",".","ID=MEAE_00014061","MEAE_00014061","Alias=snap_masked-MeA_20160214_scaffold_148-processed-gene-0.140","Protein of unknown function"
"128","ENA|OLKM01000150|OLKM01000150.1 183852","OLKM01000150.1",183853,"MeA_20160214_scaffold_149","OLKM01000150.1","maker","gene",175978,202364,".","+",".","ID=MEAE_00014103","MEAE_00014103","Alias=maker-MeA_20160214_scaffold_149-snap-gene-0.304","Similar to GGTA1: N-acetyllactosaminide alpha-1%2C3-galactosyltransferase (Bos taurus)"
"128.2","ENA|OLKM01000150|OLKM01000150.1 183852","OLKM01000150.1",183853,"MeA_20160214_scaffold_149","OLKM01000150.1","maker","gene",166618,186044,".","-",".","ID=MEAE_00014101","MEAE_00014101","Alias=snap_masked-MeA_20160214_scaffold_149-processed-gene-0.233","Protein of unknown function"
"129","ENA|OLKM01000155|OLKM01000155.1 11491","OLKM01000155.1",11492,"MeA_20160214_scaffold_154","OLKM01000155.1","maker","gene",11316,14094,".","+",".","ID=MEAE_00014410","MEAE_00014410","Alias=snap_masked-MeA_20160214_scaffold_154-processed-gene-0.163","Protein of unknown function"
"129.4","ENA|OLKM01000155|OLKM01000155.1 11491","OLKM01000155.1",11492,"MeA_20160214_scaffold_154","OLKM01000155.1","maker","gene",5286,12133,".","-",".","ID=MEAE_00014408","MEAE_00014408","Alias=snap_masked-MeA_20160214_scaffold_154-processed-gene-0.209","Similar to SEMA4B: Semaphorin-4B (Homo sapiens)"
"131","ENA|OLKM01000156|OLKM01000156.1 141539","OLKM01000156.1",141540,"MeA_20160214_scaffold_155","OLKM01000156.1","maker","gene",123218,142314,".","+",".","ID=MEAE_00014523","MEAE_00014523","Alias=maker-MeA_20160214_scaffold_155-snap-gene-0.342","Similar to SBK1: Serine/threonine-protein kinase SBK1 (Homo sapiens)"
"137","ENA|OLKM01000166|OLKM01000166.1 407694","OLKM01000166.1",407695,"MeA_20160214_scaffold_165","OLKM01000166.1","maker","gene",405794,417517,".","+",".","ID=MEAE_00015269","MEAE_00015269","Alias=maker-MeA_20160214_scaffold_165-snap-gene-0.279","Similar to Wnk3: Serine/threonine-protein kinase WNK3 (Mus musculus)"
"137.2","ENA|OLKM01000166|OLKM01000166.1 407694","OLKM01000166.1",407695,"MeA_20160214_scaffold_165","OLKM01000166.1","maker","gene",405870,409444,".","-",".","ID=MEAE_00015270","MEAE_00015270","Alias=snap_masked-MeA_20160214_scaffold_165-processed-gene-0.231","Protein of unknown function"
"138","ENA|OLKM01000167|OLKM01000167.1 327757","OLKM01000167.1",327758,"MeA_20160214_scaffold_166","OLKM01000167.1","maker","gene",278559,365141,".","+",".","ID=MEAE_00015326","MEAE_00015326","Alias=maker-MeA_20160214_scaffold_166-snap-gene-0.318","Protein of unknown function"
"140","ENA|OLKM01000169|OLKM01000169.1 20743","OLKM01000169.1",20744,"MeA_20160214_scaffold_168","OLKM01000169.1","maker","gene",15296,25062,".","+",".","ID=MEAE_00015441","MEAE_00015441","Alias=snap_masked-MeA_20160214_scaffold_168-processed-gene-0.141","Protein of unknown function"
"142","ENA|OLKM01000171|OLKM01000171.1 53169","OLKM01000171.1",53170,"MeA_20160214_scaffold_170","OLKM01000171.1","maker","gene",24523,89649,".","-",".","ID=MEAE_00015564","MEAE_00015564","Alias=maker-MeA_20160214_scaffold_170-snap-gene-0.337","Similar to NFIX: Nuclear factor 1 X-type (Mesocricetus auratus)"
"143","ENA|OLKM01000171|OLKM01000171.1 53171","OLKM01000171.1",53172,"MeA_20160214_scaffold_170","OLKM01000171.1","maker","gene",24523,89649,".","-",".","ID=MEAE_00015564","MEAE_00015564","Alias=maker-MeA_20160214_scaffold_170-snap-gene-0.337","Similar to NFIX: Nuclear factor 1 X-type (Mesocricetus auratus)"
"145","ENA|OLKM01000177|OLKM01000177.1 152897","OLKM01000177.1",152898,"MeA_20160214_scaffold_176","OLKM01000177.1","maker","gene",148239,158848,".","+",".","ID=MEAE_00016059","MEAE_00016059","Alias=snap_masked-MeA_20160214_scaffold_176-processed-gene-0.182","Protein of unknown function"
"145.2","ENA|OLKM01000177|OLKM01000177.1 152897","OLKM01000177.1",152898,"MeA_20160214_scaffold_176","OLKM01000177.1","maker","gene",130674,164830,".","-",".","ID=MEAE_00016054","MEAE_00016054","Alias=maker-MeA_20160214_scaffold_176-snap-gene-0.302","Similar to dlg1l: Discs large homolog 1-like protein (Danio rerio)"
"148","ENA|OLKM01000182|OLKM01000182.1 173017","OLKM01000182.1",173018,"MeA_20160214_scaffold_181","OLKM01000182.1","maker","gene",162101,175803,".","+",".","ID=MEAE_00016405","MEAE_00016405","Alias=snap_masked-MeA_20160214_scaffold_181-processed-gene-0.156","Similar to gefF: Ras guanine nucleotide exchange factor F (Dictyostelium discoideum)"
"149","ENA|OLKM01000182|OLKM01000182.1 425629","OLKM01000182.1",425630,"MeA_20160214_scaffold_181","OLKM01000182.1","maker","gene",401546,442372,".","-",".","ID=MEAE_00016429","MEAE_00016429","Alias=maker-MeA_20160214_scaffold_181-snap-gene-0.258","Similar to PARP4: Poly [ADP-ribose] polymerase 4 (Homo sapiens)"
"152","ENA|OLKM01000183|OLKM01000183.1 105710","OLKM01000183.1",105711,"MeA_20160214_scaffold_182","OLKM01000183.1","maker","gene",102049,107541,".","-",".","ID=MEAE_00016450","MEAE_00016450","Alias=genemark-MeA_20160214_scaffold_182-processed-gene-0.105","Similar to SLCO1C1: Solute carrier organic anion transporter family member 1C1 (Homo sapiens)"
"152.4","ENA|OLKM01000183|OLKM01000183.1 105710","OLKM01000183.1",105711,"MeA_20160214_scaffold_182","OLKM01000183.1","maker","gene",105436,115372,".","+",".","ID=MEAE_00016451","MEAE_00016451","Alias=snap_masked-MeA_20160214_scaffold_182-processed-gene-0.207","Protein of unknown function"
"153","ENA|OLKM01000183|OLKM01000183.1 108746","OLKM01000183.1",108747,"MeA_20160214_scaffold_182","OLKM01000183.1","maker","gene",108406,110951,".","-",".","ID=MEAE_00016452","MEAE_00016452","Alias=genemark-MeA_20160214_scaffold_182-processed-gene-0.106","Similar to SLCO1C1: Solute carrier organic anion transporter family member 1C1 (Homo sapiens)"
"153.4","ENA|OLKM01000183|OLKM01000183.1 108746","OLKM01000183.1",108747,"MeA_20160214_scaffold_182","OLKM01000183.1","maker","gene",105436,115372,".","+",".","ID=MEAE_00016451","MEAE_00016451","Alias=snap_masked-MeA_20160214_scaffold_182-processed-gene-0.207","Protein of unknown function"
"154","ENA|OLKM01000183|OLKM01000183.1 108774","OLKM01000183.1",108775,"MeA_20160214_scaffold_182","OLKM01000183.1","maker","gene",108406,110951,".","-",".","ID=MEAE_00016452","MEAE_00016452","Alias=genemark-MeA_20160214_scaffold_182-processed-gene-0.106","Similar to SLCO1C1: Solute carrier organic anion transporter family member 1C1 (Homo sapiens)"
"154.4","ENA|OLKM01000183|OLKM01000183.1 108774","OLKM01000183.1",108775,"MeA_20160214_scaffold_182","OLKM01000183.1","maker","gene",105436,115372,".","+",".","ID=MEAE_00016451","MEAE_00016451","Alias=snap_masked-MeA_20160214_scaffold_182-processed-gene-0.207","Protein of unknown function"
"155","ENA|OLKM01000183|OLKM01000183.1 116816","OLKM01000183.1",116817,"MeA_20160214_scaffold_182","OLKM01000183.1","maker","gene",115139,120024,".","-",".","ID=MEAE_00016454","MEAE_00016454","Alias=snap_masked-MeA_20160214_scaffold_182-processed-gene-0.245","Protein of unknown function"
"156","ENA|OLKM01000184|OLKM01000184.1 283257","OLKM01000184.1",283258,"MeA_20160214_scaffold_183","OLKM01000184.1","maker","gene",282814,287503,".","+",".","ID=MEAE_00016542","MEAE_00016542","Alias=genemark-MeA_20160214_scaffold_183-processed-gene-0.51","Similar to SDK2: Protein sidekick-2 (Homo sapiens)"
"159","ENA|OLKM01000185|OLKM01000185.1 2864","OLKM01000185.1",2865,"MeA_20160214_scaffold_184","OLKM01000185.1","maker","gene",2682,4097,".","+",".","ID=MEAE_00016566","MEAE_00016566","Alias=snap_masked-MeA_20160214_scaffold_184-processed-gene-0.137","Protein of unknown function"
"161","ENA|OLKM01000187|OLKM01000187.1 107921","OLKM01000187.1",107922,"MeA_20160214_scaffold_186","OLKM01000187.1","maker","gene",107727,108351,".","+",".","ID=MEAE_00016705","MEAE_00016705","Alias=snap_masked-MeA_20160214_scaffold_186-processed-gene-0.131","Protein of unknown function"
"162","ENA|OLKM01000187|OLKM01000187.1 108125","OLKM01000187.1",108126,"MeA_20160214_scaffold_186","OLKM01000187.1","maker","gene",107727,108351,".","+",".","ID=MEAE_00016705","MEAE_00016705","Alias=snap_masked-MeA_20160214_scaffold_186-processed-gene-0.131","Protein of unknown function"
"167","ENA|OLKM01000192|OLKM01000192.1 15642","OLKM01000192.1",15643,"MeA_20160214_scaffold_191","OLKM01000192.1","maker","gene",10899,20859,".","-",".","ID=MEAE_00017007","MEAE_00017007","Alias=maker-MeA_20160214_scaffold_191-snap-gene-0.255","Similar to Tlr13: Toll-like receptor 13 (Mus musculus)"
"168","ENA|OLKM01000197|OLKM01000197.1 113486","OLKM01000197.1",113487,"MeA_20160214_scaffold_196","OLKM01000197.1","maker","gene",100576,129108,".","+",".","ID=MEAE_00017332","MEAE_00017332","Alias=maker-MeA_20160214_scaffold_196-snap-gene-0.230","Similar to PKD1L2: Polycystic kidney disease protein 1-like 2 (Homo sapiens)"
"169","ENA|OLKM01000198|OLKM01000198.1 284692","OLKM01000198.1",284693,"MeA_20160214_scaffold_197","OLKM01000198.1","maker","gene",268005,297367,".","-",".","ID=MEAE_00017422","MEAE_00017422","Alias=augustus_masked-MeA_20160214_scaffold_197-processed-gene-0.188","Similar to Myo7a: Unconventional myosin-VIIa (Mus musculus)"
"169.2","ENA|OLKM01000198|OLKM01000198.1 284692","OLKM01000198.1",284693,"MeA_20160214_scaffold_197","OLKM01000198.1","maker","gene",280393,285106,".","+",".","ID=MEAE_00017425","MEAE_00017425","Alias=snap_masked-MeA_20160214_scaffold_197-processed-gene-0.239","Protein of unknown function"
"171","ENA|OLKM01000200|OLKM01000200.1 8291","OLKM01000200.1",8292,"MeA_20160214_scaffold_199","OLKM01000200.1","maker","gene",1943,14633,".","+",".","ID=MEAE_00017571","MEAE_00017571","Alias=maker-MeA_20160214_scaffold_199-snap-gene-0.193","Similar to Mug1: Murinoglobulin-1 (Mus musculus)"
"175","ENA|OLKM01000205|OLKM01000205.1 439708","OLKM01000205.1",439709,"MeA_20160214_scaffold_204","OLKM01000205.1","maker","gene",439698,440984,".","-",".","ID=MEAE_00018032","MEAE_00018032","Alias=snap_masked-MeA_20160214_scaffold_204-processed-gene-0.203","Protein of unknown function"
"176","ENA|OLKM01000207|OLKM01000207.1 111953","OLKM01000207.1",111954,"MeA_20160214_scaffold_206","OLKM01000207.1","maker","gene",109700,123944,".","+",".","ID=MEAE_00018107","MEAE_00018107","Alias=snap_masked-MeA_20160214_scaffold_206-processed-gene-0.150","Protein of unknown function"
"177","ENA|OLKM01000207|OLKM01000207.1 112017","OLKM01000207.1",112018,"MeA_20160214_scaffold_206","OLKM01000207.1","maker","gene",109700,123944,".","+",".","ID=MEAE_00018107","MEAE_00018107","Alias=snap_masked-MeA_20160214_scaffold_206-processed-gene-0.150","Protein of unknown function"
"178","ENA|OLKM01000207|OLKM01000207.1 389512","OLKM01000207.1",389513,"MeA_20160214_scaffold_206","OLKM01000207.1","maker","gene",360234,407245,".","-",".","ID=MEAE_00018143","MEAE_00018143","Alias=maker-MeA_20160214_scaffold_206-snap-gene-0.278","Similar to Tbx3: T-box transcription factor TBX3 (Rattus norvegicus)"
"179","ENA|OLKM01000208|OLKM01000208.1 64499","OLKM01000208.1",64500,"MeA_20160214_scaffold_207","OLKM01000208.1","maker","gene",6194,142482,".","+",".","ID=MEAE_00018153","MEAE_00018153","Alias=maker-MeA_20160214_scaffold_207-snap-gene-0.278","Protein of unknown function"
"179.2","ENA|OLKM01000208|OLKM01000208.1 64499","OLKM01000208.1",64500,"MeA_20160214_scaffold_207","OLKM01000208.1","maker","gene",60728,147129,".","-",".","ID=MEAE_00018158","MEAE_00018158","Alias=maker-MeA_20160214_scaffold_207-snap-gene-0.296","Similar to Acly: ATP-citrate synthase (Mus musculus)"
"180","ENA|OLKM01000209|OLKM01000209.1 32474","OLKM01000209.1",32475,"MeA_20160214_scaffold_208","OLKM01000209.1","maker","gene",24223,39835,".","+",".","ID=MEAE_00018215","MEAE_00018215","Alias=maker-MeA_20160214_scaffold_208-snap-gene-0.282","Similar to SRD5A2: 3-oxo-5-alpha-steroid 4-dehydrogenase 2 (Sus scrofa)"
"180.2","ENA|OLKM01000209|OLKM01000209.1 32474","OLKM01000209.1",32475,"MeA_20160214_scaffold_208","OLKM01000209.1","maker","gene",31660,32780,".","-",".","ID=MEAE_00018216","MEAE_00018216","Alias=maker-MeA_20160214_scaffold_208-snap-gene-0.294","Protein of unknown function"
"181","ENA|OLKM01000209|OLKM01000209.1 184119","OLKM01000209.1",184120,"MeA_20160214_scaffold_208","OLKM01000209.1","maker","gene",183125,210152,".","+",".","ID=MEAE_00018252","MEAE_00018252","Alias=maker-MeA_20160214_scaffold_208-snap-gene-0.292","Similar to Gm525: Uncharacterized protein C17orf67 homolog (Mus musculus)"
"181.2","ENA|OLKM01000209|OLKM01000209.1 184119","OLKM01000209.1",184120,"MeA_20160214_scaffold_208","OLKM01000209.1","maker","gene",183594,187536,".","-",".","ID=MEAE_00018253","MEAE_00018253","Alias=maker-MeA_20160214_scaffold_208-augustus-gene-0.270","Protein of unknown function"
"182","ENA|OLKM01000211|OLKM01000211.1 421918","OLKM01000211.1",421919,"MeA_20160214_scaffold_210","OLKM01000211.1","maker","gene",408280,428552,".","+",".","ID=MEAE_00018417","MEAE_00018417","Alias=maker-MeA_20160214_scaffold_210-augustus-gene-0.234","Similar to SERPINB1: Leukocyte elastase inhibitor (Equus caballus)"
"194","ENA|OLKM01000222|OLKM01000222.1 176392","OLKM01000222.1",176393,"MeA_20160214_scaffold_221","OLKM01000222.1","maker","gene",173548,178512,".","+",".","ID=MEAE_00019030","MEAE_00019030","Alias=snap_masked-MeA_20160214_scaffold_221-processed-gene-0.172","Similar to Myo1e: Unconventional myosin-Ie (Rattus norvegicus)"
"194.2","ENA|OLKM01000222|OLKM01000222.1 176392","OLKM01000222.1",176393,"MeA_20160214_scaffold_221","OLKM01000222.1","maker","gene",175829,176916,".","-",".","ID=MEAE_00019031","MEAE_00019031","Alias=snap_masked-MeA_20160214_scaffold_221-processed-gene-0.228","Protein of unknown function"
"195","ENA|OLKM01000224|OLKM01000224.1 132771","OLKM01000224.1",132772,"MeA_20160214_scaffold_223","OLKM01000224.1","maker","gene",30464,156330,".","+",".","ID=MEAE_00019153","MEAE_00019153","Alias=maker-MeA_20160214_scaffold_223-snap-gene-0.210","Similar to cep290: Centrosomal protein of 290 kDa (Danio rerio)"
"195.4","ENA|OLKM01000224|OLKM01000224.1 132771","OLKM01000224.1",132772,"MeA_20160214_scaffold_223","OLKM01000224.1","maker","gene",130226,133687,".","-",".","ID=MEAE_00019159","MEAE_00019159","Alias=snap_masked-MeA_20160214_scaffold_223-processed-gene-0.169","Protein of unknown function"
"198","ENA|OLKM01000227|OLKM01000227.1 146226","OLKM01000227.1",146227,"MeA_20160214_scaffold_226","OLKM01000227.1","maker","gene",142500,149149,".","-",".","ID=MEAE_00019378","MEAE_00019378","Alias=maker-MeA_20160214_scaffold_226-snap-gene-0.329","Similar to Ccnd2: G1/S-specific cyclin-D2 (Mus musculus)"
"204","ENA|OLKM01000241|OLKM01000241.1 309068","OLKM01000241.1",309069,"MeA_20160214_scaffold_240","OLKM01000241.1","maker","gene",308659,418768,".","-",".","ID=MEAE_00020356","MEAE_00020356","Alias=maker-MeA_20160214_scaffold_240-snap-gene-0.336","Similar to THOC2: THO complex subunit 2 (Callicebus moloch)"
"205","ENA|OLKM01000246|OLKM01000246.1 126550","OLKM01000246.1",126551,"MeA_20160214_scaffold_245","OLKM01000246.1","maker","gene",123981,135909,".","-",".","ID=MEAE_00020711","MEAE_00020711","Alias=maker-MeA_20160214_scaffold_245-snap-gene-0.358","Similar to prtga: Protogenin A (Danio rerio)"
"205.2","ENA|OLKM01000246|OLKM01000246.1 126550","OLKM01000246.1",126551,"MeA_20160214_scaffold_245","OLKM01000246.1","maker","gene",125580,126794,".","+",".","ID=MEAE_00020712","MEAE_00020712","Alias=snap_masked-MeA_20160214_scaffold_245-processed-gene-0.185","Protein of unknown function"
"206","ENA|OLKM01000248|OLKM01000248.1 381776","OLKM01000248.1",381777,"MeA_20160214_scaffold_247","OLKM01000248.1","maker","gene",377628,384252,".","-",".","ID=MEAE_00020900","MEAE_00020900","Alias=maker-MeA_20160214_scaffold_247-snap-gene-0.319","Protein of unknown function"
"207","ENA|OLKM01000252|OLKM01000252.1 295283","OLKM01000252.1",295284,"MeA_20160214_scaffold_251","OLKM01000252.1","maker","gene",284901,297458,".","+",".","ID=MEAE_00021134","MEAE_00021134","Alias=snap_masked-MeA_20160214_scaffold_251-processed-gene-0.209","Protein of unknown function"
"207.2","ENA|OLKM01000252|OLKM01000252.1 295283","OLKM01000252.1",295284,"MeA_20160214_scaffold_251","OLKM01000252.1","maker","gene",280839,299106,".","-",".","ID=MEAE_00021133","MEAE_00021133","Alias=maker-MeA_20160214_scaffold_251-augustus-gene-0.297","Similar to ANKRD6: Ankyrin repeat domain-containing protein 6 (Homo sapiens)"
"208","ENA|OLKM01000254|OLKM01000254.1 5572","OLKM01000254.1",5573,"MeA_20160214_scaffold_253","OLKM01000254.1","maker","gene",3,30323,".","-",".","ID=MEAE_00021209","MEAE_00021209","Alias=maker-MeA_20160214_scaffold_253-snap-gene-0.244","Similar to zgc:113413: Natterin-like protein (Danio rerio)"
"209","ENA|OLKM01000254|OLKM01000254.1 5634","OLKM01000254.1",5635,"MeA_20160214_scaffold_253","OLKM01000254.1","maker","gene",3,30323,".","-",".","ID=MEAE_00021209","MEAE_00021209","Alias=maker-MeA_20160214_scaffold_253-snap-gene-0.244","Similar to zgc:113413: Natterin-like protein (Danio rerio)"
"210","ENA|OLKM01000254|OLKM01000254.1 5638","OLKM01000254.1",5639,"MeA_20160214_scaffold_253","OLKM01000254.1","maker","gene",3,30323,".","-",".","ID=MEAE_00021209","MEAE_00021209","Alias=maker-MeA_20160214_scaffold_253-snap-gene-0.244","Similar to zgc:113413: Natterin-like protein (Danio rerio)"
"211","ENA|OLKM01000254|OLKM01000254.1 5890","OLKM01000254.1",5891,"MeA_20160214_scaffold_253","OLKM01000254.1","maker","gene",3,30323,".","-",".","ID=MEAE_00021209","MEAE_00021209","Alias=maker-MeA_20160214_scaffold_253-snap-gene-0.244","Similar to zgc:113413: Natterin-like protein (Danio rerio)"
"212","ENA|OLKM01000258|OLKM01000258.1 77890","OLKM01000258.1",77891,"MeA_20160214_scaffold_257","OLKM01000258.1","maker","gene",76933,78558,".","+",".","ID=MEAE_00021479","MEAE_00021479","Alias=maker-MeA_20160214_scaffold_257-snap-gene-0.337","Similar to TRIM39: E3 ubiquitin-protein ligase TRIM39 (Pan troglodytes)"
"213","ENA|OLKM01000260|OLKM01000260.1 138571","OLKM01000260.1",138572,"MeA_20160214_scaffold_259","OLKM01000260.1","maker","gene",87791,155464,".","+",".","ID=MEAE_00021638","MEAE_00021638","Alias=maker-MeA_20160214_scaffold_259-snap-gene-0.233","Protein of unknown function"
"214","ENA|OLKM01000263|OLKM01000263.1 137629","OLKM01000263.1",137630,"MeA_20160214_scaffold_262","OLKM01000263.1","maker","gene",80199,168870,".","-",".","ID=MEAE_00021822","MEAE_00021822","Alias=maker-MeA_20160214_scaffold_262-augustus-gene-0.227","Similar to Fbn2: Fibrillin-2 (Mus musculus)"
"214.4","ENA|OLKM01000263|OLKM01000263.1 137629","OLKM01000263.1",137630,"MeA_20160214_scaffold_262","OLKM01000263.1","maker","gene",123888,137697,".","+",".","ID=MEAE_00021827","MEAE_00021827","Alias=snap_masked-MeA_20160214_scaffold_262-processed-gene-0.160","Protein of unknown function"
"216","ENA|OLKM01000267|OLKM01000267.1 224468","OLKM01000267.1",224469,"MeA_20160214_scaffold_266","OLKM01000267.1","maker","gene",220961,231714,".","-",".","ID=MEAE_00022059","MEAE_00022059","Alias=snap_masked-MeA_20160214_scaffold_266-processed-gene-0.241","Protein of unknown function"
"217","ENA|OLKM01000270|OLKM01000270.1 378411","OLKM01000270.1",378412,"MeA_20160214_scaffold_269","OLKM01000270.1","maker","gene",372480,383566,".","-",".","ID=MEAE_00022264","MEAE_00022264","Alias=maker-MeA_20160214_scaffold_269-snap-gene-0.302","Similar to MRPS11: 28S ribosomal protein S11%2C mitochondrial (Bos taurus)"
"217.2","ENA|OLKM01000270|OLKM01000270.1 378411","OLKM01000270.1",378412,"MeA_20160214_scaffold_269","OLKM01000270.1","maker","gene",377249,381682,".","+",".","ID=MEAE_00022266","MEAE_00022266","Alias=snap_masked-MeA_20160214_scaffold_269-processed-gene-0.186","Protein of unknown function"
"218","ENA|OLKM01000276|OLKM01000276.1 103686","OLKM01000276.1",103687,"MeA_20160214_scaffold_275","OLKM01000276.1","maker","gene",59674,185886,".","+",".","ID=MEAE_00022548","MEAE_00022548","Alias=maker-MeA_20160214_scaffold_275-snap-gene-0.146","Protein of unknown function"
"219","ENA|OLKM01000276|OLKM01000276.1 104124","OLKM01000276.1",104125,"MeA_20160214_scaffold_275","OLKM01000276.1","maker","gene",59674,185886,".","+",".","ID=MEAE_00022548","MEAE_00022548","Alias=maker-MeA_20160214_scaffold_275-snap-gene-0.146","Protein of unknown function"
"220","ENA|OLKM01000282|OLKM01000282.1 23214","OLKM01000282.1",23215,"MeA_20160214_scaffold_281","OLKM01000282.1","maker","gene",16852,28846,".","+",".","ID=MEAE_00022869","MEAE_00022869","Alias=snap_masked-MeA_20160214_scaffold_281-processed-gene-0.111","Protein of unknown function"
"225","ENA|OLKM01000288|OLKM01000288.1 212142","OLKM01000288.1",212143,"MeA_20160214_scaffold_287","OLKM01000288.1","maker","gene",211128,221187,".","+",".","ID=MEAE_00023195","MEAE_00023195","Alias=snap_masked-MeA_20160214_scaffold_287-processed-gene-0.123","Protein of unknown function"
"226","ENA|OLKM01000288|OLKM01000288.1 214072","OLKM01000288.1",214073,"MeA_20160214_scaffold_287","OLKM01000288.1","maker","gene",211128,221187,".","+",".","ID=MEAE_00023195","MEAE_00023195","Alias=snap_masked-MeA_20160214_scaffold_287-processed-gene-0.123","Protein of unknown function"
"227","ENA|OLKM01000291|OLKM01000291.1 18834","OLKM01000291.1",18835,"MeA_20160214_scaffold_290","OLKM01000291.1","maker","gene",18488,53883,".","+",".","ID=MEAE_00023360","MEAE_00023360","Alias=snap_masked-MeA_20160214_scaffold_290-processed-gene-0.152","Similar to Zan: Zonadhesin (Mus musculus)"
"228","ENA|OLKM01000291|OLKM01000291.1 79143","OLKM01000291.1",79144,"MeA_20160214_scaffold_290","OLKM01000291.1","maker","gene",68812,192203,".","+",".","ID=MEAE_00023365","MEAE_00023365","Alias=maker-MeA_20160214_scaffold_290-snap-gene-0.256","Similar to SHKBP1: SH3KBP1-binding protein 1 (Bos taurus)"
"229","ENA|OLKM01000291|OLKM01000291.1 79577","OLKM01000291.1",79578,"MeA_20160214_scaffold_290","OLKM01000291.1","maker","gene",68812,192203,".","+",".","ID=MEAE_00023365","MEAE_00023365","Alias=maker-MeA_20160214_scaffold_290-snap-gene-0.256","Similar to SHKBP1: SH3KBP1-binding protein 1 (Bos taurus)"
"230","ENA|OLKM01000291|OLKM01000291.1 278879","OLKM01000291.1",278880,"MeA_20160214_scaffold_290","OLKM01000291.1","maker","gene",262441,286544,".","+",".","ID=MEAE_00023393","MEAE_00023393","Alias=maker-MeA_20160214_scaffold_290-snap-gene-0.278","Similar to Fgf12: Fibroblast growth factor 12 (Rattus norvegicus)"
"231","ENA|OLKM01000291|OLKM01000291.1 279371","OLKM01000291.1",279372,"MeA_20160214_scaffold_290","OLKM01000291.1","maker","gene",262441,286544,".","+",".","ID=MEAE_00023393","MEAE_00023393","Alias=maker-MeA_20160214_scaffold_290-snap-gene-0.278","Similar to Fgf12: Fibroblast growth factor 12 (Rattus norvegicus)"
"232","ENA|OLKM01000292|OLKM01000292.1 203225","OLKM01000292.1",203226,"MeA_20160214_scaffold_291","OLKM01000292.1","maker","gene",165906,204907,".","-",".","ID=MEAE_00023442","MEAE_00023442","Alias=maker-MeA_20160214_scaffold_291-snap-gene-0.238","Similar to Map3k9: Mitogen-activated protein kinase kinase kinase 9 (Mus musculus)"
"232.4","ENA|OLKM01000292|OLKM01000292.1 203225","OLKM01000292.1",203226,"MeA_20160214_scaffold_291","OLKM01000292.1","maker","gene",197692,203577,".","+",".","ID=MEAE_00023447","MEAE_00023447","Alias=snap_masked-MeA_20160214_scaffold_291-processed-gene-0.153","Protein of unknown function"
"233","ENA|OLKM01000301|OLKM01000301.1 237950","OLKM01000301.1",237951,"MeA_20160214_scaffold_300","OLKM01000301.1","maker","gene",223798,259665,".","-",".","ID=MEAE_00023935","MEAE_00023935","Alias=maker-MeA_20160214_scaffold_300-snap-gene-0.306","Similar to AHNAK: Neuroblast differentiation-associated protein AHNAK (Homo sapiens)"
"236","ENA|OLKM01000305|OLKM01000305.1 313744","OLKM01000305.1",313745,"MeA_20160214_scaffold_304","OLKM01000305.1","maker","gene",296756,319838,".","+",".","ID=MEAE_00024130","MEAE_00024130","Alias=snap_masked-MeA_20160214_scaffold_304-processed-gene-0.161","Similar to garnl3: GTPase-activating Rap/Ran-GAP domain-like protein 3 (Danio rerio)"
"236.2","ENA|OLKM01000305|OLKM01000305.1 313744","OLKM01000305.1",313745,"MeA_20160214_scaffold_304","OLKM01000305.1","maker","gene",162367,322967,".","-",".","ID=MEAE_00024117","MEAE_00024117","Alias=maker-MeA_20160214_scaffold_304-snap-gene-0.252","Protein of unknown function"
"237","ENA|OLKM01000306|OLKM01000306.1 21487","OLKM01000306.1",21488,"MeA_20160214_scaffold_305","OLKM01000306.1","maker","gene",18104,34765,".","-",".","ID=MEAE_00024146","MEAE_00024146","Alias=maker-MeA_20160214_scaffold_305-augustus-gene-0.278","Similar to Tab1: TGF-beta-activated kinase 1 and MAP3K7-binding protein 1 (Mus musculus)"
"238","ENA|OLKM01000311|OLKM01000311.1 25177","OLKM01000311.1",25178,"MeA_20160214_scaffold_310","OLKM01000311.1","maker","gene",22070,26883,".","+",".","ID=MEAE_00024498","MEAE_00024498","Alias=snap_masked-MeA_20160214_scaffold_310-processed-gene-0.115","Protein of unknown function"
"240","ENA|OLKM01000313|OLKM01000313.1 130928","OLKM01000313.1",130929,"MeA_20160214_scaffold_312","OLKM01000313.1","maker","gene",122214,138595,".","+",".","ID=MEAE_00024630","MEAE_00024630","Alias=maker-MeA_20160214_scaffold_312-augustus-gene-0.218","Similar to Fermt3: Fermitin family homolog 3 (Mus musculus)"
"243","ENA|OLKM01000321|OLKM01000321.1 31029","OLKM01000321.1",31030,"MeA_20160214_scaffold_320","OLKM01000321.1","maker","gene",7911,47839,".","-",".","ID=MEAE_00025069","MEAE_00025069","Alias=maker-MeA_20160214_scaffold_320-snap-gene-0.225","Similar to Myosin heavy chain%2C fast skeletal muscle (Cyprinus carpio)"
"244","ENA|OLKM01000321|OLKM01000321.1 31090","OLKM01000321.1",31091,"MeA_20160214_scaffold_320","OLKM01000321.1","maker","gene",7911,47839,".","-",".","ID=MEAE_00025069","MEAE_00025069","Alias=maker-MeA_20160214_scaffold_320-snap-gene-0.225","Similar to Myosin heavy chain%2C fast skeletal muscle (Cyprinus carpio)"
"248","ENA|OLKM01000335|OLKM01000335.1 10743","OLKM01000335.1",10744,"MeA_20160214_scaffold_334","OLKM01000335.1","maker","gene",10687,11286,".","+",".","ID=MEAE_00025957","MEAE_00025957","Alias=snap_masked-MeA_20160214_scaffold_334-processed-gene-0.136","Protein of unknown function"
"250","ENA|OLKM01000335|OLKM01000335.1 12271","OLKM01000335.1",12272,"MeA_20160214_scaffold_334","OLKM01000335.1","maker","gene",12095,12514,".","+",".","ID=MEAE_00025958","MEAE_00025958","Alias=snap_masked-MeA_20160214_scaffold_334-processed-gene-0.137","Protein of unknown function"
"252","ENA|OLKM01000342|OLKM01000342.1 147707","OLKM01000342.1",147708,"MeA_20160214_scaffold_341","OLKM01000342.1","maker","gene",127685,155242,".","+",".","ID=MEAE_00026422","MEAE_00026422","Alias=maker-MeA_20160214_scaffold_341-snap-gene-0.208","Protein of unknown function"
"252.2","ENA|OLKM01000342|OLKM01000342.1 147707","OLKM01000342.1",147708,"MeA_20160214_scaffold_341","OLKM01000342.1","maker","gene",145348,153201,".","-",".","ID=MEAE_00026424","MEAE_00026424","Alias=snap_masked-MeA_20160214_scaffold_341-processed-gene-0.159","Protein of unknown function"
"256","ENA|OLKM01000346|OLKM01000346.1 143150","OLKM01000346.1",143151,"MeA_20160214_scaffold_345","OLKM01000346.1","maker","gene",79264,187436,".","-",".","ID=MEAE_00026666","MEAE_00026666","Alias=maker-MeA_20160214_scaffold_345-snap-gene-0.289","Similar to pola1: DNA polymerase alpha catalytic subunit (Xenopus laevis)"
"258","ENA|OLKM01000353|OLKM01000353.1 211245","OLKM01000353.1",211246,"MeA_20160214_scaffold_352","OLKM01000353.1","maker","gene",199711,212486,".","+",".","ID=MEAE_00027068","MEAE_00027068","Alias=maker-MeA_20160214_scaffold_352-snap-gene-0.211","Similar to JPH2: Junctophilin-2 (Oryctolagus cuniculus)"
"262","ENA|OLKM01000357|OLKM01000357.1 216842","OLKM01000357.1",216843,"MeA_20160214_scaffold_356","OLKM01000357.1","maker","gene",214900,217857,".","+",".","ID=MEAE_00027291","MEAE_00027291","Alias=maker-MeA_20160214_scaffold_356-snap-gene-0.278","Similar to RRBP1: Ribosome-binding protein 1 (Canis lupus familiaris)"
"262.2","ENA|OLKM01000357|OLKM01000357.1 216842","OLKM01000357.1",216843,"MeA_20160214_scaffold_356","OLKM01000357.1","maker","gene",214029,218989,".","-",".","ID=MEAE_00027290","MEAE_00027290","Alias=snap_masked-MeA_20160214_scaffold_356-processed-gene-0.220","Protein of unknown function"
"263","ENA|OLKM01000362|OLKM01000362.1 29090","OLKM01000362.1",29091,"MeA_20160214_scaffold_361","OLKM01000362.1","maker","gene",8634,43335,".","-",".","ID=MEAE_00027529","MEAE_00027529","Alias=maker-MeA_20160214_scaffold_361-snap-gene-0.180","Protein of unknown function"
"263.2","ENA|OLKM01000362|OLKM01000362.1 29090","OLKM01000362.1",29091,"MeA_20160214_scaffold_361","OLKM01000362.1","maker","gene",20054,46853,".","+",".","ID=MEAE_00027532","MEAE_00027532","Alias=snap_masked-MeA_20160214_scaffold_361-processed-gene-0.113","Protein of unknown function"
"264","ENA|OLKM01000364|OLKM01000364.1 38008","OLKM01000364.1",38009,"MeA_20160214_scaffold_363","OLKM01000364.1","maker","gene",13662,135648,".","+",".","ID=MEAE_00027616","MEAE_00027616","Alias=maker-MeA_20160214_scaffold_363-snap-gene-0.206","Similar to IGF1R: Insulin-like growth factor 1 receptor (Homo sapiens)"
"265","ENA|OLKM01000364|OLKM01000364.1 223618","OLKM01000364.1",223619,"MeA_20160214_scaffold_363","OLKM01000364.1","maker","gene",185674,299001,".","+",".","ID=MEAE_00027631","MEAE_00027631","Alias=maker-MeA_20160214_scaffold_363-snap-gene-0.212","Similar to mef2a: Myocyte-specific enhancer factor 2A homolog (Xenopus laevis)"
"265.2","ENA|OLKM01000364|OLKM01000364.1 223618","OLKM01000364.1",223619,"MeA_20160214_scaffold_363","OLKM01000364.1","maker","gene",213018,241502,".","-",".","ID=MEAE_00027633","MEAE_00027633","Alias=maker-MeA_20160214_scaffold_363-snap-gene-0.231","Protein of unknown function"
"266","ENA|OLKM01000379|OLKM01000379.1 307195","OLKM01000379.1",307196,"MeA_20160214_scaffold_378","OLKM01000379.1","maker","gene",229853,313637,".","+",".","ID=MEAE_00028333","MEAE_00028333","Alias=maker-MeA_20160214_scaffold_378-snap-gene-0.291","Protein of unknown function"
"267","ENA|OLKM01000380|OLKM01000380.1 65059","OLKM01000380.1",65060,"MeA_20160214_scaffold_379","OLKM01000380.1","maker","gene",8510,75781,".","-",".","ID=MEAE_00028354","MEAE_00028354","Alias=maker-MeA_20160214_scaffold_379-snap-gene-0.221","Similar to RIMS3: Regulating synaptic membrane exocytosis protein 3 (Homo sapiens)"
"268","ENA|OLKM01000380|OLKM01000380.1 183468","OLKM01000380.1",183469,"MeA_20160214_scaffold_379","OLKM01000380.1","maker","gene",179373,183891,".","+",".","ID=MEAE_00028374","MEAE_00028374","Alias=genemark-MeA_20160214_scaffold_379-processed-gene-0.33","Similar to HIBADH: 3-hydroxyisobutyrate dehydrogenase%2C mitochondrial (Pongo abelii)"
"269","ENA|OLKM01000382|OLKM01000382.1 87627","OLKM01000382.1",87628,"MeA_20160214_scaffold_381","OLKM01000382.1","maker","gene",85180,91014,".","+",".","ID=MEAE_00028466","MEAE_00028466","Alias=maker-MeA_20160214_scaffold_381-augustus-gene-0.182","Similar to L3MBTL4: Lethal(3)malignant brain tumor-like protein 4 (Homo sapiens)"
"269.4","ENA|OLKM01000382|OLKM01000382.1 87627","OLKM01000382.1",87628,"MeA_20160214_scaffold_381","OLKM01000382.1","maker","gene",79517,174314,".","-",".","ID=MEAE_00028465","MEAE_00028465","Alias=maker-MeA_20160214_scaffold_381-snap-gene-0.228","Similar to ZBTB14: Zinc finger and BTB domain-containing protein 14 (Gallus gallus)"
"270","ENA|OLKM01000382|OLKM01000382.1 87636","OLKM01000382.1",87637,"MeA_20160214_scaffold_381","OLKM01000382.1","maker","gene",85180,91014,".","+",".","ID=MEAE_00028466","MEAE_00028466","Alias=maker-MeA_20160214_scaffold_381-augustus-gene-0.182","Similar to L3MBTL4: Lethal(3)malignant brain tumor-like protein 4 (Homo sapiens)"
"270.4","ENA|OLKM01000382|OLKM01000382.1 87636","OLKM01000382.1",87637,"MeA_20160214_scaffold_381","OLKM01000382.1","maker","gene",79517,174314,".","-",".","ID=MEAE_00028465","MEAE_00028465","Alias=maker-MeA_20160214_scaffold_381-snap-gene-0.228","Similar to ZBTB14: Zinc finger and BTB domain-containing protein 14 (Gallus gallus)"
"271","ENA|OLKM01000382|OLKM01000382.1 236878","OLKM01000382.1",236879,"MeA_20160214_scaffold_381","OLKM01000382.1","maker","gene",223342,237790,".","-",".","ID=MEAE_00028486","MEAE_00028486","Alias=maker-MeA_20160214_scaffold_381-snap-gene-0.236","Similar to NLRP12: NACHT%2C LRR and PYD domains-containing protein 12 (Homo sapiens)"
"272","ENA|OLKM01000382|OLKM01000382.1 261878","OLKM01000382.1",261879,"MeA_20160214_scaffold_381","OLKM01000382.1","maker","gene",254061,301562,".","-",".","ID=MEAE_00028489","MEAE_00028489","Alias=maker-MeA_20160214_scaffold_381-snap-gene-0.238","Similar to Nsun6: Putative methyltransferase NSUN6 (Mus musculus)"
"274","ENA|OLKM01000387|OLKM01000387.1 291539","OLKM01000387.1",291540,"MeA_20160214_scaffold_386","OLKM01000387.1","maker","gene",280778,301332,".","-",".","ID=MEAE_00028777","MEAE_00028777","Alias=maker-MeA_20160214_scaffold_386-augustus-gene-0.205","Similar to impdh2: Inosine-5'-monophosphate dehydrogenase 2 (Danio rerio)"
"275","ENA|OLKM01000387|OLKM01000387.1 296015","OLKM01000387.1",296016,"MeA_20160214_scaffold_386","OLKM01000387.1","maker","gene",280778,301332,".","-",".","ID=MEAE_00028777","MEAE_00028777","Alias=maker-MeA_20160214_scaffold_386-augustus-gene-0.205","Similar to impdh2: Inosine-5'-monophosphate dehydrogenase 2 (Danio rerio)"
"276","ENA|OLKM01000387|OLKM01000387.1 297592","OLKM01000387.1",297593,"MeA_20160214_scaffold_386","OLKM01000387.1","maker","gene",280778,301332,".","-",".","ID=MEAE_00028777","MEAE_00028777","Alias=maker-MeA_20160214_scaffold_386-augustus-gene-0.205","Similar to impdh2: Inosine-5'-monophosphate dehydrogenase 2 (Danio rerio)"
"277","ENA|OLKM01000387|OLKM01000387.1 298238","OLKM01000387.1",298239,"MeA_20160214_scaffold_386","OLKM01000387.1","maker","gene",280778,301332,".","-",".","ID=MEAE_00028777","MEAE_00028777","Alias=maker-MeA_20160214_scaffold_386-augustus-gene-0.205","Similar to impdh2: Inosine-5'-monophosphate dehydrogenase 2 (Danio rerio)"
"278","ENA|OLKM01000387|OLKM01000387.1 298688","OLKM01000387.1",298689,"MeA_20160214_scaffold_386","OLKM01000387.1","maker","gene",280778,301332,".","-",".","ID=MEAE_00028777","MEAE_00028777","Alias=maker-MeA_20160214_scaffold_386-augustus-gene-0.205","Similar to impdh2: Inosine-5'-monophosphate dehydrogenase 2 (Danio rerio)"
"279","ENA|OLKM01000388|OLKM01000388.1 137430","OLKM01000388.1",137431,"MeA_20160214_scaffold_387","OLKM01000388.1","maker","gene",130825,176049,".","-",".","ID=MEAE_00028803","MEAE_00028803","Alias=maker-MeA_20160214_scaffold_387-snap-gene-0.194","Similar to mical1: Protein-methionine sulfoxide oxidase mical1 (Danio rerio)"
"287","ENA|OLKM01000397|OLKM01000397.1 12507","OLKM01000397.1",12508,"MeA_20160214_scaffold_396","OLKM01000397.1","maker","gene",7192,21245,".","+",".","ID=MEAE_00029239","MEAE_00029239","Alias=maker-MeA_20160214_scaffold_396-augustus-gene-0.184","Similar to Stard13: StAR-related lipid transfer protein 13 (Mus musculus)"
"289","ENA|OLKM01000402|OLKM01000402.1 313571","OLKM01000402.1",313572,"MeA_20160214_scaffold_401","OLKM01000402.1","maker","gene",301482,316145,".","+",".","ID=MEAE_00029568","MEAE_00029568","Alias=snap_masked-MeA_20160214_scaffold_401-processed-gene-0.148","Protein of unknown function"
"290","ENA|OLKM01000403|OLKM01000403.1 14412","OLKM01000403.1",14413,"MeA_20160214_scaffold_402","OLKM01000403.1","maker","gene",930,27446,".","+",".","ID=MEAE_00029569","MEAE_00029569","Alias=maker-MeA_20160214_scaffold_402-snap-gene-0.173","Similar to Son: Protein SON (Mus musculus)"
"291","ENA|OLKM01000403|OLKM01000403.1 296721","OLKM01000403.1",296722,"MeA_20160214_scaffold_402","OLKM01000403.1","maker","gene",295065,300453,".","-",".","ID=MEAE_00029608","MEAE_00029608","Alias=augustus_masked-MeA_20160214_scaffold_402-processed-gene-0.105","Protein of unknown function"
"293","ENA|OLKM01000410|OLKM01000410.1 64884","OLKM01000410.1",64885,"MeA_20160214_scaffold_409","OLKM01000410.1","maker","gene",54891,103771,".","+",".","ID=MEAE_00029859","MEAE_00029859","Alias=maker-MeA_20160214_scaffold_409-snap-gene-0.162","Similar to Tnrc18: Trinucleotide repeat-containing gene 18 protein (Mus musculus)"
"293.2","ENA|OLKM01000410|OLKM01000410.1 64884","OLKM01000410.1",64885,"MeA_20160214_scaffold_409","OLKM01000410.1","maker","gene",62366,66584,".","-",".","ID=MEAE_00029862","MEAE_00029862","Alias=augustus_masked-MeA_20160214_scaffold_409-processed-gene-0.82","Protein of unknown function"
"295","ENA|OLKM01000421|OLKM01000421.1 6885","OLKM01000421.1",6886,"MeA_20160214_scaffold_420","OLKM01000421.1","maker","gene",2908,12933,".","+",".","ID=MEAE_00030455","MEAE_00030455","Alias=maker-MeA_20160214_scaffold_420-snap-gene-0.237","Similar to SAMHD1: Deoxynucleoside triphosphate triphosphohydrolase SAMHD1 (Homo sapiens)"
"297","ENA|OLKM01000425|OLKM01000425.1 318178","OLKM01000425.1",318179,"MeA_20160214_scaffold_424","OLKM01000425.1","maker","gene",310914,320267,".","-",".","ID=MEAE_00030692","MEAE_00030692","Alias=genemark-MeA_20160214_scaffold_424-processed-gene-0.114","Similar to AKAP13: A-kinase anchor protein 13 (Homo sapiens)"
"298","ENA|OLKM01000427|OLKM01000427.1 218044","OLKM01000427.1",218045,"MeA_20160214_scaffold_426","OLKM01000427.1","maker","gene",215517,218857,".","+",".","ID=MEAE_00030794","MEAE_00030794","Alias=maker-MeA_20160214_scaffold_426-augustus-gene-0.244","Similar to Map4k5: Mitogen-activated protein kinase kinase kinase kinase 5 (Mus musculus)"
"299","ENA|OLKM01000433|OLKM01000433.1 310241","OLKM01000433.1",310242,"MeA_20160214_scaffold_432","OLKM01000433.1","maker","gene",310099,310290,".","-",".","ID=MEAE_00031125","MEAE_00031125","Alias=snap_masked-MeA_20160214_scaffold_432-processed-gene-0.205","Protein of unknown function"
"301","ENA|OLKM01000439|OLKM01000439.1 121875","OLKM01000439.1",121876,"MeA_20160214_scaffold_438","OLKM01000439.1","maker","gene",116866,129351,".","+",".","ID=MEAE_00031367","MEAE_00031367","Alias=maker-MeA_20160214_scaffold_438-augustus-gene-0.184","Similar to CNOT8: CCR4-NOT transcription complex subunit 8 (Homo sapiens)"
"305","ENA|OLKM01000456|OLKM01000456.1 101996","OLKM01000456.1",101997,"MeA_20160214_scaffold_455","OLKM01000456.1","maker","gene",88281,109202,".","+",".","ID=MEAE_00032071","MEAE_00032071","Alias=maker-MeA_20160214_scaffold_455-snap-gene-0.214","Similar to Evpl: Envoplakin (Mus musculus)"
"307","ENA|OLKM01000458|OLKM01000458.1 91725","OLKM01000458.1",91726,"MeA_20160214_scaffold_457","OLKM01000458.1","maker","gene",91526,97253,".","-",".","ID=MEAE_00032159","MEAE_00032159","Alias=snap_masked-MeA_20160214_scaffold_457-processed-gene-0.127","Similar to Ube2h: Ubiquitin-conjugating enzyme E2 H (Mus musculus)"
"307.2","ENA|OLKM01000458|OLKM01000458.1 91725","OLKM01000458.1",91726,"MeA_20160214_scaffold_457","OLKM01000458.1","maker","gene",88268,97279,".","+",".","ID=MEAE_00032158","MEAE_00032158","Alias=snap_masked-MeA_20160214_scaffold_457-processed-gene-0.96","Protein of unknown function"
"308","ENA|OLKM01000458|OLKM01000458.1 91742","OLKM01000458.1",91743,"MeA_20160214_scaffold_457","OLKM01000458.1","maker","gene",91526,97253,".","-",".","ID=MEAE_00032159","MEAE_00032159","Alias=snap_masked-MeA_20160214_scaffold_457-processed-gene-0.127","Similar to Ube2h: Ubiquitin-conjugating enzyme E2 H (Mus musculus)"
"308.2","ENA|OLKM01000458|OLKM01000458.1 91742","OLKM01000458.1",91743,"MeA_20160214_scaffold_457","OLKM01000458.1","maker","gene",88268,97279,".","+",".","ID=MEAE_00032158","MEAE_00032158","Alias=snap_masked-MeA_20160214_scaffold_457-processed-gene-0.96","Protein of unknown function"
"313","ENA|OLKM01000467|OLKM01000467.1 176070","OLKM01000467.1",176071,"MeA_20160214_scaffold_466","OLKM01000467.1","maker","gene",162858,193799,".","+",".","ID=MEAE_00032586","MEAE_00032586","Alias=maker-MeA_20160214_scaffold_466-augustus-gene-0.165","Similar to CD109: CD109 antigen (Homo sapiens)"
"317","ENA|OLKM01000475|OLKM01000475.1 87439","OLKM01000475.1",87440,"MeA_20160214_scaffold_474","OLKM01000475.1","maker","gene",83189,88840,".","+",".","ID=MEAE_00032909","MEAE_00032909","Alias=genemark-MeA_20160214_scaffold_474-processed-gene-0.6","Protein of unknown function"
"318","ENA|OLKM01000475|OLKM01000475.1 88143","OLKM01000475.1",88144,"MeA_20160214_scaffold_474","OLKM01000475.1","maker","gene",83189,88840,".","+",".","ID=MEAE_00032909","MEAE_00032909","Alias=genemark-MeA_20160214_scaffold_474-processed-gene-0.6","Protein of unknown function"
"319","ENA|OLKM01000480|OLKM01000480.1 22211","OLKM01000480.1",22212,"MeA_20160214_scaffold_479","OLKM01000480.1","maker","gene",18492,42848,".","-",".","ID=MEAE_00033078","MEAE_00033078","Alias=maker-MeA_20160214_scaffold_479-augustus-gene-0.223","Similar to Clock: Circadian locomoter output cycles protein kaput (Spalax carmeli)"
"319.4","ENA|OLKM01000480|OLKM01000480.1 22211","OLKM01000480.1",22212,"MeA_20160214_scaffold_479","OLKM01000480.1","maker","gene",20040,22216,".","+",".","ID=MEAE_00033079","MEAE_00033079","Alias=snap_masked-MeA_20160214_scaffold_479-processed-gene-0.138","Protein of unknown function"
"320","ENA|OLKM01000482|OLKM01000482.1 157479","OLKM01000482.1",157480,"MeA_20160214_scaffold_481","OLKM01000482.1","maker","gene",143087,159800,".","-",".","ID=MEAE_00033219","MEAE_00033219","Alias=snap_masked-MeA_20160214_scaffold_481-processed-gene-0.122","Protein of unknown function"
"321","ENA|OLKM01000482|OLKM01000482.1 157808","OLKM01000482.1",157809,"MeA_20160214_scaffold_481","OLKM01000482.1","maker","gene",143087,159800,".","-",".","ID=MEAE_00033219","MEAE_00033219","Alias=snap_masked-MeA_20160214_scaffold_481-processed-gene-0.122","Protein of unknown function"
"322","ENA|OLKM01000482|OLKM01000482.1 157856","OLKM01000482.1",157857,"MeA_20160214_scaffold_481","OLKM01000482.1","maker","gene",143087,159800,".","-",".","ID=MEAE_00033219","MEAE_00033219","Alias=snap_masked-MeA_20160214_scaffold_481-processed-gene-0.122","Protein of unknown function"
"323","ENA|OLKM01000485|OLKM01000485.1 184492","OLKM01000485.1",184493,"MeA_20160214_scaffold_484","OLKM01000485.1","maker","gene",159859,194203,".","-",".","ID=MEAE_00033351","MEAE_00033351","Alias=maker-MeA_20160214_scaffold_484-snap-gene-0.205","Similar to CSNK1G2: Casein kinase I isoform gamma-2 (Homo sapiens)"
"324","ENA|OLKM01000493|OLKM01000493.1 62434","OLKM01000493.1",62435,"MeA_20160214_scaffold_492","OLKM01000493.1","maker","gene",56458,71026,".","-",".","ID=MEAE_00033696","MEAE_00033696","Alias=augustus_masked-MeA_20160214_scaffold_492-processed-gene-0.106","Similar to ALPK1: Alpha-protein kinase 1 (Homo sapiens)"
"325","ENA|OLKM01000493|OLKM01000493.1 62900","OLKM01000493.1",62901,"MeA_20160214_scaffold_492","OLKM01000493.1","maker","gene",56458,71026,".","-",".","ID=MEAE_00033696","MEAE_00033696","Alias=augustus_masked-MeA_20160214_scaffold_492-processed-gene-0.106","Similar to ALPK1: Alpha-protein kinase 1 (Homo sapiens)"
"326","ENA|OLKM01000493|OLKM01000493.1 239827","OLKM01000493.1",239828,"MeA_20160214_scaffold_492","OLKM01000493.1","maker","gene",212771,249262,".","-",".","ID=MEAE_00033717","MEAE_00033717","Alias=maker-MeA_20160214_scaffold_492-snap-gene-0.179","Protein of unknown function"
"327","ENA|OLKM01000496|OLKM01000496.1 50569","OLKM01000496.1",50570,"MeA_20160214_scaffold_495","OLKM01000496.1","maker","gene",12586,68565,".","-",".","ID=MEAE_00033818","MEAE_00033818","Alias=maker-MeA_20160214_scaffold_495-snap-gene-0.114","Similar to Slc4a2: Anion exchange protein 2 (Mus musculus)"
"328","ENA|OLKM01000500|OLKM01000500.1 108267","OLKM01000500.1",108268,"MeA_20160214_scaffold_499","OLKM01000500.1","maker","gene",101710,139367,".","+",".","ID=MEAE_00033998","MEAE_00033998","Alias=maker-MeA_20160214_scaffold_499-augustus-gene-0.160","Similar to XRN1: 5'-3' exoribonuclease 1 (Homo sapiens)"
"328.2","ENA|OLKM01000500|OLKM01000500.1 108267","OLKM01000500.1",108268,"MeA_20160214_scaffold_499","OLKM01000500.1","maker","gene",102505,113315,".","-",".","ID=MEAE_00033999","MEAE_00033999","Alias=snap_masked-MeA_20160214_scaffold_499-processed-gene-0.136","Protein of unknown function"
"329","ENA|OLKM01000501|OLKM01000501.1 67786","OLKM01000501.1",67787,"MeA_20160214_scaffold_500","OLKM01000501.1","maker","gene",66635,72171,".","-",".","ID=MEAE_00034045","MEAE_00034045","Alias=snap_masked-MeA_20160214_scaffold_500-processed-gene-0.139","Protein of unknown function"
"330","ENA|OLKM01000502|OLKM01000502.1 162543","OLKM01000502.1",162544,"MeA_20160214_scaffold_501","OLKM01000502.1","maker","gene",161865,166797,".","+",".","ID=MEAE_00034103","MEAE_00034103","Alias=genemark-MeA_20160214_scaffold_501-processed-gene-0.28","Similar to Sdk1: Protein sidekick-1 (Mus musculus)"
"331","ENA|OLKM01000502|OLKM01000502.1 209533","OLKM01000502.1",209534,"MeA_20160214_scaffold_501","OLKM01000502.1","maker","gene",173145,223771,".","+",".","ID=MEAE_00034105","MEAE_00034105","Alias=snap_masked-MeA_20160214_scaffold_501-processed-gene-0.121","Similar to SDK1: Protein sidekick-1 (Gallus gallus)"
"334","ENA|OLKM01000504|OLKM01000504.1 10590","OLKM01000504.1",10591,"MeA_20160214_scaffold_503","OLKM01000504.1","maker","gene",8268,10838,".","-",".","ID=MEAE_00034177","MEAE_00034177","Alias=snap_masked-MeA_20160214_scaffold_503-processed-gene-0.130","Protein of unknown function"
"335","ENA|OLKM01000505|OLKM01000505.1 158423","OLKM01000505.1",158424,"MeA_20160214_scaffold_504","OLKM01000505.1","maker","gene",156638,159639,".","-",".","ID=MEAE_00034261","MEAE_00034261","Alias=genemark-MeA_20160214_scaffold_504-processed-gene-0.62","Similar to VTI1B: Vesicle transport through interaction with t-SNAREs homolog 1B (Homo sapiens)"
"335.2","ENA|OLKM01000505|OLKM01000505.1 158423","OLKM01000505.1",158424,"MeA_20160214_scaffold_504","OLKM01000505.1","maker","gene",156436,158624,".","+",".","ID=MEAE_00034260","MEAE_00034260","Alias=snap_masked-MeA_20160214_scaffold_504-processed-gene-0.116","Protein of unknown function"
"336","ENA|OLKM01000505|OLKM01000505.1 182994","OLKM01000505.1",182995,"MeA_20160214_scaffold_504","OLKM01000505.1","maker","gene",167291,206856,".","-",".","ID=MEAE_00034265","MEAE_00034265","Alias=augustus_masked-MeA_20160214_scaffold_504-processed-gene-0.98","Similar to Zfyve26: Zinc finger FYVE domain-containing protein 26 (Rattus norvegicus)"
"337","ENA|OLKM01000505|OLKM01000505.1 182997","OLKM01000505.1",182998,"MeA_20160214_scaffold_504","OLKM01000505.1","maker","gene",167291,206856,".","-",".","ID=MEAE_00034265","MEAE_00034265","Alias=augustus_masked-MeA_20160214_scaffold_504-processed-gene-0.98","Similar to Zfyve26: Zinc finger FYVE domain-containing protein 26 (Rattus norvegicus)"
"339","ENA|OLKM01000513|OLKM01000513.1 82806","OLKM01000513.1",82807,"MeA_20160214_scaffold_512","OLKM01000513.1","maker","gene",80353,90368,".","-",".","ID=MEAE_00034602","MEAE_00034602","Alias=maker-MeA_20160214_scaffold_512-augustus-gene-0.157","Similar to Uncharacterized protein KIAA2013 homolog (Xenopus tropicalis)"
"342","ENA|OLKM01000517|OLKM01000517.1 201963","OLKM01000517.1",201964,"MeA_20160214_scaffold_516","OLKM01000517.1","maker","gene",201734,208179,".","+",".","ID=MEAE_00034771","MEAE_00034771","Alias=snap_masked-MeA_20160214_scaffold_516-processed-gene-0.121","Protein of unknown function"
"342.2","ENA|OLKM01000517|OLKM01000517.1 201963","OLKM01000517.1",201964,"MeA_20160214_scaffold_516","OLKM01000517.1","maker","gene",195815,202224,".","-",".","ID=MEAE_00034770","MEAE_00034770","Alias=snap_masked-MeA_20160214_scaffold_516-processed-gene-0.159","Protein of unknown function"
"343","ENA|OLKM01000524|OLKM01000524.1 220470","OLKM01000524.1",220471,"MeA_20160214_scaffold_523","OLKM01000524.1","maker","gene",219801,227673,".","+",".","ID=MEAE_00035084","MEAE_00035084","Alias=snap_masked-MeA_20160214_scaffold_523-processed-gene-0.105","Protein of unknown function"
"343.2","ENA|OLKM01000524|OLKM01000524.1 220470","OLKM01000524.1",220471,"MeA_20160214_scaffold_523","OLKM01000524.1","maker","gene",220418,233338,".","-",".","ID=MEAE_00035085","MEAE_00035085","Alias=augustus_masked-MeA_20160214_scaffold_523-processed-gene-0.89","Protein of unknown function"
"344","ENA|OLKM01000524|OLKM01000524.1 223889","OLKM01000524.1",223890,"MeA_20160214_scaffold_523","OLKM01000524.1","maker","gene",219801,227673,".","+",".","ID=MEAE_00035084","MEAE_00035084","Alias=snap_masked-MeA_20160214_scaffold_523-processed-gene-0.105","Protein of unknown function"
"344.4","ENA|OLKM01000524|OLKM01000524.1 223889","OLKM01000524.1",223890,"MeA_20160214_scaffold_523","OLKM01000524.1","maker","gene",220418,233338,".","-",".","ID=MEAE_00035085","MEAE_00035085","Alias=augustus_masked-MeA_20160214_scaffold_523-processed-gene-0.89","Protein of unknown function"
"345","ENA|OLKM01000524|OLKM01000524.1 224051","OLKM01000524.1",224052,"MeA_20160214_scaffold_523","OLKM01000524.1","maker","gene",219801,227673,".","+",".","ID=MEAE_00035084","MEAE_00035084","Alias=snap_masked-MeA_20160214_scaffold_523-processed-gene-0.105","Protein of unknown function"
"345.2","ENA|OLKM01000524|OLKM01000524.1 224051","OLKM01000524.1",224052,"MeA_20160214_scaffold_523","OLKM01000524.1","maker","gene",220418,233338,".","-",".","ID=MEAE_00035085","MEAE_00035085","Alias=augustus_masked-MeA_20160214_scaffold_523-processed-gene-0.89","Protein of unknown function"
"349","ENA|OLKM01000534|OLKM01000534.1 102744","OLKM01000534.1",102745,"MeA_20160214_scaffold_533","OLKM01000534.1","maker","gene",100912,104741,".","+",".","ID=MEAE_00035466","MEAE_00035466","Alias=snap_masked-MeA_20160214_scaffold_533-processed-gene-0.130","Protein of unknown function"
"350","ENA|OLKM01000534|OLKM01000534.1 102934","OLKM01000534.1",102935,"MeA_20160214_scaffold_533","OLKM01000534.1","maker","gene",100912,104741,".","+",".","ID=MEAE_00035466","MEAE_00035466","Alias=snap_masked-MeA_20160214_scaffold_533-processed-gene-0.130","Protein of unknown function"
"351","ENA|OLKM01000534|OLKM01000534.1 103739","OLKM01000534.1",103740,"MeA_20160214_scaffold_533","OLKM01000534.1","maker","gene",100912,104741,".","+",".","ID=MEAE_00035466","MEAE_00035466","Alias=snap_masked-MeA_20160214_scaffold_533-processed-gene-0.130","Protein of unknown function"
"351.2","ENA|OLKM01000534|OLKM01000534.1 103739","OLKM01000534.1",103740,"MeA_20160214_scaffold_533","OLKM01000534.1","maker","gene",103184,104666,".","-",".","ID=MEAE_00035467","MEAE_00035467","Alias=snap_masked-MeA_20160214_scaffold_533-processed-gene-0.163","Protein of unknown function"
"352","ENA|OLKM01000536|OLKM01000536.1 234584","OLKM01000536.1",234585,"MeA_20160214_scaffold_535","OLKM01000536.1","maker","gene",234434,236148,".","+",".","ID=MEAE_00035582","MEAE_00035582","Alias=genemark-MeA_20160214_scaffold_535-processed-gene-0.35","Protein of unknown function"
"353","ENA|OLKM01000536|OLKM01000536.1 234610","OLKM01000536.1",234611,"MeA_20160214_scaffold_535","OLKM01000536.1","maker","gene",234434,236148,".","+",".","ID=MEAE_00035582","MEAE_00035582","Alias=genemark-MeA_20160214_scaffold_535-processed-gene-0.35","Protein of unknown function"
"354","ENA|OLKM01000536|OLKM01000536.1 234623","OLKM01000536.1",234624,"MeA_20160214_scaffold_535","OLKM01000536.1","maker","gene",234434,236148,".","+",".","ID=MEAE_00035582","MEAE_00035582","Alias=genemark-MeA_20160214_scaffold_535-processed-gene-0.35","Protein of unknown function"
"356","ENA|OLKM01000537|OLKM01000537.1 234676","OLKM01000537.1",234677,"MeA_20160214_scaffold_536","OLKM01000537.1","maker","gene",233819,235526,".","-",".","ID=MEAE_00035639","MEAE_00035639","Alias=genemark-MeA_20160214_scaffold_536-processed-gene-0.80","Similar to ST6GALNAC1: Alpha-N-acetylgalactosaminide alpha-2%2C6-sialyltransferase 1 (Homo sapiens)"
"357","ENA|OLKM01000537|OLKM01000537.1 263035","OLKM01000537.1",263036,"MeA_20160214_scaffold_536","OLKM01000537.1","maker","gene",263022,263846,".","+",".","ID=MEAE_00035644","MEAE_00035644","Alias=augustus_masked-MeA_20160214_scaffold_536-processed-gene-0.97","Similar to ZMYM1: Zinc finger MYM-type protein 1 (Homo sapiens)"
"358","ENA|OLKM01000537|OLKM01000537.1 263237","OLKM01000537.1",263238,"MeA_20160214_scaffold_536","OLKM01000537.1","maker","gene",263022,263846,".","+",".","ID=MEAE_00035644","MEAE_00035644","Alias=augustus_masked-MeA_20160214_scaffold_536-processed-gene-0.97","Similar to ZMYM1: Zinc finger MYM-type protein 1 (Homo sapiens)"
"359","ENA|OLKM01000537|OLKM01000537.1 274486","OLKM01000537.1",274487,"MeA_20160214_scaffold_536","OLKM01000537.1","maker","gene",273058,277885,".","+",".","ID=MEAE_00035645","MEAE_00035645","Alias=maker-MeA_20160214_scaffold_536-snap-gene-0.205","Protein of unknown function"
"360","ENA|OLKM01000537|OLKM01000537.1 276014","OLKM01000537.1",276015,"MeA_20160214_scaffold_536","OLKM01000537.1","maker","gene",273058,277885,".","+",".","ID=MEAE_00035645","MEAE_00035645","Alias=maker-MeA_20160214_scaffold_536-snap-gene-0.205","Protein of unknown function"
"373","ENA|OLKM01000551|OLKM01000551.1 16348","OLKM01000551.1",16349,"MeA_20160214_scaffold_550","OLKM01000551.1","maker","gene",16182,22169,".","+",".","ID=MEAE_00036256","MEAE_00036256","Alias=genemark-MeA_20160214_scaffold_550-processed-gene-0.1","Similar to G2E3: G2/M phase-specific E3 ubiquitin-protein ligase (Gallus gallus)"
"374","ENA|OLKM01000552|OLKM01000552.1 218361","OLKM01000552.1",218362,"MeA_20160214_scaffold_551","OLKM01000552.1","maker","gene",215420,252074,".","-",".","ID=MEAE_00036333","MEAE_00036333","Alias=maker-MeA_20160214_scaffold_551-augustus-gene-0.199","Similar to CDC14A: Dual specificity protein phosphatase CDC14A (Homo sapiens)"
"375","ENA|OLKM01000554|OLKM01000554.1 238259","OLKM01000554.1",238260,"MeA_20160214_scaffold_553","OLKM01000554.1","maker","gene",223654,244086,".","+",".","ID=MEAE_00036411","MEAE_00036411","Alias=maker-MeA_20160214_scaffold_553-snap-gene-0.167","Similar to PGA: Pepsin A (Sorex unguiculatus)"
"376","ENA|OLKM01000554|OLKM01000554.1 239432","OLKM01000554.1",239433,"MeA_20160214_scaffold_553","OLKM01000554.1","maker","gene",223654,244086,".","+",".","ID=MEAE_00036411","MEAE_00036411","Alias=maker-MeA_20160214_scaffold_553-snap-gene-0.167","Similar to PGA: Pepsin A (Sorex unguiculatus)"
"377","ENA|OLKM01000554|OLKM01000554.1 242257","OLKM01000554.1",242258,"MeA_20160214_scaffold_553","OLKM01000554.1","maker","gene",223654,244086,".","+",".","ID=MEAE_00036411","MEAE_00036411","Alias=maker-MeA_20160214_scaffold_553-snap-gene-0.167","Similar to PGA: Pepsin A (Sorex unguiculatus)"
"378","ENA|OLKM01000554|OLKM01000554.1 254929","OLKM01000554.1",254930,"MeA_20160214_scaffold_553","OLKM01000554.1","maker","gene",243818,274583,".","-",".","ID=MEAE_00036413","MEAE_00036413","Alias=augustus_masked-MeA_20160214_scaffold_553-processed-gene-0.79","Similar to ZNF335: Zinc finger protein 335 (Homo sapiens)"
"379","ENA|OLKM01000562|OLKM01000562.1 252391","OLKM01000562.1",252392,"MeA_20160214_scaffold_561","OLKM01000562.1","maker","gene",244607,263416,".","+",".","ID=MEAE_00036783","MEAE_00036783","Alias=maker-MeA_20160214_scaffold_561-snap-gene-0.186","Protein of unknown function"
"385","ENA|OLKM01000573|OLKM01000573.1 158712","OLKM01000573.1",158713,"MeA_20160214_scaffold_572","OLKM01000573.1","maker","gene",126325,228672,".","-",".","ID=MEAE_00037258","MEAE_00037258","Alias=maker-MeA_20160214_scaffold_572-snap-gene-0.179","Similar to L-amino-acid oxidase (Siganus canaliculatus)"
"386","ENA|OLKM01000573|OLKM01000573.1 158717","OLKM01000573.1",158718,"MeA_20160214_scaffold_572","OLKM01000573.1","maker","gene",126325,228672,".","-",".","ID=MEAE_00037258","MEAE_00037258","Alias=maker-MeA_20160214_scaffold_572-snap-gene-0.179","Similar to L-amino-acid oxidase (Siganus canaliculatus)"
"387","ENA|OLKM01000573|OLKM01000573.1 158925","OLKM01000573.1",158926,"MeA_20160214_scaffold_572","OLKM01000573.1","maker","gene",126325,228672,".","-",".","ID=MEAE_00037258","MEAE_00037258","Alias=maker-MeA_20160214_scaffold_572-snap-gene-0.179","Similar to L-amino-acid oxidase (Siganus canaliculatus)"
"388","ENA|OLKM01000573|OLKM01000573.1 159271","OLKM01000573.1",159272,"MeA_20160214_scaffold_572","OLKM01000573.1","maker","gene",126325,228672,".","-",".","ID=MEAE_00037258","MEAE_00037258","Alias=maker-MeA_20160214_scaffold_572-snap-gene-0.179","Similar to L-amino-acid oxidase (Siganus canaliculatus)"
"389","ENA|OLKM01000573|OLKM01000573.1 159291","OLKM01000573.1",159292,"MeA_20160214_scaffold_572","OLKM01000573.1","maker","gene",126325,228672,".","-",".","ID=MEAE_00037258","MEAE_00037258","Alias=maker-MeA_20160214_scaffold_572-snap-gene-0.179","Similar to L-amino-acid oxidase (Siganus canaliculatus)"
"390","ENA|OLKM01000573|OLKM01000573.1 159298","OLKM01000573.1",159299,"MeA_20160214_scaffold_572","OLKM01000573.1","maker","gene",126325,228672,".","-",".","ID=MEAE_00037258","MEAE_00037258","Alias=maker-MeA_20160214_scaffold_572-snap-gene-0.179","Similar to L-amino-acid oxidase (Siganus canaliculatus)"
"391","ENA|OLKM01000573|OLKM01000573.1 159300","OLKM01000573.1",159301,"MeA_20160214_scaffold_572","OLKM01000573.1","maker","gene",126325,228672,".","-",".","ID=MEAE_00037258","MEAE_00037258","Alias=maker-MeA_20160214_scaffold_572-snap-gene-0.179","Similar to L-amino-acid oxidase (Siganus canaliculatus)"
"392","ENA|OLKM01000573|OLKM01000573.1 232292","OLKM01000573.1",232293,"MeA_20160214_scaffold_572","OLKM01000573.1","maker","gene",231146,232966,".","-",".","ID=MEAE_00037265","MEAE_00037265","Alias=snap_masked-MeA_20160214_scaffold_572-processed-gene-0.140","Protein of unknown function"
"393","ENA|OLKM01000574|OLKM01000574.1 149585","OLKM01000574.1",149586,"MeA_20160214_scaffold_573","OLKM01000574.1","maker","gene",118259,159074,".","-",".","ID=MEAE_00037278","MEAE_00037278","Alias=maker-MeA_20160214_scaffold_573-augustus-gene-0.145","Similar to ANO1: Anoctamin-1 (Homo sapiens)"
"394","ENA|OLKM01000574|OLKM01000574.1 149600","OLKM01000574.1",149601,"MeA_20160214_scaffold_573","OLKM01000574.1","maker","gene",118259,159074,".","-",".","ID=MEAE_00037278","MEAE_00037278","Alias=maker-MeA_20160214_scaffold_573-augustus-gene-0.145","Similar to ANO1: Anoctamin-1 (Homo sapiens)"
"395","ENA|OLKM01000575|OLKM01000575.1 191270","OLKM01000575.1",191271,"MeA_20160214_scaffold_574","OLKM01000575.1","maker","gene",184804,202620,".","-",".","ID=MEAE_00037325","MEAE_00037325","Alias=maker-MeA_20160214_scaffold_574-augustus-gene-0.129","Similar to TREH: Trehalase (Oryctolagus cuniculus)"
"396","ENA|OLKM01000575|OLKM01000575.1 191309","OLKM01000575.1",191310,"MeA_20160214_scaffold_574","OLKM01000575.1","maker","gene",184804,202620,".","-",".","ID=MEAE_00037325","MEAE_00037325","Alias=maker-MeA_20160214_scaffold_574-augustus-gene-0.129","Similar to TREH: Trehalase (Oryctolagus cuniculus)"
"397","ENA|OLKM01000579|OLKM01000579.1 238705","OLKM01000579.1",238706,"MeA_20160214_scaffold_578","OLKM01000579.1","maker","gene",238570,241863,".","-",".","ID=MEAE_00037491","MEAE_00037491","Alias=snap_masked-MeA_20160214_scaffold_578-processed-gene-0.142","Protein of unknown function"
"399","ENA|OLKM01000585|OLKM01000585.1 160644","OLKM01000585.1",160645,"MeA_20160214_scaffold_584","OLKM01000585.1","maker","gene",160450,160665,".","-",".","ID=MEAE_00037743","MEAE_00037743","Alias=snap_masked-MeA_20160214_scaffold_584-processed-gene-0.95","Protein of unknown function"
"402","ENA|OLKM01000595|OLKM01000595.1 157225","OLKM01000595.1",157226,"MeA_20160214_scaffold_594","OLKM01000595.1","maker","gene",120851,167934,".","+",".","ID=MEAE_00038157","MEAE_00038157","Alias=snap_masked-MeA_20160214_scaffold_594-processed-gene-0.81","Similar to crhr2: Corticotropin-releasing factor receptor 2 (Xenopus laevis)"
"408","ENA|OLKM01000619|OLKM01000619.1 67396","OLKM01000619.1",67397,"MeA_20160214_scaffold_618","OLKM01000619.1","maker","gene",60997,85593,".","+",".","ID=MEAE_00039114","MEAE_00039114","Alias=maker-MeA_20160214_scaffold_618-augustus-gene-0.78","Similar to CTNS: Cystinosin (Homo sapiens)"
"411","ENA|OLKM01000619|OLKM01000619.1 253018","OLKM01000619.1",253019,"MeA_20160214_scaffold_618","OLKM01000619.1","maker","gene",252366,254423,".","-",".","ID=MEAE_00039135","MEAE_00039135","Alias=snap_masked-MeA_20160214_scaffold_618-processed-gene-0.76","Protein of unknown function"
"414","ENA|OLKM01000628|OLKM01000628.1 23645","OLKM01000628.1",23646,"MeA_20160214_scaffold_627","OLKM01000628.1","maker","gene",20008,32293,".","-",".","ID=MEAE_00039438","MEAE_00039438","Alias=maker-MeA_20160214_scaffold_627-snap-gene-0.119","Similar to TSG101: Tumor susceptibility gene 101 protein (Homo sapiens)"
"415","ENA|OLKM01000628|OLKM01000628.1 25264","OLKM01000628.1",25265,"MeA_20160214_scaffold_627","OLKM01000628.1","maker","gene",20008,32293,".","-",".","ID=MEAE_00039438","MEAE_00039438","Alias=maker-MeA_20160214_scaffold_627-snap-gene-0.119","Similar to TSG101: Tumor susceptibility gene 101 protein (Homo sapiens)"
"417","ENA|OLKM01000635|OLKM01000635.1 171021","OLKM01000635.1",171022,"MeA_20160214_scaffold_634","OLKM01000635.1","maker","gene",167883,171078,".","+",".","ID=MEAE_00039764","MEAE_00039764","Alias=genemark-MeA_20160214_scaffold_634-processed-gene-0.26","Protein of unknown function"
"417.2","ENA|OLKM01000635|OLKM01000635.1 171021","OLKM01000635.1",171022,"MeA_20160214_scaffold_634","OLKM01000635.1","maker","gene",170288,240234,".","-",".","ID=MEAE_00039765","MEAE_00039765","Alias=maker-MeA_20160214_scaffold_634-snap-gene-0.165","Similar to Fut7: Alpha-(1%2C3)-fucosyltransferase 7 (Mus musculus)"
"418","ENA|OLKM01000635|OLKM01000635.1 171935","OLKM01000635.1",171936,"MeA_20160214_scaffold_634","OLKM01000635.1","maker","gene",170288,240234,".","-",".","ID=MEAE_00039765","MEAE_00039765","Alias=maker-MeA_20160214_scaffold_634-snap-gene-0.165","Similar to Fut7: Alpha-(1%2C3)-fucosyltransferase 7 (Mus musculus)"
"419","ENA|OLKM01000635|OLKM01000635.1 172094","OLKM01000635.1",172095,"MeA_20160214_scaffold_634","OLKM01000635.1","maker","gene",170288,240234,".","-",".","ID=MEAE_00039765","MEAE_00039765","Alias=maker-MeA_20160214_scaffold_634-snap-gene-0.165","Similar to Fut7: Alpha-(1%2C3)-fucosyltransferase 7 (Mus musculus)"
"420","ENA|OLKM01000635|OLKM01000635.1 172595","OLKM01000635.1",172596,"MeA_20160214_scaffold_634","OLKM01000635.1","maker","gene",170288,240234,".","-",".","ID=MEAE_00039765","MEAE_00039765","Alias=maker-MeA_20160214_scaffold_634-snap-gene-0.165","Similar to Fut7: Alpha-(1%2C3)-fucosyltransferase 7 (Mus musculus)"
"421","ENA|OLKM01000638|OLKM01000638.1 245244","OLKM01000638.1",245245,"MeA_20160214_scaffold_637","OLKM01000638.1","maker","gene",34548,250254,".","+",".","ID=MEAE_00039833","MEAE_00039833","Alias=maker-MeA_20160214_scaffold_637-snap-gene-0.162","Similar to nr6a1a: Nuclear receptor subfamily 6 group A member 1-A (Danio rerio)"
"421.2","ENA|OLKM01000638|OLKM01000638.1 245244","OLKM01000638.1",245245,"MeA_20160214_scaffold_637","OLKM01000638.1","maker","gene",239047,248504,".","-",".","ID=MEAE_00039853","MEAE_00039853","Alias=maker-MeA_20160214_scaffold_637-augustus-gene-0.161","Similar to Lhx2: LIM/homeobox protein Lhx2 (Mus musculus)"
"422","ENA|OLKM01000644|OLKM01000644.1 144849","OLKM01000644.1",144850,"MeA_20160214_scaffold_643","OLKM01000644.1","maker","gene",95029,183900,".","+",".","ID=MEAE_00040031","MEAE_00040031","Alias=maker-MeA_20160214_scaffold_643-snap-gene-0.140","Similar to NFATC1: Nuclear factor of activated T-cells%2C cytoplasmic 1 (Homo sapiens)"
"422.4","ENA|OLKM01000644|OLKM01000644.1 144849","OLKM01000644.1",144850,"MeA_20160214_scaffold_643","OLKM01000644.1","maker","gene",143134,146218,".","-",".","ID=MEAE_00040035","MEAE_00040035","Alias=snap_masked-MeA_20160214_scaffold_643-processed-gene-0.114","Protein of unknown function"
"424","ENA|OLKM01000649|OLKM01000649.1 118499","OLKM01000649.1",118500,"MeA_20160214_scaffold_648","OLKM01000649.1","maker","gene",115716,130240,".","+",".","ID=MEAE_00040209","MEAE_00040209","Alias=augustus_masked-MeA_20160214_scaffold_648-processed-gene-0.88","Similar to camk2d: Calcium/calmodulin-dependent protein kinase type II delta chain (Xenopus laevis)"
"426","ENA|OLKM01000655|OLKM01000655.1 124736","OLKM01000655.1",124737,"MeA_20160214_scaffold_654","OLKM01000655.1","maker","gene",124669,124944,".","+",".","ID=MEAE_00040417","MEAE_00040417","Alias=snap_masked-MeA_20160214_scaffold_654-processed-gene-0.77","Protein of unknown function"
"430","ENA|OLKM01000655|OLKM01000655.1 206667","OLKM01000655.1",206668,"MeA_20160214_scaffold_654","OLKM01000655.1","maker","gene",182744,236591,".","-",".","ID=MEAE_00040422","MEAE_00040422","Alias=maker-MeA_20160214_scaffold_654-snap-gene-0.128","Similar to CPT1A: Carnitine O-palmitoyltransferase 1%2C liver isoform (Homo sapiens)"
"431","ENA|OLKM01000660|OLKM01000660.1 68527","OLKM01000660.1",68528,"MeA_20160214_scaffold_659","OLKM01000660.1","maker","gene",66761,77014,".","-",".","ID=MEAE_00040581","MEAE_00040581","Alias=maker-MeA_20160214_scaffold_659-snap-gene-0.199","Similar to HP1BP3: Heterochromatin protein 1-binding protein 3 (Gallus gallus)"
"431.2","ENA|OLKM01000660|OLKM01000660.1 68527","OLKM01000660.1",68528,"MeA_20160214_scaffold_659","OLKM01000660.1","maker","gene",66427,76428,".","+",".","ID=MEAE_00040580","MEAE_00040580","Alias=snap_masked-MeA_20160214_scaffold_659-processed-gene-0.95","Protein of unknown function"
"432","ENA|OLKM01000661|OLKM01000661.1 89652","OLKM01000661.1",89653,"MeA_20160214_scaffold_660","OLKM01000661.1","maker","gene",82048,100346,".","-",".","ID=MEAE_00040622","MEAE_00040622","Alias=snap_masked-MeA_20160214_scaffold_660-processed-gene-0.129","Similar to Tex2: Testis-expressed sequence 2 protein (Mus musculus)"
"432.2","ENA|OLKM01000661|OLKM01000661.1 89652","OLKM01000661.1",89653,"MeA_20160214_scaffold_660","OLKM01000661.1","maker","gene",87548,95844,".","+",".","ID=MEAE_00040623","MEAE_00040623","Alias=snap_masked-MeA_20160214_scaffold_660-processed-gene-0.102","Protein of unknown function"
"433","ENA|OLKM01000663|OLKM01000663.1 210130","OLKM01000663.1",210131,"MeA_20160214_scaffold_662","OLKM01000663.1","maker","gene",200301,213185,".","+",".","ID=MEAE_00040715","MEAE_00040715","Alias=maker-MeA_20160214_scaffold_662-snap-gene-0.106","Similar to St6gal1: Beta-galactoside alpha-2%2C6-sialyltransferase 1 (Rattus norvegicus)"
"434","ENA|OLKM01000672|OLKM01000672.1 54398","OLKM01000672.1",54399,"MeA_20160214_scaffold_671","OLKM01000672.1","maker","gene",52607,54463,".","-",".","ID=MEAE_00041079","MEAE_00041079","Alias=maker-MeA_20160214_scaffold_671-augustus-gene-0.194","Similar to APOA1: Apolipoprotein A-I (Papio hamadryas)"
"435","ENA|OLKM01000672|OLKM01000672.1 54435","OLKM01000672.1",54436,"MeA_20160214_scaffold_671","OLKM01000672.1","maker","gene",52607,54463,".","-",".","ID=MEAE_00041079","MEAE_00041079","Alias=maker-MeA_20160214_scaffold_671-augustus-gene-0.194","Similar to APOA1: Apolipoprotein A-I (Papio hamadryas)"
"436","ENA|OLKM01000672|OLKM01000672.1 54446","OLKM01000672.1",54447,"MeA_20160214_scaffold_671","OLKM01000672.1","maker","gene",52607,54463,".","-",".","ID=MEAE_00041079","MEAE_00041079","Alias=maker-MeA_20160214_scaffold_671-augustus-gene-0.194","Similar to APOA1: Apolipoprotein A-I (Papio hamadryas)"
"437","ENA|OLKM01000676|OLKM01000676.1 51427","OLKM01000676.1",51428,"MeA_20160214_scaffold_675","OLKM01000676.1","maker","gene",51125,52766,".","+",".","ID=MEAE_00041214","MEAE_00041214","Alias=maker-MeA_20160214_scaffold_675-snap-gene-0.158","Protein of unknown function"
"437.2","ENA|OLKM01000676|OLKM01000676.1 51427","OLKM01000676.1",51428,"MeA_20160214_scaffold_675","OLKM01000676.1","maker","gene",41506,58035,".","-",".","ID=MEAE_00041213","MEAE_00041213","Alias=snap_masked-MeA_20160214_scaffold_675-processed-gene-0.119","Similar to CARS2: Cysteine--tRNA ligase%2C mitochondrial (Bos taurus)"
"438","ENA|OLKM01000680|OLKM01000680.1 208348","OLKM01000680.1",208349,"MeA_20160214_scaffold_679","OLKM01000680.1","maker","gene",201822,211751,".","-",".","ID=MEAE_00041361","MEAE_00041361","Alias=maker-MeA_20160214_scaffold_679-augustus-gene-0.141","Similar to Papd4: Poly(A) RNA polymerase GLD2 (Mus musculus)"
"438.4","ENA|OLKM01000680|OLKM01000680.1 208348","OLKM01000680.1",208349,"MeA_20160214_scaffold_679","OLKM01000680.1","maker","gene",208235,210291,".","+",".","ID=MEAE_00041362","MEAE_00041362","Alias=snap_masked-MeA_20160214_scaffold_679-processed-gene-0.98","Protein of unknown function"
"439","ENA|OLKM01000685|OLKM01000685.1 66168","OLKM01000685.1",66169,"MeA_20160214_scaffold_684","OLKM01000685.1","maker","gene",64896,184564,".","+",".","ID=MEAE_00041529","MEAE_00041529","Alias=maker-MeA_20160214_scaffold_684-snap-gene-0.166","Similar to TRRAP: Transformation/transcription domain-associated protein (Homo sapiens)"
"445","ENA|OLKM01000694|OLKM01000694.1 5184","OLKM01000694.1",5185,"MeA_20160214_scaffold_693","OLKM01000694.1","maker","gene",728,10202,".","-",".","ID=MEAE_00041802","MEAE_00041802","Alias=maker-MeA_20160214_scaffold_693-snap-gene-0.91","Protein of unknown function"
"447","ENA|OLKM01000699|OLKM01000699.1 163480","OLKM01000699.1",163481,"MeA_20160214_scaffold_698","OLKM01000699.1","maker","gene",156204,203291,".","-",".","ID=MEAE_00041947","MEAE_00041947","Alias=augustus_masked-MeA_20160214_scaffold_698-processed-gene-0.62","Similar to PRUNE2: Protein prune homolog 2 (Homo sapiens)"
"448","ENA|OLKM01000699|OLKM01000699.1 163716","OLKM01000699.1",163717,"MeA_20160214_scaffold_698","OLKM01000699.1","maker","gene",156204,203291,".","-",".","ID=MEAE_00041947","MEAE_00041947","Alias=augustus_masked-MeA_20160214_scaffold_698-processed-gene-0.62","Similar to PRUNE2: Protein prune homolog 2 (Homo sapiens)"
"449","ENA|OLKM01000699|OLKM01000699.1 188021","OLKM01000699.1",188022,"MeA_20160214_scaffold_698","OLKM01000699.1","maker","gene",174302,192888,".","+",".","ID=MEAE_00041949","MEAE_00041949","Alias=snap_masked-MeA_20160214_scaffold_698-processed-gene-0.77","Protein of unknown function"
"449.2","ENA|OLKM01000699|OLKM01000699.1 188021","OLKM01000699.1",188022,"MeA_20160214_scaffold_698","OLKM01000699.1","maker","gene",156204,203291,".","-",".","ID=MEAE_00041947","MEAE_00041947","Alias=augustus_masked-MeA_20160214_scaffold_698-processed-gene-0.62","Similar to PRUNE2: Protein prune homolog 2 (Homo sapiens)"
"452","ENA|OLKM01000705|OLKM01000705.1 58617","OLKM01000705.1",58618,"MeA_20160214_scaffold_704","OLKM01000705.1","maker","gene",44871,76618,".","+",".","ID=MEAE_00042125","MEAE_00042125","Alias=snap_masked-MeA_20160214_scaffold_704-processed-gene-0.78","Similar to USP9X: Probable ubiquitin carboxyl-terminal hydrolase FAF-X (Homo sapiens)"
"453","ENA|OLKM01000706|OLKM01000706.1 202501","OLKM01000706.1",202502,"MeA_20160214_scaffold_705","OLKM01000706.1","maker","gene",194099,220782,".","+",".","ID=MEAE_00042187","MEAE_00042187","Alias=genemark-MeA_20160214_scaffold_705-processed-gene-0.42","Protein of unknown function"
"462","ENA|OLKM01000719|OLKM01000719.1 613","OLKM01000719.1",614,"MeA_20160214_scaffold_718","OLKM01000719.1","maker","gene",40,1020,".","+",".","ID=MEAE_00042574","MEAE_00042574","Alias=snap_masked-MeA_20160214_scaffold_718-processed-gene-0.102","Protein of unknown function"
"463","ENA|OLKM01000719|OLKM01000719.1 698","OLKM01000719.1",699,"MeA_20160214_scaffold_718","OLKM01000719.1","maker","gene",40,1020,".","+",".","ID=MEAE_00042574","MEAE_00042574","Alias=snap_masked-MeA_20160214_scaffold_718-processed-gene-0.102","Protein of unknown function"
"464","ENA|OLKM01000719|OLKM01000719.1 898","OLKM01000719.1",899,"MeA_20160214_scaffold_718","OLKM01000719.1","maker","gene",40,1020,".","+",".","ID=MEAE_00042574","MEAE_00042574","Alias=snap_masked-MeA_20160214_scaffold_718-processed-gene-0.102","Protein of unknown function"
"465","ENA|OLKM01000719|OLKM01000719.1 1138","OLKM01000719.1",1139,"MeA_20160214_scaffold_718","OLKM01000719.1","maker","gene",1081,1857,".","+",".","ID=MEAE_00042575","MEAE_00042575","Alias=augustus_masked-MeA_20160214_scaffold_718-processed-gene-0.81","Similar to pol: Pol polyprotein (Radiation murine leukemia virus)"
"466","ENA|OLKM01000719|OLKM01000719.1 1457","OLKM01000719.1",1458,"MeA_20160214_scaffold_718","OLKM01000719.1","maker","gene",1081,1857,".","+",".","ID=MEAE_00042575","MEAE_00042575","Alias=augustus_masked-MeA_20160214_scaffold_718-processed-gene-0.81","Similar to pol: Pol polyprotein (Radiation murine leukemia virus)"
"467","ENA|OLKM01000719|OLKM01000719.1 1706","OLKM01000719.1",1707,"MeA_20160214_scaffold_718","OLKM01000719.1","maker","gene",1081,1857,".","+",".","ID=MEAE_00042575","MEAE_00042575","Alias=augustus_masked-MeA_20160214_scaffold_718-processed-gene-0.81","Similar to pol: Pol polyprotein (Radiation murine leukemia virus)"
"469","ENA|OLKM01000719|OLKM01000719.1 2770","OLKM01000719.1",2771,"MeA_20160214_scaffold_718","OLKM01000719.1","maker","gene",2364,5250,".","+",".","ID=MEAE_00042576","MEAE_00042576","Alias=snap_masked-MeA_20160214_scaffold_718-processed-gene-0.104","Protein of unknown function"
"470","ENA|OLKM01000719|OLKM01000719.1 3320","OLKM01000719.1",3321,"MeA_20160214_scaffold_718","OLKM01000719.1","maker","gene",2364,5250,".","+",".","ID=MEAE_00042576","MEAE_00042576","Alias=snap_masked-MeA_20160214_scaffold_718-processed-gene-0.104","Protein of unknown function"
"471","ENA|OLKM01000719|OLKM01000719.1 3422","OLKM01000719.1",3423,"MeA_20160214_scaffold_718","OLKM01000719.1","maker","gene",2364,5250,".","+",".","ID=MEAE_00042576","MEAE_00042576","Alias=snap_masked-MeA_20160214_scaffold_718-processed-gene-0.104","Protein of unknown function"
"472","ENA|OLKM01000720|OLKM01000720.1 149551","OLKM01000720.1",149552,"MeA_20160214_scaffold_719","OLKM01000720.1","maker","gene",142521,157600,".","+",".","ID=MEAE_00042643","MEAE_00042643","Alias=maker-MeA_20160214_scaffold_719-snap-gene-0.122","Similar to Psmd10: 26S proteasome non-ATPase regulatory subunit 10 (Rattus norvegicus)"
"472.2","ENA|OLKM01000720|OLKM01000720.1 149551","OLKM01000720.1",149552,"MeA_20160214_scaffold_719","OLKM01000720.1","maker","gene",149451,152545,".","-",".","ID=MEAE_00042644","MEAE_00042644","Alias=genemark-MeA_20160214_scaffold_719-processed-gene-0.55","Protein of unknown function"
"477","ENA|OLKM01000734|OLKM01000734.1 224451","OLKM01000734.1",224452,"MeA_20160214_scaffold_733","OLKM01000734.1","maker","gene",223095,231148,".","+",".","ID=MEAE_00043108","MEAE_00043108","Alias=maker-MeA_20160214_scaffold_733-snap-gene-0.168","Similar to DDB_G0290685: Uncharacterized protein DDB_G0290685 (Dictyostelium discoideum)"
"483","ENA|OLKM01000737|OLKM01000737.1 10990","OLKM01000737.1",10991,"MeA_20160214_scaffold_736","OLKM01000737.1","maker","gene",6408,48682,".","+",".","ID=MEAE_00043159","MEAE_00043159","Alias=maker-MeA_20160214_scaffold_736-snap-gene-0.104","Similar to PIEZO1: Piezo-type mechanosensitive ion channel component 1 (Homo sapiens)"
"484","ENA|OLKM01000739|OLKM01000739.1 155407","OLKM01000739.1",155408,"MeA_20160214_scaffold_738","OLKM01000739.1","maker","gene",125953,229730,".","-",".","ID=MEAE_00043242","MEAE_00043242","Alias=maker-MeA_20160214_scaffold_738-snap-gene-0.184","Protein of unknown function"
"485","ENA|OLKM01000739|OLKM01000739.1 156117","OLKM01000739.1",156118,"MeA_20160214_scaffold_738","OLKM01000739.1","maker","gene",125953,229730,".","-",".","ID=MEAE_00043242","MEAE_00043242","Alias=maker-MeA_20160214_scaffold_738-snap-gene-0.184","Protein of unknown function"
"486","ENA|OLKM01000739|OLKM01000739.1 156807","OLKM01000739.1",156808,"MeA_20160214_scaffold_738","OLKM01000739.1","maker","gene",125953,229730,".","-",".","ID=MEAE_00043242","MEAE_00043242","Alias=maker-MeA_20160214_scaffold_738-snap-gene-0.184","Protein of unknown function"
"488","ENA|OLKM01000741|OLKM01000741.1 128866","OLKM01000741.1",128867,"MeA_20160214_scaffold_740","OLKM01000741.1","maker","gene",576,152379,".","-",".","ID=MEAE_00043282","MEAE_00043282","Alias=maker-MeA_20160214_scaffold_740-snap-gene-0.154","Similar to ptpru: Receptor-type tyrosine-protein phosphatase U (Danio rerio)"
"489","ENA|OLKM01000745|OLKM01000745.1 96545","OLKM01000745.1",96546,"MeA_20160214_scaffold_744","OLKM01000745.1","maker","gene",68764,127548,".","+",".","ID=MEAE_00043443","MEAE_00043443","Alias=maker-MeA_20160214_scaffold_744-snap-gene-0.182","Similar to Cdkl5: Cyclin-dependent kinase-like 5 (Mus musculus)"
"489.2","ENA|OLKM01000745|OLKM01000745.1 96545","OLKM01000745.1",96546,"MeA_20160214_scaffold_744","OLKM01000745.1","maker","gene",49854,121548,".","-",".","ID=MEAE_00043438","MEAE_00043438","Alias=maker-MeA_20160214_scaffold_744-snap-gene-0.193","Similar to SCMH1: Polycomb protein SCMH1 (Homo sapiens)"
"492","ENA|OLKM01000751|OLKM01000751.1 192097","OLKM01000751.1",192098,"MeA_20160214_scaffold_750","OLKM01000751.1","maker","gene",190978,192258,".","+",".","ID=MEAE_00043660","MEAE_00043660","Alias=augustus_masked-MeA_20160214_scaffold_750-processed-gene-0.88","Similar to KCNJ12: ATP-sensitive inward rectifier potassium channel 12 (Gallus gallus)"
"492.4","ENA|OLKM01000751|OLKM01000751.1 192097","OLKM01000751.1",192098,"MeA_20160214_scaffold_750","OLKM01000751.1","maker","gene",191922,197820,".","-",".","ID=MEAE_00043661","MEAE_00043661","Alias=snap_masked-MeA_20160214_scaffold_750-processed-gene-0.173","Protein of unknown function"
"493","ENA|OLKM01000751|OLKM01000751.1 192113","OLKM01000751.1",192114,"MeA_20160214_scaffold_750","OLKM01000751.1","maker","gene",190978,192258,".","+",".","ID=MEAE_00043660","MEAE_00043660","Alias=augustus_masked-MeA_20160214_scaffold_750-processed-gene-0.88","Similar to KCNJ12: ATP-sensitive inward rectifier potassium channel 12 (Gallus gallus)"
"493.4","ENA|OLKM01000751|OLKM01000751.1 192113","OLKM01000751.1",192114,"MeA_20160214_scaffold_750","OLKM01000751.1","maker","gene",191922,197820,".","-",".","ID=MEAE_00043661","MEAE_00043661","Alias=snap_masked-MeA_20160214_scaffold_750-processed-gene-0.173","Protein of unknown function"
"494","ENA|OLKM01000758|OLKM01000758.1 120963","OLKM01000758.1",120964,"MeA_20160214_scaffold_757","OLKM01000758.1","maker","gene",109403,129179,".","+",".","ID=MEAE_00043920","MEAE_00043920","Alias=maker-MeA_20160214_scaffold_757-snap-gene-0.145","Similar to ORF4: Complement control protein (Human herpesvirus 8 type P (isolate GK18))"
"494.2","ENA|OLKM01000758|OLKM01000758.1 120963","OLKM01000758.1",120964,"MeA_20160214_scaffold_757","OLKM01000758.1","maker","gene",117746,121046,".","-",".","ID=MEAE_00043922","MEAE_00043922","Alias=snap_masked-MeA_20160214_scaffold_757-processed-gene-0.114","Protein of unknown function"
"496","ENA|OLKM01000760|OLKM01000760.1 148660","OLKM01000760.1",148661,"MeA_20160214_scaffold_759","OLKM01000760.1","maker","gene",136235,201237,".","-",".","ID=MEAE_00044003","MEAE_00044003","Alias=maker-MeA_20160214_scaffold_759-snap-gene-0.130","Similar to RECK: Reversion-inducing cysteine-rich protein with Kazal motifs (Homo sapiens)"
"499","ENA|OLKM01000775|OLKM01000775.1 145416","OLKM01000775.1",145417,"MeA_20160214_scaffold_774","OLKM01000775.1","maker","gene",130047,151787,".","-",".","ID=MEAE_00044478","MEAE_00044478","Alias=maker-MeA_20160214_scaffold_774-snap-gene-0.150","Similar to Fbxw8: F-box/WD repeat-containing protein 8 (Rattus norvegicus)"
"500","ENA|OLKM01000775|OLKM01000775.1 145832","OLKM01000775.1",145833,"MeA_20160214_scaffold_774","OLKM01000775.1","maker","gene",130047,151787,".","-",".","ID=MEAE_00044478","MEAE_00044478","Alias=maker-MeA_20160214_scaffold_774-snap-gene-0.150","Similar to Fbxw8: F-box/WD repeat-containing protein 8 (Rattus norvegicus)"
"501","ENA|OLKM01000775|OLKM01000775.1 145889","OLKM01000775.1",145890,"MeA_20160214_scaffold_774","OLKM01000775.1","maker","gene",130047,151787,".","-",".","ID=MEAE_00044478","MEAE_00044478","Alias=maker-MeA_20160214_scaffold_774-snap-gene-0.150","Similar to Fbxw8: F-box/WD repeat-containing protein 8 (Rattus norvegicus)"
"502","ENA|OLKM01000775|OLKM01000775.1 146196","OLKM01000775.1",146197,"MeA_20160214_scaffold_774","OLKM01000775.1","maker","gene",130047,151787,".","-",".","ID=MEAE_00044478","MEAE_00044478","Alias=maker-MeA_20160214_scaffold_774-snap-gene-0.150","Similar to Fbxw8: F-box/WD repeat-containing protein 8 (Rattus norvegicus)"
"503","ENA|OLKM01000775|OLKM01000775.1 147113","OLKM01000775.1",147114,"MeA_20160214_scaffold_774","OLKM01000775.1","maker","gene",146950,147573,".","+",".","ID=MEAE_00044481","MEAE_00044481","Alias=snap_masked-MeA_20160214_scaffold_774-processed-gene-0.92","Protein of unknown function"
"503.4","ENA|OLKM01000775|OLKM01000775.1 147113","OLKM01000775.1",147114,"MeA_20160214_scaffold_774","OLKM01000775.1","maker","gene",130047,151787,".","-",".","ID=MEAE_00044478","MEAE_00044478","Alias=maker-MeA_20160214_scaffold_774-snap-gene-0.150","Similar to Fbxw8: F-box/WD repeat-containing protein 8 (Rattus norvegicus)"
"507","ENA|OLKM01000782|OLKM01000782.1 186080","OLKM01000782.1",186081,"MeA_20160214_scaffold_781","OLKM01000782.1","maker","gene",178090,190850,".","-",".","ID=MEAE_00044683","MEAE_00044683","Alias=snap_masked-MeA_20160214_scaffold_781-processed-gene-0.104","Protein of unknown function"
"508","ENA|OLKM01000784|OLKM01000784.1 174795","OLKM01000784.1",174796,"MeA_20160214_scaffold_783","OLKM01000784.1","maker","gene",172989,186969,".","-",".","ID=MEAE_00044762","MEAE_00044762","Alias=snap_masked-MeA_20160214_scaffold_783-processed-gene-0.119","Protein of unknown function"
"511","ENA|OLKM01000789|OLKM01000789.1 111582","OLKM01000789.1",111583,"MeA_20160214_scaffold_788","OLKM01000789.1","maker","gene",79187,137604,".","+",".","ID=MEAE_00044918","MEAE_00044918","Alias=maker-MeA_20160214_scaffold_788-snap-gene-0.101","Similar to Keratin%2C type I cytoskeletal 50 kDa (Carassius auratus)"
"511.2","ENA|OLKM01000789|OLKM01000789.1 111582","OLKM01000789.1",111583,"MeA_20160214_scaffold_788","OLKM01000789.1","maker","gene",110243,112152,".","-",".","ID=MEAE_00044921","MEAE_00044921","Alias=genemark-MeA_20160214_scaffold_788-processed-gene-0.40","Similar to TY3B-G: Transposon Ty3-G Gag-Pol polyprotein (Saccharomyces cerevisiae (strain ATCC 204508 / S288c))"
"514","ENA|OLKM01000803|OLKM01000803.1 151609","OLKM01000803.1",151610,"MeA_20160214_scaffold_802","OLKM01000803.1","maker","gene",134726,180316,".","+",".","ID=MEAE_00045385","MEAE_00045385","Alias=maker-MeA_20160214_scaffold_802-snap-gene-0.155","Similar to KIFC3: Kinesin-like protein KIFC3 (Homo sapiens)"
"514.2","ENA|OLKM01000803|OLKM01000803.1 151609","OLKM01000803.1",151610,"MeA_20160214_scaffold_802","OLKM01000803.1","maker","gene",140245,158417,".","-",".","ID=MEAE_00045386","MEAE_00045386","Alias=snap_masked-MeA_20160214_scaffold_802-processed-gene-0.122","Protein of unknown function"
"518","ENA|OLKM01000812|OLKM01000812.1 70627","OLKM01000812.1",70628,"MeA_20160214_scaffold_811","OLKM01000812.1","maker","gene",66206,85567,".","-",".","ID=MEAE_00045705","MEAE_00045705","Alias=maker-MeA_20160214_scaffold_811-augustus-gene-0.104","Similar to mpv17: Protein Mpv17 (Danio rerio)"
"519","ENA|OLKM01000812|OLKM01000812.1 70667","OLKM01000812.1",70668,"MeA_20160214_scaffold_811","OLKM01000812.1","maker","gene",66206,85567,".","-",".","ID=MEAE_00045705","MEAE_00045705","Alias=maker-MeA_20160214_scaffold_811-augustus-gene-0.104","Similar to mpv17: Protein Mpv17 (Danio rerio)"
"522","ENA|OLKM01000816|OLKM01000816.1 131594","OLKM01000816.1",131595,"MeA_20160214_scaffold_815","OLKM01000816.1","maker","gene",124839,132096,".","+",".","ID=MEAE_00045835","MEAE_00045835","Alias=snap_masked-MeA_20160214_scaffold_815-processed-gene-0.63","Protein of unknown function"
"522.2","ENA|OLKM01000816|OLKM01000816.1 131594","OLKM01000816.1",131595,"MeA_20160214_scaffold_815","OLKM01000816.1","maker","gene",104020,132926,".","-",".","ID=MEAE_00045832","MEAE_00045832","Alias=augustus_masked-MeA_20160214_scaffold_815-processed-gene-0.51","Similar to Adamtsl2: ADAMTS-like protein 2 (Mus musculus)"
"523","ENA|OLKM01000816|OLKM01000816.1 132332","OLKM01000816.1",132333,"MeA_20160214_scaffold_815","OLKM01000816.1","maker","gene",104020,132926,".","-",".","ID=MEAE_00045832","MEAE_00045832","Alias=augustus_masked-MeA_20160214_scaffold_815-processed-gene-0.51","Similar to Adamtsl2: ADAMTS-like protein 2 (Mus musculus)"
"524","ENA|OLKM01000816|OLKM01000816.1 132356","OLKM01000816.1",132357,"MeA_20160214_scaffold_815","OLKM01000816.1","maker","gene",104020,132926,".","-",".","ID=MEAE_00045832","MEAE_00045832","Alias=augustus_masked-MeA_20160214_scaffold_815-processed-gene-0.51","Similar to Adamtsl2: ADAMTS-like protein 2 (Mus musculus)"
"525","ENA|OLKM01000816|OLKM01000816.1 132570","OLKM01000816.1",132571,"MeA_20160214_scaffold_815","OLKM01000816.1","maker","gene",104020,132926,".","-",".","ID=MEAE_00045832","MEAE_00045832","Alias=augustus_masked-MeA_20160214_scaffold_815-processed-gene-0.51","Similar to Adamtsl2: ADAMTS-like protein 2 (Mus musculus)"
"529","ENA|OLKM01000818|OLKM01000818.1 104169","OLKM01000818.1",104170,"MeA_20160214_scaffold_817","OLKM01000818.1","maker","gene",103221,107722,".","-",".","ID=MEAE_00045903","MEAE_00045903","Alias=maker-MeA_20160214_scaffold_817-augustus-gene-0.168","Protein of unknown function"
"536","ENA|OLKM01000836|OLKM01000836.1 93141","OLKM01000836.1",93142,"MeA_20160214_scaffold_835","OLKM01000836.1","maker","gene",89583,93644,".","+",".","ID=MEAE_00046528","MEAE_00046528","Alias=snap_masked-MeA_20160214_scaffold_835-processed-gene-0.79","Protein of unknown function"
"539","ENA|OLKM01000846|OLKM01000846.1 48397","OLKM01000846.1",48398,"MeA_20160214_scaffold_845","OLKM01000846.1","maker","gene",41278,59503,".","-",".","ID=MEAE_00046849","MEAE_00046849","Alias=maker-MeA_20160214_scaffold_845-augustus-gene-0.96","Similar to Srpk3: SRSF protein kinase 3 (Mus musculus)"
"540","ENA|OLKM01000846|OLKM01000846.1 62336","OLKM01000846.1",62337,"MeA_20160214_scaffold_845","OLKM01000846.1","maker","gene",61055,62590,".","-",".","ID=MEAE_00046851","MEAE_00046851","Alias=snap_masked-MeA_20160214_scaffold_845-processed-gene-0.70","Protein of unknown function"
"543","ENA|OLKM01000850|OLKM01000850.1 94435","OLKM01000850.1",94436,"MeA_20160214_scaffold_849","OLKM01000850.1","maker","gene",92354,95773,".","+",".","ID=MEAE_00046969","MEAE_00046969","Alias=snap_masked-MeA_20160214_scaffold_849-processed-gene-0.43","Protein of unknown function"
"544","ENA|OLKM01000850|OLKM01000850.1 94445","OLKM01000850.1",94446,"MeA_20160214_scaffold_849","OLKM01000850.1","maker","gene",92354,95773,".","+",".","ID=MEAE_00046969","MEAE_00046969","Alias=snap_masked-MeA_20160214_scaffold_849-processed-gene-0.43","Protein of unknown function"
"545","ENA|OLKM01000850|OLKM01000850.1 94484","OLKM01000850.1",94485,"MeA_20160214_scaffold_849","OLKM01000850.1","maker","gene",92354,95773,".","+",".","ID=MEAE_00046969","MEAE_00046969","Alias=snap_masked-MeA_20160214_scaffold_849-processed-gene-0.43","Protein of unknown function"
"546","ENA|OLKM01000850|OLKM01000850.1 94734","OLKM01000850.1",94735,"MeA_20160214_scaffold_849","OLKM01000850.1","maker","gene",92354,95773,".","+",".","ID=MEAE_00046969","MEAE_00046969","Alias=snap_masked-MeA_20160214_scaffold_849-processed-gene-0.43","Protein of unknown function"
"547","ENA|OLKM01000850|OLKM01000850.1 95441","OLKM01000850.1",95442,"MeA_20160214_scaffold_849","OLKM01000850.1","maker","gene",92354,95773,".","+",".","ID=MEAE_00046969","MEAE_00046969","Alias=snap_masked-MeA_20160214_scaffold_849-processed-gene-0.43","Protein of unknown function"
"548","ENA|OLKM01000850|OLKM01000850.1 95452","OLKM01000850.1",95453,"MeA_20160214_scaffold_849","OLKM01000850.1","maker","gene",92354,95773,".","+",".","ID=MEAE_00046969","MEAE_00046969","Alias=snap_masked-MeA_20160214_scaffold_849-processed-gene-0.43","Protein of unknown function"
"549","ENA|OLKM01000850|OLKM01000850.1 106084","OLKM01000850.1",106085,"MeA_20160214_scaffold_849","OLKM01000850.1","maker","gene",99890,159242,".","-",".","ID=MEAE_00046970","MEAE_00046970","Alias=maker-MeA_20160214_scaffold_849-snap-gene-0.69","Similar to PPARA: Peroxisome proliferator-activated receptor alpha (Canis lupus familiaris)"
"554","ENA|OLKM01000861|OLKM01000861.1 136421","OLKM01000861.1",136422,"MeA_20160214_scaffold_860","OLKM01000861.1","maker","gene",65758,161532,".","-",".","ID=MEAE_00047269","MEAE_00047269","Alias=maker-MeA_20160214_scaffold_860-snap-gene-0.142","Similar to NRXN2: Neurexin-2 (Homo sapiens)"
"555","ENA|OLKM01000877|OLKM01000877.1 146003","OLKM01000877.1",146004,"MeA_20160214_scaffold_876","OLKM01000877.1","maker","gene",138401,159189,".","+",".","ID=MEAE_00047839","MEAE_00047839","Alias=maker-MeA_20160214_scaffold_876-snap-gene-0.146","Similar to Lysozyme g (Epinephelus coioides)"
"559","ENA|OLKM01000885|OLKM01000885.1 32819","OLKM01000885.1",32820,"MeA_20160214_scaffold_884","OLKM01000885.1","maker","gene",23687,35196,".","+",".","ID=MEAE_00048047","MEAE_00048047","Alias=snap_masked-MeA_20160214_scaffold_884-processed-gene-0.57","Protein of unknown function"
"560","ENA|OLKM01000885|OLKM01000885.1 33654","OLKM01000885.1",33655,"MeA_20160214_scaffold_884","OLKM01000885.1","maker","gene",23687,35196,".","+",".","ID=MEAE_00048047","MEAE_00048047","Alias=snap_masked-MeA_20160214_scaffold_884-processed-gene-0.57","Protein of unknown function"
"561","ENA|OLKM01000892|OLKM01000892.1 123279","OLKM01000892.1",123280,"MeA_20160214_scaffold_891","OLKM01000892.1","maker","gene",121465,123338,".","-",".","ID=MEAE_00048267","MEAE_00048267","Alias=snap_masked-MeA_20160214_scaffold_891-processed-gene-0.131","Protein of unknown function"
"562","ENA|OLKM01000894|OLKM01000894.1 20207","OLKM01000894.1",20208,"MeA_20160214_scaffold_893","OLKM01000894.1","maker","gene",16113,27439,".","+",".","ID=MEAE_00048312","MEAE_00048312","Alias=maker-MeA_20160214_scaffold_893-augustus-gene-0.127","Similar to SCG5: Neuroendocrine protein 7B2 (Pan troglodytes)"
"562.2","ENA|OLKM01000894|OLKM01000894.1 20207","OLKM01000894.1",20208,"MeA_20160214_scaffold_893","OLKM01000894.1","maker","gene",1031,51304,".","-",".","ID=MEAE_00048310","MEAE_00048310","Alias=maker-MeA_20160214_scaffold_893-snap-gene-0.145","Similar to LD: Formin (Gallus gallus)"
"563","ENA|OLKM01000895|OLKM01000895.1 28614","OLKM01000895.1",28615,"MeA_20160214_scaffold_894","OLKM01000895.1","maker","gene",27472,36853,".","-",".","ID=MEAE_00048355","MEAE_00048355","Alias=maker-MeA_20160214_scaffold_894-snap-gene-0.147","Similar to Pkd1: Polycystin-1 (Mus musculus)"
"564","ENA|OLKM01000896|OLKM01000896.1 201060","OLKM01000896.1",201061,"MeA_20160214_scaffold_895","OLKM01000896.1","maker","gene",197396,201149,".","+",".","ID=MEAE_00048408","MEAE_00048408","Alias=snap_masked-MeA_20160214_scaffold_895-processed-gene-0.74","Protein of unknown function"
"564.4","ENA|OLKM01000896|OLKM01000896.1 201060","OLKM01000896.1",201061,"MeA_20160214_scaffold_895","OLKM01000896.1","maker","gene",196150,205564,".","-",".","ID=MEAE_00048407","MEAE_00048407","Alias=maker-MeA_20160214_scaffold_895-augustus-gene-0.108","Similar to smc5: Structural maintenance of chromosomes protein 5 (Takifugu rubripes)"
"565","ENA|OLKM01000901|OLKM01000901.1 203184","OLKM01000901.1",203185,"MeA_20160214_scaffold_900","OLKM01000901.1","maker","gene",201978,204354,".","-",".","ID=MEAE_00048558","MEAE_00048558","Alias=maker-MeA_20160214_scaffold_900-snap-gene-0.145","Protein of unknown function"
"566","ENA|OLKM01000901|OLKM01000901.1 203448","OLKM01000901.1",203449,"MeA_20160214_scaffold_900","OLKM01000901.1","maker","gene",201978,204354,".","-",".","ID=MEAE_00048558","MEAE_00048558","Alias=maker-MeA_20160214_scaffold_900-snap-gene-0.145","Protein of unknown function"
"567","ENA|OLKM01000901|OLKM01000901.1 203457","OLKM01000901.1",203458,"MeA_20160214_scaffold_900","OLKM01000901.1","maker","gene",201978,204354,".","-",".","ID=MEAE_00048558","MEAE_00048558","Alias=maker-MeA_20160214_scaffold_900-snap-gene-0.145","Protein of unknown function"
"568","ENA|OLKM01000901|OLKM01000901.1 204229","OLKM01000901.1",204230,"MeA_20160214_scaffold_900","OLKM01000901.1","maker","gene",201978,204354,".","-",".","ID=MEAE_00048558","MEAE_00048558","Alias=maker-MeA_20160214_scaffold_900-snap-gene-0.145","Protein of unknown function"
"569","ENA|OLKM01000901|OLKM01000901.1 204276","OLKM01000901.1",204277,"MeA_20160214_scaffold_900","OLKM01000901.1","maker","gene",201978,204354,".","-",".","ID=MEAE_00048558","MEAE_00048558","Alias=maker-MeA_20160214_scaffold_900-snap-gene-0.145","Protein of unknown function"
"570","ENA|OLKM01000901|OLKM01000901.1 204329","OLKM01000901.1",204330,"MeA_20160214_scaffold_900","OLKM01000901.1","maker","gene",201978,204354,".","-",".","ID=MEAE_00048558","MEAE_00048558","Alias=maker-MeA_20160214_scaffold_900-snap-gene-0.145","Protein of unknown function"
"572","ENA|OLKM01000912|OLKM01000912.1 190145","OLKM01000912.1",190146,"MeA_20160214_scaffold_911","OLKM01000912.1","maker","gene",189244,196432,".","-",".","ID=MEAE_00048898","MEAE_00048898","Alias=snap_masked-MeA_20160214_scaffold_911-processed-gene-0.137","Protein of unknown function"
"573","ENA|OLKM01000914|OLKM01000914.1 1990","OLKM01000914.1",1991,"MeA_20160214_scaffold_913","OLKM01000914.1","maker","gene",1196,3108,".","+",".","ID=MEAE_00048934","MEAE_00048934","Alias=maker-MeA_20160214_scaffold_913-augustus-gene-0.114","Protein of unknown function"
"574","ENA|OLKM01000914|OLKM01000914.1 2314","OLKM01000914.1",2315,"MeA_20160214_scaffold_913","OLKM01000914.1","maker","gene",1196,3108,".","+",".","ID=MEAE_00048934","MEAE_00048934","Alias=maker-MeA_20160214_scaffold_913-augustus-gene-0.114","Protein of unknown function"
"575","ENA|OLKM01000914|OLKM01000914.1 2353","OLKM01000914.1",2354,"MeA_20160214_scaffold_913","OLKM01000914.1","maker","gene",1196,3108,".","+",".","ID=MEAE_00048934","MEAE_00048934","Alias=maker-MeA_20160214_scaffold_913-augustus-gene-0.114","Protein of unknown function"
"576","ENA|OLKM01000914|OLKM01000914.1 2569","OLKM01000914.1",2570,"MeA_20160214_scaffold_913","OLKM01000914.1","maker","gene",1196,3108,".","+",".","ID=MEAE_00048934","MEAE_00048934","Alias=maker-MeA_20160214_scaffold_913-augustus-gene-0.114","Protein of unknown function"
"578","ENA|OLKM01000914|OLKM01000914.1 3441","OLKM01000914.1",3442,"MeA_20160214_scaffold_913","OLKM01000914.1","maker","gene",3177,12650,".","+",".","ID=MEAE_00048935","MEAE_00048935","Alias=augustus_masked-MeA_20160214_scaffold_913-processed-gene-0.49","Protein of unknown function"
"579","ENA|OLKM01000914|OLKM01000914.1 3459","OLKM01000914.1",3460,"MeA_20160214_scaffold_913","OLKM01000914.1","maker","gene",3177,12650,".","+",".","ID=MEAE_00048935","MEAE_00048935","Alias=augustus_masked-MeA_20160214_scaffold_913-processed-gene-0.49","Protein of unknown function"
"580","ENA|OLKM01000914|OLKM01000914.1 3463","OLKM01000914.1",3464,"MeA_20160214_scaffold_913","OLKM01000914.1","maker","gene",3177,12650,".","+",".","ID=MEAE_00048935","MEAE_00048935","Alias=augustus_masked-MeA_20160214_scaffold_913-processed-gene-0.49","Protein of unknown function"
"581","ENA|OLKM01000914|OLKM01000914.1 3501","OLKM01000914.1",3502,"MeA_20160214_scaffold_913","OLKM01000914.1","maker","gene",3177,12650,".","+",".","ID=MEAE_00048935","MEAE_00048935","Alias=augustus_masked-MeA_20160214_scaffold_913-processed-gene-0.49","Protein of unknown function"
"582","ENA|OLKM01000914|OLKM01000914.1 3856","OLKM01000914.1",3857,"MeA_20160214_scaffold_913","OLKM01000914.1","maker","gene",3177,12650,".","+",".","ID=MEAE_00048935","MEAE_00048935","Alias=augustus_masked-MeA_20160214_scaffold_913-processed-gene-0.49","Protein of unknown function"
"583","ENA|OLKM01000914|OLKM01000914.1 3883","OLKM01000914.1",3884,"MeA_20160214_scaffold_913","OLKM01000914.1","maker","gene",3177,12650,".","+",".","ID=MEAE_00048935","MEAE_00048935","Alias=augustus_masked-MeA_20160214_scaffold_913-processed-gene-0.49","Protein of unknown function"
"584","ENA|OLKM01000914|OLKM01000914.1 4033","OLKM01000914.1",4034,"MeA_20160214_scaffold_913","OLKM01000914.1","maker","gene",3177,12650,".","+",".","ID=MEAE_00048935","MEAE_00048935","Alias=augustus_masked-MeA_20160214_scaffold_913-processed-gene-0.49","Protein of unknown function"
"585","ENA|OLKM01000914|OLKM01000914.1 4138","OLKM01000914.1",4139,"MeA_20160214_scaffold_913","OLKM01000914.1","maker","gene",3177,12650,".","+",".","ID=MEAE_00048935","MEAE_00048935","Alias=augustus_masked-MeA_20160214_scaffold_913-processed-gene-0.49","Protein of unknown function"
"587","ENA|OLKM01000920|OLKM01000920.1 159240","OLKM01000920.1",159241,"MeA_20160214_scaffold_919","OLKM01000920.1","maker","gene",157381,161471,".","-",".","ID=MEAE_00049116","MEAE_00049116","Alias=snap_masked-MeA_20160214_scaffold_919-processed-gene-0.70","Protein of unknown function"
"588","ENA|OLKM01000923|OLKM01000923.1 167927","OLKM01000923.1",167928,"MeA_20160214_scaffold_922","OLKM01000923.1","maker","gene",167784,168689,".","-",".","ID=MEAE_00049205","MEAE_00049205","Alias=snap_masked-MeA_20160214_scaffold_922-processed-gene-0.99","Protein of unknown function"
"593","ENA|OLKM01000928|OLKM01000928.1 22621","OLKM01000928.1",22622,"MeA_20160214_scaffold_927","OLKM01000928.1","maker","gene",11863,44956,".","+",".","ID=MEAE_00049336","MEAE_00049336","Alias=maker-MeA_20160214_scaffold_927-snap-gene-0.108","Similar to brms1la: Breast cancer metastasis-suppressor 1-like protein-A (Danio rerio)"
"594","ENA|OLKM01000928|OLKM01000928.1 24673","OLKM01000928.1",24674,"MeA_20160214_scaffold_927","OLKM01000928.1","maker","gene",11863,44956,".","+",".","ID=MEAE_00049336","MEAE_00049336","Alias=maker-MeA_20160214_scaffold_927-snap-gene-0.108","Similar to brms1la: Breast cancer metastasis-suppressor 1-like protein-A (Danio rerio)"
"596","ENA|OLKM01000942|OLKM01000942.1 8732","OLKM01000942.1",8733,"MeA_20160214_scaffold_941","OLKM01000942.1","maker","gene",7175,9038,".","-",".","ID=MEAE_00049710","MEAE_00049710","Alias=maker-MeA_20160214_scaffold_941-augustus-gene-0.119","Similar to SELL: L-selectin (Macaca mulatta)"
"597","ENA|OLKM01000942|OLKM01000942.1 8922","OLKM01000942.1",8923,"MeA_20160214_scaffold_941","OLKM01000942.1","maker","gene",7175,9038,".","-",".","ID=MEAE_00049710","MEAE_00049710","Alias=maker-MeA_20160214_scaffold_941-augustus-gene-0.119","Similar to SELL: L-selectin (Macaca mulatta)"
"598","ENA|OLKM01000943|OLKM01000943.1 48935","OLKM01000943.1",48936,"MeA_20160214_scaffold_942","OLKM01000943.1","maker","gene",12455,55393,".","-",".","ID=MEAE_00049741","MEAE_00049741","Alias=maker-MeA_20160214_scaffold_942-snap-gene-0.113","Protein of unknown function"
"598.2","ENA|OLKM01000943|OLKM01000943.1 48935","OLKM01000943.1",48936,"MeA_20160214_scaffold_942","OLKM01000943.1","maker","gene",47789,50007,".","+",".","ID=MEAE_00049744","MEAE_00049744","Alias=augustus_masked-MeA_20160214_scaffold_942-processed-gene-0.65","Protein of unknown function"
"599","ENA|OLKM01000946|OLKM01000946.1 88917","OLKM01000946.1",88918,"MeA_20160214_scaffold_945","OLKM01000946.1","maker","gene",46143,129476,".","+",".","ID=MEAE_00049846","MEAE_00049846","Alias=maker-MeA_20160214_scaffold_945-snap-gene-0.101","Similar to U2AF65A: Splicing factor U2af large subunit A (Arabidopsis thaliana)"
"599.2","ENA|OLKM01000946|OLKM01000946.1 88917","OLKM01000946.1",88918,"MeA_20160214_scaffold_945","OLKM01000946.1","maker","gene",36470,149891,".","-",".","ID=MEAE_00049845","MEAE_00049845","Alias=maker-MeA_20160214_scaffold_945-snap-gene-0.109","Similar to TMEFF2: Tomoregulin-2 (Homo sapiens)"
"600","ENA|OLKM01000950|OLKM01000950.1 4224","OLKM01000950.1",4225,"MeA_20160214_scaffold_949","OLKM01000950.1","maker","gene",3281,11501,".","+",".","ID=MEAE_00049941","MEAE_00049941","Alias=maker-MeA_20160214_scaffold_949-augustus-gene-0.93","Protein of unknown function"
"601","ENA|OLKM01000950|OLKM01000950.1 4269","OLKM01000950.1",4270,"MeA_20160214_scaffold_949","OLKM01000950.1","maker","gene",3281,11501,".","+",".","ID=MEAE_00049941","MEAE_00049941","Alias=maker-MeA_20160214_scaffold_949-augustus-gene-0.93","Protein of unknown function"
"602","ENA|OLKM01000954|OLKM01000954.1 26149","OLKM01000954.1",26150,"MeA_20160214_scaffold_953","OLKM01000954.1","maker","gene",25156,31294,".","+",".","ID=MEAE_00050062","MEAE_00050062","Alias=genemark-MeA_20160214_scaffold_953-processed-gene-0.6","Protein of unknown function"
"603","ENA|OLKM01000956|OLKM01000956.1 8723","OLKM01000956.1",8724,"MeA_20160214_scaffold_955","OLKM01000956.1","maker","gene",3119,13572,".","-",".","ID=MEAE_00050129","MEAE_00050129","Alias=maker-MeA_20160214_scaffold_955-augustus-gene-0.100","Similar to sdhdb: Succinate dehydrogenase [ubiquinone] cytochrome b small subunit B%2C mitochondrial (Danio rerio)"
"604","ENA|OLKM01000961|OLKM01000961.1 27945","OLKM01000961.1",27946,"MeA_20160214_scaffold_960","OLKM01000961.1","maker","gene",1055,46905,".","-",".","ID=MEAE_00050286","MEAE_00050286","Alias=maker-MeA_20160214_scaffold_960-snap-gene-0.97","Similar to speg: Striated muscle preferentially expressed protein kinase (Danio rerio)"
"605","ENA|OLKM01000961|OLKM01000961.1 100563","OLKM01000961.1",100564,"MeA_20160214_scaffold_960","OLKM01000961.1","maker","gene",98333,108524,".","+",".","ID=MEAE_00050297","MEAE_00050297","Alias=snap_masked-MeA_20160214_scaffold_960-processed-gene-0.64","Protein of unknown function"
"606","ENA|OLKM01000961|OLKM01000961.1 118899","OLKM01000961.1",118900,"MeA_20160214_scaffold_960","OLKM01000961.1","maker","gene",115291,193172,".","+",".","ID=MEAE_00050299","MEAE_00050299","Alias=maker-MeA_20160214_scaffold_960-snap-gene-0.95","Protein of unknown function"
"606.2","ENA|OLKM01000961|OLKM01000961.1 118899","OLKM01000961.1",118900,"MeA_20160214_scaffold_960","OLKM01000961.1","maker","gene",115884,119175,".","-",".","ID=MEAE_00050300","MEAE_00050300","Alias=genemark-MeA_20160214_scaffold_960-processed-gene-0.43","Similar to Farp1: FERM%2C RhoGEF and pleckstrin domain-containing protein 1 (Rattus norvegicus)"
"607","ENA|OLKM01000963|OLKM01000963.1 79395","OLKM01000963.1",79396,"MeA_20160214_scaffold_962","OLKM01000963.1","maker","gene",1240,80762,".","+",".","ID=MEAE_00050335","MEAE_00050335","Alias=maker-MeA_20160214_scaffold_962-snap-gene-0.108","Similar to PIK3CA: Phosphatidylinositol 4%2C5-bisphosphate 3-kinase catalytic subunit alpha isoform (Homo sapiens)"
"608","ENA|OLKM01000963|OLKM01000963.1 79429","OLKM01000963.1",79430,"MeA_20160214_scaffold_962","OLKM01000963.1","maker","gene",1240,80762,".","+",".","ID=MEAE_00050335","MEAE_00050335","Alias=maker-MeA_20160214_scaffold_962-snap-gene-0.108","Similar to PIK3CA: Phosphatidylinositol 4%2C5-bisphosphate 3-kinase catalytic subunit alpha isoform (Homo sapiens)"
"609","ENA|OLKM01000967|OLKM01000967.1 102607","OLKM01000967.1",102608,"MeA_20160214_scaffold_966","OLKM01000967.1","maker","gene",99772,102659,".","+",".","ID=MEAE_00050453","MEAE_00050453","Alias=augustus_masked-MeA_20160214_scaffold_966-processed-gene-0.64","Protein of unknown function"
"609.4","ENA|OLKM01000967|OLKM01000967.1 102607","OLKM01000967.1",102608,"MeA_20160214_scaffold_966","OLKM01000967.1","maker","gene",102227,103611,".","-",".","ID=MEAE_00050454","MEAE_00050454","Alias=snap_masked-MeA_20160214_scaffold_966-processed-gene-0.91","Protein of unknown function"
"610","ENA|OLKM01000968|OLKM01000968.1 28661","OLKM01000968.1",28662,"MeA_20160214_scaffold_967","OLKM01000968.1","maker","gene",28152,28914,".","-",".","ID=MEAE_00050472","MEAE_00050472","Alias=snap_masked-MeA_20160214_scaffold_967-processed-gene-0.73","Protein of unknown function"
"613","ENA|OLKM01000969|OLKM01000969.1 103969","OLKM01000969.1",103970,"MeA_20160214_scaffold_968","OLKM01000969.1","maker","gene",84391,120122,".","+",".","ID=MEAE_00050513","MEAE_00050513","Alias=maker-MeA_20160214_scaffold_968-snap-gene-0.115","Similar to NLRC3: Protein NLRC3 (Homo sapiens)"
"614","ENA|OLKM01000976|OLKM01000976.1 138150","OLKM01000976.1",138151,"MeA_20160214_scaffold_975","OLKM01000976.1","maker","gene",127714,140159,".","+",".","ID=MEAE_00050762","MEAE_00050762","Alias=maker-MeA_20160214_scaffold_975-augustus-gene-0.125","Similar to Abcf3: ATP-binding cassette sub-family F member 3 (Mus musculus)"
"615","ENA|OLKM01000979|OLKM01000979.1 99968","OLKM01000979.1",99969,"MeA_20160214_scaffold_978","OLKM01000979.1","maker","gene",47463,109648,".","+",".","ID=MEAE_00050848","MEAE_00050848","Alias=maker-MeA_20160214_scaffold_978-snap-gene-0.128","Similar to CNGA1: cGMP-gated cation channel alpha-1 (Homo sapiens)"
"615.2","ENA|OLKM01000979|OLKM01000979.1 99968","OLKM01000979.1",99969,"MeA_20160214_scaffold_978","OLKM01000979.1","maker","gene",89577,103722,".","-",".","ID=MEAE_00050855","MEAE_00050855","Alias=snap_masked-MeA_20160214_scaffold_978-processed-gene-0.98","Protein of unknown function"
"616","ENA|OLKM01000994|OLKM01000994.1 176701","OLKM01000994.1",176702,"MeA_20160214_scaffold_993","OLKM01000994.1","maker","gene",168743,179050,".","+",".","ID=MEAE_00051323","MEAE_00051323","Alias=maker-MeA_20160214_scaffold_993-snap-gene-0.118","Similar to TRIM27: Zinc finger protein RFP (Homo sapiens)"
"617","ENA|OLKM01001005|OLKM01001005.1 183417","OLKM01001005.1",183418,"MeA_20160214_scaffold_1004","OLKM01001005.1","maker","gene",181178,183675,".","+",".","ID=MEAE_00051620","MEAE_00051620","Alias=maker-MeA_20160214_scaffold_1004-snap-gene-0.115","Similar to nxpe3: NXPE family member 3 (Danio rerio)"
"618","ENA|OLKM01001007|OLKM01001007.1 37686","OLKM01001007.1",37687,"MeA_20160214_scaffold_1006","OLKM01001007.1","maker","gene",26419,40626,".","+",".","ID=MEAE_00051662","MEAE_00051662","Alias=maker-MeA_20160214_scaffold_1006-augustus-gene-0.75","Protein of unknown function"
"619","ENA|OLKM01001010|OLKM01001010.1 91498","OLKM01001010.1",91499,"MeA_20160214_scaffold_1009","OLKM01001010.1","maker","gene",90706,93954,".","-",".","ID=MEAE_00051754","MEAE_00051754","Alias=maker-MeA_20160214_scaffold_1009-snap-gene-0.159","Similar to Ifih1: Interferon-induced helicase C domain-containing protein 1 (Mus musculus)"
"620","ENA|OLKM01001011|OLKM01001011.1 150653","OLKM01001011.1",150654,"MeA_20160214_scaffold_1010","OLKM01001011.1","maker","gene",147632,181788,".","+",".","ID=MEAE_00051804","MEAE_00051804","Alias=maker-MeA_20160214_scaffold_1010-snap-gene-0.122","Protein of unknown function"
"621","ENA|OLKM01001011|OLKM01001011.1 150721","OLKM01001011.1",150722,"MeA_20160214_scaffold_1010","OLKM01001011.1","maker","gene",147632,181788,".","+",".","ID=MEAE_00051804","MEAE_00051804","Alias=maker-MeA_20160214_scaffold_1010-snap-gene-0.122","Protein of unknown function"
"622","ENA|OLKM01001011|OLKM01001011.1 150732","OLKM01001011.1",150733,"MeA_20160214_scaffold_1010","OLKM01001011.1","maker","gene",147632,181788,".","+",".","ID=MEAE_00051804","MEAE_00051804","Alias=maker-MeA_20160214_scaffold_1010-snap-gene-0.122","Protein of unknown function"
"623","ENA|OLKM01001011|OLKM01001011.1 150774","OLKM01001011.1",150775,"MeA_20160214_scaffold_1010","OLKM01001011.1","maker","gene",147632,181788,".","+",".","ID=MEAE_00051804","MEAE_00051804","Alias=maker-MeA_20160214_scaffold_1010-snap-gene-0.122","Protein of unknown function"
"624","ENA|OLKM01001011|OLKM01001011.1 150825","OLKM01001011.1",150826,"MeA_20160214_scaffold_1010","OLKM01001011.1","maker","gene",147632,181788,".","+",".","ID=MEAE_00051804","MEAE_00051804","Alias=maker-MeA_20160214_scaffold_1010-snap-gene-0.122","Protein of unknown function"
"625","ENA|OLKM01001011|OLKM01001011.1 150861","OLKM01001011.1",150862,"MeA_20160214_scaffold_1010","OLKM01001011.1","maker","gene",147632,181788,".","+",".","ID=MEAE_00051804","MEAE_00051804","Alias=maker-MeA_20160214_scaffold_1010-snap-gene-0.122","Protein of unknown function"
"626","ENA|OLKM01001011|OLKM01001011.1 150886","OLKM01001011.1",150887,"MeA_20160214_scaffold_1010","OLKM01001011.1","maker","gene",147632,181788,".","+",".","ID=MEAE_00051804","MEAE_00051804","Alias=maker-MeA_20160214_scaffold_1010-snap-gene-0.122","Protein of unknown function"
"627","ENA|OLKM01001011|OLKM01001011.1 152355","OLKM01001011.1",152356,"MeA_20160214_scaffold_1010","OLKM01001011.1","maker","gene",147632,181788,".","+",".","ID=MEAE_00051804","MEAE_00051804","Alias=maker-MeA_20160214_scaffold_1010-snap-gene-0.122","Protein of unknown function"
"628","ENA|OLKM01001018|OLKM01001018.1 97311","OLKM01001018.1",97312,"MeA_20160214_scaffold_1017","OLKM01001018.1","maker","gene",92654,99346,".","+",".","ID=MEAE_00051995","MEAE_00051995","Alias=maker-MeA_20160214_scaffold_1017-augustus-gene-0.109","Similar to ELMOD3: ELMO domain-containing protein 3 (Bos taurus)"
"628.2","ENA|OLKM01001018|OLKM01001018.1 97311","OLKM01001018.1",97312,"MeA_20160214_scaffold_1017","OLKM01001018.1","maker","gene",77677,179560,".","-",".","ID=MEAE_00051993","MEAE_00051993","Alias=maker-MeA_20160214_scaffold_1017-snap-gene-0.137","Similar to RICTOR: Rapamycin-insensitive companion of mTOR (Homo sapiens)"
"629","ENA|OLKM01001020|OLKM01001020.1 146902","OLKM01001020.1",146903,"MeA_20160214_scaffold_1019","OLKM01001020.1","maker","gene",71879,158005,".","+",".","ID=MEAE_00052046","MEAE_00052046","Alias=augustus_masked-MeA_20160214_scaffold_1019-processed-gene-0.51","Similar to SVEP1: Sushi%2C von Willebrand factor type A%2C EGF and pentraxin domain-containing protein 1 (Homo sapiens)"
"630","ENA|OLKM01001020|OLKM01001020.1 151488","OLKM01001020.1",151489,"MeA_20160214_scaffold_1019","OLKM01001020.1","maker","gene",71879,158005,".","+",".","ID=MEAE_00052046","MEAE_00052046","Alias=augustus_masked-MeA_20160214_scaffold_1019-processed-gene-0.51","Similar to SVEP1: Sushi%2C von Willebrand factor type A%2C EGF and pentraxin domain-containing protein 1 (Homo sapiens)"
"631","ENA|OLKM01001020|OLKM01001020.1 154787","OLKM01001020.1",154788,"MeA_20160214_scaffold_1019","OLKM01001020.1","maker","gene",71879,158005,".","+",".","ID=MEAE_00052046","MEAE_00052046","Alias=augustus_masked-MeA_20160214_scaffold_1019-processed-gene-0.51","Similar to SVEP1: Sushi%2C von Willebrand factor type A%2C EGF and pentraxin domain-containing protein 1 (Homo sapiens)"
"633","ENA|OLKM01001022|OLKM01001022.1 128697","OLKM01001022.1",128698,"MeA_20160214_scaffold_1021","OLKM01001022.1","maker","gene",29027,169300,".","+",".","ID=MEAE_00052099","MEAE_00052099","Alias=maker-MeA_20160214_scaffold_1021-snap-gene-0.85","Similar to LRRC16A: F-actin-uncapping protein LRRC16A (Homo sapiens)"
"634","ENA|OLKM01001024|OLKM01001024.1 17922","OLKM01001024.1",17923,"MeA_20160214_scaffold_1023","OLKM01001024.1","maker","gene",16944,19291,".","+",".","ID=MEAE_00052142","MEAE_00052142","Alias=augustus_masked-MeA_20160214_scaffold_1023-processed-gene-0.64","Protein of unknown function"
"635","ENA|OLKM01001024|OLKM01001024.1 17967","OLKM01001024.1",17968,"MeA_20160214_scaffold_1023","OLKM01001024.1","maker","gene",16944,19291,".","+",".","ID=MEAE_00052142","MEAE_00052142","Alias=augustus_masked-MeA_20160214_scaffold_1023-processed-gene-0.64","Protein of unknown function"
"640","ENA|OLKM01001028|OLKM01001028.1 23515","OLKM01001028.1",23516,"MeA_20160214_scaffold_1027","OLKM01001028.1","maker","gene",8247,55739,".","-",".","ID=MEAE_00052254","MEAE_00052254","Alias=augustus_masked-MeA_20160214_scaffold_1027-processed-gene-0.49","Similar to FRYL: Protein furry homolog-like (Homo sapiens)"
"641","ENA|OLKM01001031|OLKM01001031.1 70664","OLKM01001031.1",70665,"MeA_20160214_scaffold_1030","OLKM01001031.1","maker","gene",56892,102265,".","+",".","ID=MEAE_00052356","MEAE_00052356","Alias=maker-MeA_20160214_scaffold_1030-snap-gene-0.150","Similar to Notch2: Neurogenic locus notch homolog protein 2 (Rattus norvegicus)"
"641.2","ENA|OLKM01001031|OLKM01001031.1 70664","OLKM01001031.1",70665,"MeA_20160214_scaffold_1030","OLKM01001031.1","maker","gene",63737,77157,".","-",".","ID=MEAE_00052358","MEAE_00052358","Alias=snap_masked-MeA_20160214_scaffold_1030-processed-gene-0.111","Protein of unknown function"
"643","ENA|OLKM01001037|OLKM01001037.1 10510","OLKM01001037.1",10511,"MeA_20160214_scaffold_1036","OLKM01001037.1","maker","gene",6862,12076,".","+",".","ID=MEAE_00052552","MEAE_00052552","Alias=genemark-MeA_20160214_scaffold_1036-processed-gene-0.1","Similar to ASB3: Ankyrin repeat and SOCS box protein 3 (Bos taurus)"
"643.4","ENA|OLKM01001037|OLKM01001037.1 10510","OLKM01001037.1",10511,"MeA_20160214_scaffold_1036","OLKM01001037.1","maker","gene",9795,11548,".","-",".","ID=MEAE_00052553","MEAE_00052553","Alias=maker-MeA_20160214_scaffold_1036-snap-gene-0.144","Protein of unknown function"
"646","ENA|OLKM01001041|OLKM01001041.1 36031","OLKM01001041.1",36032,"MeA_20160214_scaffold_1040","OLKM01001041.1","maker","gene",12454,67060,".","+",".","ID=MEAE_00052653","MEAE_00052653","Alias=maker-MeA_20160214_scaffold_1040-snap-gene-0.114","Similar to PARP12: Poly [ADP-ribose] polymerase 12 (Homo sapiens)"
"646.2","ENA|OLKM01001041|OLKM01001041.1 36031","OLKM01001041.1",36032,"MeA_20160214_scaffold_1040","OLKM01001041.1","maker","gene",35606,36640,".","-",".","ID=MEAE_00052654","MEAE_00052654","Alias=augustus_masked-MeA_20160214_scaffold_1040-processed-gene-0.60","Similar to F52C9.6: Putative uncharacterized transposon-derived protein F52C9.6 (Caenorhabditis elegans)"
"647","ENA|OLKM01001041|OLKM01001041.1 36033","OLKM01001041.1",36034,"MeA_20160214_scaffold_1040","OLKM01001041.1","maker","gene",12454,67060,".","+",".","ID=MEAE_00052653","MEAE_00052653","Alias=maker-MeA_20160214_scaffold_1040-snap-gene-0.114","Similar to PARP12: Poly [ADP-ribose] polymerase 12 (Homo sapiens)"
"647.2","ENA|OLKM01001041|OLKM01001041.1 36033","OLKM01001041.1",36034,"MeA_20160214_scaffold_1040","OLKM01001041.1","maker","gene",35606,36640,".","-",".","ID=MEAE_00052654","MEAE_00052654","Alias=augustus_masked-MeA_20160214_scaffold_1040-processed-gene-0.60","Similar to F52C9.6: Putative uncharacterized transposon-derived protein F52C9.6 (Caenorhabditis elegans)"
"648","ENA|OLKM01001042|OLKM01001042.1 3120","OLKM01001042.1",3121,"MeA_20160214_scaffold_1041","OLKM01001042.1","maker","gene",190,24050,".","+",".","ID=MEAE_00052673","MEAE_00052673","Alias=maker-MeA_20160214_scaffold_1041-snap-gene-0.133","Similar to SMC1B: Structural maintenance of chromosomes protein 1B (Homo sapiens)"
"648.2","ENA|OLKM01001042|OLKM01001042.1 3120","OLKM01001042.1",3121,"MeA_20160214_scaffold_1041","OLKM01001042.1","maker","gene",110,6754,".","-",".","ID=MEAE_00052672","MEAE_00052672","Alias=maker-MeA_20160214_scaffold_1041-snap-gene-0.141","Protein of unknown function"
"649","ENA|OLKM01001042|OLKM01001042.1 3648","OLKM01001042.1",3649,"MeA_20160214_scaffold_1041","OLKM01001042.1","maker","gene",190,24050,".","+",".","ID=MEAE_00052673","MEAE_00052673","Alias=maker-MeA_20160214_scaffold_1041-snap-gene-0.133","Similar to SMC1B: Structural maintenance of chromosomes protein 1B (Homo sapiens)"
"649.2","ENA|OLKM01001042|OLKM01001042.1 3648","OLKM01001042.1",3649,"MeA_20160214_scaffold_1041","OLKM01001042.1","maker","gene",110,6754,".","-",".","ID=MEAE_00052672","MEAE_00052672","Alias=maker-MeA_20160214_scaffold_1041-snap-gene-0.141","Protein of unknown function"
"650","ENA|OLKM01001042|OLKM01001042.1 123157","OLKM01001042.1",123158,"MeA_20160214_scaffold_1041","OLKM01001042.1","maker","gene",108068,124231,".","+",".","ID=MEAE_00052689","MEAE_00052689","Alias=maker-MeA_20160214_scaffold_1041-snap-gene-0.135","Protein of unknown function"
"650.2","ENA|OLKM01001042|OLKM01001042.1 123157","OLKM01001042.1",123158,"MeA_20160214_scaffold_1041","OLKM01001042.1","maker","gene",88292,123399,".","-",".","ID=MEAE_00052688","MEAE_00052688","Alias=maker-MeA_20160214_scaffold_1041-snap-gene-0.145","Similar to Kif21a: Kinesin-like protein KIF21A (Mus musculus)"
"651","ENA|OLKM01001051|OLKM01001051.1 147385","OLKM01001051.1",147386,"MeA_20160214_scaffold_1050","OLKM01001051.1","maker","gene",144408,147881,".","+",".","ID=MEAE_00052914","MEAE_00052914","Alias=maker-MeA_20160214_scaffold_1050-snap-gene-0.78","Similar to PARP14: Poly [ADP-ribose] polymerase 14 (Homo sapiens)"
"652","ENA|OLKM01001058|OLKM01001058.1 61948","OLKM01001058.1",61949,"MeA_20160214_scaffold_1057","OLKM01001058.1","maker","gene",484,80170,".","+",".","ID=MEAE_00053083","MEAE_00053083","Alias=maker-MeA_20160214_scaffold_1057-snap-gene-0.115","Similar to PKD1: Polycystin-1 (Homo sapiens)"
"652.2","ENA|OLKM01001058|OLKM01001058.1 61948","OLKM01001058.1",61949,"MeA_20160214_scaffold_1057","OLKM01001058.1","maker","gene",59504,74447,".","-",".","ID=MEAE_00053090","MEAE_00053090","Alias=snap_masked-MeA_20160214_scaffold_1057-processed-gene-0.86","Protein of unknown function"
"655","ENA|OLKM01001060|OLKM01001060.1 138053","OLKM01001060.1",138054,"MeA_20160214_scaffold_1059","OLKM01001060.1","maker","gene",122375,149275,".","-",".","ID=MEAE_00053151","MEAE_00053151","Alias=snap_masked-MeA_20160214_scaffold_1059-processed-gene-0.51","Protein of unknown function"
"656","ENA|OLKM01001060|OLKM01001060.1 138055","OLKM01001060.1",138056,"MeA_20160214_scaffold_1059","OLKM01001060.1","maker","gene",122375,149275,".","-",".","ID=MEAE_00053151","MEAE_00053151","Alias=snap_masked-MeA_20160214_scaffold_1059-processed-gene-0.51","Protein of unknown function"
"657","ENA|OLKM01001060|OLKM01001060.1 138274","OLKM01001060.1",138275,"MeA_20160214_scaffold_1059","OLKM01001060.1","maker","gene",122375,149275,".","-",".","ID=MEAE_00053151","MEAE_00053151","Alias=snap_masked-MeA_20160214_scaffold_1059-processed-gene-0.51","Protein of unknown function"
"658","ENA|OLKM01001062|OLKM01001062.1 93598","OLKM01001062.1",93599,"MeA_20160214_scaffold_1061","OLKM01001062.1","maker","gene",88894,97834,".","-",".","ID=MEAE_00053217","MEAE_00053217","Alias=snap_masked-MeA_20160214_scaffold_1061-processed-gene-0.90","Protein of unknown function"
"659","ENA|OLKM01001067|OLKM01001067.1 172900","OLKM01001067.1",172901,"MeA_20160214_scaffold_1066","OLKM01001067.1","maker","gene",172769,174091,".","-",".","ID=MEAE_00053357","MEAE_00053357","Alias=augustus_masked-MeA_20160214_scaffold_1066-processed-gene-0.70","Protein of unknown function"
"660","ENA|OLKM01001067|OLKM01001067.1 173445","OLKM01001067.1",173446,"MeA_20160214_scaffold_1066","OLKM01001067.1","maker","gene",172769,174091,".","-",".","ID=MEAE_00053357","MEAE_00053357","Alias=augustus_masked-MeA_20160214_scaffold_1066-processed-gene-0.70","Protein of unknown function"
"661","ENA|OLKM01001071|OLKM01001071.1 57617","OLKM01001071.1",57618,"MeA_20160214_scaffold_1070","OLKM01001071.1","maker","gene",57124,67884,".","+",".","ID=MEAE_00053456","MEAE_00053456","Alias=maker-MeA_20160214_scaffold_1070-snap-gene-0.99","Similar to FAM234B: Protein FAM234B (Gallus gallus)"
"661.4","ENA|OLKM01001071|OLKM01001071.1 57617","OLKM01001071.1",57618,"MeA_20160214_scaffold_1070","OLKM01001071.1","maker","gene",36906,58425,".","-",".","ID=MEAE_00053454","MEAE_00053454","Alias=maker-MeA_20160214_scaffold_1070-snap-gene-0.106","Similar to Rrp7a: Ribosomal RNA-processing protein 7 homolog A (Mus musculus)"
"664","ENA|OLKM01001073|OLKM01001073.1 30483","OLKM01001073.1",30484,"MeA_20160214_scaffold_1072","OLKM01001073.1","maker","gene",23109,37764,".","+",".","ID=MEAE_00053499","MEAE_00053499","Alias=snap_masked-MeA_20160214_scaffold_1072-processed-gene-0.60","Similar to Snx13: Sorting nexin-13 (Mus musculus)"
"665","ENA|OLKM01001074|OLKM01001074.1 95528","OLKM01001074.1",95529,"MeA_20160214_scaffold_1073","OLKM01001074.1","maker","gene",91871,97190,".","+",".","ID=MEAE_00053536","MEAE_00053536","Alias=snap_masked-MeA_20160214_scaffold_1073-processed-gene-0.67","Protein of unknown function"
"666","ENA|OLKM01001074|OLKM01001074.1 95963","OLKM01001074.1",95964,"MeA_20160214_scaffold_1073","OLKM01001074.1","maker","gene",91871,97190,".","+",".","ID=MEAE_00053536","MEAE_00053536","Alias=snap_masked-MeA_20160214_scaffold_1073-processed-gene-0.67","Protein of unknown function"
"667","ENA|OLKM01001074|OLKM01001074.1 96978","OLKM01001074.1",96979,"MeA_20160214_scaffold_1073","OLKM01001074.1","maker","gene",91871,97190,".","+",".","ID=MEAE_00053536","MEAE_00053536","Alias=snap_masked-MeA_20160214_scaffold_1073-processed-gene-0.67","Protein of unknown function"
"668","ENA|OLKM01001075|OLKM01001075.1 38445","OLKM01001075.1",38446,"MeA_20160214_scaffold_1074","OLKM01001075.1","maker","gene",12953,49221,".","+",".","ID=MEAE_00053552","MEAE_00053552","Alias=maker-MeA_20160214_scaffold_1074-snap-gene-0.112","Protein of unknown function"
"676","ENA|OLKM01001090|OLKM01001090.1 18829","OLKM01001090.1",18830,"MeA_20160214_scaffold_1089","OLKM01001090.1","maker","gene",17128,25407,".","-",".","ID=MEAE_00053968","MEAE_00053968","Alias=snap_masked-MeA_20160214_scaffold_1089-processed-gene-0.67","Protein of unknown function"
"677","ENA|OLKM01001091|OLKM01001091.1 44103","OLKM01001091.1",44104,"MeA_20160214_scaffold_1090","OLKM01001091.1","maker","gene",28867,56250,".","+",".","ID=MEAE_00054002","MEAE_00054002","Alias=snap_masked-MeA_20160214_scaffold_1090-processed-gene-0.66","Protein of unknown function"
"677.2","ENA|OLKM01001091|OLKM01001091.1 44103","OLKM01001091.1",44104,"MeA_20160214_scaffold_1090","OLKM01001091.1","maker","gene",28563,55345,".","-",".","ID=MEAE_00054001","MEAE_00054001","Alias=snap_masked-MeA_20160214_scaffold_1090-processed-gene-0.81","Protein of unknown function"
"680","ENA|OLKM01001096|OLKM01001096.1 136573","OLKM01001096.1",136574,"MeA_20160214_scaffold_1095","OLKM01001096.1","maker","gene",130809,136836,".","+",".","ID=MEAE_00054141","MEAE_00054141","Alias=genemark-MeA_20160214_scaffold_1095-processed-gene-0.24","Similar to POL: Retrovirus-related Pol polyprotein from transposon 412 (Drosophila melanogaster)"
"681","ENA|OLKM01001100|OLKM01001100.1 6835","OLKM01001100.1",6836,"MeA_20160214_scaffold_1099","OLKM01001100.1","maker","gene",508,19089,".","-",".","ID=MEAE_00054228","MEAE_00054228","Alias=snap_masked-MeA_20160214_scaffold_1099-processed-gene-0.88","Protein of unknown function"
"682","ENA|OLKM01001103|OLKM01001103.1 154637","OLKM01001103.1",154638,"MeA_20160214_scaffold_1102","OLKM01001103.1","maker","gene",136681,170833,".","+",".","ID=MEAE_00054361","MEAE_00054361","Alias=maker-MeA_20160214_scaffold_1102-snap-gene-0.122","Protein of unknown function"
"682.2","ENA|OLKM01001103|OLKM01001103.1 154637","OLKM01001103.1",154638,"MeA_20160214_scaffold_1102","OLKM01001103.1","maker","gene",123031,171112,".","-",".","ID=MEAE_00054359","MEAE_00054359","Alias=maker-MeA_20160214_scaffold_1102-snap-gene-0.133","Protein of unknown function"
"683","ENA|OLKM01001103|OLKM01001103.1 154665","OLKM01001103.1",154666,"MeA_20160214_scaffold_1102","OLKM01001103.1","maker","gene",136681,170833,".","+",".","ID=MEAE_00054361","MEAE_00054361","Alias=maker-MeA_20160214_scaffold_1102-snap-gene-0.122","Protein of unknown function"
"683.2","ENA|OLKM01001103|OLKM01001103.1 154665","OLKM01001103.1",154666,"MeA_20160214_scaffold_1102","OLKM01001103.1","maker","gene",123031,171112,".","-",".","ID=MEAE_00054359","MEAE_00054359","Alias=maker-MeA_20160214_scaffold_1102-snap-gene-0.133","Protein of unknown function"
"684","ENA|OLKM01001116|OLKM01001116.1 66298","OLKM01001116.1",66299,"MeA_20160214_scaffold_1115","OLKM01001116.1","maker","gene",37047,79337,".","-",".","ID=MEAE_00054696","MEAE_00054696","Alias=maker-MeA_20160214_scaffold_1115-snap-gene-0.146","Similar to RXFP1: Relaxin receptor 1 (Homo sapiens)"
"684.2","ENA|OLKM01001116|OLKM01001116.1 66298","OLKM01001116.1",66299,"MeA_20160214_scaffold_1115","OLKM01001116.1","maker","gene",59970,66473,".","+",".","ID=MEAE_00054701","MEAE_00054701","Alias=snap_masked-MeA_20160214_scaffold_1115-processed-gene-0.94","Protein of unknown function"
"694","ENA|OLKM01001148|OLKM01001148.1 78569","OLKM01001148.1",78570,"MeA_20160214_scaffold_1147","OLKM01001148.1","maker","gene",57023,84999,".","+",".","ID=MEAE_00055565","MEAE_00055565","Alias=maker-MeA_20160214_scaffold_1147-augustus-gene-0.99","Similar to Slc12a7: Solute carrier family 12 member 7 (Rattus norvegicus)"
"694.2","ENA|OLKM01001148|OLKM01001148.1 78569","OLKM01001148.1",78570,"MeA_20160214_scaffold_1147","OLKM01001148.1","maker","gene",60526,94337,".","-",".","ID=MEAE_00055566","MEAE_00055566","Alias=maker-MeA_20160214_scaffold_1147-snap-gene-0.117","Protein of unknown function"
"695","ENA|OLKM01001155|OLKM01001155.1 159504","OLKM01001155.1",159505,"MeA_20160214_scaffold_1154","OLKM01001155.1","maker","gene",151564,160226,".","+",".","ID=MEAE_00055773","MEAE_00055773","Alias=maker-MeA_20160214_scaffold_1154-augustus-gene-0.93","Similar to usp37: Ubiquitin carboxyl-terminal hydrolase 37 (Danio rerio)"
"695.4","ENA|OLKM01001155|OLKM01001155.1 159504","OLKM01001155.1",159505,"MeA_20160214_scaffold_1154","OLKM01001155.1","maker","gene",156172,160913,".","-",".","ID=MEAE_00055775","MEAE_00055775","Alias=snap_masked-MeA_20160214_scaffold_1154-processed-gene-0.88","Protein of unknown function"
"696","ENA|OLKM01001158|OLKM01001158.1 54107","OLKM01001158.1",54108,"MeA_20160214_scaffold_1157","OLKM01001158.1","maker","gene",11866,89150,".","+",".","ID=MEAE_00055827","MEAE_00055827","Alias=maker-MeA_20160214_scaffold_1157-snap-gene-0.123","Protein of unknown function"
"697","ENA|OLKM01001158|OLKM01001158.1 55120","OLKM01001158.1",55121,"MeA_20160214_scaffold_1157","OLKM01001158.1","maker","gene",11866,89150,".","+",".","ID=MEAE_00055827","MEAE_00055827","Alias=maker-MeA_20160214_scaffold_1157-snap-gene-0.123","Protein of unknown function"
"698","ENA|OLKM01001158|OLKM01001158.1 56228","OLKM01001158.1",56229,"MeA_20160214_scaffold_1157","OLKM01001158.1","maker","gene",11866,89150,".","+",".","ID=MEAE_00055827","MEAE_00055827","Alias=maker-MeA_20160214_scaffold_1157-snap-gene-0.123","Protein of unknown function"
"699","ENA|OLKM01001158|OLKM01001158.1 57390","OLKM01001158.1",57391,"MeA_20160214_scaffold_1157","OLKM01001158.1","maker","gene",11866,89150,".","+",".","ID=MEAE_00055827","MEAE_00055827","Alias=maker-MeA_20160214_scaffold_1157-snap-gene-0.123","Protein of unknown function"
"701","ENA|OLKM01001160|OLKM01001160.1 18164","OLKM01001160.1",18165,"MeA_20160214_scaffold_1159","OLKM01001160.1","maker","gene",15800,20040,".","-",".","ID=MEAE_00055884","MEAE_00055884","Alias=snap_masked-MeA_20160214_scaffold_1159-processed-gene-0.69","Protein of unknown function"
"702","ENA|OLKM01001161|OLKM01001161.1 113525","OLKM01001161.1",113526,"MeA_20160214_scaffold_1160","OLKM01001161.1","maker","gene",104975,119296,".","+",".","ID=MEAE_00055918","MEAE_00055918","Alias=genemark-MeA_20160214_scaffold_1160-processed-gene-0.13","Similar to lrwd1: Leucine-rich repeat and WD repeat-containing protein 1 (Danio rerio)"
"702.2","ENA|OLKM01001161|OLKM01001161.1 113525","OLKM01001161.1",113526,"MeA_20160214_scaffold_1160","OLKM01001161.1","maker","gene",112424,113610,".","-",".","ID=MEAE_00055919","MEAE_00055919","Alias=maker-MeA_20160214_scaffold_1160-augustus-gene-0.80","Similar to ZBED1: Zinc finger BED domain-containing protein 1 (Homo sapiens)"
"703","ENA|OLKM01001161|OLKM01001161.1 113628","OLKM01001161.1",113629,"MeA_20160214_scaffold_1160","OLKM01001161.1","maker","gene",104975,119296,".","+",".","ID=MEAE_00055918","MEAE_00055918","Alias=genemark-MeA_20160214_scaffold_1160-processed-gene-0.13","Similar to lrwd1: Leucine-rich repeat and WD repeat-containing protein 1 (Danio rerio)"
"705","ENA|OLKM01001172|OLKM01001172.1 37398","OLKM01001172.1",37399,"MeA_20160214_scaffold_1171","OLKM01001172.1","maker","gene",37214,39033,".","-",".","ID=MEAE_00056205","MEAE_00056205","Alias=maker-MeA_20160214_scaffold_1171-snap-gene-0.116","Protein of unknown function"
"705.2","ENA|OLKM01001172|OLKM01001172.1 37398","OLKM01001172.1",37399,"MeA_20160214_scaffold_1171","OLKM01001172.1","maker","gene",36885,39850,".","+",".","ID=MEAE_00056204","MEAE_00056204","Alias=snap_masked-MeA_20160214_scaffold_1171-processed-gene-0.80","Protein of unknown function"
"706","ENA|OLKM01001173|OLKM01001173.1 6409","OLKM01001173.1",6410,"MeA_20160214_scaffold_1172","OLKM01001173.1","maker","gene",4324,6991,".","-",".","ID=MEAE_00056227","MEAE_00056227","Alias=maker-MeA_20160214_scaffold_1172-snap-gene-0.135","Protein of unknown function"
"707","ENA|OLKM01001173|OLKM01001173.1 8490","OLKM01001173.1",8491,"MeA_20160214_scaffold_1172","OLKM01001173.1","maker","gene",6694,13959,".","+",".","ID=MEAE_00056228","MEAE_00056228","Alias=snap_masked-MeA_20160214_scaffold_1172-processed-gene-0.78","Protein of unknown function"
"708","ENA|OLKM01001173|OLKM01001173.1 8509","OLKM01001173.1",8510,"MeA_20160214_scaffold_1172","OLKM01001173.1","maker","gene",6694,13959,".","+",".","ID=MEAE_00056228","MEAE_00056228","Alias=snap_masked-MeA_20160214_scaffold_1172-processed-gene-0.78","Protein of unknown function"
"713","ENA|OLKM01001175|OLKM01001175.1 76441","OLKM01001175.1",76442,"MeA_20160214_scaffold_1174","OLKM01001175.1","maker","gene",9834,87680,".","+",".","ID=MEAE_00056275","MEAE_00056275","Alias=maker-MeA_20160214_scaffold_1174-snap-gene-0.76","Similar to BCAR3: Breast cancer anti-estrogen resistance protein 3 (Macaca fascicularis)"
"713.2","ENA|OLKM01001175|OLKM01001175.1 76441","OLKM01001175.1",76442,"MeA_20160214_scaffold_1174","OLKM01001175.1","maker","gene",74062,86418,".","-",".","ID=MEAE_00056280","MEAE_00056280","Alias=snap_masked-MeA_20160214_scaffold_1174-processed-gene-0.56","Protein of unknown function"
"714","ENA|OLKM01001175|OLKM01001175.1 107866","OLKM01001175.1",107867,"MeA_20160214_scaffold_1174","OLKM01001175.1","maker","gene",92210,126708,".","-",".","ID=MEAE_00056281","MEAE_00056281","Alias=maker-MeA_20160214_scaffold_1174-snap-gene-0.89","Similar to fnbp1l: Formin-binding protein 1-like (Xenopus tropicalis)"
"715","ENA|OLKM01001178|OLKM01001178.1 83808","OLKM01001178.1",83809,"MeA_20160214_scaffold_1177","OLKM01001178.1","maker","gene",83118,86457,".","+",".","ID=MEAE_00056357","MEAE_00056357","Alias=snap_masked-MeA_20160214_scaffold_1177-processed-gene-0.53","Protein of unknown function"
"716","ENA|OLKM01001178|OLKM01001178.1 84571","OLKM01001178.1",84572,"MeA_20160214_scaffold_1177","OLKM01001178.1","maker","gene",83118,86457,".","+",".","ID=MEAE_00056357","MEAE_00056357","Alias=snap_masked-MeA_20160214_scaffold_1177-processed-gene-0.53","Protein of unknown function"
"727","ENA|OLKM01001207|OLKM01001207.1 125876","OLKM01001207.1",125877,"MeA_20160214_scaffold_1206","OLKM01001207.1","maker","gene",117394,139088,".","-",".","ID=MEAE_00057119","MEAE_00057119","Alias=maker-MeA_20160214_scaffold_1206-snap-gene-0.119","Similar to Cd40: Tumor necrosis factor receptor superfamily member 5 (Mus musculus)"
"729","ENA|OLKM01001215|OLKM01001215.1 115208","OLKM01001215.1",115209,"MeA_20160214_scaffold_1214","OLKM01001215.1","maker","gene",112109,133821,".","-",".","ID=MEAE_00057314","MEAE_00057314","Alias=maker-MeA_20160214_scaffold_1214-snap-gene-0.114","Similar to OR1D2: Olfactory receptor 1D2 (Pongo pygmaeus)"
"733","ENA|OLKM01001221|OLKM01001221.1 77514","OLKM01001221.1",77515,"MeA_20160214_scaffold_1220","OLKM01001221.1","maker","gene",75212,85124,".","+",".","ID=MEAE_00057449","MEAE_00057449","Alias=snap_masked-MeA_20160214_scaffold_1220-processed-gene-0.59","Protein of unknown function"
"735","ENA|OLKM01001224|OLKM01001224.1 64092","OLKM01001224.1",64093,"MeA_20160214_scaffold_1223","OLKM01001224.1","maker","gene",54277,74329,".","-",".","ID=MEAE_00057504","MEAE_00057504","Alias=augustus_masked-MeA_20160214_scaffold_1223-processed-gene-0.51","Similar to Plpp2: Phospholipid phosphatase 2 (Rattus norvegicus)"
"736","ENA|OLKM01001228|OLKM01001228.1 30953","OLKM01001228.1",30954,"MeA_20160214_scaffold_1227","OLKM01001228.1","maker","gene",29834,33048,".","-",".","ID=MEAE_00057606","MEAE_00057606","Alias=maker-MeA_20160214_scaffold_1227-augustus-gene-0.74","Protein of unknown function"
"738","ENA|OLKM01001235|OLKM01001235.1 3846","OLKM01001235.1",3847,"MeA_20160214_scaffold_1234","OLKM01001235.1","maker","gene",766,7894,".","-",".","ID=MEAE_00057770","MEAE_00057770","Alias=maker-MeA_20160214_scaffold_1234-augustus-gene-0.86","Similar to rps12: 40S ribosomal protein S12 (Oreochromis niloticus)"
"739","ENA|OLKM01001235|OLKM01001235.1 4032","OLKM01001235.1",4033,"MeA_20160214_scaffold_1234","OLKM01001235.1","maker","gene",766,7894,".","-",".","ID=MEAE_00057770","MEAE_00057770","Alias=maker-MeA_20160214_scaffold_1234-augustus-gene-0.86","Similar to rps12: 40S ribosomal protein S12 (Oreochromis niloticus)"
"740","ENA|OLKM01001235|OLKM01001235.1 4691","OLKM01001235.1",4692,"MeA_20160214_scaffold_1234","OLKM01001235.1","maker","gene",766,7894,".","-",".","ID=MEAE_00057770","MEAE_00057770","Alias=maker-MeA_20160214_scaffold_1234-augustus-gene-0.86","Similar to rps12: 40S ribosomal protein S12 (Oreochromis niloticus)"
"741","ENA|OLKM01001235|OLKM01001235.1 4715","OLKM01001235.1",4716,"MeA_20160214_scaffold_1234","OLKM01001235.1","maker","gene",766,7894,".","-",".","ID=MEAE_00057770","MEAE_00057770","Alias=maker-MeA_20160214_scaffold_1234-augustus-gene-0.86","Similar to rps12: 40S ribosomal protein S12 (Oreochromis niloticus)"
"742","ENA|OLKM01001237|OLKM01001237.1 139323","OLKM01001237.1",139324,"MeA_20160214_scaffold_1236","OLKM01001237.1","maker","gene",132972,147944,".","+",".","ID=MEAE_00057834","MEAE_00057834","Alias=maker-MeA_20160214_scaffold_1236-snap-gene-0.79","Similar to KIF25: Kinesin-like protein KIF25 (Homo sapiens)"
"743","ENA|OLKM01001237|OLKM01001237.1 152192","OLKM01001237.1",152193,"MeA_20160214_scaffold_1236","OLKM01001237.1","maker","gene",150758,154779,".","-",".","ID=MEAE_00057837","MEAE_00057837","Alias=snap_masked-MeA_20160214_scaffold_1236-processed-gene-0.64","Protein of unknown function"
"744","ENA|OLKM01001244|OLKM01001244.1 1738","OLKM01001244.1",1739,"MeA_20160214_scaffold_1243","OLKM01001244.1","maker","gene",1461,6568,".","+",".","ID=MEAE_00057995","MEAE_00057995","Alias=snap_masked-MeA_20160214_scaffold_1243-processed-gene-0.46","Similar to MAST1: Microtubule-associated serine/threonine-protein kinase 1 (Homo sapiens)"
"745","ENA|OLKM01001244|OLKM01001244.1 1743","OLKM01001244.1",1744,"MeA_20160214_scaffold_1243","OLKM01001244.1","maker","gene",1461,6568,".","+",".","ID=MEAE_00057995","MEAE_00057995","Alias=snap_masked-MeA_20160214_scaffold_1243-processed-gene-0.46","Similar to MAST1: Microtubule-associated serine/threonine-protein kinase 1 (Homo sapiens)"
"751","ENA|OLKM01001245|OLKM01001245.1 6112","OLKM01001245.1",6113,"MeA_20160214_scaffold_1244","OLKM01001245.1","maker","gene",2948,7919,".","+",".","ID=MEAE_00058017","MEAE_00058017","Alias=maker-MeA_20160214_scaffold_1244-snap-gene-0.70","Protein of unknown function"
"753","ENA|OLKM01001258|OLKM01001258.1 5324","OLKM01001258.1",5325,"MeA_20160214_scaffold_1257","OLKM01001258.1","maker","gene",5311,6517,".","+",".","ID=MEAE_00058306","MEAE_00058306","Alias=genemark-MeA_20160214_scaffold_1257-processed-gene-0.0","Similar to Trim27: Zinc finger protein RFP (Mus musculus)"
"756","ENA|OLKM01001271|OLKM01001271.1 8957","OLKM01001271.1",8958,"MeA_20160214_scaffold_1270","OLKM01001271.1","maker","gene",8591,10083,".","+",".","ID=MEAE_00058621","MEAE_00058621","Alias=snap_masked-MeA_20160214_scaffold_1270-processed-gene-0.36","Protein of unknown function"
"757","ENA|OLKM01001272|OLKM01001272.1 141150","OLKM01001272.1",141151,"MeA_20160214_scaffold_1271","OLKM01001272.1","maker","gene",81573,151596,".","-",".","ID=MEAE_00058646","MEAE_00058646","Alias=maker-MeA_20160214_scaffold_1271-snap-gene-0.93","Similar to FCGBP: IgGFc-binding protein (Homo sapiens)"
"762","ENA|OLKM01001276|OLKM01001276.1 69046","OLKM01001276.1",69047,"MeA_20160214_scaffold_1275","OLKM01001276.1","maker","gene",61425,88475,".","-",".","ID=MEAE_00058736","MEAE_00058736","Alias=maker-MeA_20160214_scaffold_1275-snap-gene-0.104","Protein of unknown function"
"763","ENA|OLKM01001276|OLKM01001276.1 69069","OLKM01001276.1",69070,"MeA_20160214_scaffold_1275","OLKM01001276.1","maker","gene",61425,88475,".","-",".","ID=MEAE_00058736","MEAE_00058736","Alias=maker-MeA_20160214_scaffold_1275-snap-gene-0.104","Protein of unknown function"
"766","ENA|OLKM01001291|OLKM01001291.1 5780","OLKM01001291.1",5781,"MeA_20160214_scaffold_1290","OLKM01001291.1","maker","gene",362,6081,".","+",".","ID=MEAE_00059046","MEAE_00059046","Alias=maker-MeA_20160214_scaffold_1290-augustus-gene-0.79","Similar to Tlr13: Toll-like receptor 13 (Mus musculus)"
"769","ENA|OLKM01001308|OLKM01001308.1 90071","OLKM01001308.1",90072,"MeA_20160214_scaffold_1307","OLKM01001308.1","maker","gene",86738,93127,".","+",".","ID=MEAE_00059416","MEAE_00059416","Alias=genemark-MeA_20160214_scaffold_1307-processed-gene-0.10","Protein of unknown function"
"769.2","ENA|OLKM01001308|OLKM01001308.1 90071","OLKM01001308.1",90072,"MeA_20160214_scaffold_1307","OLKM01001308.1","maker","gene",88283,116676,".","-",".","ID=MEAE_00059417","MEAE_00059417","Alias=snap_masked-MeA_20160214_scaffold_1307-processed-gene-0.94","Protein of unknown function"
"770","ENA|OLKM01001319|OLKM01001319.1 136823","OLKM01001319.1",136824,"MeA_20160214_scaffold_1318","OLKM01001319.1","maker","gene",135475,143889,".","+",".","ID=MEAE_00059663","MEAE_00059663","Alias=maker-MeA_20160214_scaffold_1318-snap-gene-0.69","Protein of unknown function"
"771","ENA|OLKM01001319|OLKM01001319.1 136874","OLKM01001319.1",136875,"MeA_20160214_scaffold_1318","OLKM01001319.1","maker","gene",135475,143889,".","+",".","ID=MEAE_00059663","MEAE_00059663","Alias=maker-MeA_20160214_scaffold_1318-snap-gene-0.69","Protein of unknown function"
"772","ENA|OLKM01001320|OLKM01001320.1 21284","OLKM01001320.1",21285,"MeA_20160214_scaffold_1319","OLKM01001320.1","maker","gene",3167,80194,".","-",".","ID=MEAE_00059665","MEAE_00059665","Alias=maker-MeA_20160214_scaffold_1319-snap-gene-0.57","Similar to hdac9b: Histone deacetylase 9-B (Danio rerio)"
"773","ENA|OLKM01001320|OLKM01001320.1 21652","OLKM01001320.1",21653,"MeA_20160214_scaffold_1319","OLKM01001320.1","maker","gene",3167,80194,".","-",".","ID=MEAE_00059665","MEAE_00059665","Alias=maker-MeA_20160214_scaffold_1319-snap-gene-0.57","Similar to hdac9b: Histone deacetylase 9-B (Danio rerio)"
"774","ENA|OLKM01001320|OLKM01001320.1 24026","OLKM01001320.1",24027,"MeA_20160214_scaffold_1319","OLKM01001320.1","maker","gene",3167,80194,".","-",".","ID=MEAE_00059665","MEAE_00059665","Alias=maker-MeA_20160214_scaffold_1319-snap-gene-0.57","Similar to hdac9b: Histone deacetylase 9-B (Danio rerio)"
"775","ENA|OLKM01001320|OLKM01001320.1 49960","OLKM01001320.1",49961,"MeA_20160214_scaffold_1319","OLKM01001320.1","maker","gene",3167,80194,".","-",".","ID=MEAE_00059665","MEAE_00059665","Alias=maker-MeA_20160214_scaffold_1319-snap-gene-0.57","Similar to hdac9b: Histone deacetylase 9-B (Danio rerio)"
"776","ENA|OLKM01001325|OLKM01001325.1 70422","OLKM01001325.1",70423,"MeA_20160214_scaffold_1324","OLKM01001325.1","maker","gene",49404,130261,".","+",".","ID=MEAE_00059786","MEAE_00059786","Alias=maker-MeA_20160214_scaffold_1324-snap-gene-0.62","Protein of unknown function"
"777","ENA|OLKM01001325|OLKM01001325.1 70900","OLKM01001325.1",70901,"MeA_20160214_scaffold_1324","OLKM01001325.1","maker","gene",49404,130261,".","+",".","ID=MEAE_00059786","MEAE_00059786","Alias=maker-MeA_20160214_scaffold_1324-snap-gene-0.62","Protein of unknown function"
"778","ENA|OLKM01001325|OLKM01001325.1 71007","OLKM01001325.1",71008,"MeA_20160214_scaffold_1324","OLKM01001325.1","maker","gene",49404,130261,".","+",".","ID=MEAE_00059786","MEAE_00059786","Alias=maker-MeA_20160214_scaffold_1324-snap-gene-0.62","Protein of unknown function"
"779","ENA|OLKM01001326|OLKM01001326.1 56461","OLKM01001326.1",56462,"MeA_20160214_scaffold_1325","OLKM01001326.1","maker","gene",1514,98912,".","+",".","ID=MEAE_00059797","MEAE_00059797","Alias=maker-MeA_20160214_scaffold_1325-snap-gene-0.73","Similar to Olfm1: Noelin (Mus musculus)"
"779.2","ENA|OLKM01001326|OLKM01001326.1 56461","OLKM01001326.1",56462,"MeA_20160214_scaffold_1325","OLKM01001326.1","maker","gene",51319,58066,".","-",".","ID=MEAE_00059801","MEAE_00059801","Alias=snap_masked-MeA_20160214_scaffold_1325-processed-gene-0.64","Protein of unknown function"
"780","ENA|OLKM01001326|OLKM01001326.1 59137","OLKM01001326.1",59138,"MeA_20160214_scaffold_1325","OLKM01001326.1","maker","gene",1514,98912,".","+",".","ID=MEAE_00059797","MEAE_00059797","Alias=maker-MeA_20160214_scaffold_1325-snap-gene-0.73","Similar to Olfm1: Noelin (Mus musculus)"
"783","ENA|OLKM01001333|OLKM01001333.1 12107","OLKM01001333.1",12108,"MeA_20160214_scaffold_1332","OLKM01001333.1","maker","gene",7952,36636,".","-",".","ID=MEAE_00059935","MEAE_00059935","Alias=maker-MeA_20160214_scaffold_1332-snap-gene-0.95","Similar to OBSCN: Obscurin (Homo sapiens)"
"784","ENA|OLKM01001333|OLKM01001333.1 15646","OLKM01001333.1",15647,"MeA_20160214_scaffold_1332","OLKM01001333.1","maker","gene",7952,36636,".","-",".","ID=MEAE_00059935","MEAE_00059935","Alias=maker-MeA_20160214_scaffold_1332-snap-gene-0.95","Similar to OBSCN: Obscurin (Homo sapiens)"
"785","ENA|OLKM01001333|OLKM01001333.1 17999","OLKM01001333.1",18000,"MeA_20160214_scaffold_1332","OLKM01001333.1","maker","gene",7952,36636,".","-",".","ID=MEAE_00059935","MEAE_00059935","Alias=maker-MeA_20160214_scaffold_1332-snap-gene-0.95","Similar to OBSCN: Obscurin (Homo sapiens)"
"789","ENA|OLKM01001343|OLKM01001343.1 24890","OLKM01001343.1",24891,"MeA_20160214_scaffold_1342","OLKM01001343.1","maker","gene",20703,57241,".","-",".","ID=MEAE_00060168","MEAE_00060168","Alias=maker-MeA_20160214_scaffold_1342-snap-gene-0.59","Similar to Zbtb7c: Zinc finger and BTB domain-containing protein 7C (Mus musculus)"
"790","ENA|OLKM01001343|OLKM01001343.1 36066","OLKM01001343.1",36067,"MeA_20160214_scaffold_1342","OLKM01001343.1","maker","gene",34725,68163,".","+",".","ID=MEAE_00060169","MEAE_00060169","Alias=maker-MeA_20160214_scaffold_1342-snap-gene-0.55","Protein of unknown function"
"790.2","ENA|OLKM01001343|OLKM01001343.1 36066","OLKM01001343.1",36067,"MeA_20160214_scaffold_1342","OLKM01001343.1","maker","gene",20703,57241,".","-",".","ID=MEAE_00060168","MEAE_00060168","Alias=maker-MeA_20160214_scaffold_1342-snap-gene-0.59","Similar to Zbtb7c: Zinc finger and BTB domain-containing protein 7C (Mus musculus)"
"791","ENA|OLKM01001343|OLKM01001343.1 37180","OLKM01001343.1",37181,"MeA_20160214_scaffold_1342","OLKM01001343.1","maker","gene",34725,68163,".","+",".","ID=MEAE_00060169","MEAE_00060169","Alias=maker-MeA_20160214_scaffold_1342-snap-gene-0.55","Protein of unknown function"
"791.2","ENA|OLKM01001343|OLKM01001343.1 37180","OLKM01001343.1",37181,"MeA_20160214_scaffold_1342","OLKM01001343.1","maker","gene",20703,57241,".","-",".","ID=MEAE_00060168","MEAE_00060168","Alias=maker-MeA_20160214_scaffold_1342-snap-gene-0.59","Similar to Zbtb7c: Zinc finger and BTB domain-containing protein 7C (Mus musculus)"
"792","ENA|OLKM01001344|OLKM01001344.1 6635","OLKM01001344.1",6636,"MeA_20160214_scaffold_1343","OLKM01001344.1","maker","gene",1688,8013,".","-",".","ID=MEAE_00060181","MEAE_00060181","Alias=maker-MeA_20160214_scaffold_1343-augustus-gene-0.84","Protein of unknown function"
"793","ENA|OLKM01001344|OLKM01001344.1 7819","OLKM01001344.1",7820,"MeA_20160214_scaffold_1343","OLKM01001344.1","maker","gene",1688,8013,".","-",".","ID=MEAE_00060181","MEAE_00060181","Alias=maker-MeA_20160214_scaffold_1343-augustus-gene-0.84","Protein of unknown function"
"794","ENA|OLKM01001344|OLKM01001344.1 9442","OLKM01001344.1",9443,"MeA_20160214_scaffold_1343","OLKM01001344.1","maker","gene",9110,10085,".","+",".","ID=MEAE_00060182","MEAE_00060182","Alias=maker-MeA_20160214_scaffold_1343-snap-gene-0.94","Protein of unknown function"
"795","ENA|OLKM01001344|OLKM01001344.1 9455","OLKM01001344.1",9456,"MeA_20160214_scaffold_1343","OLKM01001344.1","maker","gene",9110,10085,".","+",".","ID=MEAE_00060182","MEAE_00060182","Alias=maker-MeA_20160214_scaffold_1343-snap-gene-0.94","Protein of unknown function"
"798","ENA|OLKM01001348|OLKM01001348.1 4669","OLKM01001348.1",4670,"MeA_20160214_scaffold_1347","OLKM01001348.1","maker","gene",2211,7166,".","+",".","ID=MEAE_00060278","MEAE_00060278","Alias=snap_masked-MeA_20160214_scaffold_1347-processed-gene-0.50","Protein of unknown function"
"799","ENA|OLKM01001355|OLKM01001355.1 72476","OLKM01001355.1",72477,"MeA_20160214_scaffold_1354","OLKM01001355.1","maker","gene",64633,90772,".","+",".","ID=MEAE_00060417","MEAE_00060417","Alias=maker-MeA_20160214_scaffold_1354-augustus-gene-0.81","Similar to MYO7A: Unconventional myosin-VIIa (Homo sapiens)"
"799.4","ENA|OLKM01001355|OLKM01001355.1 72476","OLKM01001355.1",72477,"MeA_20160214_scaffold_1354","OLKM01001355.1","maker","gene",71927,74733,".","-",".","ID=MEAE_00060419","MEAE_00060419","Alias=snap_masked-MeA_20160214_scaffold_1354-processed-gene-0.71","Protein of unknown function"
"800","ENA|OLKM01001357|OLKM01001357.1 57809","OLKM01001357.1",57810,"MeA_20160214_scaffold_1356","OLKM01001357.1","maker","gene",1590,110800,".","-",".","ID=MEAE_00060443","MEAE_00060443","Alias=maker-MeA_20160214_scaffold_1356-snap-gene-0.47","Similar to CD22: B-cell receptor CD22 (Homo sapiens)"
"803","ENA|OLKM01001367|OLKM01001367.1 136132","OLKM01001367.1",136133,"MeA_20160214_scaffold_1366","OLKM01001367.1","maker","gene",133960,137355,".","-",".","ID=MEAE_00060695","MEAE_00060695","Alias=snap_masked-MeA_20160214_scaffold_1366-processed-gene-0.74","Similar to Ig kappa chain C region (Mus musculus)"
"807","ENA|OLKM01001370|OLKM01001370.1 92174","OLKM01001370.1",92175,"MeA_20160214_scaffold_1369","OLKM01001370.1","maker","gene",83305,113759,".","+",".","ID=MEAE_00060747","MEAE_00060747","Alias=maker-MeA_20160214_scaffold_1369-snap-gene-0.82","Protein of unknown function"
"807.2","ENA|OLKM01001370|OLKM01001370.1 92174","OLKM01001370.1",92175,"MeA_20160214_scaffold_1369","OLKM01001370.1","maker","gene",91101,93882,".","-",".","ID=MEAE_00060749","MEAE_00060749","Alias=snap_masked-MeA_20160214_scaffold_1369-processed-gene-0.69","Protein of unknown function"
"808","ENA|OLKM01001370|OLKM01001370.1 99268","OLKM01001370.1",99269,"MeA_20160214_scaffold_1369","OLKM01001370.1","maker","gene",83305,113759,".","+",".","ID=MEAE_00060747","MEAE_00060747","Alias=maker-MeA_20160214_scaffold_1369-snap-gene-0.82","Protein of unknown function"
"810","ENA|OLKM01001374|OLKM01001374.1 35638","OLKM01001374.1",35639,"MeA_20160214_scaffold_1373","OLKM01001374.1","maker","gene",7936,41206,".","-",".","ID=MEAE_00060842","MEAE_00060842","Alias=maker-MeA_20160214_scaffold_1373-snap-gene-0.85","Protein of unknown function"
"810.2","ENA|OLKM01001374|OLKM01001374.1 35638","OLKM01001374.1",35639,"MeA_20160214_scaffold_1373","OLKM01001374.1","maker","gene",35563,42279,".","+",".","ID=MEAE_00060844","MEAE_00060844","Alias=snap_masked-MeA_20160214_scaffold_1373-processed-gene-0.54","Protein of unknown function"
"811","ENA|OLKM01001374|OLKM01001374.1 35641","OLKM01001374.1",35642,"MeA_20160214_scaffold_1373","OLKM01001374.1","maker","gene",7936,41206,".","-",".","ID=MEAE_00060842","MEAE_00060842","Alias=maker-MeA_20160214_scaffold_1373-snap-gene-0.85","Protein of unknown function"
"811.2","ENA|OLKM01001374|OLKM01001374.1 35641","OLKM01001374.1",35642,"MeA_20160214_scaffold_1373","OLKM01001374.1","maker","gene",35563,42279,".","+",".","ID=MEAE_00060844","MEAE_00060844","Alias=snap_masked-MeA_20160214_scaffold_1373-processed-gene-0.54","Protein of unknown function"
"812","ENA|OLKM01001374|OLKM01001374.1 35655","OLKM01001374.1",35656,"MeA_20160214_scaffold_1373","OLKM01001374.1","maker","gene",7936,41206,".","-",".","ID=MEAE_00060842","MEAE_00060842","Alias=maker-MeA_20160214_scaffold_1373-snap-gene-0.85","Protein of unknown function"
"812.2","ENA|OLKM01001374|OLKM01001374.1 35655","OLKM01001374.1",35656,"MeA_20160214_scaffold_1373","OLKM01001374.1","maker","gene",35563,42279,".","+",".","ID=MEAE_00060844","MEAE_00060844","Alias=snap_masked-MeA_20160214_scaffold_1373-processed-gene-0.54","Protein of unknown function"
"813","ENA|OLKM01001374|OLKM01001374.1 35680","OLKM01001374.1",35681,"MeA_20160214_scaffold_1373","OLKM01001374.1","maker","gene",7936,41206,".","-",".","ID=MEAE_00060842","MEAE_00060842","Alias=maker-MeA_20160214_scaffold_1373-snap-gene-0.85","Protein of unknown function"
"813.2","ENA|OLKM01001374|OLKM01001374.1 35680","OLKM01001374.1",35681,"MeA_20160214_scaffold_1373","OLKM01001374.1","maker","gene",35563,42279,".","+",".","ID=MEAE_00060844","MEAE_00060844","Alias=snap_masked-MeA_20160214_scaffold_1373-processed-gene-0.54","Protein of unknown function"
"814","ENA|OLKM01001375|OLKM01001375.1 35983","OLKM01001375.1",35984,"MeA_20160214_scaffold_1374","OLKM01001375.1","maker","gene",32243,36869,".","-",".","ID=MEAE_00060864","MEAE_00060864","Alias=maker-MeA_20160214_scaffold_1374-augustus-gene-0.60","Similar to Rbm4b: RNA-binding protein 4B (Rattus norvegicus)"
"814.2","ENA|OLKM01001375|OLKM01001375.1 35983","OLKM01001375.1",35984,"MeA_20160214_scaffold_1374","OLKM01001375.1","maker","gene",34496,41299,".","+",".","ID=MEAE_00060865","MEAE_00060865","Alias=snap_masked-MeA_20160214_scaffold_1374-processed-gene-0.40","Protein of unknown function"
"819","ENA|OLKM01001384|OLKM01001384.1 126513","OLKM01001384.1",126514,"MeA_20160214_scaffold_1383","OLKM01001384.1","maker","gene",100897,137972,".","-",".","ID=MEAE_00061071","MEAE_00061071","Alias=maker-MeA_20160214_scaffold_1383-snap-gene-0.141","Similar to fcho1: F-BAR domain only protein 1 (Danio rerio)"
"824","ENA|OLKM01001394|OLKM01001394.1 7910","OLKM01001394.1",7911,"MeA_20160214_scaffold_1393","OLKM01001394.1","maker","gene",4324,8134,".","+",".","ID=MEAE_00061295","MEAE_00061295","Alias=maker-MeA_20160214_scaffold_1393-snap-gene-0.61","Similar to PCDHGA1: Protocadherin gamma-A1 (Homo sapiens)"
"825","ENA|OLKM01001394|OLKM01001394.1 7956","OLKM01001394.1",7957,"MeA_20160214_scaffold_1393","OLKM01001394.1","maker","gene",4324,8134,".","+",".","ID=MEAE_00061295","MEAE_00061295","Alias=maker-MeA_20160214_scaffold_1393-snap-gene-0.61","Similar to PCDHGA1: Protocadherin gamma-A1 (Homo sapiens)"
"826","ENA|OLKM01001394|OLKM01001394.1 37006","OLKM01001394.1",37007,"MeA_20160214_scaffold_1393","OLKM01001394.1","maker","gene",30147,37277,".","+",".","ID=MEAE_00061303","MEAE_00061303","Alias=maker-MeA_20160214_scaffold_1393-snap-gene-0.67","Similar to PCDHB18P: Putative protocadherin beta-18 (Homo sapiens)"
"827","ENA|OLKM01001394|OLKM01001394.1 43444","OLKM01001394.1",43445,"MeA_20160214_scaffold_1393","OLKM01001394.1","maker","gene",40687,43821,".","+",".","ID=MEAE_00061305","MEAE_00061305","Alias=maker-MeA_20160214_scaffold_1393-snap-gene-0.72","Similar to PCDHGB7: Protocadherin gamma-B7 (Pan troglodytes)"
"828","ENA|OLKM01001394|OLKM01001394.1 43451","OLKM01001394.1",43452,"MeA_20160214_scaffold_1393","OLKM01001394.1","maker","gene",40687,43821,".","+",".","ID=MEAE_00061305","MEAE_00061305","Alias=maker-MeA_20160214_scaffold_1393-snap-gene-0.72","Similar to PCDHGB7: Protocadherin gamma-B7 (Pan troglodytes)"
"830","ENA|OLKM01001400|OLKM01001400.1 60470","OLKM01001400.1",60471,"MeA_20160214_scaffold_1399","OLKM01001400.1","maker","gene",52172,64309,".","+",".","ID=MEAE_00061424","MEAE_00061424","Alias=genemark-MeA_20160214_scaffold_1399-processed-gene-0.7","Similar to TY3B-I: Transposon Ty3-I Gag-Pol polyprotein (Saccharomyces cerevisiae (strain ATCC 204508 / S288c))"
"830.4","ENA|OLKM01001400|OLKM01001400.1 60470","OLKM01001400.1",60471,"MeA_20160214_scaffold_1399","OLKM01001400.1","maker","gene",15236,69474,".","-",".","ID=MEAE_00061422","MEAE_00061422","Alias=maker-MeA_20160214_scaffold_1399-snap-gene-0.53","Similar to Prkca: Protein kinase C alpha type (Mus musculus)"
"831","ENA|OLKM01001400|OLKM01001400.1 60925","OLKM01001400.1",60926,"MeA_20160214_scaffold_1399","OLKM01001400.1","maker","gene",52172,64309,".","+",".","ID=MEAE_00061424","MEAE_00061424","Alias=genemark-MeA_20160214_scaffold_1399-processed-gene-0.7","Similar to TY3B-I: Transposon Ty3-I Gag-Pol polyprotein (Saccharomyces cerevisiae (strain ATCC 204508 / S288c))"
"831.4","ENA|OLKM01001400|OLKM01001400.1 60925","OLKM01001400.1",60926,"MeA_20160214_scaffold_1399","OLKM01001400.1","maker","gene",15236,69474,".","-",".","ID=MEAE_00061422","MEAE_00061422","Alias=maker-MeA_20160214_scaffold_1399-snap-gene-0.53","Similar to Prkca: Protein kinase C alpha type (Mus musculus)"
"833","ENA|OLKM01001416|OLKM01001416.1 23682","OLKM01001416.1",23683,"MeA_20160214_scaffold_1415","OLKM01001416.1","maker","gene",22298,25100,".","-",".","ID=MEAE_00061806","MEAE_00061806","Alias=genemark-MeA_20160214_scaffold_1415-processed-gene-0.16","Protein of unknown function"
"834","ENA|OLKM01001416|OLKM01001416.1 24072","OLKM01001416.1",24073,"MeA_20160214_scaffold_1415","OLKM01001416.1","maker","gene",22298,25100,".","-",".","ID=MEAE_00061806","MEAE_00061806","Alias=genemark-MeA_20160214_scaffold_1415-processed-gene-0.16","Protein of unknown function"
"835","ENA|OLKM01001416|OLKM01001416.1 24175","OLKM01001416.1",24176,"MeA_20160214_scaffold_1415","OLKM01001416.1","maker","gene",22298,25100,".","-",".","ID=MEAE_00061806","MEAE_00061806","Alias=genemark-MeA_20160214_scaffold_1415-processed-gene-0.16","Protein of unknown function"
"836","ENA|OLKM01001416|OLKM01001416.1 24482","OLKM01001416.1",24483,"MeA_20160214_scaffold_1415","OLKM01001416.1","maker","gene",22298,25100,".","-",".","ID=MEAE_00061806","MEAE_00061806","Alias=genemark-MeA_20160214_scaffold_1415-processed-gene-0.16","Protein of unknown function"
"840","ENA|OLKM01001416|OLKM01001416.1 27645","OLKM01001416.1",27646,"MeA_20160214_scaffold_1415","OLKM01001416.1","maker","gene",27630,33189,".","+",".","ID=MEAE_00061807","MEAE_00061807","Alias=genemark-MeA_20160214_scaffold_1415-processed-gene-0.3","Protein of unknown function"
"841","ENA|OLKM01001416|OLKM01001416.1 27799","OLKM01001416.1",27800,"MeA_20160214_scaffold_1415","OLKM01001416.1","maker","gene",27630,33189,".","+",".","ID=MEAE_00061807","MEAE_00061807","Alias=genemark-MeA_20160214_scaffold_1415-processed-gene-0.3","Protein of unknown function"
"845","ENA|OLKM01001422|OLKM01001422.1 9441","OLKM01001422.1",9442,"MeA_20160214_scaffold_1421","OLKM01001422.1","maker","gene",4388,23660,".","+",".","ID=MEAE_00061916","MEAE_00061916","Alias=maker-MeA_20160214_scaffold_1421-snap-gene-0.81","Similar to SAMD9: Sterile alpha motif domain-containing protein 9 (Homo sapiens)"
"846","ENA|OLKM01001422|OLKM01001422.1 30250","OLKM01001422.1",30251,"MeA_20160214_scaffold_1421","OLKM01001422.1","maker","gene",27310,37312,".","+",".","ID=MEAE_00061917","MEAE_00061917","Alias=snap_masked-MeA_20160214_scaffold_1421-processed-gene-0.44","Protein of unknown function"
"847","ENA|OLKM01001439|OLKM01001439.1 119908","OLKM01001439.1",119909,"MeA_20160214_scaffold_1438","OLKM01001439.1","maker","gene",119249,122002,".","+",".","ID=MEAE_00062316","MEAE_00062316","Alias=maker-MeA_20160214_scaffold_1438-augustus-gene-0.66","Similar to Fam179b: Protein FAM179B (Mus musculus)"
"847.2","ENA|OLKM01001439|OLKM01001439.1 119908","OLKM01001439.1",119909,"MeA_20160214_scaffold_1438","OLKM01001439.1","maker","gene",119180,120155,".","-",".","ID=MEAE_00062315","MEAE_00062315","Alias=snap_masked-MeA_20160214_scaffold_1438-processed-gene-0.63","Protein of unknown function"
"848","ENA|OLKM01001439|OLKM01001439.1 123499","OLKM01001439.1",123500,"MeA_20160214_scaffold_1438","OLKM01001439.1","maker","gene",122222,124842,".","-",".","ID=MEAE_00062317","MEAE_00062317","Alias=snap_masked-MeA_20160214_scaffold_1438-processed-gene-0.64","Protein of unknown function"
"862","ENA|OLKM01001445|OLKM01001445.1 76527","OLKM01001445.1",76528,"MeA_20160214_scaffold_1444","OLKM01001445.1","maker","gene",75514,83866,".","-",".","ID=MEAE_00062429","MEAE_00062429","Alias=maker-MeA_20160214_scaffold_1444-augustus-gene-0.59","Protein of unknown function"
"865","ENA|OLKM01001451|OLKM01001451.1 93874","OLKM01001451.1",93875,"MeA_20160214_scaffold_1450","OLKM01001451.1","maker","gene",90443,101170,".","+",".","ID=MEAE_00062574","MEAE_00062574","Alias=maker-MeA_20160214_scaffold_1450-snap-gene-0.118","Similar to reep2: Receptor expression-enhancing protein 2 (Danio rerio)"
"865.2","ENA|OLKM01001451|OLKM01001451.1 93874","OLKM01001451.1",93875,"MeA_20160214_scaffold_1450","OLKM01001451.1","maker","gene",93288,101572,".","-",".","ID=MEAE_00062575","MEAE_00062575","Alias=snap_masked-MeA_20160214_scaffold_1450-processed-gene-0.90","Protein of unknown function"
"868","ENA|OLKM01001468|OLKM01001468.1 79824","OLKM01001468.1",79825,"MeA_20160214_scaffold_1467","OLKM01001468.1","maker","gene",74959,120152,".","+",".","ID=MEAE_00062951","MEAE_00062951","Alias=snap_masked-MeA_20160214_scaffold_1467-processed-gene-0.51","Protein of unknown function"
"870","ENA|OLKM01001480|OLKM01001480.1 107255","OLKM01001480.1",107256,"MeA_20160214_scaffold_1479","OLKM01001480.1","maker","gene",102815,114041,".","+",".","ID=MEAE_00063201","MEAE_00063201","Alias=maker-MeA_20160214_scaffold_1479-augustus-gene-0.85","Similar to Hsd3b7: 3 beta-hydroxysteroid dehydrogenase type 7 (Mus musculus)"
"870.2","ENA|OLKM01001480|OLKM01001480.1 107255","OLKM01001480.1",107256,"MeA_20160214_scaffold_1479","OLKM01001480.1","maker","gene",94294,113961,".","-",".","ID=MEAE_00063200","MEAE_00063200","Alias=maker-MeA_20160214_scaffold_1479-snap-gene-0.106","Protein of unknown function"
"876","ENA|OLKM01001495|OLKM01001495.1 118442","OLKM01001495.1",118443,"MeA_20160214_scaffold_1494","OLKM01001495.1","maker","gene",118385,124055,".","-",".","ID=MEAE_00063505","MEAE_00063505","Alias=maker-MeA_20160214_scaffold_1494-snap-gene-0.55","Similar to PRDM7: Probable histone-lysine N-methyltransferase PRDM7 (Homo sapiens)"
"877","ENA|OLKM01001504|OLKM01001504.1 121706","OLKM01001504.1",121707,"MeA_20160214_scaffold_1503","OLKM01001504.1","maker","gene",120993,124398,".","+",".","ID=MEAE_00063699","MEAE_00063699","Alias=genemark-MeA_20160214_scaffold_1503-processed-gene-0.20","Protein of unknown function"
"877.2","ENA|OLKM01001504|OLKM01001504.1 121706","OLKM01001504.1",121707,"MeA_20160214_scaffold_1503","OLKM01001504.1","maker","gene",119576,123384,".","-",".","ID=MEAE_00063698","MEAE_00063698","Alias=maker-MeA_20160214_scaffold_1503-snap-gene-0.99","Protein of unknown function"
"878","ENA|OLKM01001512|OLKM01001512.1 82574","OLKM01001512.1",82575,"MeA_20160214_scaffold_1511","OLKM01001512.1","maker","gene",59979,101930,".","-",".","ID=MEAE_00063848","MEAE_00063848","Alias=maker-MeA_20160214_scaffold_1511-snap-gene-0.98","Similar to Polr3b: DNA-directed RNA polymerase III subunit RPC2 (Mus musculus)"
"878.2","ENA|OLKM01001512|OLKM01001512.1 82574","OLKM01001512.1",82575,"MeA_20160214_scaffold_1511","OLKM01001512.1","maker","gene",77139,87252,".","+",".","ID=MEAE_00063852","MEAE_00063852","Alias=snap_masked-MeA_20160214_scaffold_1511-processed-gene-0.62","Protein of unknown function"
"879","ENA|OLKM01001518|OLKM01001518.1 68402","OLKM01001518.1",68403,"MeA_20160214_scaffold_1517","OLKM01001518.1","maker","gene",67049,68682,".","-",".","ID=MEAE_00064017","MEAE_00064017","Alias=maker-MeA_20160214_scaffold_1517-augustus-gene-0.66","Protein of unknown function"
"880","ENA|OLKM01001521|OLKM01001521.1 7953","OLKM01001521.1",7954,"MeA_20160214_scaffold_1520","OLKM01001521.1","maker","gene",4479,10015,".","-",".","ID=MEAE_00064068","MEAE_00064068","Alias=maker-MeA_20160214_scaffold_1520-augustus-gene-0.82","Similar to Itgb1bp2: Integrin beta-1-binding protein 2 (Mus musculus)"
"881","ENA|OLKM01001528|OLKM01001528.1 35344","OLKM01001528.1",35345,"MeA_20160214_scaffold_1527","OLKM01001528.1","maker","gene",11962,65448,".","-",".","ID=MEAE_00064191","MEAE_00064191","Alias=maker-MeA_20160214_scaffold_1527-snap-gene-0.44","Protein of unknown function"
"882","ENA|OLKM01001528|OLKM01001528.1 37473","OLKM01001528.1",37474,"MeA_20160214_scaffold_1527","OLKM01001528.1","maker","gene",11962,65448,".","-",".","ID=MEAE_00064191","MEAE_00064191","Alias=maker-MeA_20160214_scaffold_1527-snap-gene-0.44","Protein of unknown function"
"883","ENA|OLKM01001528|OLKM01001528.1 120735","OLKM01001528.1",120736,"MeA_20160214_scaffold_1527","OLKM01001528.1","maker","gene",119937,124744,".","+",".","ID=MEAE_00064198","MEAE_00064198","Alias=maker-MeA_20160214_scaffold_1527-snap-gene-0.41","Protein of unknown function"
"884","ENA|OLKM01001536|OLKM01001536.1 49336","OLKM01001536.1",49337,"MeA_20160214_scaffold_1535","OLKM01001536.1","maker","gene",43389,51598,".","-",".","ID=MEAE_00064347","MEAE_00064347","Alias=maker-MeA_20160214_scaffold_1535-augustus-gene-0.60","Similar to Tlr13: Toll-like receptor 13 (Mus musculus)"
"885","ENA|OLKM01001536|OLKM01001536.1 50096","OLKM01001536.1",50097,"MeA_20160214_scaffold_1535","OLKM01001536.1","maker","gene",43389,51598,".","-",".","ID=MEAE_00064347","MEAE_00064347","Alias=maker-MeA_20160214_scaffold_1535-augustus-gene-0.60","Similar to Tlr13: Toll-like receptor 13 (Mus musculus)"
"886","ENA|OLKM01001543|OLKM01001543.1 20264","OLKM01001543.1",20265,"MeA_20160214_scaffold_1542","OLKM01001543.1","maker","gene",10590,31999,".","-",".","ID=MEAE_00064462","MEAE_00064462","Alias=maker-MeA_20160214_scaffold_1542-snap-gene-0.48","Similar to Kdm4a: Lysine-specific demethylase 4A (Mus musculus)"
"896","ENA|OLKM01001552|OLKM01001552.1 34341","OLKM01001552.1",34342,"MeA_20160214_scaffold_1551","OLKM01001552.1","maker","gene",33447,38072,".","+",".","ID=MEAE_00064607","MEAE_00064607","Alias=genemark-MeA_20160214_scaffold_1551-processed-gene-0.6","Protein of unknown function"
"897","ENA|OLKM01001563|OLKM01001563.1 22745","OLKM01001563.1",22746,"MeA_20160214_scaffold_1562","OLKM01001563.1","maker","gene",4991,65729,".","-",".","ID=MEAE_00064835","MEAE_00064835","Alias=snap_masked-MeA_20160214_scaffold_1562-processed-gene-0.80","Similar to USP43: Ubiquitin carboxyl-terminal hydrolase 43 (Homo sapiens)"
"898","ENA|OLKM01001563|OLKM01001563.1 22808","OLKM01001563.1",22809,"MeA_20160214_scaffold_1562","OLKM01001563.1","maker","gene",4991,65729,".","-",".","ID=MEAE_00064835","MEAE_00064835","Alias=snap_masked-MeA_20160214_scaffold_1562-processed-gene-0.80","Similar to USP43: Ubiquitin carboxyl-terminal hydrolase 43 (Homo sapiens)"
"899","ENA|OLKM01001563|OLKM01001563.1 23626","OLKM01001563.1",23627,"MeA_20160214_scaffold_1562","OLKM01001563.1","maker","gene",4991,65729,".","-",".","ID=MEAE_00064835","MEAE_00064835","Alias=snap_masked-MeA_20160214_scaffold_1562-processed-gene-0.80","Similar to USP43: Ubiquitin carboxyl-terminal hydrolase 43 (Homo sapiens)"
"900","ENA|OLKM01001565|OLKM01001565.1 108539","OLKM01001565.1",108540,"MeA_20160214_scaffold_1564","OLKM01001565.1","maker","gene",107112,112699,".","+",".","ID=MEAE_00064890","MEAE_00064890","Alias=augustus_masked-MeA_20160214_scaffold_1564-processed-gene-0.42","Protein of unknown function"
"903","ENA|OLKM01001590|OLKM01001590.1 39524","OLKM01001590.1",39525,"MeA_20160214_scaffold_1589","OLKM01001590.1","maker","gene",27796,85693,".","+",".","ID=MEAE_00065358","MEAE_00065358","Alias=maker-MeA_20160214_scaffold_1589-augustus-gene-0.42","Similar to WAPL: Wings apart-like protein homolog (Homo sapiens)"
"908","ENA|OLKM01001596|OLKM01001596.1 71681","OLKM01001596.1",71682,"MeA_20160214_scaffold_1595","OLKM01001596.1","maker","gene",59705,88594,".","+",".","ID=MEAE_00065440","MEAE_00065440","Alias=snap_masked-MeA_20160214_scaffold_1595-processed-gene-0.31","Similar to Immt: MICOS complex subunit Mic60 (Mus musculus)"
"908.2","ENA|OLKM01001596|OLKM01001596.1 71681","OLKM01001596.1",71682,"MeA_20160214_scaffold_1595","OLKM01001596.1","maker","gene",65079,73586,".","-",".","ID=MEAE_00065441","MEAE_00065441","Alias=snap_masked-MeA_20160214_scaffold_1595-processed-gene-0.34","Similar to ZMYM1: Zinc finger MYM-type protein 1 (Homo sapiens)"
"911","ENA|OLKM01001607|OLKM01001607.1 50193","OLKM01001607.1",50194,"MeA_20160214_scaffold_1606","OLKM01001607.1","maker","gene",42904,72017,".","+",".","ID=MEAE_00065622","MEAE_00065622","Alias=maker-MeA_20160214_scaffold_1606-snap-gene-0.104","Similar to COL1A1: Collagen alpha-1(I) chain (Gallus gallus)"
"911.2","ENA|OLKM01001607|OLKM01001607.1 50193","OLKM01001607.1",50194,"MeA_20160214_scaffold_1606","OLKM01001607.1","maker","gene",47738,57565,".","-",".","ID=MEAE_00065623","MEAE_00065623","Alias=snap_masked-MeA_20160214_scaffold_1606-processed-gene-0.74","Protein of unknown function"
"915","ENA|OLKM01001611|OLKM01001611.1 66547","OLKM01001611.1",66548,"MeA_20160214_scaffold_1610","OLKM01001611.1","maker","gene",64839,73627,".","-",".","ID=MEAE_00065694","MEAE_00065694","Alias=augustus_masked-MeA_20160214_scaffold_1610-processed-gene-0.32","Protein of unknown function"
"915.2","ENA|OLKM01001611|OLKM01001611.1 66547","OLKM01001611.1",66548,"MeA_20160214_scaffold_1610","OLKM01001611.1","maker","gene",65348,67274,".","+",".","ID=MEAE_00065695","MEAE_00065695","Alias=snap_masked-MeA_20160214_scaffold_1610-processed-gene-0.41","Protein of unknown function"
"917","ENA|OLKM01001613|OLKM01001613.1 5215","OLKM01001613.1",5216,"MeA_20160214_scaffold_1612","OLKM01001613.1","maker","gene",5152,12508,".","-",".","ID=MEAE_00065719","MEAE_00065719","Alias=snap_masked-MeA_20160214_scaffold_1612-processed-gene-0.40","Protein of unknown function"
"918","ENA|OLKM01001613|OLKM01001613.1 5984","OLKM01001613.1",5985,"MeA_20160214_scaffold_1612","OLKM01001613.1","maker","gene",5152,12508,".","-",".","ID=MEAE_00065719","MEAE_00065719","Alias=snap_masked-MeA_20160214_scaffold_1612-processed-gene-0.40","Protein of unknown function"
"919","ENA|OLKM01001613|OLKM01001613.1 6067","OLKM01001613.1",6068,"MeA_20160214_scaffold_1612","OLKM01001613.1","maker","gene",5992,32666,".","+",".","ID=MEAE_00065720","MEAE_00065720","Alias=maker-MeA_20160214_scaffold_1612-snap-gene-0.52","Protein of unknown function"
"919.4","ENA|OLKM01001613|OLKM01001613.1 6067","OLKM01001613.1",6068,"MeA_20160214_scaffold_1612","OLKM01001613.1","maker","gene",5152,12508,".","-",".","ID=MEAE_00065719","MEAE_00065719","Alias=snap_masked-MeA_20160214_scaffold_1612-processed-gene-0.40","Protein of unknown function"
"920","ENA|OLKM01001613|OLKM01001613.1 6216","OLKM01001613.1",6217,"MeA_20160214_scaffold_1612","OLKM01001613.1","maker","gene",5992,32666,".","+",".","ID=MEAE_00065720","MEAE_00065720","Alias=maker-MeA_20160214_scaffold_1612-snap-gene-0.52","Protein of unknown function"
"920.2","ENA|OLKM01001613|OLKM01001613.1 6216","OLKM01001613.1",6217,"MeA_20160214_scaffold_1612","OLKM01001613.1","maker","gene",5152,12508,".","-",".","ID=MEAE_00065719","MEAE_00065719","Alias=snap_masked-MeA_20160214_scaffold_1612-processed-gene-0.40","Protein of unknown function"
"921","ENA|OLKM01001613|OLKM01001613.1 6267","OLKM01001613.1",6268,"MeA_20160214_scaffold_1612","OLKM01001613.1","maker","gene",5992,32666,".","+",".","ID=MEAE_00065720","MEAE_00065720","Alias=maker-MeA_20160214_scaffold_1612-snap-gene-0.52","Protein of unknown function"
"921.4","ENA|OLKM01001613|OLKM01001613.1 6267","OLKM01001613.1",6268,"MeA_20160214_scaffold_1612","OLKM01001613.1","maker","gene",5152,12508,".","-",".","ID=MEAE_00065719","MEAE_00065719","Alias=snap_masked-MeA_20160214_scaffold_1612-processed-gene-0.40","Protein of unknown function"
"922","ENA|OLKM01001613|OLKM01001613.1 6489","OLKM01001613.1",6490,"MeA_20160214_scaffold_1612","OLKM01001613.1","maker","gene",5992,32666,".","+",".","ID=MEAE_00065720","MEAE_00065720","Alias=maker-MeA_20160214_scaffold_1612-snap-gene-0.52","Protein of unknown function"
"922.2","ENA|OLKM01001613|OLKM01001613.1 6489","OLKM01001613.1",6490,"MeA_20160214_scaffold_1612","OLKM01001613.1","maker","gene",5152,12508,".","-",".","ID=MEAE_00065719","MEAE_00065719","Alias=snap_masked-MeA_20160214_scaffold_1612-processed-gene-0.40","Protein of unknown function"
"923","ENA|OLKM01001613|OLKM01001613.1 6620","OLKM01001613.1",6621,"MeA_20160214_scaffold_1612","OLKM01001613.1","maker","gene",5992,32666,".","+",".","ID=MEAE_00065720","MEAE_00065720","Alias=maker-MeA_20160214_scaffold_1612-snap-gene-0.52","Protein of unknown function"
"923.2","ENA|OLKM01001613|OLKM01001613.1 6620","OLKM01001613.1",6621,"MeA_20160214_scaffold_1612","OLKM01001613.1","maker","gene",5152,12508,".","-",".","ID=MEAE_00065719","MEAE_00065719","Alias=snap_masked-MeA_20160214_scaffold_1612-processed-gene-0.40","Protein of unknown function"
"926","ENA|OLKM01001621|OLKM01001621.1 5748","OLKM01001621.1",5749,"MeA_20160214_scaffold_1620","OLKM01001621.1","maker","gene",8,17619,".","-",".","ID=MEAE_00065851","MEAE_00065851","Alias=maker-MeA_20160214_scaffold_1620-snap-gene-0.47","Similar to Fchsd2: F-BAR and double SH3 domains protein 2 (Mus musculus)"
"932","ENA|OLKM01001626|OLKM01001626.1 49879","OLKM01001626.1",49880,"MeA_20160214_scaffold_1625","OLKM01001626.1","maker","gene",49593,53146,".","-",".","ID=MEAE_00065952","MEAE_00065952","Alias=maker-MeA_20160214_scaffold_1625-augustus-gene-0.96","Similar to zfr: Zinc finger RNA-binding protein (Danio rerio)"
"932.4","ENA|OLKM01001626|OLKM01001626.1 49879","OLKM01001626.1",49880,"MeA_20160214_scaffold_1625","OLKM01001626.1","maker","gene",48522,51075,".","+",".","ID=MEAE_00065951","MEAE_00065951","Alias=snap_masked-MeA_20160214_scaffold_1625-processed-gene-0.65","Protein of unknown function"
"939","ENA|OLKM01001638|OLKM01001638.1 71663","OLKM01001638.1",71664,"MeA_20160214_scaffold_1637","OLKM01001638.1","maker","gene",13266,81597,".","-",".","ID=MEAE_00066168","MEAE_00066168","Alias=maker-MeA_20160214_scaffold_1637-snap-gene-0.78","Similar to myo19: Unconventional myosin-XIX (Xenopus laevis)"
"941","ENA|OLKM01001648|OLKM01001648.1 14810","OLKM01001648.1",14811,"MeA_20160214_scaffold_1647","OLKM01001648.1","maker","gene",10972,20588,".","-",".","ID=MEAE_00066343","MEAE_00066343","Alias=genemark-MeA_20160214_scaffold_1647-processed-gene-0.9","Protein of unknown function"
"942","ENA|OLKM01001648|OLKM01001648.1 15005","OLKM01001648.1",15006,"MeA_20160214_scaffold_1647","OLKM01001648.1","maker","gene",10972,20588,".","-",".","ID=MEAE_00066343","MEAE_00066343","Alias=genemark-MeA_20160214_scaffold_1647-processed-gene-0.9","Protein of unknown function"
"943","ENA|OLKM01001648|OLKM01001648.1 15040","OLKM01001648.1",15041,"MeA_20160214_scaffold_1647","OLKM01001648.1","maker","gene",10972,20588,".","-",".","ID=MEAE_00066343","MEAE_00066343","Alias=genemark-MeA_20160214_scaffold_1647-processed-gene-0.9","Protein of unknown function"
"944","ENA|OLKM01001648|OLKM01001648.1 15143","OLKM01001648.1",15144,"MeA_20160214_scaffold_1647","OLKM01001648.1","maker","gene",10972,20588,".","-",".","ID=MEAE_00066343","MEAE_00066343","Alias=genemark-MeA_20160214_scaffold_1647-processed-gene-0.9","Protein of unknown function"
"945","ENA|OLKM01001648|OLKM01001648.1 15178","OLKM01001648.1",15179,"MeA_20160214_scaffold_1647","OLKM01001648.1","maker","gene",10972,20588,".","-",".","ID=MEAE_00066343","MEAE_00066343","Alias=genemark-MeA_20160214_scaffold_1647-processed-gene-0.9","Protein of unknown function"
"947","ENA|OLKM01001654|OLKM01001654.1 36163","OLKM01001654.1",36164,"MeA_20160214_scaffold_1653","OLKM01001654.1","maker","gene",25438,51332,".","-",".","ID=MEAE_00066442","MEAE_00066442","Alias=maker-MeA_20160214_scaffold_1653-snap-gene-0.56","Protein of unknown function"
"948","ENA|OLKM01001656|OLKM01001656.1 36801","OLKM01001656.1",36802,"MeA_20160214_scaffold_1655","OLKM01001656.1","maker","gene",34308,39720,".","-",".","ID=MEAE_00066473","MEAE_00066473","Alias=snap_masked-MeA_20160214_scaffold_1655-processed-gene-0.50","Protein of unknown function"
"948.2","ENA|OLKM01001656|OLKM01001656.1 36801","OLKM01001656.1",36802,"MeA_20160214_scaffold_1655","OLKM01001656.1","maker","gene",35511,43098,".","+",".","ID=MEAE_00066474","MEAE_00066474","Alias=augustus_masked-MeA_20160214_scaffold_1655-processed-gene-0.29","Protein of unknown function"
"951","ENA|OLKM01001660|OLKM01001660.1 71752","OLKM01001660.1",71753,"MeA_20160214_scaffold_1659","OLKM01001660.1","maker","gene",70161,77479,".","+",".","ID=MEAE_00066541","MEAE_00066541","Alias=maker-MeA_20160214_scaffold_1659-augustus-gene-0.74","Similar to NR4A2: Nuclear receptor subfamily 4 group A member 2 (Bos taurus)"
"951.4","ENA|OLKM01001660|OLKM01001660.1 71752","OLKM01001660.1",71753,"MeA_20160214_scaffold_1659","OLKM01001660.1","maker","gene",71413,73461,".","-",".","ID=MEAE_00066542","MEAE_00066542","Alias=snap_masked-MeA_20160214_scaffold_1659-processed-gene-0.66","Protein of unknown function"
"952","ENA|OLKM01001660|OLKM01001660.1 71831","OLKM01001660.1",71832,"MeA_20160214_scaffold_1659","OLKM01001660.1","maker","gene",70161,77479,".","+",".","ID=MEAE_00066541","MEAE_00066541","Alias=maker-MeA_20160214_scaffold_1659-augustus-gene-0.74","Similar to NR4A2: Nuclear receptor subfamily 4 group A member 2 (Bos taurus)"
"952.4","ENA|OLKM01001660|OLKM01001660.1 71831","OLKM01001660.1",71832,"MeA_20160214_scaffold_1659","OLKM01001660.1","maker","gene",71413,73461,".","-",".","ID=MEAE_00066542","MEAE_00066542","Alias=snap_masked-MeA_20160214_scaffold_1659-processed-gene-0.66","Protein of unknown function"
"954","ENA|OLKM01001668|OLKM01001668.1 61684","OLKM01001668.1",61685,"MeA_20160214_scaffold_1667","OLKM01001668.1","maker","gene",55004,73229,".","-",".","ID=MEAE_00066688","MEAE_00066688","Alias=snap_masked-MeA_20160214_scaffold_1667-processed-gene-0.35","Protein of unknown function"
"955","ENA|OLKM01001668|OLKM01001668.1 63130","OLKM01001668.1",63131,"MeA_20160214_scaffold_1667","OLKM01001668.1","maker","gene",55004,73229,".","-",".","ID=MEAE_00066688","MEAE_00066688","Alias=snap_masked-MeA_20160214_scaffold_1667-processed-gene-0.35","Protein of unknown function"
"956","ENA|OLKM01001668|OLKM01001668.1 63180","OLKM01001668.1",63181,"MeA_20160214_scaffold_1667","OLKM01001668.1","maker","gene",55004,73229,".","-",".","ID=MEAE_00066688","MEAE_00066688","Alias=snap_masked-MeA_20160214_scaffold_1667-processed-gene-0.35","Protein of unknown function"
"957","ENA|OLKM01001680|OLKM01001680.1 37876","OLKM01001680.1",37877,"MeA_20160214_scaffold_1679","OLKM01001680.1","maker","gene",37834,65004,".","+",".","ID=MEAE_00066881","MEAE_00066881","Alias=maker-MeA_20160214_scaffold_1679-snap-gene-0.28","Protein of unknown function"
"957.4","ENA|OLKM01001680|OLKM01001680.1 37876","OLKM01001680.1",37877,"MeA_20160214_scaffold_1679","OLKM01001680.1","maker","gene",11028,88885,".","-",".","ID=MEAE_00066880","MEAE_00066880","Alias=maker-MeA_20160214_scaffold_1679-snap-gene-0.29","Similar to cdh2: Cadherin-2 (Danio rerio)"
"958","ENA|OLKM01001685|OLKM01001685.1 85857","OLKM01001685.1",85858,"MeA_20160214_scaffold_1684","OLKM01001685.1","maker","gene",51765,97735,".","+",".","ID=MEAE_00066950","MEAE_00066950","Alias=maker-MeA_20160214_scaffold_1684-snap-gene-0.54","Similar to foxn3: Forkhead box protein N3 (Xenopus tropicalis)"
"958.2","ENA|OLKM01001685|OLKM01001685.1 85857","OLKM01001685.1",85858,"MeA_20160214_scaffold_1684","OLKM01001685.1","maker","gene",83455,85900,".","-",".","ID=MEAE_00066955","MEAE_00066955","Alias=snap_masked-MeA_20160214_scaffold_1684-processed-gene-0.48","Protein of unknown function"
"959","ENA|OLKM01001685|OLKM01001685.1 86322","OLKM01001685.1",86323,"MeA_20160214_scaffold_1684","OLKM01001685.1","maker","gene",51765,97735,".","+",".","ID=MEAE_00066950","MEAE_00066950","Alias=maker-MeA_20160214_scaffold_1684-snap-gene-0.54","Similar to foxn3: Forkhead box protein N3 (Xenopus tropicalis)"
"962","ENA|OLKM01001687|OLKM01001687.1 95274","OLKM01001687.1",95275,"MeA_20160214_scaffold_1686","OLKM01001687.1","maker","gene",94671,102331,".","+",".","ID=MEAE_00066982","MEAE_00066982","Alias=genemark-MeA_20160214_scaffold_1686-processed-gene-0.7","Protein of unknown function"
"965","ENA|OLKM01001709|OLKM01001709.1 12810","OLKM01001709.1",12811,"MeA_20160214_scaffold_1708","OLKM01001709.1","maker","gene",5898,96814,".","+",".","ID=MEAE_00067336","MEAE_00067336","Alias=maker-MeA_20160214_scaffold_1708-snap-gene-0.47","Similar to Kalrn: Kalirin (Rattus norvegicus)"
"965.2","ENA|OLKM01001709|OLKM01001709.1 12810","OLKM01001709.1",12811,"MeA_20160214_scaffold_1708","OLKM01001709.1","maker","gene",12521,12895,".","-",".","ID=MEAE_00067338","MEAE_00067338","Alias=snap_masked-MeA_20160214_scaffold_1708-processed-gene-0.39","Protein of unknown function"
"966","ENA|OLKM01001709|OLKM01001709.1 88996","OLKM01001709.1",88997,"MeA_20160214_scaffold_1708","OLKM01001709.1","maker","gene",5898,96814,".","+",".","ID=MEAE_00067336","MEAE_00067336","Alias=maker-MeA_20160214_scaffold_1708-snap-gene-0.47","Similar to Kalrn: Kalirin (Rattus norvegicus)"
"967","ENA|OLKM01001709|OLKM01001709.1 89088","OLKM01001709.1",89089,"MeA_20160214_scaffold_1708","OLKM01001709.1","maker","gene",5898,96814,".","+",".","ID=MEAE_00067336","MEAE_00067336","Alias=maker-MeA_20160214_scaffold_1708-snap-gene-0.47","Similar to Kalrn: Kalirin (Rattus norvegicus)"
"968","ENA|OLKM01001709|OLKM01001709.1 90713","OLKM01001709.1",90714,"MeA_20160214_scaffold_1708","OLKM01001709.1","maker","gene",5898,96814,".","+",".","ID=MEAE_00067336","MEAE_00067336","Alias=maker-MeA_20160214_scaffold_1708-snap-gene-0.47","Similar to Kalrn: Kalirin (Rattus norvegicus)"
"973","ENA|OLKM01001713|OLKM01001713.1 52498","OLKM01001713.1",52499,"MeA_20160214_scaffold_1712","OLKM01001713.1","maker","gene",46320,110418,".","+",".","ID=MEAE_00067390","MEAE_00067390","Alias=maker-MeA_20160214_scaffold_1712-snap-gene-0.45","Similar to KIAA1109: Uncharacterized protein KIAA1109 (Homo sapiens)"
"974","ENA|OLKM01001723|OLKM01001723.1 51616","OLKM01001723.1",51617,"MeA_20160214_scaffold_1722","OLKM01001723.1","maker","gene",44326,88661,".","-",".","ID=MEAE_00067563","MEAE_00067563","Alias=maker-MeA_20160214_scaffold_1722-snap-gene-0.50","Similar to ATP8A1: Phospholipid-transporting ATPase IA (Homo sapiens)"
"974.2","ENA|OLKM01001723|OLKM01001723.1 51616","OLKM01001723.1",51617,"MeA_20160214_scaffold_1722","OLKM01001723.1","maker","gene",45936,54582,".","+",".","ID=MEAE_00067564","MEAE_00067564","Alias=snap_masked-MeA_20160214_scaffold_1722-processed-gene-0.30","Protein of unknown function"
"975","ENA|OLKM01001723|OLKM01001723.1 61666","OLKM01001723.1",61667,"MeA_20160214_scaffold_1722","OLKM01001723.1","maker","gene",44326,88661,".","-",".","ID=MEAE_00067563","MEAE_00067563","Alias=maker-MeA_20160214_scaffold_1722-snap-gene-0.50","Similar to ATP8A1: Phospholipid-transporting ATPase IA (Homo sapiens)"
"975.2","ENA|OLKM01001723|OLKM01001723.1 61666","OLKM01001723.1",61667,"MeA_20160214_scaffold_1722","OLKM01001723.1","maker","gene",56350,63830,".","+",".","ID=MEAE_00067565","MEAE_00067565","Alias=snap_masked-MeA_20160214_scaffold_1722-processed-gene-0.31","Protein of unknown function"
"976","ENA|OLKM01001726|OLKM01001726.1 21540","OLKM01001726.1",21541,"MeA_20160214_scaffold_1725","OLKM01001726.1","maker","gene",19698,23126,".","-",".","ID=MEAE_00067613","MEAE_00067613","Alias=augustus_masked-MeA_20160214_scaffold_1725-processed-gene-0.25","Protein of unknown function"
"977","ENA|OLKM01001740|OLKM01001740.1 16049","OLKM01001740.1",16050,"MeA_20160214_scaffold_1739","OLKM01001740.1","maker","gene",15490,16875,".","+",".","ID=MEAE_00067838","MEAE_00067838","Alias=augustus_masked-MeA_20160214_scaffold_1739-processed-gene-0.19","Protein of unknown function"
"978","ENA|OLKM01001740|OLKM01001740.1 16449","OLKM01001740.1",16450,"MeA_20160214_scaffold_1739","OLKM01001740.1","maker","gene",15490,16875,".","+",".","ID=MEAE_00067838","MEAE_00067838","Alias=augustus_masked-MeA_20160214_scaffold_1739-processed-gene-0.19","Protein of unknown function"
"981","ENA|OLKM01001755|OLKM01001755.1 26783","OLKM01001755.1",26784,"MeA_20160214_scaffold_1754","OLKM01001755.1","maker","gene",12026,58940,".","+",".","ID=MEAE_00068069","MEAE_00068069","Alias=maker-MeA_20160214_scaffold_1754-snap-gene-0.57","Protein of unknown function"
"982","ENA|OLKM01001755|OLKM01001755.1 27730","OLKM01001755.1",27731,"MeA_20160214_scaffold_1754","OLKM01001755.1","maker","gene",12026,58940,".","+",".","ID=MEAE_00068069","MEAE_00068069","Alias=maker-MeA_20160214_scaffold_1754-snap-gene-0.57","Protein of unknown function"
"993","ENA|OLKM01001776|OLKM01001776.1 24723","OLKM01001776.1",24724,"MeA_20160214_scaffold_1775","OLKM01001776.1","maker","gene",16235,69826,".","-",".","ID=MEAE_00068381","MEAE_00068381","Alias=genemark-MeA_20160214_scaffold_1775-processed-gene-0.1","Protein of unknown function"
"994","ENA|OLKM01001783|OLKM01001783.1 50745","OLKM01001783.1",50746,"MeA_20160214_scaffold_1782","OLKM01001783.1","maker","gene",11630,84445,".","-",".","ID=MEAE_00068462","MEAE_00068462","Alias=maker-MeA_20160214_scaffold_1782-snap-gene-0.21","Similar to dlgap1: Disks large-associated protein 1 (Danio rerio)"
"996","ENA|OLKM01001787|OLKM01001787.1 4277","OLKM01001787.1",4278,"MeA_20160214_scaffold_1786","OLKM01001787.1","maker","gene",3118,8970,".","+",".","ID=MEAE_00068527","MEAE_00068527","Alias=maker-MeA_20160214_scaffold_1786-snap-gene-0.62","Similar to Ig kappa chain V-III region VH (Fragment) (Homo sapiens)"
"997","ENA|OLKM01001787|OLKM01001787.1 4294","OLKM01001787.1",4295,"MeA_20160214_scaffold_1786","OLKM01001787.1","maker","gene",3118,8970,".","+",".","ID=MEAE_00068527","MEAE_00068527","Alias=maker-MeA_20160214_scaffold_1786-snap-gene-0.62","Similar to Ig kappa chain V-III region VH (Fragment) (Homo sapiens)"
"998","ENA|OLKM01001787|OLKM01001787.1 7795","OLKM01001787.1",7796,"MeA_20160214_scaffold_1786","OLKM01001787.1","maker","gene",3118,8970,".","+",".","ID=MEAE_00068527","MEAE_00068527","Alias=maker-MeA_20160214_scaffold_1786-snap-gene-0.62","Similar to Ig kappa chain V-III region VH (Fragment) (Homo sapiens)"
"999","ENA|OLKM01001787|OLKM01001787.1 22074","OLKM01001787.1",22075,"MeA_20160214_scaffold_1786","OLKM01001787.1","maker","gene",20935,22344,".","+",".","ID=MEAE_00068531","MEAE_00068531","Alias=maker-MeA_20160214_scaffold_1786-augustus-gene-0.54","Protein of unknown function"
"999.2","ENA|OLKM01001787|OLKM01001787.1 22074","OLKM01001787.1",22075,"MeA_20160214_scaffold_1786","OLKM01001787.1","maker","gene",20510,25488,".","-",".","ID=MEAE_00068530","MEAE_00068530","Alias=snap_masked-MeA_20160214_scaffold_1786-processed-gene-0.46","Protein of unknown function"
"1001","ENA|OLKM01001790|OLKM01001790.1 11788","OLKM01001790.1",11789,"MeA_20160214_scaffold_1789","OLKM01001790.1","maker","gene",7688,13332,".","+",".","ID=MEAE_00068561","MEAE_00068561","Alias=snap_masked-MeA_20160214_scaffold_1789-processed-gene-0.24","Protein of unknown function"
"1001.2","ENA|OLKM01001790|OLKM01001790.1 11788","OLKM01001790.1",11789,"MeA_20160214_scaffold_1789","OLKM01001790.1","maker","gene",7815,17697,".","-",".","ID=MEAE_00068562","MEAE_00068562","Alias=snap_masked-MeA_20160214_scaffold_1789-processed-gene-0.33","Protein of unknown function"
"1002","ENA|OLKM01001790|OLKM01001790.1 14605","OLKM01001790.1",14606,"MeA_20160214_scaffold_1789","OLKM01001790.1","maker","gene",7815,17697,".","-",".","ID=MEAE_00068562","MEAE_00068562","Alias=snap_masked-MeA_20160214_scaffold_1789-processed-gene-0.33","Protein of unknown function"
"1005","ENA|OLKM01001792|OLKM01001792.1 80967","OLKM01001792.1",80968,"MeA_20160214_scaffold_1791","OLKM01001792.1","maker","gene",68694,84950,".","-",".","ID=MEAE_00068592","MEAE_00068592","Alias=augustus_masked-MeA_20160214_scaffold_1791-processed-gene-0.41","Similar to Hnrnpul1: Heterogeneous nuclear ribonucleoprotein U-like protein 1 (Mus musculus)"
"1005.2","ENA|OLKM01001792|OLKM01001792.1 80967","OLKM01001792.1",80968,"MeA_20160214_scaffold_1791","OLKM01001792.1","maker","gene",74223,82738,".","+",".","ID=MEAE_00068594","MEAE_00068594","Alias=snap_masked-MeA_20160214_scaffold_1791-processed-gene-0.50","Protein of unknown function"
"1006","ENA|OLKM01001797|OLKM01001797.1 60667","OLKM01001797.1",60668,"MeA_20160214_scaffold_1796","OLKM01001797.1","maker","gene",40861,81866,".","+",".","ID=MEAE_00068664","MEAE_00068664","Alias=snap_masked-MeA_20160214_scaffold_1796-processed-gene-0.43","Protein of unknown function"
"1007","ENA|OLKM01001802|OLKM01001802.1 63450","OLKM01001802.1",63451,"MeA_20160214_scaffold_1801","OLKM01001802.1","maker","gene",61217,68120,".","-",".","ID=MEAE_00068744","MEAE_00068744","Alias=snap_masked-MeA_20160214_scaffold_1801-processed-gene-0.45","Protein of unknown function"
"1008","ENA|OLKM01001802|OLKM01001802.1 63482","OLKM01001802.1",63483,"MeA_20160214_scaffold_1801","OLKM01001802.1","maker","gene",61217,68120,".","-",".","ID=MEAE_00068744","MEAE_00068744","Alias=snap_masked-MeA_20160214_scaffold_1801-processed-gene-0.45","Protein of unknown function"
"1009","ENA|OLKM01001826|OLKM01001826.1 12906","OLKM01001826.1",12907,"MeA_20160214_scaffold_1825","OLKM01001826.1","maker","gene",6759,18979,".","+",".","ID=MEAE_00069145","MEAE_00069145","Alias=snap_masked-MeA_20160214_scaffold_1825-processed-gene-0.33","Protein of unknown function"
"1012","ENA|OLKM01001839|OLKM01001839.1 15085","OLKM01001839.1",15086,"MeA_20160214_scaffold_1838","OLKM01001839.1","maker","gene",10184,28861,".","+",".","ID=MEAE_00069326","MEAE_00069326","Alias=maker-MeA_20160214_scaffold_1838-snap-gene-0.35","Similar to RAVER2: Ribonucleoprotein PTB-binding 2 (Homo sapiens)"
"1013","ENA|OLKM01001842|OLKM01001842.1 34558","OLKM01001842.1",34559,"MeA_20160214_scaffold_1841","OLKM01001842.1","maker","gene",15775,76314,".","+",".","ID=MEAE_00069371","MEAE_00069371","Alias=maker-MeA_20160214_scaffold_1841-snap-gene-0.47","Protein of unknown function"
"1013.2","ENA|OLKM01001842|OLKM01001842.1 34558","OLKM01001842.1",34559,"MeA_20160214_scaffold_1841","OLKM01001842.1","maker","gene",18590,75004,".","-",".","ID=MEAE_00069372","MEAE_00069372","Alias=maker-MeA_20160214_scaffold_1841-snap-gene-0.50","Similar to Frmd4a: FERM domain-containing protein 4A (Mus musculus)"
"1017","ENA|OLKM01001862|OLKM01001862.1 61213","OLKM01001862.1",61214,"MeA_20160214_scaffold_1861","OLKM01001862.1","maker","gene",59468,66161,".","+",".","ID=MEAE_00069682","MEAE_00069682","Alias=maker-MeA_20160214_scaffold_1861-snap-gene-0.49","Similar to ANGPTL4: Angiopoietin-related protein 4 (Bos taurus)"
"1017.4","ENA|OLKM01001862|OLKM01001862.1 61213","OLKM01001862.1",61214,"MeA_20160214_scaffold_1861","OLKM01001862.1","maker","gene",59986,62657,".","-",".","ID=MEAE_00069683","MEAE_00069683","Alias=maker-MeA_20160214_scaffold_1861-snap-gene-0.55","Protein of unknown function"
"1020","ENA|OLKM01001867|OLKM01001867.1 61102","OLKM01001867.1",61103,"MeA_20160214_scaffold_1866","OLKM01001867.1","maker","gene",27217,75298,".","+",".","ID=MEAE_00069751","MEAE_00069751","Alias=maker-MeA_20160214_scaffold_1866-augustus-gene-0.63","Similar to Dym: Dymeclin (Mus musculus)"
"1020.2","ENA|OLKM01001867|OLKM01001867.1 61102","OLKM01001867.1",61103,"MeA_20160214_scaffold_1866","OLKM01001867.1","maker","gene",52302,61410,".","-",".","ID=MEAE_00069754","MEAE_00069754","Alias=snap_masked-MeA_20160214_scaffold_1866-processed-gene-0.56","Protein of unknown function"
"1021","ENA|OLKM01001867|OLKM01001867.1 61112","OLKM01001867.1",61113,"MeA_20160214_scaffold_1866","OLKM01001867.1","maker","gene",27217,75298,".","+",".","ID=MEAE_00069751","MEAE_00069751","Alias=maker-MeA_20160214_scaffold_1866-augustus-gene-0.63","Similar to Dym: Dymeclin (Mus musculus)"
"1021.2","ENA|OLKM01001867|OLKM01001867.1 61112","OLKM01001867.1",61113,"MeA_20160214_scaffold_1866","OLKM01001867.1","maker","gene",52302,61410,".","-",".","ID=MEAE_00069754","MEAE_00069754","Alias=snap_masked-MeA_20160214_scaffold_1866-processed-gene-0.56","Protein of unknown function"
"1022","ENA|OLKM01001867|OLKM01001867.1 61118","OLKM01001867.1",61119,"MeA_20160214_scaffold_1866","OLKM01001867.1","maker","gene",27217,75298,".","+",".","ID=MEAE_00069751","MEAE_00069751","Alias=maker-MeA_20160214_scaffold_1866-augustus-gene-0.63","Similar to Dym: Dymeclin (Mus musculus)"
"1022.2","ENA|OLKM01001867|OLKM01001867.1 61118","OLKM01001867.1",61119,"MeA_20160214_scaffold_1866","OLKM01001867.1","maker","gene",52302,61410,".","-",".","ID=MEAE_00069754","MEAE_00069754","Alias=snap_masked-MeA_20160214_scaffold_1866-processed-gene-0.56","Protein of unknown function"
"1025","ENA|OLKM01001876|OLKM01001876.1 70613","OLKM01001876.1",70614,"MeA_20160214_scaffold_1875","OLKM01001876.1","maker","gene",68297,71274,".","-",".","ID=MEAE_00069873","MEAE_00069873","Alias=snap_masked-MeA_20160214_scaffold_1875-processed-gene-0.40","Protein of unknown function"
"1026","ENA|OLKM01001876|OLKM01001876.1 70914","OLKM01001876.1",70915,"MeA_20160214_scaffold_1875","OLKM01001876.1","maker","gene",68297,71274,".","-",".","ID=MEAE_00069873","MEAE_00069873","Alias=snap_masked-MeA_20160214_scaffold_1875-processed-gene-0.40","Protein of unknown function"
"1029","ENA|OLKM01001883|OLKM01001883.1 7477","OLKM01001883.1",7478,"MeA_20160214_scaffold_1882","OLKM01001883.1","maker","gene",4926,77052,".","+",".","ID=MEAE_00069964","MEAE_00069964","Alias=maker-MeA_20160214_scaffold_1882-snap-gene-0.58","Similar to Poln: DNA polymerase nu (Mus musculus)"
"1029.4","ENA|OLKM01001883|OLKM01001883.1 7477","OLKM01001883.1",7478,"MeA_20160214_scaffold_1882","OLKM01001883.1","maker","gene",6583,9917,".","-",".","ID=MEAE_00069965","MEAE_00069965","Alias=snap_masked-MeA_20160214_scaffold_1882-processed-gene-0.40","Protein of unknown function"
"1030","ENA|OLKM01001883|OLKM01001883.1 7520","OLKM01001883.1",7521,"MeA_20160214_scaffold_1882","OLKM01001883.1","maker","gene",4926,77052,".","+",".","ID=MEAE_00069964","MEAE_00069964","Alias=maker-MeA_20160214_scaffold_1882-snap-gene-0.58","Similar to Poln: DNA polymerase nu (Mus musculus)"
"1030.4","ENA|OLKM01001883|OLKM01001883.1 7520","OLKM01001883.1",7521,"MeA_20160214_scaffold_1882","OLKM01001883.1","maker","gene",6583,9917,".","-",".","ID=MEAE_00069965","MEAE_00069965","Alias=snap_masked-MeA_20160214_scaffold_1882-processed-gene-0.40","Protein of unknown function"
"1031","ENA|OLKM01001883|OLKM01001883.1 10573","OLKM01001883.1",10574,"MeA_20160214_scaffold_1882","OLKM01001883.1","maker","gene",4926,77052,".","+",".","ID=MEAE_00069964","MEAE_00069964","Alias=maker-MeA_20160214_scaffold_1882-snap-gene-0.58","Similar to Poln: DNA polymerase nu (Mus musculus)"
"1031.2","ENA|OLKM01001883|OLKM01001883.1 10573","OLKM01001883.1",10574,"MeA_20160214_scaffold_1882","OLKM01001883.1","maker","gene",10105,20666,".","-",".","ID=MEAE_00069966","MEAE_00069966","Alias=snap_masked-MeA_20160214_scaffold_1882-processed-gene-0.41","Protein of unknown function"
"1037","ENA|OLKM01001897|OLKM01001897.1 84214","OLKM01001897.1",84215,"MeA_20160214_scaffold_1896","OLKM01001897.1","maker","gene",83530,90233,".","-",".","ID=MEAE_00070172","MEAE_00070172","Alias=maker-MeA_20160214_scaffold_1896-augustus-gene-0.80","Protein of unknown function"
"1038","ENA|OLKM01001898|OLKM01001898.1 6010","OLKM01001898.1",6011,"MeA_20160214_scaffold_1897","OLKM01001898.1","maker","gene",4484,8689,".","-",".","ID=MEAE_00070173","MEAE_00070173","Alias=augustus_masked-MeA_20160214_scaffold_1897-processed-gene-0.26","Protein of unknown function"
"1039","ENA|OLKM01001903|OLKM01001903.1 23875","OLKM01001903.1",23876,"MeA_20160214_scaffold_1902","OLKM01001903.1","maker","gene",19464,31663,".","+",".","ID=MEAE_00070246","MEAE_00070246","Alias=maker-MeA_20160214_scaffold_1902-augustus-gene-0.27","Similar to cyp2k1: Cytochrome P450 2K1 (Oncorhynchus mykiss)"
"1044","ENA|OLKM01001909|OLKM01001909.1 48158","OLKM01001909.1",48159,"MeA_20160214_scaffold_1908","OLKM01001909.1","maker","gene",40131,75376,".","+",".","ID=MEAE_00070335","MEAE_00070335","Alias=maker-MeA_20160214_scaffold_1908-snap-gene-0.47","Similar to MLPH: Melanophilin (Homo sapiens)"
"1045","ENA|OLKM01001909|OLKM01001909.1 50169","OLKM01001909.1",50170,"MeA_20160214_scaffold_1908","OLKM01001909.1","maker","gene",40131,75376,".","+",".","ID=MEAE_00070335","MEAE_00070335","Alias=maker-MeA_20160214_scaffold_1908-snap-gene-0.47","Similar to MLPH: Melanophilin (Homo sapiens)"
"1049","ENA|OLKM01001933|OLKM01001933.1 71720","OLKM01001933.1",71721,"MeA_20160214_scaffold_1932","OLKM01001933.1","maker","gene",71575,74644,".","-",".","ID=MEAE_00070686","MEAE_00070686","Alias=snap_masked-MeA_20160214_scaffold_1932-processed-gene-0.50","Protein of unknown function"
"1050","ENA|OLKM01001933|OLKM01001933.1 71973","OLKM01001933.1",71974,"MeA_20160214_scaffold_1932","OLKM01001933.1","maker","gene",71575,74644,".","-",".","ID=MEAE_00070686","MEAE_00070686","Alias=snap_masked-MeA_20160214_scaffold_1932-processed-gene-0.50","Protein of unknown function"
"1051","ENA|OLKM01001933|OLKM01001933.1 73000","OLKM01001933.1",73001,"MeA_20160214_scaffold_1932","OLKM01001933.1","maker","gene",71575,74644,".","-",".","ID=MEAE_00070686","MEAE_00070686","Alias=snap_masked-MeA_20160214_scaffold_1932-processed-gene-0.50","Protein of unknown function"
"1052","ENA|OLKM01001933|OLKM01001933.1 73100","OLKM01001933.1",73101,"MeA_20160214_scaffold_1932","OLKM01001933.1","maker","gene",71575,74644,".","-",".","ID=MEAE_00070686","MEAE_00070686","Alias=snap_masked-MeA_20160214_scaffold_1932-processed-gene-0.50","Protein of unknown function"
"1053","ENA|OLKM01001933|OLKM01001933.1 73707","OLKM01001933.1",73708,"MeA_20160214_scaffold_1932","OLKM01001933.1","maker","gene",73414,74660,".","+",".","ID=MEAE_00070687","MEAE_00070687","Alias=snap_masked-MeA_20160214_scaffold_1932-processed-gene-0.43","Protein of unknown function"
"1053.2","ENA|OLKM01001933|OLKM01001933.1 73707","OLKM01001933.1",73708,"MeA_20160214_scaffold_1932","OLKM01001933.1","maker","gene",71575,74644,".","-",".","ID=MEAE_00070686","MEAE_00070686","Alias=snap_masked-MeA_20160214_scaffold_1932-processed-gene-0.50","Protein of unknown function"
"1054","ENA|OLKM01001933|OLKM01001933.1 74525","OLKM01001933.1",74526,"MeA_20160214_scaffold_1932","OLKM01001933.1","maker","gene",73414,74660,".","+",".","ID=MEAE_00070687","MEAE_00070687","Alias=snap_masked-MeA_20160214_scaffold_1932-processed-gene-0.43","Protein of unknown function"
"1054.4","ENA|OLKM01001933|OLKM01001933.1 74525","OLKM01001933.1",74526,"MeA_20160214_scaffold_1932","OLKM01001933.1","maker","gene",71575,74644,".","-",".","ID=MEAE_00070686","MEAE_00070686","Alias=snap_masked-MeA_20160214_scaffold_1932-processed-gene-0.50","Protein of unknown function"
"1055","ENA|OLKM01001935|OLKM01001935.1 61112","OLKM01001935.1",61113,"MeA_20160214_scaffold_1934","OLKM01001935.1","maker","gene",57278,75557,".","-",".","ID=MEAE_00070713","MEAE_00070713","Alias=maker-MeA_20160214_scaffold_1934-snap-gene-0.59","Protein of unknown function"
"1056","ENA|OLKM01001935|OLKM01001935.1 61132","OLKM01001935.1",61133,"MeA_20160214_scaffold_1934","OLKM01001935.1","maker","gene",57278,75557,".","-",".","ID=MEAE_00070713","MEAE_00070713","Alias=maker-MeA_20160214_scaffold_1934-snap-gene-0.59","Protein of unknown function"
"1057","ENA|OLKM01001936|OLKM01001936.1 53878","OLKM01001936.1",53879,"MeA_20160214_scaffold_1935","OLKM01001936.1","maker","gene",50172,60198,".","-",".","ID=MEAE_00070722","MEAE_00070722","Alias=snap_masked-MeA_20160214_scaffold_1935-processed-gene-0.34","Protein of unknown function"
"1058","ENA|OLKM01001936|OLKM01001936.1 53943","OLKM01001936.1",53944,"MeA_20160214_scaffold_1935","OLKM01001936.1","maker","gene",50172,60198,".","-",".","ID=MEAE_00070722","MEAE_00070722","Alias=snap_masked-MeA_20160214_scaffold_1935-processed-gene-0.34","Protein of unknown function"
"1059","ENA|OLKM01001936|OLKM01001936.1 58572","OLKM01001936.1",58573,"MeA_20160214_scaffold_1935","OLKM01001936.1","maker","gene",50172,60198,".","-",".","ID=MEAE_00070722","MEAE_00070722","Alias=snap_masked-MeA_20160214_scaffold_1935-processed-gene-0.34","Protein of unknown function"
"1060","ENA|OLKM01001936|OLKM01001936.1 61546","OLKM01001936.1",61547,"MeA_20160214_scaffold_1935","OLKM01001936.1","maker","gene",59046,61737,".","+",".","ID=MEAE_00070723","MEAE_00070723","Alias=genemark-MeA_20160214_scaffold_1935-processed-gene-0.12","Protein of unknown function"
"1061","ENA|OLKM01001947|OLKM01001947.1 3840","OLKM01001947.1",3841,"MeA_20160214_scaffold_1946","OLKM01001947.1","maker","gene",1837,5344,".","-",".","ID=MEAE_00070875","MEAE_00070875","Alias=snap_masked-MeA_20160214_scaffold_1946-processed-gene-0.28","Protein of unknown function"
"1065","ENA|OLKM01001954|OLKM01001954.1 40738","OLKM01001954.1",40739,"MeA_20160214_scaffold_1953","OLKM01001954.1","maker","gene",36839,48536,".","-",".","ID=MEAE_00070962","MEAE_00070962","Alias=augustus_masked-MeA_20160214_scaffold_1953-processed-gene-0.16","Similar to galc: Galactocerebrosidase (Salmo salar)"
"1066","ENA|OLKM01001954|OLKM01001954.1 41102","OLKM01001954.1",41103,"MeA_20160214_scaffold_1953","OLKM01001954.1","maker","gene",36839,48536,".","-",".","ID=MEAE_00070962","MEAE_00070962","Alias=augustus_masked-MeA_20160214_scaffold_1953-processed-gene-0.16","Similar to galc: Galactocerebrosidase (Salmo salar)"
"1067","ENA|OLKM01001954|OLKM01001954.1 43124","OLKM01001954.1",43125,"MeA_20160214_scaffold_1953","OLKM01001954.1","maker","gene",36839,48536,".","-",".","ID=MEAE_00070962","MEAE_00070962","Alias=augustus_masked-MeA_20160214_scaffold_1953-processed-gene-0.16","Similar to galc: Galactocerebrosidase (Salmo salar)"
"1068","ENA|OLKM01001954|OLKM01001954.1 43144","OLKM01001954.1",43145,"MeA_20160214_scaffold_1953","OLKM01001954.1","maker","gene",36839,48536,".","-",".","ID=MEAE_00070962","MEAE_00070962","Alias=augustus_masked-MeA_20160214_scaffold_1953-processed-gene-0.16","Similar to galc: Galactocerebrosidase (Salmo salar)"
"1069","ENA|OLKM01001956|OLKM01001956.1 24643","OLKM01001956.1",24644,"MeA_20160214_scaffold_1955","OLKM01001956.1","maker","gene",20152,46316,".","-",".","ID=MEAE_00070985","MEAE_00070985","Alias=maker-MeA_20160214_scaffold_1955-augustus-gene-0.49","Similar to RNF38: E3 ubiquitin-protein ligase RNF38 (Homo sapiens)"
"1070","ENA|OLKM01001961|OLKM01001961.1 52545","OLKM01001961.1",52546,"MeA_20160214_scaffold_1960","OLKM01001961.1","maker","gene",43730,82918,".","+",".","ID=MEAE_00071066","MEAE_00071066","Alias=maker-MeA_20160214_scaffold_1960-snap-gene-0.45","Similar to Cd209a: CD209 antigen-like protein A (Mus musculus)"
"1070.2","ENA|OLKM01001961|OLKM01001961.1 52545","OLKM01001961.1",52546,"MeA_20160214_scaffold_1960","OLKM01001961.1","maker","gene",49910,57541,".","-",".","ID=MEAE_00071067","MEAE_00071067","Alias=snap_masked-MeA_20160214_scaffold_1960-processed-gene-0.38","Protein of unknown function"
"1071","ENA|OLKM01001961|OLKM01001961.1 56292","OLKM01001961.1",56293,"MeA_20160214_scaffold_1960","OLKM01001961.1","maker","gene",43730,82918,".","+",".","ID=MEAE_00071066","MEAE_00071066","Alias=maker-MeA_20160214_scaffold_1960-snap-gene-0.45","Similar to Cd209a: CD209 antigen-like protein A (Mus musculus)"
"1071.2","ENA|OLKM01001961|OLKM01001961.1 56292","OLKM01001961.1",56293,"MeA_20160214_scaffold_1960","OLKM01001961.1","maker","gene",49910,57541,".","-",".","ID=MEAE_00071067","MEAE_00071067","Alias=snap_masked-MeA_20160214_scaffold_1960-processed-gene-0.38","Protein of unknown function"
"1072","ENA|OLKM01001962|OLKM01001962.1 50120","OLKM01001962.1",50121,"MeA_20160214_scaffold_1961","OLKM01001962.1","maker","gene",28265,68909,".","-",".","ID=MEAE_00071072","MEAE_00071072","Alias=snap_masked-MeA_20160214_scaffold_1961-processed-gene-0.24","Similar to PRRC2C: Protein PRRC2C (Homo sapiens)"
"1073","ENA|OLKM01001962|OLKM01001962.1 50175","OLKM01001962.1",50176,"MeA_20160214_scaffold_1961","OLKM01001962.1","maker","gene",28265,68909,".","-",".","ID=MEAE_00071072","MEAE_00071072","Alias=snap_masked-MeA_20160214_scaffold_1961-processed-gene-0.24","Similar to PRRC2C: Protein PRRC2C (Homo sapiens)"
"1074","ENA|OLKM01001972|OLKM01001972.1 85487","OLKM01001972.1",85488,"MeA_20160214_scaffold_1971","OLKM01001972.1","maker","gene",65201,90765,".","+",".","ID=MEAE_00071216","MEAE_00071216","Alias=maker-MeA_20160214_scaffold_1971-snap-gene-0.61","Protein of unknown function"
"1075","ENA|OLKM01001978|OLKM01001978.1 10648","OLKM01001978.1",10649,"MeA_20160214_scaffold_1977","OLKM01001978.1","maker","gene",10577,11128,".","+",".","ID=MEAE_00071285","MEAE_00071285","Alias=snap_masked-MeA_20160214_scaffold_1977-processed-gene-0.35","Protein of unknown function"
"1091","ENA|OLKM01002026|OLKM01002026.1 87391","OLKM01002026.1",87392,"MeA_20160214_scaffold_2025","OLKM01002026.1","maker","gene",87063,87569,".","-",".","ID=MEAE_00071923","MEAE_00071923","Alias=snap_masked-MeA_20160214_scaffold_2025-processed-gene-0.48","Protein of unknown function"
"1094","ENA|OLKM01002034|OLKM01002034.1 42514","OLKM01002034.1",42515,"MeA_20160214_scaffold_2033","OLKM01002034.1","maker","gene",7330,67064,".","+",".","ID=MEAE_00072029","MEAE_00072029","Alias=maker-MeA_20160214_scaffold_2033-augustus-gene-0.32","Similar to Putative uncharacterized protein LOC400499 (Homo sapiens)"
"1094.2","ENA|OLKM01002034|OLKM01002034.1 42514","OLKM01002034.1",42515,"MeA_20160214_scaffold_2033","OLKM01002034.1","maker","gene",40585,51749,".","-",".","ID=MEAE_00072031","MEAE_00072031","Alias=snap_masked-MeA_20160214_scaffold_2033-processed-gene-0.27","Protein of unknown function"
"1097","ENA|OLKM01002041|OLKM01002041.1 47135","OLKM01002041.1",47136,"MeA_20160214_scaffold_2040","OLKM01002041.1","maker","gene",32092,63009,".","+",".","ID=MEAE_00072131","MEAE_00072131","Alias=maker-MeA_20160214_scaffold_2040-snap-gene-0.53","Similar to KDM6A: Lysine-specific demethylase 6A (Homo sapiens)"
"1098","ENA|OLKM01002055|OLKM01002055.1 63817","OLKM01002055.1",63818,"MeA_20160214_scaffold_2054","OLKM01002055.1","maker","gene",63564,64013,".","-",".","ID=MEAE_00072296","MEAE_00072296","Alias=augustus_masked-MeA_20160214_scaffold_2054-processed-gene-0.12","Protein of unknown function"
"1099","ENA|OLKM01002055|OLKM01002055.1 79868","OLKM01002055.1",79869,"MeA_20160214_scaffold_2054","OLKM01002055.1","maker","gene",77945,80364,".","-",".","ID=MEAE_00072298","MEAE_00072298","Alias=maker-MeA_20160214_scaffold_2054-augustus-gene-0.22","Similar to ZBED1: Zinc finger BED domain-containing protein 1 (Homo sapiens)"
"1101","ENA|OLKM01002065|OLKM01002065.1 46890","OLKM01002065.1",46891,"MeA_20160214_scaffold_2064","OLKM01002065.1","maker","gene",8464,77742,".","+",".","ID=MEAE_00072424","MEAE_00072424","Alias=maker-MeA_20160214_scaffold_2064-snap-gene-0.60","Protein of unknown function"
"1101.2","ENA|OLKM01002065|OLKM01002065.1 46890","OLKM01002065.1",46891,"MeA_20160214_scaffold_2064","OLKM01002065.1","maker","gene",37642,65259,".","-",".","ID=MEAE_00072426","MEAE_00072426","Alias=snap_masked-MeA_20160214_scaffold_2064-processed-gene-0.52","Protein of unknown function"
"1102","ENA|OLKM01002069|OLKM01002069.1 50486","OLKM01002069.1",50487,"MeA_20160214_scaffold_2068","OLKM01002069.1","maker","gene",10732,56307,".","-",".","ID=MEAE_00072470","MEAE_00072470","Alias=maker-MeA_20160214_scaffold_2068-snap-gene-0.35","Similar to FNBP1: Formin-binding protein 1 (Homo sapiens)"
"1106","ENA|OLKM01002070|OLKM01002070.1 32190","OLKM01002070.1",32191,"MeA_20160214_scaffold_2069","OLKM01002070.1","maker","gene",31562,32479,".","-",".","ID=MEAE_00072487","MEAE_00072487","Alias=snap_masked-MeA_20160214_scaffold_2069-processed-gene-0.51","Similar to ZMYM1: Zinc finger MYM-type protein 1 (Homo sapiens)"
"1107","ENA|OLKM01002081|OLKM01002081.1 81134","OLKM01002081.1",81135,"MeA_20160214_scaffold_2080","OLKM01002081.1","maker","gene",81018,82008,".","-",".","ID=MEAE_00072681","MEAE_00072681","Alias=maker-MeA_20160214_scaffold_2080-augustus-gene-0.43","Protein of unknown function"
"1108","ENA|OLKM01002083|OLKM01002083.1 27496","OLKM01002083.1",27497,"MeA_20160214_scaffold_2082","OLKM01002083.1","maker","gene",4043,28394,".","+",".","ID=MEAE_00072691","MEAE_00072691","Alias=maker-MeA_20160214_scaffold_2082-snap-gene-0.74","Protein of unknown function"
"1109","ENA|OLKM01002083|OLKM01002083.1 31586","OLKM01002083.1",31587,"MeA_20160214_scaffold_2082","OLKM01002083.1","maker","gene",30902,33850,".","+",".","ID=MEAE_00072695","MEAE_00072695","Alias=genemark-MeA_20160214_scaffold_2082-processed-gene-0.6","Protein of unknown function"
"1109.2","ENA|OLKM01002083|OLKM01002083.1 31586","OLKM01002083.1",31587,"MeA_20160214_scaffold_2082","OLKM01002083.1","maker","gene",30617,38542,".","-",".","ID=MEAE_00072694","MEAE_00072694","Alias=snap_masked-MeA_20160214_scaffold_2082-processed-gene-0.55","Protein of unknown function"
"1110","ENA|OLKM01002083|OLKM01002083.1 32457","OLKM01002083.1",32458,"MeA_20160214_scaffold_2082","OLKM01002083.1","maker","gene",30902,33850,".","+",".","ID=MEAE_00072695","MEAE_00072695","Alias=genemark-MeA_20160214_scaffold_2082-processed-gene-0.6","Protein of unknown function"
"1110.2","ENA|OLKM01002083|OLKM01002083.1 32457","OLKM01002083.1",32458,"MeA_20160214_scaffold_2082","OLKM01002083.1","maker","gene",30617,38542,".","-",".","ID=MEAE_00072694","MEAE_00072694","Alias=snap_masked-MeA_20160214_scaffold_2082-processed-gene-0.55","Protein of unknown function"
"1111","ENA|OLKM01002083|OLKM01002083.1 37386","OLKM01002083.1",37387,"MeA_20160214_scaffold_2082","OLKM01002083.1","maker","gene",30617,38542,".","-",".","ID=MEAE_00072694","MEAE_00072694","Alias=snap_masked-MeA_20160214_scaffold_2082-processed-gene-0.55","Protein of unknown function"
"1112","ENA|OLKM01002083|OLKM01002083.1 37396","OLKM01002083.1",37397,"MeA_20160214_scaffold_2082","OLKM01002083.1","maker","gene",30617,38542,".","-",".","ID=MEAE_00072694","MEAE_00072694","Alias=snap_masked-MeA_20160214_scaffold_2082-processed-gene-0.55","Protein of unknown function"
"1114","ENA|OLKM01002100|OLKM01002100.1 21172","OLKM01002100.1",21173,"MeA_20160214_scaffold_2099","OLKM01002100.1","maker","gene",20396,42099,".","-",".","ID=MEAE_00072900","MEAE_00072900","Alias=maker-MeA_20160214_scaffold_2099-snap-gene-0.21","Protein of unknown function"
"1115","ENA|OLKM01002101|OLKM01002101.1 3021","OLKM01002101.1",3022,"MeA_20160214_scaffold_2100","OLKM01002101.1","maker","gene",17,22255,".","-",".","ID=MEAE_00072901","MEAE_00072901","Alias=snap_masked-MeA_20160214_scaffold_2100-processed-gene-0.39","Protein of unknown function"
"1116","ENA|OLKM01002101|OLKM01002101.1 3024","OLKM01002101.1",3025,"MeA_20160214_scaffold_2100","OLKM01002101.1","maker","gene",17,22255,".","-",".","ID=MEAE_00072901","MEAE_00072901","Alias=snap_masked-MeA_20160214_scaffold_2100-processed-gene-0.39","Protein of unknown function"
"1117","ENA|OLKM01002101|OLKM01002101.1 3075","OLKM01002101.1",3076,"MeA_20160214_scaffold_2100","OLKM01002101.1","maker","gene",17,22255,".","-",".","ID=MEAE_00072901","MEAE_00072901","Alias=snap_masked-MeA_20160214_scaffold_2100-processed-gene-0.39","Protein of unknown function"
"1118","ENA|OLKM01002101|OLKM01002101.1 3625","OLKM01002101.1",3626,"MeA_20160214_scaffold_2100","OLKM01002101.1","maker","gene",17,22255,".","-",".","ID=MEAE_00072901","MEAE_00072901","Alias=snap_masked-MeA_20160214_scaffold_2100-processed-gene-0.39","Protein of unknown function"
"1119","ENA|OLKM01002101|OLKM01002101.1 4552","OLKM01002101.1",4553,"MeA_20160214_scaffold_2100","OLKM01002101.1","maker","gene",17,22255,".","-",".","ID=MEAE_00072901","MEAE_00072901","Alias=snap_masked-MeA_20160214_scaffold_2100-processed-gene-0.39","Protein of unknown function"
"1120","ENA|OLKM01002101|OLKM01002101.1 7660","OLKM01002101.1",7661,"MeA_20160214_scaffold_2100","OLKM01002101.1","maker","gene",17,22255,".","-",".","ID=MEAE_00072901","MEAE_00072901","Alias=snap_masked-MeA_20160214_scaffold_2100-processed-gene-0.39","Protein of unknown function"
"1121","ENA|OLKM01002102|OLKM01002102.1 16684","OLKM01002102.1",16685,"MeA_20160214_scaffold_2101","OLKM01002102.1","maker","gene",5284,35417,".","-",".","ID=MEAE_00072916","MEAE_00072916","Alias=maker-MeA_20160214_scaffold_2101-snap-gene-0.60","Similar to Slc6a13: Sodium- and chloride-dependent GABA transporter 2 (Rattus norvegicus)"
"1122","ENA|OLKM01002102|OLKM01002102.1 52262","OLKM01002102.1",52263,"MeA_20160214_scaffold_2101","OLKM01002102.1","maker","gene",51051,53056,".","-",".","ID=MEAE_00072922","MEAE_00072922","Alias=snap_masked-MeA_20160214_scaffold_2101-processed-gene-0.42","Similar to ZBED1: Zinc finger BED domain-containing protein 1 (Homo sapiens)"
"1123","ENA|OLKM01002106|OLKM01002106.1 64513","OLKM01002106.1",64514,"MeA_20160214_scaffold_2105","OLKM01002106.1","maker","gene",58955,72580,".","+",".","ID=MEAE_00072990","MEAE_00072990","Alias=maker-MeA_20160214_scaffold_2105-augustus-gene-0.40","Similar to TBC1D15: TBC1 domain family member 15 (Homo sapiens)"
"1124","ENA|OLKM01002108|OLKM01002108.1 28923","OLKM01002108.1",28924,"MeA_20160214_scaffold_2107","OLKM01002108.1","maker","gene",26046,38641,".","+",".","ID=MEAE_00073017","MEAE_00073017","Alias=maker-MeA_20160214_scaffold_2107-snap-gene-0.44","Similar to DYRK4: Dual specificity tyrosine-phosphorylation-regulated kinase 4 (Homo sapiens)"
"1125","ENA|OLKM01002108|OLKM01002108.1 38412","OLKM01002108.1",38413,"MeA_20160214_scaffold_2107","OLKM01002108.1","maker","gene",26046,38641,".","+",".","ID=MEAE_00073017","MEAE_00073017","Alias=maker-MeA_20160214_scaffold_2107-snap-gene-0.44","Similar to DYRK4: Dual specificity tyrosine-phosphorylation-regulated kinase 4 (Homo sapiens)"
"1126","ENA|OLKM01002108|OLKM01002108.1 38533","OLKM01002108.1",38534,"MeA_20160214_scaffold_2107","OLKM01002108.1","maker","gene",26046,38641,".","+",".","ID=MEAE_00073017","MEAE_00073017","Alias=maker-MeA_20160214_scaffold_2107-snap-gene-0.44","Similar to DYRK4: Dual specificity tyrosine-phosphorylation-regulated kinase 4 (Homo sapiens)"
"1127","ENA|OLKM01002108|OLKM01002108.1 56331","OLKM01002108.1",56332,"MeA_20160214_scaffold_2107","OLKM01002108.1","maker","gene",44578,67091,".","-",".","ID=MEAE_00073020","MEAE_00073020","Alias=snap_masked-MeA_20160214_scaffold_2107-processed-gene-0.34","Protein of unknown function"
"1128","ENA|OLKM01002110|OLKM01002110.1 46111","OLKM01002110.1",46112,"MeA_20160214_scaffold_2109","OLKM01002110.1","maker","gene",44597,47117,".","-",".","ID=MEAE_00073045","MEAE_00073045","Alias=maker-MeA_20160214_scaffold_2109-snap-gene-0.66","Similar to GIN1: Gypsy retrotransposon integrase-like protein 1 (Rattus norvegicus)"
"1129","ENA|OLKM01002110|OLKM01002110.1 58210","OLKM01002110.1",58211,"MeA_20160214_scaffold_2109","OLKM01002110.1","maker","gene",52172,70162,".","-",".","ID=MEAE_00073046","MEAE_00073046","Alias=maker-MeA_20160214_scaffold_2109-snap-gene-0.69","Similar to GANAB: Neutral alpha-glucosidase AB (Homo sapiens)"
"1135","ENA|OLKM01002121|OLKM01002121.1 70448","OLKM01002121.1",70449,"MeA_20160214_scaffold_2120","OLKM01002121.1","maker","gene",57152,81410,".","-",".","ID=MEAE_00073199","MEAE_00073199","Alias=maker-MeA_20160214_scaffold_2120-snap-gene-0.55","Similar to ABHD12B: Protein ABHD12B (Homo sapiens)"
"1136","ENA|OLKM01002122|OLKM01002122.1 73678","OLKM01002122.1",73679,"MeA_20160214_scaffold_2121","OLKM01002122.1","maker","gene",73539,73949,".","-",".","ID=MEAE_00073204","MEAE_00073204","Alias=augustus_masked-MeA_20160214_scaffold_2121-processed-gene-0.19","Protein of unknown function"
"1137","ENA|OLKM01002125|OLKM01002125.1 8086","OLKM01002125.1",8087,"MeA_20160214_scaffold_2124","OLKM01002125.1","maker","gene",1263,9422,".","-",".","ID=MEAE_00073231","MEAE_00073231","Alias=maker-MeA_20160214_scaffold_2124-augustus-gene-0.36","Protein of unknown function"
"1137.4","ENA|OLKM01002125|OLKM01002125.1 8086","OLKM01002125.1",8087,"MeA_20160214_scaffold_2124","OLKM01002125.1","maker","gene",7927,16249,".","+",".","ID=MEAE_00073232","MEAE_00073232","Alias=snap_masked-MeA_20160214_scaffold_2124-processed-gene-0.23","Protein of unknown function"
"1138","ENA|OLKM01002125|OLKM01002125.1 50451","OLKM01002125.1",50452,"MeA_20160214_scaffold_2124","OLKM01002125.1","maker","gene",43273,51283,".","+",".","ID=MEAE_00073236","MEAE_00073236","Alias=maker-MeA_20160214_scaffold_2124-snap-gene-0.40","Similar to faah2a: Fatty-acid amide hydrolase 2-A (Danio rerio)"
"1138.2","ENA|OLKM01002125|OLKM01002125.1 50451","OLKM01002125.1",50452,"MeA_20160214_scaffold_2124","OLKM01002125.1","maker","gene",47083,51809,".","-",".","ID=MEAE_00073237","MEAE_00073237","Alias=snap_masked-MeA_20160214_scaffold_2124-processed-gene-0.33","Protein of unknown function"
"1142","ENA|OLKM01002129|OLKM01002129.1 10925","OLKM01002129.1",10926,"MeA_20160214_scaffold_2128","OLKM01002129.1","maker","gene",7491,11917,".","-",".","ID=MEAE_00073278","MEAE_00073278","Alias=maker-MeA_20160214_scaffold_2128-augustus-gene-0.21","Similar to THAP10: THAP domain-containing protein 10 (Pongo abelii)"
"1143","ENA|OLKM01002129|OLKM01002129.1 54284","OLKM01002129.1",54285,"MeA_20160214_scaffold_2128","OLKM01002129.1","maker","gene",35544,57928,".","-",".","ID=MEAE_00073284","MEAE_00073284","Alias=snap_masked-MeA_20160214_scaffold_2128-processed-gene-0.19","Protein of unknown function"
"1144","ENA|OLKM01002129|OLKM01002129.1 54334","OLKM01002129.1",54335,"MeA_20160214_scaffold_2128","OLKM01002129.1","maker","gene",35544,57928,".","-",".","ID=MEAE_00073284","MEAE_00073284","Alias=snap_masked-MeA_20160214_scaffold_2128-processed-gene-0.19","Protein of unknown function"
"1145","ENA|OLKM01002129|OLKM01002129.1 54346","OLKM01002129.1",54347,"MeA_20160214_scaffold_2128","OLKM01002129.1","maker","gene",35544,57928,".","-",".","ID=MEAE_00073284","MEAE_00073284","Alias=snap_masked-MeA_20160214_scaffold_2128-processed-gene-0.19","Protein of unknown function"
"1146","ENA|OLKM01002129|OLKM01002129.1 54659","OLKM01002129.1",54660,"MeA_20160214_scaffold_2128","OLKM01002129.1","maker","gene",35544,57928,".","-",".","ID=MEAE_00073284","MEAE_00073284","Alias=snap_masked-MeA_20160214_scaffold_2128-processed-gene-0.19","Protein of unknown function"
"1147","ENA|OLKM01002129|OLKM01002129.1 55695","OLKM01002129.1",55696,"MeA_20160214_scaffold_2128","OLKM01002129.1","maker","gene",35544,57928,".","-",".","ID=MEAE_00073284","MEAE_00073284","Alias=snap_masked-MeA_20160214_scaffold_2128-processed-gene-0.19","Protein of unknown function"
"1148","ENA|OLKM01002130|OLKM01002130.1 9284","OLKM01002130.1",9285,"MeA_20160214_scaffold_2129","OLKM01002130.1","maker","gene",4390,58921,".","-",".","ID=MEAE_00073289","MEAE_00073289","Alias=maker-MeA_20160214_scaffold_2129-snap-gene-0.44","Similar to Kmt2b: Histone-lysine N-methyltransferase 2B (Mus musculus)"
"1150","ENA|OLKM01002144|OLKM01002144.1 32436","OLKM01002144.1",32437,"MeA_20160214_scaffold_2143","OLKM01002144.1","maker","gene",29357,34119,".","+",".","ID=MEAE_00073497","MEAE_00073497","Alias=genemark-MeA_20160214_scaffold_2143-processed-gene-0.2","Similar to ADGRF5: Adhesion G protein-coupled receptor F5 (Homo sapiens)"
"1151","ENA|OLKM01002145|OLKM01002145.1 48711","OLKM01002145.1",48712,"MeA_20160214_scaffold_2144","OLKM01002145.1","maker","gene",32744,48730,".","-",".","ID=MEAE_00073513","MEAE_00073513","Alias=snap_masked-MeA_20160214_scaffold_2144-processed-gene-0.22","Similar to st6gal2: Beta-galactoside alpha-2%2C6-sialyltransferase 2 (Takifugu rubripes)"
"1156","ENA|OLKM01002150|OLKM01002150.1 52648","OLKM01002150.1",52649,"MeA_20160214_scaffold_2149","OLKM01002150.1","maker","gene",44289,63077,".","-",".","ID=MEAE_00073585","MEAE_00073585","Alias=maker-MeA_20160214_scaffold_2149-augustus-gene-0.29","Similar to GABRA2: Gamma-aminobutyric acid receptor subunit alpha-2 (Pongo abelii)"
"1157","ENA|OLKM01002154|OLKM01002154.1 77577","OLKM01002154.1",77578,"MeA_20160214_scaffold_2153","OLKM01002154.1","maker","gene",1799,82638,".","+",".","ID=MEAE_00073622","MEAE_00073622","Alias=maker-MeA_20160214_scaffold_2153-snap-gene-0.47","Similar to DIP2A: Disco-interacting protein 2 homolog A (Homo sapiens)"
"1158","ENA|OLKM01002159|OLKM01002159.1 2294","OLKM01002159.1",2295,"MeA_20160214_scaffold_2158","OLKM01002159.1","maker","gene",948,50505,".","-",".","ID=MEAE_00073684","MEAE_00073684","Alias=maker-MeA_20160214_scaffold_2158-snap-gene-0.46","Similar to PCDH17: Protocadherin-17 (Homo sapiens)"
"1159","ENA|OLKM01002159|OLKM01002159.1 2300","OLKM01002159.1",2301,"MeA_20160214_scaffold_2158","OLKM01002159.1","maker","gene",948,50505,".","-",".","ID=MEAE_00073684","MEAE_00073684","Alias=maker-MeA_20160214_scaffold_2158-snap-gene-0.46","Similar to PCDH17: Protocadherin-17 (Homo sapiens)"
"1160","ENA|OLKM01002159|OLKM01002159.1 2320","OLKM01002159.1",2321,"MeA_20160214_scaffold_2158","OLKM01002159.1","maker","gene",948,50505,".","-",".","ID=MEAE_00073684","MEAE_00073684","Alias=maker-MeA_20160214_scaffold_2158-snap-gene-0.46","Similar to PCDH17: Protocadherin-17 (Homo sapiens)"
"1162","ENA|OLKM01002173|OLKM01002173.1 67788","OLKM01002173.1",67789,"MeA_20160214_scaffold_2172","OLKM01002173.1","maker","gene",57562,74986,".","-",".","ID=MEAE_00073867","MEAE_00073867","Alias=maker-MeA_20160214_scaffold_2172-snap-gene-0.26","Protein of unknown function"
"1163","ENA|OLKM01002173|OLKM01002173.1 67900","OLKM01002173.1",67901,"MeA_20160214_scaffold_2172","OLKM01002173.1","maker","gene",57562,74986,".","-",".","ID=MEAE_00073867","MEAE_00073867","Alias=maker-MeA_20160214_scaffold_2172-snap-gene-0.26","Protein of unknown function"
"1164","ENA|OLKM01002173|OLKM01002173.1 67919","OLKM01002173.1",67920,"MeA_20160214_scaffold_2172","OLKM01002173.1","maker","gene",57562,74986,".","-",".","ID=MEAE_00073867","MEAE_00073867","Alias=maker-MeA_20160214_scaffold_2172-snap-gene-0.26","Protein of unknown function"
"1166","ENA|OLKM01002178|OLKM01002178.1 53000","OLKM01002178.1",53001,"MeA_20160214_scaffold_2177","OLKM01002178.1","maker","gene",52558,64449,".","+",".","ID=MEAE_00073918","MEAE_00073918","Alias=snap_masked-MeA_20160214_scaffold_2177-processed-gene-0.43","Protein of unknown function"
"1166.4","ENA|OLKM01002178|OLKM01002178.1 53000","OLKM01002178.1",53001,"MeA_20160214_scaffold_2177","OLKM01002178.1","maker","gene",52435,54081,".","-",".","ID=MEAE_00073917","MEAE_00073917","Alias=augustus_masked-MeA_20160214_scaffold_2177-processed-gene-0.33","Similar to TRIM39: E3 ubiquitin-protein ligase TRIM39 (Pan troglodytes)"
"1178","ENA|OLKM01002190|OLKM01002190.1 76429","OLKM01002190.1",76430,"MeA_20160214_scaffold_2189","OLKM01002190.1","maker","gene",76086,79628,".","-",".","ID=MEAE_00074046","MEAE_00074046","Alias=snap_masked-MeA_20160214_scaffold_2189-processed-gene-0.28","Protein of unknown function"
"1179","ENA|OLKM01002195|OLKM01002195.1 48886","OLKM01002195.1",48887,"MeA_20160214_scaffold_2194","OLKM01002195.1","maker","gene",40014,70420,".","+",".","ID=MEAE_00074086","MEAE_00074086","Alias=genemark-MeA_20160214_scaffold_2194-processed-gene-0.7","Similar to vipr1: Vasoactive intestinal polypeptide receptor (Carassius auratus)"
"1180","ENA|OLKM01002195|OLKM01002195.1 51947","OLKM01002195.1",51948,"MeA_20160214_scaffold_2194","OLKM01002195.1","maker","gene",40014,70420,".","+",".","ID=MEAE_00074086","MEAE_00074086","Alias=genemark-MeA_20160214_scaffold_2194-processed-gene-0.7","Similar to vipr1: Vasoactive intestinal polypeptide receptor (Carassius auratus)"
"1181","ENA|OLKM01002195|OLKM01002195.1 52077","OLKM01002195.1",52078,"MeA_20160214_scaffold_2194","OLKM01002195.1","maker","gene",40014,70420,".","+",".","ID=MEAE_00074086","MEAE_00074086","Alias=genemark-MeA_20160214_scaffold_2194-processed-gene-0.7","Similar to vipr1: Vasoactive intestinal polypeptide receptor (Carassius auratus)"
"1183","ENA|OLKM01002200|OLKM01002200.1 72591","OLKM01002200.1",72592,"MeA_20160214_scaffold_2199","OLKM01002200.1","maker","gene",70356,73128,".","-",".","ID=MEAE_00074145","MEAE_00074145","Alias=maker-MeA_20160214_scaffold_2199-augustus-gene-0.49","Protein of unknown function"
"1183.2","ENA|OLKM01002200|OLKM01002200.1 72591","OLKM01002200.1",72592,"MeA_20160214_scaffold_2199","OLKM01002200.1","maker","gene",70082,78341,".","+",".","ID=MEAE_00074144","MEAE_00074144","Alias=snap_masked-MeA_20160214_scaffold_2199-processed-gene-0.37","Protein of unknown function"
"1184","ENA|OLKM01002212|OLKM01002212.1 66092","OLKM01002212.1",66093,"MeA_20160214_scaffold_2211","OLKM01002212.1","maker","gene",61611,70094,".","-",".","ID=MEAE_00074268","MEAE_00074268","Alias=maker-MeA_20160214_scaffold_2211-snap-gene-0.36","Similar to GJA1: Gap junction alpha-1 protein (Gallus gallus)"
"1184.2","ENA|OLKM01002212|OLKM01002212.1 66092","OLKM01002212.1",66093,"MeA_20160214_scaffold_2211","OLKM01002212.1","maker","gene",63580,67144,".","+",".","ID=MEAE_00074269","MEAE_00074269","Alias=snap_masked-MeA_20160214_scaffold_2211-processed-gene-0.27","Protein of unknown function"
"1185","ENA|OLKM01002212|OLKM01002212.1 66112","OLKM01002212.1",66113,"MeA_20160214_scaffold_2211","OLKM01002212.1","maker","gene",61611,70094,".","-",".","ID=MEAE_00074268","MEAE_00074268","Alias=maker-MeA_20160214_scaffold_2211-snap-gene-0.36","Similar to GJA1: Gap junction alpha-1 protein (Gallus gallus)"
"1185.2","ENA|OLKM01002212|OLKM01002212.1 66112","OLKM01002212.1",66113,"MeA_20160214_scaffold_2211","OLKM01002212.1","maker","gene",63580,67144,".","+",".","ID=MEAE_00074269","MEAE_00074269","Alias=snap_masked-MeA_20160214_scaffold_2211-processed-gene-0.27","Protein of unknown function"
"1188","ENA|OLKM01002242|OLKM01002242.1 21215","OLKM01002242.1",21216,"MeA_20160214_scaffold_2241","OLKM01002242.1","maker","gene",11349,58881,".","+",".","ID=MEAE_00074587","MEAE_00074587","Alias=augustus_masked-MeA_20160214_scaffold_2241-processed-gene-0.20","Similar to PRKX: cAMP-dependent protein kinase catalytic subunit PRKX (Homo sapiens)"
"1189","ENA|OLKM01002249|OLKM01002249.1 35671","OLKM01002249.1",35672,"MeA_20160214_scaffold_2248","OLKM01002249.1","maker","gene",35198,51853,".","-",".","ID=MEAE_00074662","MEAE_00074662","Alias=snap_masked-MeA_20160214_scaffold_2248-processed-gene-0.42","Protein of unknown function"
"1190","ENA|OLKM01002249|OLKM01002249.1 35758","OLKM01002249.1",35759,"MeA_20160214_scaffold_2248","OLKM01002249.1","maker","gene",35198,51853,".","-",".","ID=MEAE_00074662","MEAE_00074662","Alias=snap_masked-MeA_20160214_scaffold_2248-processed-gene-0.42","Protein of unknown function"
"1191","ENA|OLKM01002257|OLKM01002257.1 27039","OLKM01002257.1",27040,"MeA_20160214_scaffold_2256","OLKM01002257.1","maker","gene",16721,36855,".","+",".","ID=MEAE_00074732","MEAE_00074732","Alias=maker-MeA_20160214_scaffold_2256-snap-gene-0.32","Similar to CDC73: Parafibromin (Gallus gallus)"
"1194","ENA|OLKM01002266|OLKM01002266.1 40555","OLKM01002266.1",40556,"MeA_20160214_scaffold_2265","OLKM01002266.1","maker","gene",29986,61465,".","+",".","ID=MEAE_00074821","MEAE_00074821","Alias=maker-MeA_20160214_scaffold_2265-snap-gene-0.32","Protein of unknown function"
"1195","ENA|OLKM01002266|OLKM01002266.1 41350","OLKM01002266.1",41351,"MeA_20160214_scaffold_2265","OLKM01002266.1","maker","gene",29986,61465,".","+",".","ID=MEAE_00074821","MEAE_00074821","Alias=maker-MeA_20160214_scaffold_2265-snap-gene-0.32","Protein of unknown function"
"1196","ENA|OLKM01002266|OLKM01002266.1 41567","OLKM01002266.1",41568,"MeA_20160214_scaffold_2265","OLKM01002266.1","maker","gene",29986,61465,".","+",".","ID=MEAE_00074821","MEAE_00074821","Alias=maker-MeA_20160214_scaffold_2265-snap-gene-0.32","Protein of unknown function"
"1200","ENA|OLKM01002267|OLKM01002267.1 65876","OLKM01002267.1",65877,"MeA_20160214_scaffold_2266","OLKM01002267.1","maker","gene",63891,66890,".","-",".","ID=MEAE_00074836","MEAE_00074836","Alias=snap_masked-MeA_20160214_scaffold_2266-processed-gene-0.35","Protein of unknown function"
"1201","ENA|OLKM01002267|OLKM01002267.1 66168","OLKM01002267.1",66169,"MeA_20160214_scaffold_2266","OLKM01002267.1","maker","gene",63891,66890,".","-",".","ID=MEAE_00074836","MEAE_00074836","Alias=snap_masked-MeA_20160214_scaffold_2266-processed-gene-0.35","Protein of unknown function"
"1205","ENA|OLKM01002275|OLKM01002275.1 23894","OLKM01002275.1",23895,"MeA_20160214_scaffold_2274","OLKM01002275.1","maker","gene",2702,38696,".","-",".","ID=MEAE_00074906","MEAE_00074906","Alias=maker-MeA_20160214_scaffold_2274-snap-gene-0.42","Similar to Slc4a10: Sodium-driven chloride bicarbonate exchanger (Rattus norvegicus)"
"1207","ENA|OLKM01002278|OLKM01002278.1 44124","OLKM01002278.1",44125,"MeA_20160214_scaffold_2277","OLKM01002278.1","maker","gene",32020,49911,".","+",".","ID=MEAE_00074940","MEAE_00074940","Alias=maker-MeA_20160214_scaffold_2277-snap-gene-0.48","Similar to KDM5C: Lysine-specific demethylase 5C (Homo sapiens)"
"1208","ENA|OLKM01002285|OLKM01002285.1 5937","OLKM01002285.1",5938,"MeA_20160214_scaffold_2284","OLKM01002285.1","maker","gene",415,25538,".","+",".","ID=MEAE_00075018","MEAE_00075018","Alias=maker-MeA_20160214_scaffold_2284-augustus-gene-0.28","Similar to CUEDC1: CUE domain-containing protein 1 (Homo sapiens)"
"1209","ENA|OLKM01002285|OLKM01002285.1 68639","OLKM01002285.1",68640,"MeA_20160214_scaffold_2284","OLKM01002285.1","maker","gene",67654,68851,".","+",".","ID=MEAE_00075022","MEAE_00075022","Alias=genemark-MeA_20160214_scaffold_2284-processed-gene-0.8","Protein of unknown function"
"1215","ENA|OLKM01002303|OLKM01002303.1 68376","OLKM01002303.1",68377,"MeA_20160214_scaffold_2302","OLKM01002303.1","maker","gene",65540,69660,".","+",".","ID=MEAE_00075215","MEAE_00075215","Alias=maker-MeA_20160214_scaffold_2302-augustus-gene-0.58","Similar to LIPT1: Lipoyltransferase 1%2C mitochondrial (Homo sapiens)"
"1217","ENA|OLKM01002325|OLKM01002325.1 29418","OLKM01002325.1",29419,"MeA_20160214_scaffold_2324","OLKM01002325.1","maker","gene",28385,32057,".","-",".","ID=MEAE_00075455","MEAE_00075455","Alias=augustus_masked-MeA_20160214_scaffold_2324-processed-gene-0.22","Protein of unknown function"
"1220","ENA|OLKM01002332|OLKM01002332.1 55179","OLKM01002332.1",55180,"MeA_20160214_scaffold_2331","OLKM01002332.1","maker","gene",12953,59910,".","+",".","ID=MEAE_00075536","MEAE_00075536","Alias=maker-MeA_20160214_scaffold_2331-augustus-gene-0.23","Similar to TTLL4: Tubulin polyglutamylase TTLL4 (Homo sapiens)"
"1222","ENA|OLKM01002360|OLKM01002360.1 67532","OLKM01002360.1",67533,"MeA_20160214_scaffold_2359","OLKM01002360.1","maker","gene",66937,70577,".","-",".","ID=MEAE_00075856","MEAE_00075856","Alias=genemark-MeA_20160214_scaffold_2359-processed-gene-0.24","Protein of unknown function"
"1223","ENA|OLKM01002360|OLKM01002360.1 67741","OLKM01002360.1",67742,"MeA_20160214_scaffold_2359","OLKM01002360.1","maker","gene",66937,70577,".","-",".","ID=MEAE_00075856","MEAE_00075856","Alias=genemark-MeA_20160214_scaffold_2359-processed-gene-0.24","Protein of unknown function"
"1224","ENA|OLKM01002360|OLKM01002360.1 68663","OLKM01002360.1",68664,"MeA_20160214_scaffold_2359","OLKM01002360.1","maker","gene",66937,70577,".","-",".","ID=MEAE_00075856","MEAE_00075856","Alias=genemark-MeA_20160214_scaffold_2359-processed-gene-0.24","Protein of unknown function"
"1225","ENA|OLKM01002360|OLKM01002360.1 68975","OLKM01002360.1",68976,"MeA_20160214_scaffold_2359","OLKM01002360.1","maker","gene",66937,70577,".","-",".","ID=MEAE_00075856","MEAE_00075856","Alias=genemark-MeA_20160214_scaffold_2359-processed-gene-0.24","Protein of unknown function"
"1226","ENA|OLKM01002360|OLKM01002360.1 69006","OLKM01002360.1",69007,"MeA_20160214_scaffold_2359","OLKM01002360.1","maker","gene",66937,70577,".","-",".","ID=MEAE_00075856","MEAE_00075856","Alias=genemark-MeA_20160214_scaffold_2359-processed-gene-0.24","Protein of unknown function"
"1228","ENA|OLKM01002369|OLKM01002369.1 49159","OLKM01002369.1",49160,"MeA_20160214_scaffold_2368","OLKM01002369.1","maker","gene",41702,60589,".","+",".","ID=MEAE_00075964","MEAE_00075964","Alias=augustus_masked-MeA_20160214_scaffold_2368-processed-gene-0.20","Similar to flot2: Flotillin-2 (Carassius auratus)"
"1231","ENA|OLKM01002370|OLKM01002370.1 29480","OLKM01002370.1",29481,"MeA_20160214_scaffold_2369","OLKM01002370.1","maker","gene",28599,30471,".","-",".","ID=MEAE_00075969","MEAE_00075969","Alias=maker-MeA_20160214_scaffold_2369-snap-gene-0.22","Protein of unknown function"
"1233","ENA|OLKM01002371|OLKM01002371.1 33281","OLKM01002371.1",33282,"MeA_20160214_scaffold_2370","OLKM01002371.1","maker","gene",31328,34547,".","-",".","ID=MEAE_00075976","MEAE_00075976","Alias=snap_masked-MeA_20160214_scaffold_2370-processed-gene-0.29","Protein of unknown function"
"1234","ENA|OLKM01002372|OLKM01002372.1 65391","OLKM01002372.1",65392,"MeA_20160214_scaffold_2371","OLKM01002372.1","maker","gene",5627,70228,".","+",".","ID=MEAE_00075986","MEAE_00075986","Alias=maker-MeA_20160214_scaffold_2371-snap-gene-0.38","Similar to TAPBP: Tapasin (Gallus gallus)"
"1235","ENA|OLKM01002372|OLKM01002372.1 65395","OLKM01002372.1",65396,"MeA_20160214_scaffold_2371","OLKM01002372.1","maker","gene",5627,70228,".","+",".","ID=MEAE_00075986","MEAE_00075986","Alias=maker-MeA_20160214_scaffold_2371-snap-gene-0.38","Similar to TAPBP: Tapasin (Gallus gallus)"
"1236","ENA|OLKM01002372|OLKM01002372.1 67262","OLKM01002372.1",67263,"MeA_20160214_scaffold_2371","OLKM01002372.1","maker","gene",5627,70228,".","+",".","ID=MEAE_00075986","MEAE_00075986","Alias=maker-MeA_20160214_scaffold_2371-snap-gene-0.38","Similar to TAPBP: Tapasin (Gallus gallus)"
"1236.4","ENA|OLKM01002372|OLKM01002372.1 67262","OLKM01002372.1",67263,"MeA_20160214_scaffold_2371","OLKM01002372.1","maker","gene",67255,70362,".","-",".","ID=MEAE_00075991","MEAE_00075991","Alias=maker-MeA_20160214_scaffold_2371-snap-gene-0.40","Protein of unknown function"
"1237","ENA|OLKM01002372|OLKM01002372.1 67422","OLKM01002372.1",67423,"MeA_20160214_scaffold_2371","OLKM01002372.1","maker","gene",5627,70228,".","+",".","ID=MEAE_00075986","MEAE_00075986","Alias=maker-MeA_20160214_scaffold_2371-snap-gene-0.38","Similar to TAPBP: Tapasin (Gallus gallus)"
"1237.4","ENA|OLKM01002372|OLKM01002372.1 67422","OLKM01002372.1",67423,"MeA_20160214_scaffold_2371","OLKM01002372.1","maker","gene",67255,70362,".","-",".","ID=MEAE_00075991","MEAE_00075991","Alias=maker-MeA_20160214_scaffold_2371-snap-gene-0.40","Protein of unknown function"
"1238","ENA|OLKM01002372|OLKM01002372.1 67825","OLKM01002372.1",67826,"MeA_20160214_scaffold_2371","OLKM01002372.1","maker","gene",5627,70228,".","+",".","ID=MEAE_00075986","MEAE_00075986","Alias=maker-MeA_20160214_scaffold_2371-snap-gene-0.38","Similar to TAPBP: Tapasin (Gallus gallus)"
"1238.4","ENA|OLKM01002372|OLKM01002372.1 67825","OLKM01002372.1",67826,"MeA_20160214_scaffold_2371","OLKM01002372.1","maker","gene",67255,70362,".","-",".","ID=MEAE_00075991","MEAE_00075991","Alias=maker-MeA_20160214_scaffold_2371-snap-gene-0.40","Protein of unknown function"
"1239","ENA|OLKM01002372|OLKM01002372.1 69186","OLKM01002372.1",69187,"MeA_20160214_scaffold_2371","OLKM01002372.1","maker","gene",5627,70228,".","+",".","ID=MEAE_00075986","MEAE_00075986","Alias=maker-MeA_20160214_scaffold_2371-snap-gene-0.38","Similar to TAPBP: Tapasin (Gallus gallus)"
"1239.2","ENA|OLKM01002372|OLKM01002372.1 69186","OLKM01002372.1",69187,"MeA_20160214_scaffold_2371","OLKM01002372.1","maker","gene",67255,70362,".","-",".","ID=MEAE_00075991","MEAE_00075991","Alias=maker-MeA_20160214_scaffold_2371-snap-gene-0.40","Protein of unknown function"
"1240","ENA|OLKM01002372|OLKM01002372.1 69326","OLKM01002372.1",69327,"MeA_20160214_scaffold_2371","OLKM01002372.1","maker","gene",5627,70228,".","+",".","ID=MEAE_00075986","MEAE_00075986","Alias=maker-MeA_20160214_scaffold_2371-snap-gene-0.38","Similar to TAPBP: Tapasin (Gallus gallus)"
"1240.4","ENA|OLKM01002372|OLKM01002372.1 69326","OLKM01002372.1",69327,"MeA_20160214_scaffold_2371","OLKM01002372.1","maker","gene",67255,70362,".","-",".","ID=MEAE_00075991","MEAE_00075991","Alias=maker-MeA_20160214_scaffold_2371-snap-gene-0.40","Protein of unknown function"
"1241","ENA|OLKM01002372|OLKM01002372.1 69427","OLKM01002372.1",69428,"MeA_20160214_scaffold_2371","OLKM01002372.1","maker","gene",5627,70228,".","+",".","ID=MEAE_00075986","MEAE_00075986","Alias=maker-MeA_20160214_scaffold_2371-snap-gene-0.38","Similar to TAPBP: Tapasin (Gallus gallus)"
"1241.4","ENA|OLKM01002372|OLKM01002372.1 69427","OLKM01002372.1",69428,"MeA_20160214_scaffold_2371","OLKM01002372.1","maker","gene",67255,70362,".","-",".","ID=MEAE_00075991","MEAE_00075991","Alias=maker-MeA_20160214_scaffold_2371-snap-gene-0.40","Protein of unknown function"
"1242","ENA|OLKM01002372|OLKM01002372.1 69448","OLKM01002372.1",69449,"MeA_20160214_scaffold_2371","OLKM01002372.1","maker","gene",5627,70228,".","+",".","ID=MEAE_00075986","MEAE_00075986","Alias=maker-MeA_20160214_scaffold_2371-snap-gene-0.38","Similar to TAPBP: Tapasin (Gallus gallus)"
"1242.4","ENA|OLKM01002372|OLKM01002372.1 69448","OLKM01002372.1",69449,"MeA_20160214_scaffold_2371","OLKM01002372.1","maker","gene",67255,70362,".","-",".","ID=MEAE_00075991","MEAE_00075991","Alias=maker-MeA_20160214_scaffold_2371-snap-gene-0.40","Protein of unknown function"
"1243","ENA|OLKM01002372|OLKM01002372.1 69490","OLKM01002372.1",69491,"MeA_20160214_scaffold_2371","OLKM01002372.1","maker","gene",5627,70228,".","+",".","ID=MEAE_00075986","MEAE_00075986","Alias=maker-MeA_20160214_scaffold_2371-snap-gene-0.38","Similar to TAPBP: Tapasin (Gallus gallus)"
"1243.4","ENA|OLKM01002372|OLKM01002372.1 69490","OLKM01002372.1",69491,"MeA_20160214_scaffold_2371","OLKM01002372.1","maker","gene",67255,70362,".","-",".","ID=MEAE_00075991","MEAE_00075991","Alias=maker-MeA_20160214_scaffold_2371-snap-gene-0.40","Protein of unknown function"
"1244","ENA|OLKM01002372|OLKM01002372.1 69510","OLKM01002372.1",69511,"MeA_20160214_scaffold_2371","OLKM01002372.1","maker","gene",5627,70228,".","+",".","ID=MEAE_00075986","MEAE_00075986","Alias=maker-MeA_20160214_scaffold_2371-snap-gene-0.38","Similar to TAPBP: Tapasin (Gallus gallus)"
"1244.4","ENA|OLKM01002372|OLKM01002372.1 69510","OLKM01002372.1",69511,"MeA_20160214_scaffold_2371","OLKM01002372.1","maker","gene",67255,70362,".","-",".","ID=MEAE_00075991","MEAE_00075991","Alias=maker-MeA_20160214_scaffold_2371-snap-gene-0.40","Protein of unknown function"
"1247","ENA|OLKM01002393|OLKM01002393.1 11931","OLKM01002393.1",11932,"MeA_20160214_scaffold_2392","OLKM01002393.1","maker","gene",10051,14318,".","+",".","ID=MEAE_00076187","MEAE_00076187","Alias=snap_masked-MeA_20160214_scaffold_2392-processed-gene-0.18","Protein of unknown function"
"1247.2","ENA|OLKM01002393|OLKM01002393.1 11931","OLKM01002393.1",11932,"MeA_20160214_scaffold_2392","OLKM01002393.1","maker","gene",9988,17057,".","-",".","ID=MEAE_00076186","MEAE_00076186","Alias=snap_masked-MeA_20160214_scaffold_2392-processed-gene-0.24","Protein of unknown function"
"1250","ENA|OLKM01002408|OLKM01002408.1 18602","OLKM01002408.1",18603,"MeA_20160214_scaffold_2407","OLKM01002408.1","maker","gene",13808,28082,".","+",".","ID=MEAE_00076363","MEAE_00076363","Alias=snap_masked-MeA_20160214_scaffold_2407-processed-gene-0.24","Protein of unknown function"
"1250.2","ENA|OLKM01002408|OLKM01002408.1 18602","OLKM01002408.1",18603,"MeA_20160214_scaffold_2407","OLKM01002408.1","maker","gene",6858,26400,".","-",".","ID=MEAE_00076362","MEAE_00076362","Alias=snap_masked-MeA_20160214_scaffold_2407-processed-gene-0.28","Protein of unknown function"
"1251","ENA|OLKM01002418|OLKM01002418.1 2129","OLKM01002418.1",2130,"MeA_20160214_scaffold_2417","OLKM01002418.1","maker","gene",688,5576,".","-",".","ID=MEAE_00076465","MEAE_00076465","Alias=genemark-MeA_20160214_scaffold_2417-processed-gene-0.11","Protein of unknown function"
"1252","ENA|OLKM01002418|OLKM01002418.1 6869","OLKM01002418.1",6870,"MeA_20160214_scaffold_2417","OLKM01002418.1","maker","gene",5503,8129,".","+",".","ID=MEAE_00076467","MEAE_00076467","Alias=snap_masked-MeA_20160214_scaffold_2417-processed-gene-0.29","Protein of unknown function"
"1252.2","ENA|OLKM01002418|OLKM01002418.1 6869","OLKM01002418.1",6870,"MeA_20160214_scaffold_2417","OLKM01002418.1","maker","gene",5887,8178,".","-",".","ID=MEAE_00076468","MEAE_00076468","Alias=snap_masked-MeA_20160214_scaffold_2417-processed-gene-0.39","Protein of unknown function"
"1253","ENA|OLKM01002428|OLKM01002428.1 62840","OLKM01002428.1",62841,"MeA_20160214_scaffold_2427","OLKM01002428.1","maker","gene",58222,64197,".","+",".","ID=MEAE_00076600","MEAE_00076600","Alias=snap_masked-MeA_20160214_scaffold_2427-processed-gene-0.17","Protein of unknown function"
"1255","ENA|OLKM01002449|OLKM01002449.1 61546","OLKM01002449.1",61547,"MeA_20160214_scaffold_2448","OLKM01002449.1","maker","gene",54755,62683,".","+",".","ID=MEAE_00076811","MEAE_00076811","Alias=maker-MeA_20160214_scaffold_2448-augustus-gene-0.27","Similar to Nlrc3: Protein NLRC3 (Mus musculus)"
"1257","ENA|OLKM01002451|OLKM01002451.1 12890","OLKM01002451.1",12891,"MeA_20160214_scaffold_2450","OLKM01002451.1","maker","gene",12713,15300,".","+",".","ID=MEAE_00076836","MEAE_00076836","Alias=genemark-MeA_20160214_scaffold_2450-processed-gene-0.3","Protein of unknown function"
"1264","ENA|OLKM01002484|OLKM01002484.1 41759","OLKM01002484.1",41760,"MeA_20160214_scaffold_2483","OLKM01002484.1","maker","gene",40182,47862,".","+",".","ID=MEAE_00077182","MEAE_00077182","Alias=snap_masked-MeA_20160214_scaffold_2483-processed-gene-0.16","Protein of unknown function"
"1265","ENA|OLKM01002491|OLKM01002491.1 55503","OLKM01002491.1",55504,"MeA_20160214_scaffold_2490","OLKM01002491.1","maker","gene",55060,64545,".","-",".","ID=MEAE_00077260","MEAE_00077260","Alias=augustus_masked-MeA_20160214_scaffold_2490-processed-gene-0.11","Protein of unknown function"
"1266","ENA|OLKM01002491|OLKM01002491.1 55943","OLKM01002491.1",55944,"MeA_20160214_scaffold_2490","OLKM01002491.1","maker","gene",55060,64545,".","-",".","ID=MEAE_00077260","MEAE_00077260","Alias=augustus_masked-MeA_20160214_scaffold_2490-processed-gene-0.11","Protein of unknown function"
"1269","ENA|OLKM01002500|OLKM01002500.1 48258","OLKM01002500.1",48259,"MeA_20160214_scaffold_2499","OLKM01002500.1","maker","gene",46153,50725,".","-",".","ID=MEAE_00077344","MEAE_00077344","Alias=augustus_masked-MeA_20160214_scaffold_2499-processed-gene-0.12","Protein of unknown function"
"1272","ENA|OLKM01002505|OLKM01002505.1 21269","OLKM01002505.1",21270,"MeA_20160214_scaffold_2504","OLKM01002505.1","maker","gene",10851,36990,".","-",".","ID=MEAE_00077383","MEAE_00077383","Alias=maker-MeA_20160214_scaffold_2504-snap-gene-0.29","Protein of unknown function"
"1272.2","ENA|OLKM01002505|OLKM01002505.1 21269","OLKM01002505.1",21270,"MeA_20160214_scaffold_2504","OLKM01002505.1","maker","gene",13491,28549,".","+",".","ID=MEAE_00077385","MEAE_00077385","Alias=snap_masked-MeA_20160214_scaffold_2504-processed-gene-0.21","Protein of unknown function"
"1278","ENA|OLKM01002530|OLKM01002530.1 37413","OLKM01002530.1",37414,"MeA_20160214_scaffold_2529","OLKM01002530.1","maker","gene",34949,45035,".","-",".","ID=MEAE_00077587","MEAE_00077587","Alias=maker-MeA_20160214_scaffold_2529-augustus-gene-0.28","Similar to CHN1: N-chimaerin (Homo sapiens)"
"1279","ENA|OLKM01002534|OLKM01002534.1 48468","OLKM01002534.1",48469,"MeA_20160214_scaffold_2533","OLKM01002534.1","maker","gene",48294,52454,".","-",".","ID=MEAE_00077620","MEAE_00077620","Alias=genemark-MeA_20160214_scaffold_2533-processed-gene-0.5","Protein of unknown function"
"1281","ENA|OLKM01002549|OLKM01002549.1 46096","OLKM01002549.1",46097,"MeA_20160214_scaffold_2548","OLKM01002549.1","maker","gene",44485,55487,".","+",".","ID=MEAE_00077768","MEAE_00077768","Alias=snap_masked-MeA_20160214_scaffold_2548-processed-gene-0.10","Protein of unknown function"
"1282","ENA|OLKM01002549|OLKM01002549.1 46499","OLKM01002549.1",46500,"MeA_20160214_scaffold_2548","OLKM01002549.1","maker","gene",44485,55487,".","+",".","ID=MEAE_00077768","MEAE_00077768","Alias=snap_masked-MeA_20160214_scaffold_2548-processed-gene-0.10","Protein of unknown function"
"1283","ENA|OLKM01002549|OLKM01002549.1 46558","OLKM01002549.1",46559,"MeA_20160214_scaffold_2548","OLKM01002549.1","maker","gene",44485,55487,".","+",".","ID=MEAE_00077768","MEAE_00077768","Alias=snap_masked-MeA_20160214_scaffold_2548-processed-gene-0.10","Protein of unknown function"
"1284","ENA|OLKM01002549|OLKM01002549.1 46804","OLKM01002549.1",46805,"MeA_20160214_scaffold_2548","OLKM01002549.1","maker","gene",44485,55487,".","+",".","ID=MEAE_00077768","MEAE_00077768","Alias=snap_masked-MeA_20160214_scaffold_2548-processed-gene-0.10","Protein of unknown function"
"1285","ENA|OLKM01002551|OLKM01002551.1 13945","OLKM01002551.1",13946,"MeA_20160214_scaffold_2550","OLKM01002551.1","maker","gene",4915,30686,".","-",".","ID=MEAE_00077787","MEAE_00077787","Alias=maker-MeA_20160214_scaffold_2550-snap-gene-0.79","Similar to nlk.2: Serine/threonine-protein kinase NLK2 (Xenopus tropicalis)"
"1286","ENA|OLKM01002558|OLKM01002558.1 31350","OLKM01002558.1",31351,"MeA_20160214_scaffold_2557","OLKM01002558.1","maker","gene",30082,33219,".","-",".","ID=MEAE_00077872","MEAE_00077872","Alias=snap_masked-MeA_20160214_scaffold_2557-processed-gene-0.24","Protein of unknown function"
"1287","ENA|OLKM01002558|OLKM01002558.1 31576","OLKM01002558.1",31577,"MeA_20160214_scaffold_2557","OLKM01002558.1","maker","gene",30082,33219,".","-",".","ID=MEAE_00077872","MEAE_00077872","Alias=snap_masked-MeA_20160214_scaffold_2557-processed-gene-0.24","Protein of unknown function"
"1288","ENA|OLKM01002560|OLKM01002560.1 12897","OLKM01002560.1",12898,"MeA_20160214_scaffold_2559","OLKM01002560.1","maker","gene",12158,13029,".","+",".","ID=MEAE_00077884","MEAE_00077884","Alias=maker-MeA_20160214_scaffold_2559-snap-gene-0.34","Protein of unknown function"
"1290","ENA|OLKM01002562|OLKM01002562.1 9985","OLKM01002562.1",9986,"MeA_20160214_scaffold_2561","OLKM01002562.1","maker","gene",942,22192,".","+",".","ID=MEAE_00077905","MEAE_00077905","Alias=maker-MeA_20160214_scaffold_2561-augustus-gene-0.18","Similar to Nampt: Nicotinamide phosphoribosyltransferase (Rattus norvegicus)"
"1291","ENA|OLKM01002562|OLKM01002562.1 13642","OLKM01002562.1",13643,"MeA_20160214_scaffold_2561","OLKM01002562.1","maker","gene",942,22192,".","+",".","ID=MEAE_00077905","MEAE_00077905","Alias=maker-MeA_20160214_scaffold_2561-augustus-gene-0.18","Similar to Nampt: Nicotinamide phosphoribosyltransferase (Rattus norvegicus)"
"1292","ENA|OLKM01002562|OLKM01002562.1 14274","OLKM01002562.1",14275,"MeA_20160214_scaffold_2561","OLKM01002562.1","maker","gene",942,22192,".","+",".","ID=MEAE_00077905","MEAE_00077905","Alias=maker-MeA_20160214_scaffold_2561-augustus-gene-0.18","Similar to Nampt: Nicotinamide phosphoribosyltransferase (Rattus norvegicus)"
"1295","ENA|OLKM01002564|OLKM01002564.1 36810","OLKM01002564.1",36811,"MeA_20160214_scaffold_2563","OLKM01002564.1","maker","gene",33555,63793,".","+",".","ID=MEAE_00077925","MEAE_00077925","Alias=maker-MeA_20160214_scaffold_2563-snap-gene-0.21","Similar to Slc12a2: Solute carrier family 12 member 2 (Mus musculus)"
"1299","ENA|OLKM01002568|OLKM01002568.1 35686","OLKM01002568.1",35687,"MeA_20160214_scaffold_2567","OLKM01002568.1","maker","gene",35272,50154,".","+",".","ID=MEAE_00077962","MEAE_00077962","Alias=maker-MeA_20160214_scaffold_2567-snap-gene-0.29","Protein of unknown function"
"1301","ENA|OLKM01002581|OLKM01002581.1 54505","OLKM01002581.1",54506,"MeA_20160214_scaffold_2580","OLKM01002581.1","maker","gene",53682,56495,".","-",".","ID=MEAE_00078073","MEAE_00078073","Alias=augustus_masked-MeA_20160214_scaffold_2580-processed-gene-0.22","Protein of unknown function"
"1302","ENA|OLKM01002588|OLKM01002588.1 1718","OLKM01002588.1",1719,"MeA_20160214_scaffold_2587","OLKM01002588.1","maker","gene",431,3021,".","+",".","ID=MEAE_00078141","MEAE_00078141","Alias=augustus_masked-MeA_20160214_scaffold_2587-processed-gene-0.10","Protein of unknown function"
"1303","ENA|OLKM01002589|OLKM01002589.1 3289","OLKM01002589.1",3290,"MeA_20160214_scaffold_2588","OLKM01002589.1","maker","gene",236,4474,".","-",".","ID=MEAE_00078146","MEAE_00078146","Alias=snap_masked-MeA_20160214_scaffold_2588-processed-gene-0.24","Protein of unknown function"
"1305","ENA|OLKM01002590|OLKM01002590.1 43578","OLKM01002590.1",43579,"MeA_20160214_scaffold_2589","OLKM01002590.1","maker","gene",37737,53628,".","+",".","ID=MEAE_00078156","MEAE_00078156","Alias=maker-MeA_20160214_scaffold_2589-snap-gene-0.18","Similar to CD209: CD209 antigen (Hylobates lar)"
"1306","ENA|OLKM01002591|OLKM01002591.1 4353","OLKM01002591.1",4354,"MeA_20160214_scaffold_2590","OLKM01002591.1","maker","gene",4184,7778,".","+",".","ID=MEAE_00078159","MEAE_00078159","Alias=maker-MeA_20160214_scaffold_2590-augustus-gene-0.30","Protein of unknown function"
"1306.2","ENA|OLKM01002591|OLKM01002591.1 4353","OLKM01002591.1",4354,"MeA_20160214_scaffold_2590","OLKM01002591.1","maker","gene",1115,10796,".","-",".","ID=MEAE_00078157","MEAE_00078157","Alias=maker-MeA_20160214_scaffold_2590-augustus-gene-0.33","Similar to NCF1: Neutrophil cytosol factor 1 (Homo sapiens)"
"1308","ENA|OLKM01002602|OLKM01002602.1 14144","OLKM01002602.1",14145,"MeA_20160214_scaffold_2601","OLKM01002602.1","maker","gene",1805,52756,".","-",".","ID=MEAE_00078259","MEAE_00078259","Alias=snap_masked-MeA_20160214_scaffold_2601-processed-gene-0.19","Similar to ITGAV: Integrin alpha-V (Gallus gallus)"
"1308.2","ENA|OLKM01002602|OLKM01002602.1 14144","OLKM01002602.1",14145,"MeA_20160214_scaffold_2601","OLKM01002602.1","maker","gene",326,23891,".","+",".","ID=MEAE_00078258","MEAE_00078258","Alias=snap_masked-MeA_20160214_scaffold_2601-processed-gene-0.17","Similar to aad-a: Alpha-aspartyl dipeptidase (Xenopus laevis)"
"1309","ENA|OLKM01002602|OLKM01002602.1 47613","OLKM01002602.1",47614,"MeA_20160214_scaffold_2601","OLKM01002602.1","maker","gene",1805,52756,".","-",".","ID=MEAE_00078259","MEAE_00078259","Alias=snap_masked-MeA_20160214_scaffold_2601-processed-gene-0.19","Similar to ITGAV: Integrin alpha-V (Gallus gallus)"
"1310","ENA|OLKM01002604|OLKM01002604.1 14451","OLKM01002604.1",14452,"MeA_20160214_scaffold_2603","OLKM01002604.1","maker","gene",14123,14563,".","-",".","ID=MEAE_00078269","MEAE_00078269","Alias=augustus_masked-MeA_20160214_scaffold_2603-processed-gene-0.12","Protein of unknown function"
"1311","ENA|OLKM01002605|OLKM01002605.1 51003","OLKM01002605.1",51004,"MeA_20160214_scaffold_2604","OLKM01002605.1","maker","gene",50571,61019,".","+",".","ID=MEAE_00078283","MEAE_00078283","Alias=snap_masked-MeA_20160214_scaffold_2604-processed-gene-0.22","Protein of unknown function"
"1312","ENA|OLKM01002605|OLKM01002605.1 51137","OLKM01002605.1",51138,"MeA_20160214_scaffold_2604","OLKM01002605.1","maker","gene",50571,61019,".","+",".","ID=MEAE_00078283","MEAE_00078283","Alias=snap_masked-MeA_20160214_scaffold_2604-processed-gene-0.22","Protein of unknown function"
"1313","ENA|OLKM01002605|OLKM01002605.1 51146","OLKM01002605.1",51147,"MeA_20160214_scaffold_2604","OLKM01002605.1","maker","gene",50571,61019,".","+",".","ID=MEAE_00078283","MEAE_00078283","Alias=snap_masked-MeA_20160214_scaffold_2604-processed-gene-0.22","Protein of unknown function"
"1314","ENA|OLKM01002605|OLKM01002605.1 51211","OLKM01002605.1",51212,"MeA_20160214_scaffold_2604","OLKM01002605.1","maker","gene",50571,61019,".","+",".","ID=MEAE_00078283","MEAE_00078283","Alias=snap_masked-MeA_20160214_scaffold_2604-processed-gene-0.22","Protein of unknown function"
"1315","ENA|OLKM01002605|OLKM01002605.1 51285","OLKM01002605.1",51286,"MeA_20160214_scaffold_2604","OLKM01002605.1","maker","gene",50571,61019,".","+",".","ID=MEAE_00078283","MEAE_00078283","Alias=snap_masked-MeA_20160214_scaffold_2604-processed-gene-0.22","Protein of unknown function"
"1316","ENA|OLKM01002605|OLKM01002605.1 59011","OLKM01002605.1",59012,"MeA_20160214_scaffold_2604","OLKM01002605.1","maker","gene",50571,61019,".","+",".","ID=MEAE_00078283","MEAE_00078283","Alias=snap_masked-MeA_20160214_scaffold_2604-processed-gene-0.22","Protein of unknown function"
"1317","ENA|OLKM01002607|OLKM01002607.1 48615","OLKM01002607.1",48616,"MeA_20160214_scaffold_2606","OLKM01002607.1","maker","gene",47605,48875,".","+",".","ID=MEAE_00078299","MEAE_00078299","Alias=maker-MeA_20160214_scaffold_2606-snap-gene-0.15","Protein of unknown function"
"1321","ENA|OLKM01002617|OLKM01002617.1 39435","OLKM01002617.1",39436,"MeA_20160214_scaffold_2616","OLKM01002617.1","maker","gene",34281,53718,".","-",".","ID=MEAE_00078401","MEAE_00078401","Alias=snap_masked-MeA_20160214_scaffold_2616-processed-gene-0.36","Similar to GUCY2C: Heat-stable enterotoxin receptor (Sus scrofa)"
"1324","ENA|OLKM01002633|OLKM01002633.1 49332","OLKM01002633.1",49333,"MeA_20160214_scaffold_2632","OLKM01002633.1","maker","gene",43800,55294,".","+",".","ID=MEAE_00078556","MEAE_00078556","Alias=snap_masked-MeA_20160214_scaffold_2632-processed-gene-0.13","Protein of unknown function"
"1327","ENA|OLKM01002644|OLKM01002644.1 36174","OLKM01002644.1",36175,"MeA_20160214_scaffold_2643","OLKM01002644.1","maker","gene",35487,43399,".","-",".","ID=MEAE_00078643","MEAE_00078643","Alias=snap_masked-MeA_20160214_scaffold_2643-processed-gene-0.18","Protein of unknown function"
"1329","ENA|OLKM01002647|OLKM01002647.1 15196","OLKM01002647.1",15197,"MeA_20160214_scaffold_2646","OLKM01002647.1","maker","gene",4699,30868,".","+",".","ID=MEAE_00078664","MEAE_00078664","Alias=genemark-MeA_20160214_scaffold_2646-processed-gene-0.4","Similar to CHRND: Acetylcholine receptor subunit delta (Gallus gallus)"
"1333","ENA|OLKM01002654|OLKM01002654.1 29165","OLKM01002654.1",29166,"MeA_20160214_scaffold_2653","OLKM01002654.1","maker","gene",26012,43563,".","-",".","ID=MEAE_00078735","MEAE_00078735","Alias=maker-MeA_20160214_scaffold_2653-snap-gene-0.23","Similar to MOB4: MOB-like protein phocein (Gallus gallus)"
"1340","ENA|OLKM01002671|OLKM01002671.1 43369","OLKM01002671.1",43370,"MeA_20160214_scaffold_2670","OLKM01002671.1","maker","gene",42822,48011,".","+",".","ID=MEAE_00078887","MEAE_00078887","Alias=snap_masked-MeA_20160214_scaffold_2670-processed-gene-0.23","Protein of unknown function"
"1340.2","ENA|OLKM01002671|OLKM01002671.1 43369","OLKM01002671.1",43370,"MeA_20160214_scaffold_2670","OLKM01002671.1","maker","gene",43045,48143,".","-",".","ID=MEAE_00078888","MEAE_00078888","Alias=snap_masked-MeA_20160214_scaffold_2670-processed-gene-0.27","Protein of unknown function"
"1341","ENA|OLKM01002671|OLKM01002671.1 46451","OLKM01002671.1",46452,"MeA_20160214_scaffold_2670","OLKM01002671.1","maker","gene",42822,48011,".","+",".","ID=MEAE_00078887","MEAE_00078887","Alias=snap_masked-MeA_20160214_scaffold_2670-processed-gene-0.23","Protein of unknown function"
"1341.2","ENA|OLKM01002671|OLKM01002671.1 46451","OLKM01002671.1",46452,"MeA_20160214_scaffold_2670","OLKM01002671.1","maker","gene",43045,48143,".","-",".","ID=MEAE_00078888","MEAE_00078888","Alias=snap_masked-MeA_20160214_scaffold_2670-processed-gene-0.27","Protein of unknown function"
"1342","ENA|OLKM01002671|OLKM01002671.1 47582","OLKM01002671.1",47583,"MeA_20160214_scaffold_2670","OLKM01002671.1","maker","gene",42822,48011,".","+",".","ID=MEAE_00078887","MEAE_00078887","Alias=snap_masked-MeA_20160214_scaffold_2670-processed-gene-0.23","Protein of unknown function"
"1342.4","ENA|OLKM01002671|OLKM01002671.1 47582","OLKM01002671.1",47583,"MeA_20160214_scaffold_2670","OLKM01002671.1","maker","gene",43045,48143,".","-",".","ID=MEAE_00078888","MEAE_00078888","Alias=snap_masked-MeA_20160214_scaffold_2670-processed-gene-0.27","Protein of unknown function"
"1343","ENA|OLKM01002672|OLKM01002672.1 24177","OLKM01002672.1",24178,"MeA_20160214_scaffold_2671","OLKM01002672.1","maker","gene",12569,34439,".","-",".","ID=MEAE_00078890","MEAE_00078890","Alias=maker-MeA_20160214_scaffold_2671-augustus-gene-0.25","Similar to Ecel1: Endothelin-converting enzyme-like 1 (Rattus norvegicus)"
"1345","ENA|OLKM01002681|OLKM01002681.1 46699","OLKM01002681.1",46700,"MeA_20160214_scaffold_2680","OLKM01002681.1","maker","gene",41843,52492,".","+",".","ID=MEAE_00078956","MEAE_00078956","Alias=snap_masked-MeA_20160214_scaffold_2680-processed-gene-0.25","Protein of unknown function"
"1345.2","ENA|OLKM01002681|OLKM01002681.1 46699","OLKM01002681.1",46700,"MeA_20160214_scaffold_2680","OLKM01002681.1","maker","gene",14286,47570,".","-",".","ID=MEAE_00078953","MEAE_00078953","Alias=maker-MeA_20160214_scaffold_2680-augustus-gene-0.35","Similar to STK11IP: Serine/threonine-protein kinase 11-interacting protein (Gallus gallus)"
"1349","ENA|OLKM01002689|OLKM01002689.1 39612","OLKM01002689.1",39613,"MeA_20160214_scaffold_2688","OLKM01002689.1","maker","gene",4586,41187,".","-",".","ID=MEAE_00079021","MEAE_00079021","Alias=snap_masked-MeA_20160214_scaffold_2688-processed-gene-0.20","Similar to plppr1: Phospholipid phosphatase-related protein type 1 (Danio rerio)"
"1362","ENA|OLKM01002719|OLKM01002719.1 45466","OLKM01002719.1",45467,"MeA_20160214_scaffold_2718","OLKM01002719.1","maker","gene",34519,47868,".","+",".","ID=MEAE_00079280","MEAE_00079280","Alias=maker-MeA_20160214_scaffold_2718-snap-gene-0.42","Similar to Ap4b1: AP-4 complex subunit beta-1 (Mus musculus)"
"1363","ENA|OLKM01002722|OLKM01002722.1 5410","OLKM01002722.1",5411,"MeA_20160214_scaffold_2721","OLKM01002722.1","maker","gene",4102,6310,".","-",".","ID=MEAE_00079309","MEAE_00079309","Alias=maker-MeA_20160214_scaffold_2721-snap-gene-0.27","Protein of unknown function"
"1363.4","ENA|OLKM01002722|OLKM01002722.1 5410","OLKM01002722.1",5411,"MeA_20160214_scaffold_2721","OLKM01002722.1","maker","gene",2020,5693,".","+",".","ID=MEAE_00079308","MEAE_00079308","Alias=snap_masked-MeA_20160214_scaffold_2721-processed-gene-0.17","Protein of unknown function"
"1365","ENA|OLKM01002727|OLKM01002727.1 15747","OLKM01002727.1",15748,"MeA_20160214_scaffold_2726","OLKM01002727.1","maker","gene",4486,18568,".","-",".","ID=MEAE_00079354","MEAE_00079354","Alias=maker-MeA_20160214_scaffold_2726-augustus-gene-0.47","Similar to Cnot3: CCR4-NOT transcription complex subunit 3 (Mus musculus)"
"1365.2","ENA|OLKM01002727|OLKM01002727.1 15747","OLKM01002727.1",15748,"MeA_20160214_scaffold_2726","OLKM01002727.1","maker","gene",4594,16663,".","+",".","ID=MEAE_00079355","MEAE_00079355","Alias=snap_masked-MeA_20160214_scaffold_2726-processed-gene-0.30","Protein of unknown function"
"1366","ENA|OLKM01002727|OLKM01002727.1 44962","OLKM01002727.1",44963,"MeA_20160214_scaffold_2726","OLKM01002727.1","maker","gene",39479,53500,".","+",".","ID=MEAE_00079362","MEAE_00079362","Alias=maker-MeA_20160214_scaffold_2726-snap-gene-0.52","Similar to Visinin (Gallus gallus)"
"1366.2","ENA|OLKM01002727|OLKM01002727.1 44962","OLKM01002727.1",44963,"MeA_20160214_scaffold_2726","OLKM01002727.1","maker","gene",30773,48763,".","-",".","ID=MEAE_00079360","MEAE_00079360","Alias=maker-MeA_20160214_scaffold_2726-snap-gene-0.56","Protein of unknown function"
"1367","ENA|OLKM01002728|OLKM01002728.1 36949","OLKM01002728.1",36950,"MeA_20160214_scaffold_2727","OLKM01002728.1","maker","gene",33750,38881,".","+",".","ID=MEAE_00079366","MEAE_00079366","Alias=snap_masked-MeA_20160214_scaffold_2727-processed-gene-0.13","Protein of unknown function"
"1368","ENA|OLKM01002728|OLKM01002728.1 37018","OLKM01002728.1",37019,"MeA_20160214_scaffold_2727","OLKM01002728.1","maker","gene",33750,38881,".","+",".","ID=MEAE_00079366","MEAE_00079366","Alias=snap_masked-MeA_20160214_scaffold_2727-processed-gene-0.13","Protein of unknown function"
"1369","ENA|OLKM01002728|OLKM01002728.1 37368","OLKM01002728.1",37369,"MeA_20160214_scaffold_2727","OLKM01002728.1","maker","gene",33750,38881,".","+",".","ID=MEAE_00079366","MEAE_00079366","Alias=snap_masked-MeA_20160214_scaffold_2727-processed-gene-0.13","Protein of unknown function"
"1370","ENA|OLKM01002728|OLKM01002728.1 37460","OLKM01002728.1",37461,"MeA_20160214_scaffold_2727","OLKM01002728.1","maker","gene",33750,38881,".","+",".","ID=MEAE_00079366","MEAE_00079366","Alias=snap_masked-MeA_20160214_scaffold_2727-processed-gene-0.13","Protein of unknown function"
"1374","ENA|OLKM01002738|OLKM01002738.1 10535","OLKM01002738.1",10536,"MeA_20160214_scaffold_2737","OLKM01002738.1","maker","gene",9639,11499,".","+",".","ID=MEAE_00079443","MEAE_00079443","Alias=maker-MeA_20160214_scaffold_2737-snap-gene-0.20","Protein of unknown function"
"1375","ENA|OLKM01002738|OLKM01002738.1 11821","OLKM01002738.1",11822,"MeA_20160214_scaffold_2737","OLKM01002738.1","maker","gene",11139,12787,".","-",".","ID=MEAE_00079444","MEAE_00079444","Alias=snap_masked-MeA_20160214_scaffold_2737-processed-gene-0.15","Protein of unknown function"
"1377","ENA|OLKM01002740|OLKM01002740.1 9896","OLKM01002740.1",9897,"MeA_20160214_scaffold_2739","OLKM01002740.1","maker","gene",916,26667,".","+",".","ID=MEAE_00079459","MEAE_00079459","Alias=maker-MeA_20160214_scaffold_2739-snap-gene-0.27","Similar to Casr: Extracellular calcium-sensing receptor (Mus musculus)"
"1379","ENA|OLKM01002740|OLKM01002740.1 50492","OLKM01002740.1",50493,"MeA_20160214_scaffold_2739","OLKM01002740.1","maker","gene",48894,50504,".","-",".","ID=MEAE_00079463","MEAE_00079463","Alias=snap_masked-MeA_20160214_scaffold_2739-processed-gene-0.21","Protein of unknown function"
"1380","ENA|OLKM01002740|OLKM01002740.1 50619","OLKM01002740.1",50620,"MeA_20160214_scaffold_2739","OLKM01002740.1","maker","gene",50551,50772,".","-",".","ID=MEAE_00079464","MEAE_00079464","Alias=augustus_masked-MeA_20160214_scaffold_2739-processed-gene-0.16","Protein of unknown function"
"1385","ENA|OLKM01002756|OLKM01002756.1 42744","OLKM01002756.1",42745,"MeA_20160214_scaffold_2755","OLKM01002756.1","maker","gene",39814,46592,".","-",".","ID=MEAE_00079584","MEAE_00079584","Alias=snap_masked-MeA_20160214_scaffold_2755-processed-gene-0.15","Protein of unknown function"
"1386","ENA|OLKM01002757|OLKM01002757.1 39233","OLKM01002757.1",39234,"MeA_20160214_scaffold_2756","OLKM01002757.1","maker","gene",34617,50097,".","+",".","ID=MEAE_00079586","MEAE_00079586","Alias=augustus_masked-MeA_20160214_scaffold_2756-processed-gene-0.9","Protein of unknown function"
"1387","ENA|OLKM01002757|OLKM01002757.1 39263","OLKM01002757.1",39264,"MeA_20160214_scaffold_2756","OLKM01002757.1","maker","gene",34617,50097,".","+",".","ID=MEAE_00079586","MEAE_00079586","Alias=augustus_masked-MeA_20160214_scaffold_2756-processed-gene-0.9","Protein of unknown function"
"1392","ENA|OLKM01002775|OLKM01002775.1 14726","OLKM01002775.1",14727,"MeA_20160214_scaffold_2774","OLKM01002775.1","maker","gene",13547,17600,".","+",".","ID=MEAE_00079740","MEAE_00079740","Alias=snap_masked-MeA_20160214_scaffold_2774-processed-gene-0.17","Protein of unknown function"
"1392.2","ENA|OLKM01002775|OLKM01002775.1 14726","OLKM01002775.1",14727,"MeA_20160214_scaffold_2774","OLKM01002775.1","maker","gene",13475,17083,".","-",".","ID=MEAE_00079739","MEAE_00079739","Alias=snap_masked-MeA_20160214_scaffold_2774-processed-gene-0.25","Protein of unknown function"
"1394","ENA|OLKM01002779|OLKM01002779.1 43538","OLKM01002779.1",43539,"MeA_20160214_scaffold_2778","OLKM01002779.1","maker","gene",42096,46658,".","+",".","ID=MEAE_00079790","MEAE_00079790","Alias=snap_masked-MeA_20160214_scaffold_2778-processed-gene-0.29","Protein of unknown function"
"1396","ENA|OLKM01002791|OLKM01002791.1 15069","OLKM01002791.1",15070,"MeA_20160214_scaffold_2790","OLKM01002791.1","maker","gene",9639,17263,".","+",".","ID=MEAE_00079891","MEAE_00079891","Alias=maker-MeA_20160214_scaffold_2790-augustus-gene-0.37","Similar to Hmcn2: Hemicentin-2 (Mus musculus)"
"1397","ENA|OLKM01002802|OLKM01002802.1 9621","OLKM01002802.1",9622,"MeA_20160214_scaffold_2801","OLKM01002802.1","maker","gene",7435,23628,".","-",".","ID=MEAE_00079995","MEAE_00079995","Alias=snap_masked-MeA_20160214_scaffold_2801-processed-gene-0.17","Protein of unknown function"
"1398","ENA|OLKM01002802|OLKM01002802.1 9716","OLKM01002802.1",9717,"MeA_20160214_scaffold_2801","OLKM01002802.1","maker","gene",7435,23628,".","-",".","ID=MEAE_00079995","MEAE_00079995","Alias=snap_masked-MeA_20160214_scaffold_2801-processed-gene-0.17","Protein of unknown function"
"1399","ENA|OLKM01002815|OLKM01002815.1 13450","OLKM01002815.1",13451,"MeA_20160214_scaffold_2814","OLKM01002815.1","maker","gene",5952,24174,".","+",".","ID=MEAE_00080101","MEAE_00080101","Alias=snap_masked-MeA_20160214_scaffold_2814-processed-gene-0.16","Similar to tcaf: TRPM8 channel-associated factor homolog (Danio rerio)"
"1400","ENA|OLKM01002817|OLKM01002817.1 17863","OLKM01002817.1",17864,"MeA_20160214_scaffold_2816","OLKM01002817.1","maker","gene",12077,21585,".","-",".","ID=MEAE_00080126","MEAE_00080126","Alias=maker-MeA_20160214_scaffold_2816-snap-gene-0.25","Similar to mettl14: N6-adenosine-methyltransferase subunit METTL14 (Danio rerio)"
"1401","ENA|OLKM01002820|OLKM01002820.1 19354","OLKM01002820.1",19355,"MeA_20160214_scaffold_2819","OLKM01002820.1","maker","gene",3839,29805,".","+",".","ID=MEAE_00080144","MEAE_00080144","Alias=maker-MeA_20160214_scaffold_2819-snap-gene-0.26","Similar to Rnf103: E3 ubiquitin-protein ligase RNF103 (Rattus norvegicus)"
"1401.2","ENA|OLKM01002820|OLKM01002820.1 19354","OLKM01002820.1",19355,"MeA_20160214_scaffold_2819","OLKM01002820.1","maker","gene",18943,20508,".","-",".","ID=MEAE_00080145","MEAE_00080145","Alias=augustus_masked-MeA_20160214_scaffold_2819-processed-gene-0.16","Protein of unknown function"
"1402","ENA|OLKM01002820|OLKM01002820.1 19368","OLKM01002820.1",19369,"MeA_20160214_scaffold_2819","OLKM01002820.1","maker","gene",3839,29805,".","+",".","ID=MEAE_00080144","MEAE_00080144","Alias=maker-MeA_20160214_scaffold_2819-snap-gene-0.26","Similar to Rnf103: E3 ubiquitin-protein ligase RNF103 (Rattus norvegicus)"
"1402.2","ENA|OLKM01002820|OLKM01002820.1 19368","OLKM01002820.1",19369,"MeA_20160214_scaffold_2819","OLKM01002820.1","maker","gene",18943,20508,".","-",".","ID=MEAE_00080145","MEAE_00080145","Alias=augustus_masked-MeA_20160214_scaffold_2819-processed-gene-0.16","Protein of unknown function"
"1403","ENA|OLKM01002820|OLKM01002820.1 22847","OLKM01002820.1",22848,"MeA_20160214_scaffold_2819","OLKM01002820.1","maker","gene",3839,29805,".","+",".","ID=MEAE_00080144","MEAE_00080144","Alias=maker-MeA_20160214_scaffold_2819-snap-gene-0.26","Similar to Rnf103: E3 ubiquitin-protein ligase RNF103 (Rattus norvegicus)"
"1404","ENA|OLKM01002822|OLKM01002822.1 32902","OLKM01002822.1",32903,"MeA_20160214_scaffold_2821","OLKM01002822.1","maker","gene",15047,39179,".","-",".","ID=MEAE_00080158","MEAE_00080158","Alias=maker-MeA_20160214_scaffold_2821-snap-gene-0.27","Similar to ANO8: Anoctamin-8 (Homo sapiens)"
"1405","ENA|OLKM01002822|OLKM01002822.1 33799","OLKM01002822.1",33800,"MeA_20160214_scaffold_2821","OLKM01002822.1","maker","gene",15047,39179,".","-",".","ID=MEAE_00080158","MEAE_00080158","Alias=maker-MeA_20160214_scaffold_2821-snap-gene-0.27","Similar to ANO8: Anoctamin-8 (Homo sapiens)"
"1406","ENA|OLKM01002822|OLKM01002822.1 47813","OLKM01002822.1",47814,"MeA_20160214_scaffold_2821","OLKM01002822.1","maker","gene",45594,52692,".","+",".","ID=MEAE_00080164","MEAE_00080164","Alias=snap_masked-MeA_20160214_scaffold_2821-processed-gene-0.17","Protein of unknown function"
"1407","ENA|OLKM01002824|OLKM01002824.1 47000","OLKM01002824.1",47001,"MeA_20160214_scaffold_2823","OLKM01002824.1","maker","gene",46590,52318,".","-",".","ID=MEAE_00080186","MEAE_00080186","Alias=maker-MeA_20160214_scaffold_2823-snap-gene-0.24","Similar to Neoverrucotoxin subunit alpha (Synanceia verrucosa)"
"1407.2","ENA|OLKM01002824|OLKM01002824.1 47000","OLKM01002824.1",47001,"MeA_20160214_scaffold_2823","OLKM01002824.1","maker","gene",45003,52487,".","+",".","ID=MEAE_00080185","MEAE_00080185","Alias=snap_masked-MeA_20160214_scaffold_2823-processed-gene-0.12","Protein of unknown function"
"1410","ENA|OLKM01002841|OLKM01002841.1 26424","OLKM01002841.1",26425,"MeA_20160214_scaffold_2840","OLKM01002841.1","maker","gene",15199,28958,".","+",".","ID=MEAE_00080322","MEAE_00080322","Alias=maker-MeA_20160214_scaffold_2840-snap-gene-0.34","Protein of unknown function"
"1411","ENA|OLKM01002841|OLKM01002841.1 27073","OLKM01002841.1",27074,"MeA_20160214_scaffold_2840","OLKM01002841.1","maker","gene",15199,28958,".","+",".","ID=MEAE_00080322","MEAE_00080322","Alias=maker-MeA_20160214_scaffold_2840-snap-gene-0.34","Protein of unknown function"
"1411.2","ENA|OLKM01002841|OLKM01002841.1 27073","OLKM01002841.1",27074,"MeA_20160214_scaffold_2840","OLKM01002841.1","maker","gene",26474,28883,".","-",".","ID=MEAE_00080323","MEAE_00080323","Alias=snap_masked-MeA_20160214_scaffold_2840-processed-gene-0.30","Protein of unknown function"
"1412","ENA|OLKM01002841|OLKM01002841.1 32508","OLKM01002841.1",32509,"MeA_20160214_scaffold_2840","OLKM01002841.1","maker","gene",30171,34708,".","-",".","ID=MEAE_00080324","MEAE_00080324","Alias=snap_masked-MeA_20160214_scaffold_2840-processed-gene-0.31","Protein of unknown function"
"1413","ENA|OLKM01002841|OLKM01002841.1 42345","OLKM01002841.1",42346,"MeA_20160214_scaffold_2840","OLKM01002841.1","maker","gene",41681,42784,".","-",".","ID=MEAE_00080328","MEAE_00080328","Alias=genemark-MeA_20160214_scaffold_2840-processed-gene-0.15","Protein of unknown function"
"1414","ENA|OLKM01002841|OLKM01002841.1 42511","OLKM01002841.1",42512,"MeA_20160214_scaffold_2840","OLKM01002841.1","maker","gene",41681,42784,".","-",".","ID=MEAE_00080328","MEAE_00080328","Alias=genemark-MeA_20160214_scaffold_2840-processed-gene-0.15","Protein of unknown function"
"1415","ENA|OLKM01002841|OLKM01002841.1 42603","OLKM01002841.1",42604,"MeA_20160214_scaffold_2840","OLKM01002841.1","maker","gene",41681,42784,".","-",".","ID=MEAE_00080328","MEAE_00080328","Alias=genemark-MeA_20160214_scaffold_2840-processed-gene-0.15","Protein of unknown function"
"1416","ENA|OLKM01002841|OLKM01002841.1 42655","OLKM01002841.1",42656,"MeA_20160214_scaffold_2840","OLKM01002841.1","maker","gene",41681,42784,".","-",".","ID=MEAE_00080328","MEAE_00080328","Alias=genemark-MeA_20160214_scaffold_2840-processed-gene-0.15","Protein of unknown function"
"1417","ENA|OLKM01002841|OLKM01002841.1 42676","OLKM01002841.1",42677,"MeA_20160214_scaffold_2840","OLKM01002841.1","maker","gene",41681,42784,".","-",".","ID=MEAE_00080328","MEAE_00080328","Alias=genemark-MeA_20160214_scaffold_2840-processed-gene-0.15","Protein of unknown function"
"1418","ENA|OLKM01002841|OLKM01002841.1 42686","OLKM01002841.1",42687,"MeA_20160214_scaffold_2840","OLKM01002841.1","maker","gene",41681,42784,".","-",".","ID=MEAE_00080328","MEAE_00080328","Alias=genemark-MeA_20160214_scaffold_2840-processed-gene-0.15","Protein of unknown function"
"1420","ENA|OLKM01002842|OLKM01002842.1 14472","OLKM01002842.1",14473,"MeA_20160214_scaffold_2841","OLKM01002842.1","maker","gene",11669,36346,".","-",".","ID=MEAE_00080329","MEAE_00080329","Alias=snap_masked-MeA_20160214_scaffold_2841-processed-gene-0.11","Protein of unknown function"
"1421","ENA|OLKM01002842|OLKM01002842.1 49081","OLKM01002842.1",49082,"MeA_20160214_scaffold_2841","OLKM01002842.1","maker","gene",39160,52074,".","+",".","ID=MEAE_00080330","MEAE_00080330","Alias=genemark-MeA_20160214_scaffold_2841-processed-gene-0.2","Protein of unknown function"
"1421.4","ENA|OLKM01002842|OLKM01002842.1 49081","OLKM01002842.1",49082,"MeA_20160214_scaffold_2841","OLKM01002842.1","maker","gene",42618,50197,".","-",".","ID=MEAE_00080334","MEAE_00080334","Alias=augustus_masked-MeA_20160214_scaffold_2841-processed-gene-0.9","Protein of unknown function"
"1422","ENA|OLKM01002842|OLKM01002842.1 51107","OLKM01002842.1",51108,"MeA_20160214_scaffold_2841","OLKM01002842.1","maker","gene",39160,52074,".","+",".","ID=MEAE_00080330","MEAE_00080330","Alias=genemark-MeA_20160214_scaffold_2841-processed-gene-0.2","Protein of unknown function"
"1423","ENA|OLKM01002849|OLKM01002849.1 27848","OLKM01002849.1",27849,"MeA_20160214_scaffold_2848","OLKM01002849.1","maker","gene",10520,31757,".","+",".","ID=MEAE_00080382","MEAE_00080382","Alias=maker-MeA_20160214_scaffold_2848-snap-gene-0.26","Protein of unknown function"
"1427","ENA|OLKM01002856|OLKM01002856.1 5074","OLKM01002856.1",5075,"MeA_20160214_scaffold_2855","OLKM01002856.1","maker","gene",4630,8147,".","+",".","ID=MEAE_00080441","MEAE_00080441","Alias=maker-MeA_20160214_scaffold_2855-augustus-gene-0.18","Protein of unknown function"
"1427.2","ENA|OLKM01002856|OLKM01002856.1 5074","OLKM01002856.1",5075,"MeA_20160214_scaffold_2855","OLKM01002856.1","maker","gene",4218,11170,".","-",".","ID=MEAE_00080440","MEAE_00080440","Alias=snap_masked-MeA_20160214_scaffold_2855-processed-gene-0.15","Protein of unknown function"
"1428","ENA|OLKM01002856|OLKM01002856.1 6281","OLKM01002856.1",6282,"MeA_20160214_scaffold_2855","OLKM01002856.1","maker","gene",4630,8147,".","+",".","ID=MEAE_00080441","MEAE_00080441","Alias=maker-MeA_20160214_scaffold_2855-augustus-gene-0.18","Protein of unknown function"
"1428.4","ENA|OLKM01002856|OLKM01002856.1 6281","OLKM01002856.1",6282,"MeA_20160214_scaffold_2855","OLKM01002856.1","maker","gene",4218,11170,".","-",".","ID=MEAE_00080440","MEAE_00080440","Alias=snap_masked-MeA_20160214_scaffold_2855-processed-gene-0.15","Protein of unknown function"
"1429","ENA|OLKM01002856|OLKM01002856.1 6531","OLKM01002856.1",6532,"MeA_20160214_scaffold_2855","OLKM01002856.1","maker","gene",4630,8147,".","+",".","ID=MEAE_00080441","MEAE_00080441","Alias=maker-MeA_20160214_scaffold_2855-augustus-gene-0.18","Protein of unknown function"
"1429.4","ENA|OLKM01002856|OLKM01002856.1 6531","OLKM01002856.1",6532,"MeA_20160214_scaffold_2855","OLKM01002856.1","maker","gene",4218,11170,".","-",".","ID=MEAE_00080440","MEAE_00080440","Alias=snap_masked-MeA_20160214_scaffold_2855-processed-gene-0.15","Protein of unknown function"
"1430","ENA|OLKM01002856|OLKM01002856.1 6574","OLKM01002856.1",6575,"MeA_20160214_scaffold_2855","OLKM01002856.1","maker","gene",4630,8147,".","+",".","ID=MEAE_00080441","MEAE_00080441","Alias=maker-MeA_20160214_scaffold_2855-augustus-gene-0.18","Protein of unknown function"
"1430.4","ENA|OLKM01002856|OLKM01002856.1 6574","OLKM01002856.1",6575,"MeA_20160214_scaffold_2855","OLKM01002856.1","maker","gene",4218,11170,".","-",".","ID=MEAE_00080440","MEAE_00080440","Alias=snap_masked-MeA_20160214_scaffold_2855-processed-gene-0.15","Protein of unknown function"
"1431","ENA|OLKM01002856|OLKM01002856.1 7029","OLKM01002856.1",7030,"MeA_20160214_scaffold_2855","OLKM01002856.1","maker","gene",4630,8147,".","+",".","ID=MEAE_00080441","MEAE_00080441","Alias=maker-MeA_20160214_scaffold_2855-augustus-gene-0.18","Protein of unknown function"
"1431.2","ENA|OLKM01002856|OLKM01002856.1 7029","OLKM01002856.1",7030,"MeA_20160214_scaffold_2855","OLKM01002856.1","maker","gene",4218,11170,".","-",".","ID=MEAE_00080440","MEAE_00080440","Alias=snap_masked-MeA_20160214_scaffold_2855-processed-gene-0.15","Protein of unknown function"
"1436","ENA|OLKM01002858|OLKM01002858.1 33402","OLKM01002858.1",33403,"MeA_20160214_scaffold_2857","OLKM01002858.1","maker","gene",18188,33624,".","-",".","ID=MEAE_00080453","MEAE_00080453","Alias=snap_masked-MeA_20160214_scaffold_2857-processed-gene-0.30","Similar to ANO5: Anoctamin-5 (Homo sapiens)"
"1436.4","ENA|OLKM01002858|OLKM01002858.1 33402","OLKM01002858.1",33403,"MeA_20160214_scaffold_2857","OLKM01002858.1","maker","gene",32948,33421,".","+",".","ID=MEAE_00080457","MEAE_00080457","Alias=snap_masked-MeA_20160214_scaffold_2857-processed-gene-0.26","Protein of unknown function"
"1437","ENA|OLKM01002864|OLKM01002864.1 17893","OLKM01002864.1",17894,"MeA_20160214_scaffold_2863","OLKM01002864.1","maker","gene",426,34296,".","+",".","ID=MEAE_00080501","MEAE_00080501","Alias=maker-MeA_20160214_scaffold_2863-snap-gene-0.40","Similar to AP1B1: AP-1 complex subunit beta-1 (Homo sapiens)"
"1438","ENA|OLKM01002867|OLKM01002867.1 19225","OLKM01002867.1",19226,"MeA_20160214_scaffold_2866","OLKM01002867.1","maker","gene",2268,24594,".","-",".","ID=MEAE_00080519","MEAE_00080519","Alias=snap_masked-MeA_20160214_scaffold_2866-processed-gene-0.15","Similar to uvssa: UV-stimulated scaffold protein A (Xenopus tropicalis)"
"1451","ENA|OLKM01002879|OLKM01002879.1 49343","OLKM01002879.1",49344,"MeA_20160214_scaffold_2878","OLKM01002879.1","maker","gene",45774,51384,".","+",".","ID=MEAE_00080633","MEAE_00080633","Alias=snap_masked-MeA_20160214_scaffold_2878-processed-gene-0.21","Protein of unknown function"
"1451.2","ENA|OLKM01002879|OLKM01002879.1 49343","OLKM01002879.1",49344,"MeA_20160214_scaffold_2878","OLKM01002879.1","maker","gene",45515,51370,".","-",".","ID=MEAE_00080632","MEAE_00080632","Alias=snap_masked-MeA_20160214_scaffold_2878-processed-gene-0.25","Protein of unknown function"
"1452","ENA|OLKM01002881|OLKM01002881.1 39936","OLKM01002881.1",39937,"MeA_20160214_scaffold_2880","OLKM01002881.1","maker","gene",39072,45924,".","+",".","ID=MEAE_00080644","MEAE_00080644","Alias=snap_masked-MeA_20160214_scaffold_2880-processed-gene-0.12","Protein of unknown function"
"1453","ENA|OLKM01002881|OLKM01002881.1 40155","OLKM01002881.1",40156,"MeA_20160214_scaffold_2880","OLKM01002881.1","maker","gene",39072,45924,".","+",".","ID=MEAE_00080644","MEAE_00080644","Alias=snap_masked-MeA_20160214_scaffold_2880-processed-gene-0.12","Protein of unknown function"
"1454","ENA|OLKM01002881|OLKM01002881.1 40308","OLKM01002881.1",40309,"MeA_20160214_scaffold_2880","OLKM01002881.1","maker","gene",39072,45924,".","+",".","ID=MEAE_00080644","MEAE_00080644","Alias=snap_masked-MeA_20160214_scaffold_2880-processed-gene-0.12","Protein of unknown function"
"1455","ENA|OLKM01002881|OLKM01002881.1 40854","OLKM01002881.1",40855,"MeA_20160214_scaffold_2880","OLKM01002881.1","maker","gene",40545,42001,".","-",".","ID=MEAE_00080645","MEAE_00080645","Alias=genemark-MeA_20160214_scaffold_2880-processed-gene-0.7","Protein of unknown function"
"1455.4","ENA|OLKM01002881|OLKM01002881.1 40854","OLKM01002881.1",40855,"MeA_20160214_scaffold_2880","OLKM01002881.1","maker","gene",39072,45924,".","+",".","ID=MEAE_00080644","MEAE_00080644","Alias=snap_masked-MeA_20160214_scaffold_2880-processed-gene-0.12","Protein of unknown function"
"1456","ENA|OLKM01002881|OLKM01002881.1 40987","OLKM01002881.1",40988,"MeA_20160214_scaffold_2880","OLKM01002881.1","maker","gene",40545,42001,".","-",".","ID=MEAE_00080645","MEAE_00080645","Alias=genemark-MeA_20160214_scaffold_2880-processed-gene-0.7","Protein of unknown function"
"1456.4","ENA|OLKM01002881|OLKM01002881.1 40987","OLKM01002881.1",40988,"MeA_20160214_scaffold_2880","OLKM01002881.1","maker","gene",39072,45924,".","+",".","ID=MEAE_00080644","MEAE_00080644","Alias=snap_masked-MeA_20160214_scaffold_2880-processed-gene-0.12","Protein of unknown function"
"1457","ENA|OLKM01002881|OLKM01002881.1 42080","OLKM01002881.1",42081,"MeA_20160214_scaffold_2880","OLKM01002881.1","maker","gene",39072,45924,".","+",".","ID=MEAE_00080644","MEAE_00080644","Alias=snap_masked-MeA_20160214_scaffold_2880-processed-gene-0.12","Protein of unknown function"
"1464","ENA|OLKM01002911|OLKM01002911.1 45445","OLKM01002911.1",45446,"MeA_20160214_scaffold_2910","OLKM01002911.1","maker","gene",43704,47436,".","-",".","ID=MEAE_00080876","MEAE_00080876","Alias=snap_masked-MeA_20160214_scaffold_2910-processed-gene-0.26","Protein of unknown function"
"1465","ENA|OLKM01002911|OLKM01002911.1 45790","OLKM01002911.1",45791,"MeA_20160214_scaffold_2910","OLKM01002911.1","maker","gene",43704,47436,".","-",".","ID=MEAE_00080876","MEAE_00080876","Alias=snap_masked-MeA_20160214_scaffold_2910-processed-gene-0.26","Protein of unknown function"
"1471","ENA|OLKM01002922|OLKM01002922.1 34783","OLKM01002922.1",34784,"MeA_20160214_scaffold_2921","OLKM01002922.1","maker","gene",8,36358,".","-",".","ID=MEAE_00080938","MEAE_00080938","Alias=maker-MeA_20160214_scaffold_2921-snap-gene-0.21","Similar to Ig kappa chain V-I region Walker (Homo sapiens)"
"1477","ENA|OLKM01002926|OLKM01002926.1 44987","OLKM01002926.1",44988,"MeA_20160214_scaffold_2925","OLKM01002926.1","maker","gene",40460,46453,".","-",".","ID=MEAE_00080973","MEAE_00080973","Alias=maker-MeA_20160214_scaffold_2925-augustus-gene-0.14","Protein of unknown function"
"1479","ENA|OLKM01002928|OLKM01002928.1 7918","OLKM01002928.1",7919,"MeA_20160214_scaffold_2927","OLKM01002928.1","maker","gene",6768,16556,".","+",".","ID=MEAE_00080978","MEAE_00080978","Alias=maker-MeA_20160214_scaffold_2927-augustus-gene-0.18","Similar to Snaclec stejaggregin-B subunit beta-1 (Trimeresurus stejnegeri)"
"1479.2","ENA|OLKM01002928|OLKM01002928.1 7918","OLKM01002928.1",7919,"MeA_20160214_scaffold_2927","OLKM01002928.1","maker","gene",6649,11323,".","-",".","ID=MEAE_00080977","MEAE_00080977","Alias=snap_masked-MeA_20160214_scaffold_2927-processed-gene-0.15","Protein of unknown function"
"1486","ENA|OLKM01002936|OLKM01002936.1 33967","OLKM01002936.1",33968,"MeA_20160214_scaffold_2935","OLKM01002936.1","maker","gene",33035,35066,".","+",".","ID=MEAE_00081040","MEAE_00081040","Alias=maker-MeA_20160214_scaffold_2935-augustus-gene-0.24","Similar to Class I histocompatibility antigen%2C Gogo-C*0101/C*0102 alpha chain (Gorilla gorilla gorilla)"
"1486.2","ENA|OLKM01002936|OLKM01002936.1 33967","OLKM01002936.1",33968,"MeA_20160214_scaffold_2935","OLKM01002936.1","maker","gene",30088,34326,".","-",".","ID=MEAE_00081038","MEAE_00081038","Alias=snap_masked-MeA_20160214_scaffold_2935-processed-gene-0.19","Protein of unknown function"
"1488","ENA|OLKM01002945|OLKM01002945.1 2355","OLKM01002945.1",2356,"MeA_20160214_scaffold_2944","OLKM01002945.1","maker","gene",37,4053,".","+",".","ID=MEAE_00081116","MEAE_00081116","Alias=genemark-MeA_20160214_scaffold_2944-processed-gene-0.0","Protein of unknown function"
"1489","ENA|OLKM01002945|OLKM01002945.1 2401","OLKM01002945.1",2402,"MeA_20160214_scaffold_2944","OLKM01002945.1","maker","gene",37,4053,".","+",".","ID=MEAE_00081116","MEAE_00081116","Alias=genemark-MeA_20160214_scaffold_2944-processed-gene-0.0","Protein of unknown function"
"1490","ENA|OLKM01002945|OLKM01002945.1 23055","OLKM01002945.1",23056,"MeA_20160214_scaffold_2944","OLKM01002945.1","maker","gene",7483,43432,".","-",".","ID=MEAE_00081118","MEAE_00081118","Alias=maker-MeA_20160214_scaffold_2944-snap-gene-0.22","Similar to GRM1: Metabotropic glutamate receptor 1 (Homo sapiens)"
"1491","ENA|OLKM01002945|OLKM01002945.1 44977","OLKM01002945.1",44978,"MeA_20160214_scaffold_2944","OLKM01002945.1","maker","gene",42108,45052,".","+",".","ID=MEAE_00081121","MEAE_00081121","Alias=snap_masked-MeA_20160214_scaffold_2944-processed-gene-0.14","Protein of unknown function"
"1494","ENA|OLKM01002949|OLKM01002949.1 17040","OLKM01002949.1",17041,"MeA_20160214_scaffold_2948","OLKM01002949.1","maker","gene",3690,44604,".","+",".","ID=MEAE_00081142","MEAE_00081142","Alias=maker-MeA_20160214_scaffold_2948-snap-gene-0.23","Similar to NLRC3: Protein NLRC3 (Homo sapiens)"
"1494.2","ENA|OLKM01002949|OLKM01002949.1 17040","OLKM01002949.1",17041,"MeA_20160214_scaffold_2948","OLKM01002949.1","maker","gene",16840,17445,".","-",".","ID=MEAE_00081143","MEAE_00081143","Alias=snap_masked-MeA_20160214_scaffold_2948-processed-gene-0.19","Similar to L1td1: LINE-1 type transposase domain-containing protein 1 (Mus musculus)"
"1495","ENA|OLKM01002949|OLKM01002949.1 17594","OLKM01002949.1",17595,"MeA_20160214_scaffold_2948","OLKM01002949.1","maker","gene",3690,44604,".","+",".","ID=MEAE_00081142","MEAE_00081142","Alias=maker-MeA_20160214_scaffold_2948-snap-gene-0.23","Similar to NLRC3: Protein NLRC3 (Homo sapiens)"
"1496","ENA|OLKM01002949|OLKM01002949.1 18872","OLKM01002949.1",18873,"MeA_20160214_scaffold_2948","OLKM01002949.1","maker","gene",3690,44604,".","+",".","ID=MEAE_00081142","MEAE_00081142","Alias=maker-MeA_20160214_scaffold_2948-snap-gene-0.23","Similar to NLRC3: Protein NLRC3 (Homo sapiens)"
"1497","ENA|OLKM01002949|OLKM01002949.1 18893","OLKM01002949.1",18894,"MeA_20160214_scaffold_2948","OLKM01002949.1","maker","gene",3690,44604,".","+",".","ID=MEAE_00081142","MEAE_00081142","Alias=maker-MeA_20160214_scaffold_2948-snap-gene-0.23","Similar to NLRC3: Protein NLRC3 (Homo sapiens)"
"1500","ENA|OLKM01002957|OLKM01002957.1 41596","OLKM01002957.1",41597,"MeA_20160214_scaffold_2956","OLKM01002957.1","maker","gene",41423,45259,".","-",".","ID=MEAE_00081195","MEAE_00081195","Alias=augustus_masked-MeA_20160214_scaffold_2956-processed-gene-0.14","Protein of unknown function"
"1501","ENA|OLKM01002957|OLKM01002957.1 41820","OLKM01002957.1",41821,"MeA_20160214_scaffold_2956","OLKM01002957.1","maker","gene",41423,45259,".","-",".","ID=MEAE_00081195","MEAE_00081195","Alias=augustus_masked-MeA_20160214_scaffold_2956-processed-gene-0.14","Protein of unknown function"
"1502","ENA|OLKM01002957|OLKM01002957.1 43305","OLKM01002957.1",43306,"MeA_20160214_scaffold_2956","OLKM01002957.1","maker","gene",41423,45259,".","-",".","ID=MEAE_00081195","MEAE_00081195","Alias=augustus_masked-MeA_20160214_scaffold_2956-processed-gene-0.14","Protein of unknown function"
"1504","ENA|OLKM01002961|OLKM01002961.1 29665","OLKM01002961.1",29666,"MeA_20160214_scaffold_2960","OLKM01002961.1","maker","gene",20439,45454,".","+",".","ID=MEAE_00081214","MEAE_00081214","Alias=maker-MeA_20160214_scaffold_2960-snap-gene-0.37","Similar to gsg1l: Germ cell-specific gene 1-like protein (Danio rerio)"
"1504.4","ENA|OLKM01002961|OLKM01002961.1 29665","OLKM01002961.1",29666,"MeA_20160214_scaffold_2960","OLKM01002961.1","maker","gene",28376,34932,".","-",".","ID=MEAE_00081215","MEAE_00081215","Alias=snap_masked-MeA_20160214_scaffold_2960-processed-gene-0.31","Protein of unknown function"
"1512","ENA|OLKM01002981|OLKM01002981.1 29270","OLKM01002981.1",29271,"MeA_20160214_scaffold_2980","OLKM01002981.1","maker","gene",6202,41476,".","-",".","ID=MEAE_00081343","MEAE_00081343","Alias=maker-MeA_20160214_scaffold_2980-augustus-gene-0.15","Similar to RENBP: N-acylglucosamine 2-epimerase (Sus scrofa)"
"1515","ENA|OLKM01002989|OLKM01002989.1 32902","OLKM01002989.1",32903,"MeA_20160214_scaffold_2988","OLKM01002989.1","maker","gene",29055,38146,".","-",".","ID=MEAE_00081405","MEAE_00081405","Alias=snap_masked-MeA_20160214_scaffold_2988-processed-gene-0.30","Similar to ACAP1: Arf-GAP with coiled-coil%2C ANK repeat and PH domain-containing protein 1 (Bos taurus)"
"1516","ENA|OLKM01002989|OLKM01002989.1 33209","OLKM01002989.1",33210,"MeA_20160214_scaffold_2988","OLKM01002989.1","maker","gene",29055,38146,".","-",".","ID=MEAE_00081405","MEAE_00081405","Alias=snap_masked-MeA_20160214_scaffold_2988-processed-gene-0.30","Similar to ACAP1: Arf-GAP with coiled-coil%2C ANK repeat and PH domain-containing protein 1 (Bos taurus)"
"1517","ENA|OLKM01002995|OLKM01002995.1 17390","OLKM01002995.1",17391,"MeA_20160214_scaffold_2994","OLKM01002995.1","maker","gene",6993,21442,".","-",".","ID=MEAE_00081446","MEAE_00081446","Alias=snap_masked-MeA_20160214_scaffold_2994-processed-gene-0.20","Protein of unknown function"
"1518","ENA|OLKM01002995|OLKM01002995.1 27189","OLKM01002995.1",27190,"MeA_20160214_scaffold_2994","OLKM01002995.1","maker","gene",20847,34187,".","+",".","ID=MEAE_00081447","MEAE_00081447","Alias=maker-MeA_20160214_scaffold_2994-augustus-gene-0.22","Protein of unknown function"
"1520","ENA|OLKM01003000|OLKM01003000.1 1211","OLKM01003000.1",1212,"MeA_20160214_scaffold_2999","OLKM01003000.1","maker","gene",532,1675,".","+",".","ID=MEAE_00081487","MEAE_00081487","Alias=snap_masked-MeA_20160214_scaffold_2999-processed-gene-0.11","Protein of unknown function"
"1521","ENA|OLKM01003001|OLKM01003001.1 38682","OLKM01003001.1",38683,"MeA_20160214_scaffold_3000","OLKM01003001.1","maker","gene",38569,39089,".","+",".","ID=MEAE_00081497","MEAE_00081497","Alias=snap_masked-MeA_20160214_scaffold_3000-processed-gene-0.14","Protein of unknown function"
"1523","ENA|OLKM01003009|OLKM01003009.1 34953","OLKM01003009.1",34954,"MeA_20160214_scaffold_3008","OLKM01003009.1","maker","gene",34677,35204,".","-",".","ID=MEAE_00081552","MEAE_00081552","Alias=snap_masked-MeA_20160214_scaffold_3008-processed-gene-0.9","Protein of unknown function"
"1528","ENA|OLKM01003032|OLKM01003032.1 31390","OLKM01003032.1",31391,"MeA_20160214_scaffold_3031","OLKM01003032.1","maker","gene",27165,37303,".","-",".","ID=MEAE_00081733","MEAE_00081733","Alias=snap_masked-MeA_20160214_scaffold_3031-processed-gene-0.20","Similar to FAM47C: Putative protein FAM47C (Homo sapiens)"
"1529","ENA|OLKM01003032|OLKM01003032.1 31394","OLKM01003032.1",31395,"MeA_20160214_scaffold_3031","OLKM01003032.1","maker","gene",27165,37303,".","-",".","ID=MEAE_00081733","MEAE_00081733","Alias=snap_masked-MeA_20160214_scaffold_3031-processed-gene-0.20","Similar to FAM47C: Putative protein FAM47C (Homo sapiens)"
"1531","ENA|OLKM01003033|OLKM01003033.1 30508","OLKM01003033.1",30509,"MeA_20160214_scaffold_3032","OLKM01003033.1","maker","gene",20522,37355,".","+",".","ID=MEAE_00081742","MEAE_00081742","Alias=snap_masked-MeA_20160214_scaffold_3032-processed-gene-0.24","Protein of unknown function"
"1532","ENA|OLKM01003033|OLKM01003033.1 31624","OLKM01003033.1",31625,"MeA_20160214_scaffold_3032","OLKM01003033.1","maker","gene",20522,37355,".","+",".","ID=MEAE_00081742","MEAE_00081742","Alias=snap_masked-MeA_20160214_scaffold_3032-processed-gene-0.24","Protein of unknown function"
"1533","ENA|OLKM01003036|OLKM01003036.1 25041","OLKM01003036.1",25042,"MeA_20160214_scaffold_3035","OLKM01003036.1","maker","gene",2398,26823,".","+",".","ID=MEAE_00081757","MEAE_00081757","Alias=snap_masked-MeA_20160214_scaffold_3035-processed-gene-0.23","Protein of unknown function"
"1533.2","ENA|OLKM01003036|OLKM01003036.1 25041","OLKM01003036.1",25042,"MeA_20160214_scaffold_3035","OLKM01003036.1","maker","gene",2911,26830,".","-",".","ID=MEAE_00081758","MEAE_00081758","Alias=snap_masked-MeA_20160214_scaffold_3035-processed-gene-0.28","Protein of unknown function"
"1534","ENA|OLKM01003037|OLKM01003037.1 15966","OLKM01003037.1",15967,"MeA_20160214_scaffold_3036","OLKM01003037.1","maker","gene",8155,20358,".","+",".","ID=MEAE_00081764","MEAE_00081764","Alias=snap_masked-MeA_20160214_scaffold_3036-processed-gene-0.25","Similar to PHRF1: PHD and RING finger domain-containing protein 1 (Homo sapiens)"
"1535","ENA|OLKM01003037|OLKM01003037.1 16571","OLKM01003037.1",16572,"MeA_20160214_scaffold_3036","OLKM01003037.1","maker","gene",8155,20358,".","+",".","ID=MEAE_00081764","MEAE_00081764","Alias=snap_masked-MeA_20160214_scaffold_3036-processed-gene-0.25","Similar to PHRF1: PHD and RING finger domain-containing protein 1 (Homo sapiens)"
"1536","ENA|OLKM01003037|OLKM01003037.1 16703","OLKM01003037.1",16704,"MeA_20160214_scaffold_3036","OLKM01003037.1","maker","gene",8155,20358,".","+",".","ID=MEAE_00081764","MEAE_00081764","Alias=snap_masked-MeA_20160214_scaffold_3036-processed-gene-0.25","Similar to PHRF1: PHD and RING finger domain-containing protein 1 (Homo sapiens)"
"1539","ENA|OLKM01003038|OLKM01003038.1 27746","OLKM01003038.1",27747,"MeA_20160214_scaffold_3037","OLKM01003038.1","maker","gene",27377,29173,".","-",".","ID=MEAE_00081775","MEAE_00081775","Alias=snap_masked-MeA_20160214_scaffold_3037-processed-gene-0.10","Protein of unknown function"
"1540","ENA|OLKM01003038|OLKM01003038.1 28682","OLKM01003038.1",28683,"MeA_20160214_scaffold_3037","OLKM01003038.1","maker","gene",27377,29173,".","-",".","ID=MEAE_00081775","MEAE_00081775","Alias=snap_masked-MeA_20160214_scaffold_3037-processed-gene-0.10","Protein of unknown function"
"1543","ENA|OLKM01003038|OLKM01003038.1 30313","OLKM01003038.1",30314,"MeA_20160214_scaffold_3037","OLKM01003038.1","maker","gene",29809,31741,".","-",".","ID=MEAE_00081777","MEAE_00081777","Alias=maker-MeA_20160214_scaffold_3037-augustus-gene-0.11","Protein of unknown function"
"1543.2","ENA|OLKM01003038|OLKM01003038.1 30313","OLKM01003038.1",30314,"MeA_20160214_scaffold_3037","OLKM01003038.1","maker","gene",29663,34108,".","+",".","ID=MEAE_00081776","MEAE_00081776","Alias=augustus_masked-MeA_20160214_scaffold_3037-processed-gene-0.7","Protein of unknown function"
"1544","ENA|OLKM01003038|OLKM01003038.1 30571","OLKM01003038.1",30572,"MeA_20160214_scaffold_3037","OLKM01003038.1","maker","gene",29809,31741,".","-",".","ID=MEAE_00081777","MEAE_00081777","Alias=maker-MeA_20160214_scaffold_3037-augustus-gene-0.11","Protein of unknown function"
"1544.2","ENA|OLKM01003038|OLKM01003038.1 30571","OLKM01003038.1",30572,"MeA_20160214_scaffold_3037","OLKM01003038.1","maker","gene",29663,34108,".","+",".","ID=MEAE_00081776","MEAE_00081776","Alias=augustus_masked-MeA_20160214_scaffold_3037-processed-gene-0.7","Protein of unknown function"
"1545","ENA|OLKM01003038|OLKM01003038.1 30862","OLKM01003038.1",30863,"MeA_20160214_scaffold_3037","OLKM01003038.1","maker","gene",29809,31741,".","-",".","ID=MEAE_00081777","MEAE_00081777","Alias=maker-MeA_20160214_scaffold_3037-augustus-gene-0.11","Protein of unknown function"
"1545.2","ENA|OLKM01003038|OLKM01003038.1 30862","OLKM01003038.1",30863,"MeA_20160214_scaffold_3037","OLKM01003038.1","maker","gene",29663,34108,".","+",".","ID=MEAE_00081776","MEAE_00081776","Alias=augustus_masked-MeA_20160214_scaffold_3037-processed-gene-0.7","Protein of unknown function"
"1546","ENA|OLKM01003038|OLKM01003038.1 31319","OLKM01003038.1",31320,"MeA_20160214_scaffold_3037","OLKM01003038.1","maker","gene",29809,31741,".","-",".","ID=MEAE_00081777","MEAE_00081777","Alias=maker-MeA_20160214_scaffold_3037-augustus-gene-0.11","Protein of unknown function"
"1546.4","ENA|OLKM01003038|OLKM01003038.1 31319","OLKM01003038.1",31320,"MeA_20160214_scaffold_3037","OLKM01003038.1","maker","gene",29663,34108,".","+",".","ID=MEAE_00081776","MEAE_00081776","Alias=augustus_masked-MeA_20160214_scaffold_3037-processed-gene-0.7","Protein of unknown function"
"1547","ENA|OLKM01003052|OLKM01003052.1 34409","OLKM01003052.1",34410,"MeA_20160214_scaffold_3051","OLKM01003052.1","maker","gene",34310,37508,".","-",".","ID=MEAE_00081882","MEAE_00081882","Alias=maker-MeA_20160214_scaffold_3051-augustus-gene-0.15","Similar to Trim39: E3 ubiquitin-protein ligase TRIM39 (Rattus norvegicus)"
"1548","ENA|OLKM01003052|OLKM01003052.1 34515","OLKM01003052.1",34516,"MeA_20160214_scaffold_3051","OLKM01003052.1","maker","gene",34310,37508,".","-",".","ID=MEAE_00081882","MEAE_00081882","Alias=maker-MeA_20160214_scaffold_3051-augustus-gene-0.15","Similar to Trim39: E3 ubiquitin-protein ligase TRIM39 (Rattus norvegicus)"
"1549","ENA|OLKM01003052|OLKM01003052.1 34521","OLKM01003052.1",34522,"MeA_20160214_scaffold_3051","OLKM01003052.1","maker","gene",34310,37508,".","-",".","ID=MEAE_00081882","MEAE_00081882","Alias=maker-MeA_20160214_scaffold_3051-augustus-gene-0.15","Similar to Trim39: E3 ubiquitin-protein ligase TRIM39 (Rattus norvegicus)"
"1550","ENA|OLKM01003052|OLKM01003052.1 34552","OLKM01003052.1",34553,"MeA_20160214_scaffold_3051","OLKM01003052.1","maker","gene",34310,37508,".","-",".","ID=MEAE_00081882","MEAE_00081882","Alias=maker-MeA_20160214_scaffold_3051-augustus-gene-0.15","Similar to Trim39: E3 ubiquitin-protein ligase TRIM39 (Rattus norvegicus)"
"1551","ENA|OLKM01003060|OLKM01003060.1 42061","OLKM01003060.1",42062,"MeA_20160214_scaffold_3059","OLKM01003060.1","maker","gene",40707,44862,".","+",".","ID=MEAE_00081946","MEAE_00081946","Alias=snap_masked-MeA_20160214_scaffold_3059-processed-gene-0.18","Similar to LRRC45: Leucine-rich repeat-containing protein 45 (Homo sapiens)"
"1554","ENA|OLKM01003065|OLKM01003065.1 11740","OLKM01003065.1",11741,"MeA_20160214_scaffold_3064","OLKM01003065.1","maker","gene",7360,13743,".","+",".","ID=MEAE_00081974","MEAE_00081974","Alias=augustus_masked-MeA_20160214_scaffold_3064-processed-gene-0.8","Similar to Ig kappa chain C region (Mus musculus)"
"1555","ENA|OLKM01003074|OLKM01003074.1 4707","OLKM01003074.1",4708,"MeA_20160214_scaffold_3073","OLKM01003074.1","maker","gene",1452,10049,".","+",".","ID=MEAE_00082034","MEAE_00082034","Alias=maker-MeA_20160214_scaffold_3073-snap-gene-0.33","Similar to Esyt1: Extended synaptotagmin-1 (Mus musculus)"
"1555.2","ENA|OLKM01003074|OLKM01003074.1 4707","OLKM01003074.1",4708,"MeA_20160214_scaffold_3073","OLKM01003074.1","maker","gene",1637,8216,".","-",".","ID=MEAE_00082035","MEAE_00082035","Alias=snap_masked-MeA_20160214_scaffold_3073-processed-gene-0.20","Protein of unknown function"
"1564","ENA|OLKM01003126|OLKM01003126.1 14097","OLKM01003126.1",14098,"MeA_20160214_scaffold_3125","OLKM01003126.1","maker","gene",5683,21141,".","+",".","ID=MEAE_00082370","MEAE_00082370","Alias=maker-MeA_20160214_scaffold_3125-snap-gene-0.17","Similar to Glra3: Glycine receptor subunit alpha-3 (Mus musculus)"
"1565","ENA|OLKM01003136|OLKM01003136.1 30408","OLKM01003136.1",30409,"MeA_20160214_scaffold_3135","OLKM01003136.1","maker","gene",13746,35032,".","+",".","ID=MEAE_00082426","MEAE_00082426","Alias=maker-MeA_20160214_scaffold_3135-snap-gene-0.21","Similar to B4GALNT4: N-acetyl-beta-glucosaminyl-glycoprotein 4-beta-N-acetylgalactosaminyltransferase 1 (Homo sapiens)"
"1565.2","ENA|OLKM01003136|OLKM01003136.1 30408","OLKM01003136.1",30409,"MeA_20160214_scaffold_3135","OLKM01003136.1","maker","gene",24478,31530,".","-",".","ID=MEAE_00082427","MEAE_00082427","Alias=snap_masked-MeA_20160214_scaffold_3135-processed-gene-0.19","Protein of unknown function"
"1567","ENA|OLKM01003138|OLKM01003138.1 6444","OLKM01003138.1",6445,"MeA_20160214_scaffold_3137","OLKM01003138.1","maker","gene",5576,10500,".","-",".","ID=MEAE_00082436","MEAE_00082436","Alias=maker-MeA_20160214_scaffold_3137-augustus-gene-0.20","Protein of unknown function"
"1568","ENA|OLKM01003138|OLKM01003138.1 6454","OLKM01003138.1",6455,"MeA_20160214_scaffold_3137","OLKM01003138.1","maker","gene",5576,10500,".","-",".","ID=MEAE_00082436","MEAE_00082436","Alias=maker-MeA_20160214_scaffold_3137-augustus-gene-0.20","Protein of unknown function"
"1569","ENA|OLKM01003138|OLKM01003138.1 6476","OLKM01003138.1",6477,"MeA_20160214_scaffold_3137","OLKM01003138.1","maker","gene",5576,10500,".","-",".","ID=MEAE_00082436","MEAE_00082436","Alias=maker-MeA_20160214_scaffold_3137-augustus-gene-0.20","Protein of unknown function"
"1570","ENA|OLKM01003138|OLKM01003138.1 7105","OLKM01003138.1",7106,"MeA_20160214_scaffold_3137","OLKM01003138.1","maker","gene",5576,10500,".","-",".","ID=MEAE_00082436","MEAE_00082436","Alias=maker-MeA_20160214_scaffold_3137-augustus-gene-0.20","Protein of unknown function"
"1571","ENA|OLKM01003138|OLKM01003138.1 36424","OLKM01003138.1",36425,"MeA_20160214_scaffold_3137","OLKM01003138.1","maker","gene",36125,42965,".","+",".","ID=MEAE_00082440","MEAE_00082440","Alias=snap_masked-MeA_20160214_scaffold_3137-processed-gene-0.14","Protein of unknown function"
"1572","ENA|OLKM01003138|OLKM01003138.1 37252","OLKM01003138.1",37253,"MeA_20160214_scaffold_3137","OLKM01003138.1","maker","gene",36125,42965,".","+",".","ID=MEAE_00082440","MEAE_00082440","Alias=snap_masked-MeA_20160214_scaffold_3137-processed-gene-0.14","Protein of unknown function"
"1574","ENA|OLKM01003154|OLKM01003154.1 33556","OLKM01003154.1",33557,"MeA_20160214_scaffold_3153","OLKM01003154.1","maker","gene",32590,33779,".","+",".","ID=MEAE_00082555","MEAE_00082555","Alias=snap_masked-MeA_20160214_scaffold_3153-processed-gene-0.32","Protein of unknown function"
"1574.4","ENA|OLKM01003154|OLKM01003154.1 33556","OLKM01003154.1",33557,"MeA_20160214_scaffold_3153","OLKM01003154.1","maker","gene",29442,34813,".","-",".","ID=MEAE_00082554","MEAE_00082554","Alias=genemark-MeA_20160214_scaffold_3153-processed-gene-0.13","Similar to Prdm5: PR domain zinc finger protein 5 (Mus musculus)"
"1575","ENA|OLKM01003154|OLKM01003154.1 33572","OLKM01003154.1",33573,"MeA_20160214_scaffold_3153","OLKM01003154.1","maker","gene",32590,33779,".","+",".","ID=MEAE_00082555","MEAE_00082555","Alias=snap_masked-MeA_20160214_scaffold_3153-processed-gene-0.32","Protein of unknown function"
"1575.4","ENA|OLKM01003154|OLKM01003154.1 33572","OLKM01003154.1",33573,"MeA_20160214_scaffold_3153","OLKM01003154.1","maker","gene",29442,34813,".","-",".","ID=MEAE_00082554","MEAE_00082554","Alias=genemark-MeA_20160214_scaffold_3153-processed-gene-0.13","Similar to Prdm5: PR domain zinc finger protein 5 (Mus musculus)"
"1576","ENA|OLKM01003162|OLKM01003162.1 36307","OLKM01003162.1",36308,"MeA_20160214_scaffold_3161","OLKM01003162.1","maker","gene",26599,36741,".","+",".","ID=MEAE_00082612","MEAE_00082612","Alias=maker-MeA_20160214_scaffold_3161-augustus-gene-0.15","Protein of unknown function"
"1576.2","ENA|OLKM01003162|OLKM01003162.1 36307","OLKM01003162.1",36308,"MeA_20160214_scaffold_3161","OLKM01003162.1","maker","gene",33852,38417,".","-",".","ID=MEAE_00082613","MEAE_00082613","Alias=snap_masked-MeA_20160214_scaffold_3161-processed-gene-0.14","Similar to SETVS: Variant-silencing SET domain-containing protein (Plasmodium falciparum (isolate 3D7))"
"1577","ENA|OLKM01003167|OLKM01003167.1 36290","OLKM01003167.1",36291,"MeA_20160214_scaffold_3166","OLKM01003167.1","maker","gene",31315,40533,".","+",".","ID=MEAE_00082660","MEAE_00082660","Alias=snap_masked-MeA_20160214_scaffold_3166-processed-gene-0.18","Protein of unknown function"
"1579","ENA|OLKM01003202|OLKM01003202.1 4721","OLKM01003202.1",4722,"MeA_20160214_scaffold_3201","OLKM01003202.1","maker","gene",2260,5528,".","-",".","ID=MEAE_00082853","MEAE_00082853","Alias=maker-MeA_20160214_scaffold_3201-snap-gene-0.23","Protein of unknown function"
"1584","ENA|OLKM01003205|OLKM01003205.1 28887","OLKM01003205.1",28888,"MeA_20160214_scaffold_3204","OLKM01003205.1","maker","gene",21979,34618,".","+",".","ID=MEAE_00082868","MEAE_00082868","Alias=snap_masked-MeA_20160214_scaffold_3204-processed-gene-0.12","Protein of unknown function"
"1593","ENA|OLKM01003224|OLKM01003224.1 36349","OLKM01003224.1",36350,"MeA_20160214_scaffold_3223","OLKM01003224.1","maker","gene",29263,40196,".","+",".","ID=MEAE_00082982","MEAE_00082982","Alias=snap_masked-MeA_20160214_scaffold_3223-processed-gene-0.12","Protein of unknown function"
"1593.2","ENA|OLKM01003224|OLKM01003224.1 36349","OLKM01003224.1",36350,"MeA_20160214_scaffold_3223","OLKM01003224.1","maker","gene",17264,39366,".","-",".","ID=MEAE_00082981","MEAE_00082981","Alias=snap_masked-MeA_20160214_scaffold_3223-processed-gene-0.14","Protein of unknown function"
"1594","ENA|OLKM01003224|OLKM01003224.1 38717","OLKM01003224.1",38718,"MeA_20160214_scaffold_3223","OLKM01003224.1","maker","gene",29263,40196,".","+",".","ID=MEAE_00082982","MEAE_00082982","Alias=snap_masked-MeA_20160214_scaffold_3223-processed-gene-0.12","Protein of unknown function"
"1594.2","ENA|OLKM01003224|OLKM01003224.1 38717","OLKM01003224.1",38718,"MeA_20160214_scaffold_3223","OLKM01003224.1","maker","gene",17264,39366,".","-",".","ID=MEAE_00082981","MEAE_00082981","Alias=snap_masked-MeA_20160214_scaffold_3223-processed-gene-0.14","Protein of unknown function"
"1595","ENA|OLKM01003226|OLKM01003226.1 20934","OLKM01003226.1",20935,"MeA_20160214_scaffold_3225","OLKM01003226.1","maker","gene",19780,33190,".","-",".","ID=MEAE_00082995","MEAE_00082995","Alias=maker-MeA_20160214_scaffold_3225-snap-gene-0.24","Similar to SMP: Schwann cell myelin protein (Coturnix coturnix japonica)"
"1597","ENA|OLKM01003244|OLKM01003244.1 16715","OLKM01003244.1",16716,"MeA_20160214_scaffold_3243","OLKM01003244.1","maker","gene",13378,18617,".","+",".","ID=MEAE_00083097","MEAE_00083097","Alias=snap_masked-MeA_20160214_scaffold_3243-processed-gene-0.13","Protein of unknown function"
"1597.2","ENA|OLKM01003244|OLKM01003244.1 16715","OLKM01003244.1",16716,"MeA_20160214_scaffold_3243","OLKM01003244.1","maker","gene",798,19131,".","-",".","ID=MEAE_00083095","MEAE_00083095","Alias=maker-MeA_20160214_scaffold_3243-augustus-gene-0.21","Similar to CARD11: Caspase recruitment domain-containing protein 11 (Homo sapiens)"
"1598","ENA|OLKM01003244|OLKM01003244.1 18062","OLKM01003244.1",18063,"MeA_20160214_scaffold_3243","OLKM01003244.1","maker","gene",13378,18617,".","+",".","ID=MEAE_00083097","MEAE_00083097","Alias=snap_masked-MeA_20160214_scaffold_3243-processed-gene-0.13","Protein of unknown function"
"1598.2","ENA|OLKM01003244|OLKM01003244.1 18062","OLKM01003244.1",18063,"MeA_20160214_scaffold_3243","OLKM01003244.1","maker","gene",798,19131,".","-",".","ID=MEAE_00083095","MEAE_00083095","Alias=maker-MeA_20160214_scaffold_3243-augustus-gene-0.21","Similar to CARD11: Caspase recruitment domain-containing protein 11 (Homo sapiens)"
"1599","ENA|OLKM01003247|OLKM01003247.1 2870","OLKM01003247.1",2871,"MeA_20160214_scaffold_3246","OLKM01003247.1","maker","gene",159,4025,".","-",".","ID=MEAE_00083107","MEAE_00083107","Alias=snap_masked-MeA_20160214_scaffold_3246-processed-gene-0.9","Protein of unknown function"
"1605","ENA|OLKM01003262|OLKM01003262.1 4583","OLKM01003262.1",4584,"MeA_20160214_scaffold_3261","OLKM01003262.1","maker","gene",3995,13016,".","-",".","ID=MEAE_00083201","MEAE_00083201","Alias=snap_masked-MeA_20160214_scaffold_3261-processed-gene-0.18","Protein of unknown function"
"1606","ENA|OLKM01003263|OLKM01003263.1 36777","OLKM01003263.1",36778,"MeA_20160214_scaffold_3262","OLKM01003263.1","maker","gene",26737,37843,".","+",".","ID=MEAE_00083207","MEAE_00083207","Alias=genemark-MeA_20160214_scaffold_3262-processed-gene-0.1","Protein of unknown function"
"1606.4","ENA|OLKM01003263|OLKM01003263.1 36777","OLKM01003263.1",36778,"MeA_20160214_scaffold_3262","OLKM01003263.1","maker","gene",35907,37856,".","-",".","ID=MEAE_00083208","MEAE_00083208","Alias=snap_masked-MeA_20160214_scaffold_3262-processed-gene-0.6","Protein of unknown function"
"1611","ENA|OLKM01003287|OLKM01003287.1 18226","OLKM01003287.1",18227,"MeA_20160214_scaffold_3286","OLKM01003287.1","maker","gene",16803,22406,".","+",".","ID=MEAE_00083351","MEAE_00083351","Alias=snap_masked-MeA_20160214_scaffold_3286-processed-gene-0.10","Protein of unknown function"
"1611.2","ENA|OLKM01003287|OLKM01003287.1 18226","OLKM01003287.1",18227,"MeA_20160214_scaffold_3286","OLKM01003287.1","maker","gene",16510,22866,".","-",".","ID=MEAE_00083350","MEAE_00083350","Alias=snap_masked-MeA_20160214_scaffold_3286-processed-gene-0.12","Protein of unknown function"
"1612","ENA|OLKM01003287|OLKM01003287.1 18233","OLKM01003287.1",18234,"MeA_20160214_scaffold_3286","OLKM01003287.1","maker","gene",16803,22406,".","+",".","ID=MEAE_00083351","MEAE_00083351","Alias=snap_masked-MeA_20160214_scaffold_3286-processed-gene-0.10","Protein of unknown function"
"1612.2","ENA|OLKM01003287|OLKM01003287.1 18233","OLKM01003287.1",18234,"MeA_20160214_scaffold_3286","OLKM01003287.1","maker","gene",16510,22866,".","-",".","ID=MEAE_00083350","MEAE_00083350","Alias=snap_masked-MeA_20160214_scaffold_3286-processed-gene-0.12","Protein of unknown function"
"1613","ENA|OLKM01003293|OLKM01003293.1 19401","OLKM01003293.1",19402,"MeA_20160214_scaffold_3292","OLKM01003293.1","maker","gene",19283,26133,".","+",".","ID=MEAE_00083383","MEAE_00083383","Alias=maker-MeA_20160214_scaffold_3292-snap-gene-0.8","Protein of unknown function"
"1614","ENA|OLKM01003293|OLKM01003293.1 19914","OLKM01003293.1",19915,"MeA_20160214_scaffold_3292","OLKM01003293.1","maker","gene",19283,26133,".","+",".","ID=MEAE_00083383","MEAE_00083383","Alias=maker-MeA_20160214_scaffold_3292-snap-gene-0.8","Protein of unknown function"
"1619","ENA|OLKM01003301|OLKM01003301.1 20828","OLKM01003301.1",20829,"MeA_20160214_scaffold_3300","OLKM01003301.1","maker","gene",6,27564,".","+",".","ID=MEAE_00083425","MEAE_00083425","Alias=maker-MeA_20160214_scaffold_3300-augustus-gene-0.15","Protein of unknown function"
"1619.2","ENA|OLKM01003301|OLKM01003301.1 20828","OLKM01003301.1",20829,"MeA_20160214_scaffold_3300","OLKM01003301.1","maker","gene",19506,26637,".","-",".","ID=MEAE_00083427","MEAE_00083427","Alias=snap_masked-MeA_20160214_scaffold_3300-processed-gene-0.14","Protein of unknown function"
"1624","ENA|OLKM01003348|OLKM01003348.1 22931","OLKM01003348.1",22932,"MeA_20160214_scaffold_3347","OLKM01003348.1","maker","gene",21306,23329,".","-",".","ID=MEAE_00083727","MEAE_00083727","Alias=maker-MeA_20160214_scaffold_3347-snap-gene-0.14","Protein of unknown function"
"1625","ENA|OLKM01003350|OLKM01003350.1 2862","OLKM01003350.1",2863,"MeA_20160214_scaffold_3349","OLKM01003350.1","maker","gene",3,8195,".","-",".","ID=MEAE_00083732","MEAE_00083732","Alias=augustus_masked-MeA_20160214_scaffold_3349-processed-gene-0.10","Protein of unknown function"
"1626","ENA|OLKM01003350|OLKM01003350.1 4572","OLKM01003350.1",4573,"MeA_20160214_scaffold_3349","OLKM01003350.1","maker","gene",3,8195,".","-",".","ID=MEAE_00083732","MEAE_00083732","Alias=augustus_masked-MeA_20160214_scaffold_3349-processed-gene-0.10","Protein of unknown function"
"1627","ENA|OLKM01003350|OLKM01003350.1 4641","OLKM01003350.1",4642,"MeA_20160214_scaffold_3349","OLKM01003350.1","maker","gene",3,8195,".","-",".","ID=MEAE_00083732","MEAE_00083732","Alias=augustus_masked-MeA_20160214_scaffold_3349-processed-gene-0.10","Protein of unknown function"
"1633","ENA|OLKM01003364|OLKM01003364.1 9374","OLKM01003364.1",9375,"MeA_20160214_scaffold_3363","OLKM01003364.1","maker","gene",8706,17436,".","+",".","ID=MEAE_00083826","MEAE_00083826","Alias=maker-MeA_20160214_scaffold_3363-augustus-gene-0.15","Similar to NLRC3: Protein NLRC3 (Homo sapiens)"
"1634","ENA|OLKM01003364|OLKM01003364.1 15405","OLKM01003364.1",15406,"MeA_20160214_scaffold_3363","OLKM01003364.1","maker","gene",8706,17436,".","+",".","ID=MEAE_00083826","MEAE_00083826","Alias=maker-MeA_20160214_scaffold_3363-augustus-gene-0.15","Similar to NLRC3: Protein NLRC3 (Homo sapiens)"
"1637","ENA|OLKM01003403|OLKM01003403.1 25058","OLKM01003403.1",25059,"MeA_20160214_scaffold_3402","OLKM01003403.1","maker","gene",16940,34701,".","-",".","ID=MEAE_00084063","MEAE_00084063","Alias=maker-MeA_20160214_scaffold_3402-snap-gene-0.11","Similar to smc5: Structural maintenance of chromosomes protein 5 (Takifugu rubripes)"
"1638","ENA|OLKM01003403|OLKM01003403.1 25668","OLKM01003403.1",25669,"MeA_20160214_scaffold_3402","OLKM01003403.1","maker","gene",16940,34701,".","-",".","ID=MEAE_00084063","MEAE_00084063","Alias=maker-MeA_20160214_scaffold_3402-snap-gene-0.11","Similar to smc5: Structural maintenance of chromosomes protein 5 (Takifugu rubripes)"
"1640","ENA|OLKM01003410|OLKM01003410.1 32998","OLKM01003410.1",32999,"MeA_20160214_scaffold_3409","OLKM01003410.1","maker","gene",31321,33778,".","-",".","ID=MEAE_00084088","MEAE_00084088","Alias=snap_masked-MeA_20160214_scaffold_3409-processed-gene-0.13","Protein of unknown function"
"1641","ENA|OLKM01003410|OLKM01003410.1 33211","OLKM01003410.1",33212,"MeA_20160214_scaffold_3409","OLKM01003410.1","maker","gene",31321,33778,".","-",".","ID=MEAE_00084088","MEAE_00084088","Alias=snap_masked-MeA_20160214_scaffold_3409-processed-gene-0.13","Protein of unknown function"
"1642","ENA|OLKM01003411|OLKM01003411.1 33080","OLKM01003411.1",33081,"MeA_20160214_scaffold_3410","OLKM01003411.1","maker","gene",31939,36145,".","+",".","ID=MEAE_00084092","MEAE_00084092","Alias=maker-MeA_20160214_scaffold_3410-augustus-gene-0.12","Protein of unknown function"
"1643","ENA|OLKM01003411|OLKM01003411.1 33434","OLKM01003411.1",33435,"MeA_20160214_scaffold_3410","OLKM01003411.1","maker","gene",31939,36145,".","+",".","ID=MEAE_00084092","MEAE_00084092","Alias=maker-MeA_20160214_scaffold_3410-augustus-gene-0.12","Protein of unknown function"
"1644","ENA|OLKM01003411|OLKM01003411.1 34237","OLKM01003411.1",34238,"MeA_20160214_scaffold_3410","OLKM01003411.1","maker","gene",31939,36145,".","+",".","ID=MEAE_00084092","MEAE_00084092","Alias=maker-MeA_20160214_scaffold_3410-augustus-gene-0.12","Protein of unknown function"
"1646","ENA|OLKM01003414|OLKM01003414.1 30357","OLKM01003414.1",30358,"MeA_20160214_scaffold_3413","OLKM01003414.1","maker","gene",28812,30880,".","-",".","ID=MEAE_00084108","MEAE_00084108","Alias=snap_masked-MeA_20160214_scaffold_3413-processed-gene-0.17","Protein of unknown function"
"1648","ENA|OLKM01003417|OLKM01003417.1 25875","OLKM01003417.1",25876,"MeA_20160214_scaffold_3416","OLKM01003417.1","maker","gene",21450,32129,".","-",".","ID=MEAE_00084125","MEAE_00084125","Alias=snap_masked-MeA_20160214_scaffold_3416-processed-gene-0.15","Protein of unknown function"
"1649","ENA|OLKM01003419|OLKM01003419.1 25724","OLKM01003419.1",25725,"MeA_20160214_scaffold_3418","OLKM01003419.1","maker","gene",25540,27955,".","-",".","ID=MEAE_00084137","MEAE_00084137","Alias=maker-MeA_20160214_scaffold_3418-augustus-gene-0.14","Similar to ZBED1: Zinc finger BED domain-containing protein 1 (Homo sapiens)"
"1668","ENA|OLKM01003443|OLKM01003443.1 5943","OLKM01003443.1",5944,"MeA_20160214_scaffold_3442","OLKM01003443.1","maker","gene",1980,11034,".","+",".","ID=MEAE_00084259","MEAE_00084259","Alias=maker-MeA_20160214_scaffold_3442-augustus-gene-0.11","Protein of unknown function"
"1669","ENA|OLKM01003443|OLKM01003443.1 10571","OLKM01003443.1",10572,"MeA_20160214_scaffold_3442","OLKM01003443.1","maker","gene",1980,11034,".","+",".","ID=MEAE_00084259","MEAE_00084259","Alias=maker-MeA_20160214_scaffold_3442-augustus-gene-0.11","Protein of unknown function"
"1677","ENA|OLKM01003459|OLKM01003459.1 4173","OLKM01003459.1",4174,"MeA_20160214_scaffold_3458","OLKM01003459.1","maker","gene",2010,18987,".","-",".","ID=MEAE_00084330","MEAE_00084330","Alias=snap_masked-MeA_20160214_scaffold_3458-processed-gene-0.15","Protein of unknown function"
"1678","ENA|OLKM01003459|OLKM01003459.1 4420","OLKM01003459.1",4421,"MeA_20160214_scaffold_3458","OLKM01003459.1","maker","gene",2010,18987,".","-",".","ID=MEAE_00084330","MEAE_00084330","Alias=snap_masked-MeA_20160214_scaffold_3458-processed-gene-0.15","Protein of unknown function"
"1679","ENA|OLKM01003459|OLKM01003459.1 4822","OLKM01003459.1",4823,"MeA_20160214_scaffold_3458","OLKM01003459.1","maker","gene",2010,18987,".","-",".","ID=MEAE_00084330","MEAE_00084330","Alias=snap_masked-MeA_20160214_scaffold_3458-processed-gene-0.15","Protein of unknown function"
"1680","ENA|OLKM01003459|OLKM01003459.1 5247","OLKM01003459.1",5248,"MeA_20160214_scaffold_3458","OLKM01003459.1","maker","gene",2010,18987,".","-",".","ID=MEAE_00084330","MEAE_00084330","Alias=snap_masked-MeA_20160214_scaffold_3458-processed-gene-0.15","Protein of unknown function"
"1681","ENA|OLKM01003459|OLKM01003459.1 5641","OLKM01003459.1",5642,"MeA_20160214_scaffold_3458","OLKM01003459.1","maker","gene",2010,18987,".","-",".","ID=MEAE_00084330","MEAE_00084330","Alias=snap_masked-MeA_20160214_scaffold_3458-processed-gene-0.15","Protein of unknown function"
"1682","ENA|OLKM01003459|OLKM01003459.1 12936","OLKM01003459.1",12937,"MeA_20160214_scaffold_3458","OLKM01003459.1","maker","gene",2010,18987,".","-",".","ID=MEAE_00084330","MEAE_00084330","Alias=snap_masked-MeA_20160214_scaffold_3458-processed-gene-0.15","Protein of unknown function"
"1683","ENA|OLKM01003460|OLKM01003460.1 16983","OLKM01003460.1",16984,"MeA_20160214_scaffold_3459","OLKM01003460.1","maker","gene",16899,17404,".","+",".","ID=MEAE_00084337","MEAE_00084337","Alias=snap_masked-MeA_20160214_scaffold_3459-processed-gene-0.8","Protein of unknown function"
"1685","ENA|OLKM01003461|OLKM01003461.1 24411","OLKM01003461.1",24412,"MeA_20160214_scaffold_3460","OLKM01003461.1","maker","gene",23177,25340,".","+",".","ID=MEAE_00084344","MEAE_00084344","Alias=maker-MeA_20160214_scaffold_3460-snap-gene-0.11","Protein of unknown function"
"1685.2","ENA|OLKM01003461|OLKM01003461.1 24411","OLKM01003461.1",24412,"MeA_20160214_scaffold_3460","OLKM01003461.1","maker","gene",23143,27336,".","-",".","ID=MEAE_00084343","MEAE_00084343","Alias=snap_masked-MeA_20160214_scaffold_3460-processed-gene-0.10","Protein of unknown function"
"1686","ENA|OLKM01003461|OLKM01003461.1 24825","OLKM01003461.1",24826,"MeA_20160214_scaffold_3460","OLKM01003461.1","maker","gene",23177,25340,".","+",".","ID=MEAE_00084344","MEAE_00084344","Alias=maker-MeA_20160214_scaffold_3460-snap-gene-0.11","Protein of unknown function"
"1686.2","ENA|OLKM01003461|OLKM01003461.1 24825","OLKM01003461.1",24826,"MeA_20160214_scaffold_3460","OLKM01003461.1","maker","gene",23143,27336,".","-",".","ID=MEAE_00084343","MEAE_00084343","Alias=snap_masked-MeA_20160214_scaffold_3460-processed-gene-0.10","Protein of unknown function"
"1687","ENA|OLKM01003461|OLKM01003461.1 25275","OLKM01003461.1",25276,"MeA_20160214_scaffold_3460","OLKM01003461.1","maker","gene",23177,25340,".","+",".","ID=MEAE_00084344","MEAE_00084344","Alias=maker-MeA_20160214_scaffold_3460-snap-gene-0.11","Protein of unknown function"
"1687.4","ENA|OLKM01003461|OLKM01003461.1 25275","OLKM01003461.1",25276,"MeA_20160214_scaffold_3460","OLKM01003461.1","maker","gene",23143,27336,".","-",".","ID=MEAE_00084343","MEAE_00084343","Alias=snap_masked-MeA_20160214_scaffold_3460-processed-gene-0.10","Protein of unknown function"
"1688","ENA|OLKM01003466|OLKM01003466.1 17687","OLKM01003466.1",17688,"MeA_20160214_scaffold_3465","OLKM01003466.1","maker","gene",10037,19631,".","+",".","ID=MEAE_00084365","MEAE_00084365","Alias=maker-MeA_20160214_scaffold_3465-snap-gene-0.14","Similar to NLRC3: Protein NLRC3 (Homo sapiens)"
"1689","ENA|OLKM01003466|OLKM01003466.1 17691","OLKM01003466.1",17692,"MeA_20160214_scaffold_3465","OLKM01003466.1","maker","gene",10037,19631,".","+",".","ID=MEAE_00084365","MEAE_00084365","Alias=maker-MeA_20160214_scaffold_3465-snap-gene-0.14","Similar to NLRC3: Protein NLRC3 (Homo sapiens)"
"1690","ENA|OLKM01003470|OLKM01003470.1 16802","OLKM01003470.1",16803,"MeA_20160214_scaffold_3469","OLKM01003470.1","maker","gene",5443,25531,".","+",".","ID=MEAE_00084392","MEAE_00084392","Alias=snap_masked-MeA_20160214_scaffold_3469-processed-gene-0.3","Protein of unknown function"
"1691","ENA|OLKM01003470|OLKM01003470.1 17365","OLKM01003470.1",17366,"MeA_20160214_scaffold_3469","OLKM01003470.1","maker","gene",5443,25531,".","+",".","ID=MEAE_00084392","MEAE_00084392","Alias=snap_masked-MeA_20160214_scaffold_3469-processed-gene-0.3","Protein of unknown function"
"1692","ENA|OLKM01003470|OLKM01003470.1 18850","OLKM01003470.1",18851,"MeA_20160214_scaffold_3469","OLKM01003470.1","maker","gene",5443,25531,".","+",".","ID=MEAE_00084392","MEAE_00084392","Alias=snap_masked-MeA_20160214_scaffold_3469-processed-gene-0.3","Protein of unknown function"
"1693","ENA|OLKM01003470|OLKM01003470.1 19018","OLKM01003470.1",19019,"MeA_20160214_scaffold_3469","OLKM01003470.1","maker","gene",5443,25531,".","+",".","ID=MEAE_00084392","MEAE_00084392","Alias=snap_masked-MeA_20160214_scaffold_3469-processed-gene-0.3","Protein of unknown function"
"1694","ENA|OLKM01003470|OLKM01003470.1 20457","OLKM01003470.1",20458,"MeA_20160214_scaffold_3469","OLKM01003470.1","maker","gene",5443,25531,".","+",".","ID=MEAE_00084392","MEAE_00084392","Alias=snap_masked-MeA_20160214_scaffold_3469-processed-gene-0.3","Protein of unknown function"
"1695","ENA|OLKM01003470|OLKM01003470.1 21128","OLKM01003470.1",21129,"MeA_20160214_scaffold_3469","OLKM01003470.1","maker","gene",5443,25531,".","+",".","ID=MEAE_00084392","MEAE_00084392","Alias=snap_masked-MeA_20160214_scaffold_3469-processed-gene-0.3","Protein of unknown function"
"1696","ENA|OLKM01003470|OLKM01003470.1 21859","OLKM01003470.1",21860,"MeA_20160214_scaffold_3469","OLKM01003470.1","maker","gene",5443,25531,".","+",".","ID=MEAE_00084392","MEAE_00084392","Alias=snap_masked-MeA_20160214_scaffold_3469-processed-gene-0.3","Protein of unknown function"
"1697","ENA|OLKM01003470|OLKM01003470.1 23073","OLKM01003470.1",23074,"MeA_20160214_scaffold_3469","OLKM01003470.1","maker","gene",5443,25531,".","+",".","ID=MEAE_00084392","MEAE_00084392","Alias=snap_masked-MeA_20160214_scaffold_3469-processed-gene-0.3","Protein of unknown function"
"1700","ENA|OLKM01003470|OLKM01003470.1 29560","OLKM01003470.1",29561,"MeA_20160214_scaffold_3469","OLKM01003470.1","maker","gene",28577,32056,".","-",".","ID=MEAE_00084393","MEAE_00084393","Alias=genemark-MeA_20160214_scaffold_3469-processed-gene-0.2","Protein of unknown function"
"1701","ENA|OLKM01003470|OLKM01003470.1 29577","OLKM01003470.1",29578,"MeA_20160214_scaffold_3469","OLKM01003470.1","maker","gene",28577,32056,".","-",".","ID=MEAE_00084393","MEAE_00084393","Alias=genemark-MeA_20160214_scaffold_3469-processed-gene-0.2","Protein of unknown function"
"1702","ENA|OLKM01003470|OLKM01003470.1 29677","OLKM01003470.1",29678,"MeA_20160214_scaffold_3469","OLKM01003470.1","maker","gene",28577,32056,".","-",".","ID=MEAE_00084393","MEAE_00084393","Alias=genemark-MeA_20160214_scaffold_3469-processed-gene-0.2","Protein of unknown function"
"1703","ENA|OLKM01003470|OLKM01003470.1 30033","OLKM01003470.1",30034,"MeA_20160214_scaffold_3469","OLKM01003470.1","maker","gene",28577,32056,".","-",".","ID=MEAE_00084393","MEAE_00084393","Alias=genemark-MeA_20160214_scaffold_3469-processed-gene-0.2","Protein of unknown function"
"1712","ENA|OLKM01003486|OLKM01003486.1 12311","OLKM01003486.1",12312,"MeA_20160214_scaffold_3485","OLKM01003486.1","maker","gene",11460,19890,".","-",".","ID=MEAE_00084472","MEAE_00084472","Alias=snap_masked-MeA_20160214_scaffold_3485-processed-gene-0.11","Protein of unknown function"
"1713","ENA|OLKM01003487|OLKM01003487.1 642","OLKM01003487.1",643,"MeA_20160214_scaffold_3486","OLKM01003487.1","maker","gene",602,933,".","+",".","ID=MEAE_00084476","MEAE_00084476","Alias=snap_masked-MeA_20160214_scaffold_3486-processed-gene-0.10","Protein of unknown function"
"1713.4","ENA|OLKM01003487|OLKM01003487.1 642","OLKM01003487.1",643,"MeA_20160214_scaffold_3486","OLKM01003487.1","maker","gene",547,858,".","-",".","ID=MEAE_00084475","MEAE_00084475","Alias=augustus_masked-MeA_20160214_scaffold_3486-processed-gene-0.8","Protein of unknown function"
"1720","ENA|OLKM01003512|OLKM01003512.1 19405","OLKM01003512.1",19406,"MeA_20160214_scaffold_3511","OLKM01003512.1","maker","gene",3367,23769,".","-",".","ID=MEAE_00084595","MEAE_00084595","Alias=maker-MeA_20160214_scaffold_3511-augustus-gene-0.9","Similar to BMS1: Ribosome biogenesis protein BMS1 homolog (Homo sapiens)"
"1724","ENA|OLKM01003524|OLKM01003524.1 5727","OLKM01003524.1",5728,"MeA_20160214_scaffold_3523","OLKM01003524.1","maker","gene",5644,7225,".","+",".","ID=MEAE_00084639","MEAE_00084639","Alias=snap_masked-MeA_20160214_scaffold_3523-processed-gene-0.8","Protein of unknown function"
"1728","ENA|OLKM01003531|OLKM01003531.1 18398","OLKM01003531.1",18399,"MeA_20160214_scaffold_3530","OLKM01003531.1","maker","gene",16575,19261,".","-",".","ID=MEAE_00084676","MEAE_00084676","Alias=maker-MeA_20160214_scaffold_3530-snap-gene-0.8","Similar to recQ: ATP-dependent DNA helicase RecQ (Salmonella typhimurium (strain LT2 / SGSC1412 / ATCC 700720))"
"1729","ENA|OLKM01003535|OLKM01003535.1 11181","OLKM01003535.1",11182,"MeA_20160214_scaffold_3534","OLKM01003535.1","maker","gene",8646,19142,".","-",".","ID=MEAE_00084690","MEAE_00084690","Alias=snap_masked-MeA_20160214_scaffold_3534-processed-gene-0.22","Protein of unknown function"
"1730","ENA|OLKM01003535|OLKM01003535.1 11410","OLKM01003535.1",11411,"MeA_20160214_scaffold_3534","OLKM01003535.1","maker","gene",8646,19142,".","-",".","ID=MEAE_00084690","MEAE_00084690","Alias=snap_masked-MeA_20160214_scaffold_3534-processed-gene-0.22","Protein of unknown function"
"1732","ENA|OLKM01003536|OLKM01003536.1 14667","OLKM01003536.1",14668,"MeA_20160214_scaffold_3535","OLKM01003536.1","maker","gene",12152,25310,".","+",".","ID=MEAE_00084697","MEAE_00084697","Alias=maker-MeA_20160214_scaffold_3535-snap-gene-0.10","Protein of unknown function"
"1732.2","ENA|OLKM01003536|OLKM01003536.1 14667","OLKM01003536.1",14668,"MeA_20160214_scaffold_3535","OLKM01003536.1","maker","gene",10252,28612,".","-",".","ID=MEAE_00084696","MEAE_00084696","Alias=maker-MeA_20160214_scaffold_3535-snap-gene-0.11","Protein of unknown function"
"1737","ENA|OLKM01003541|OLKM01003541.1 15398","OLKM01003541.1",15399,"MeA_20160214_scaffold_3540","OLKM01003541.1","maker","gene",13520,17804,".","-",".","ID=MEAE_00084714","MEAE_00084714","Alias=maker-MeA_20160214_scaffold_3540-augustus-gene-0.17","Protein of unknown function"
"1738","ENA|OLKM01003546|OLKM01003546.1 21227","OLKM01003546.1",21228,"MeA_20160214_scaffold_3545","OLKM01003546.1","maker","gene",11118,27406,".","-",".","ID=MEAE_00084730","MEAE_00084730","Alias=maker-MeA_20160214_scaffold_3545-snap-gene-0.18","Similar to Peli1: E3 ubiquitin-protein ligase pellino homolog 1 (Mus musculus)"
"1738.2","ENA|OLKM01003546|OLKM01003546.1 21227","OLKM01003546.1",21228,"MeA_20160214_scaffold_3545","OLKM01003546.1","maker","gene",16902,21894,".","+",".","ID=MEAE_00084732","MEAE_00084732","Alias=snap_masked-MeA_20160214_scaffold_3545-processed-gene-0.12","Protein of unknown function"
"1740","ENA|OLKM01003553|OLKM01003553.1 4831","OLKM01003553.1",4832,"MeA_20160214_scaffold_3552","OLKM01003553.1","maker","gene",360,26020,".","+",".","ID=MEAE_00084778","MEAE_00084778","Alias=maker-MeA_20160214_scaffold_3552-snap-gene-0.11","Similar to Cept1: Choline/ethanolaminephosphotransferase 1 (Mus musculus)"
"1741","ENA|OLKM01003553|OLKM01003553.1 5109","OLKM01003553.1",5110,"MeA_20160214_scaffold_3552","OLKM01003553.1","maker","gene",360,26020,".","+",".","ID=MEAE_00084778","MEAE_00084778","Alias=maker-MeA_20160214_scaffold_3552-snap-gene-0.11","Similar to Cept1: Choline/ethanolaminephosphotransferase 1 (Mus musculus)"
"1742","ENA|OLKM01003553|OLKM01003553.1 5185","OLKM01003553.1",5186,"MeA_20160214_scaffold_3552","OLKM01003553.1","maker","gene",360,26020,".","+",".","ID=MEAE_00084778","MEAE_00084778","Alias=maker-MeA_20160214_scaffold_3552-snap-gene-0.11","Similar to Cept1: Choline/ethanolaminephosphotransferase 1 (Mus musculus)"
"1743","ENA|OLKM01003553|OLKM01003553.1 6537","OLKM01003553.1",6538,"MeA_20160214_scaffold_3552","OLKM01003553.1","maker","gene",360,26020,".","+",".","ID=MEAE_00084778","MEAE_00084778","Alias=maker-MeA_20160214_scaffold_3552-snap-gene-0.11","Similar to Cept1: Choline/ethanolaminephosphotransferase 1 (Mus musculus)"
"1744","ENA|OLKM01003557|OLKM01003557.1 29353","OLKM01003557.1",29354,"MeA_20160214_scaffold_3556","OLKM01003557.1","maker","gene",28275,29887,".","-",".","ID=MEAE_00084789","MEAE_00084789","Alias=snap_masked-MeA_20160214_scaffold_3556-processed-gene-0.10","Protein of unknown function"
"1749","ENA|OLKM01003562|OLKM01003562.1 10179","OLKM01003562.1",10180,"MeA_20160214_scaffold_3561","OLKM01003562.1","maker","gene",5693,20458,".","+",".","ID=MEAE_00084821","MEAE_00084821","Alias=maker-MeA_20160214_scaffold_3561-snap-gene-0.12","Similar to GALNT8: Probable polypeptide N-acetylgalactosaminyltransferase 8 (Homo sapiens)"
"1750","ENA|OLKM01003562|OLKM01003562.1 10402","OLKM01003562.1",10403,"MeA_20160214_scaffold_3561","OLKM01003562.1","maker","gene",5693,20458,".","+",".","ID=MEAE_00084821","MEAE_00084821","Alias=maker-MeA_20160214_scaffold_3561-snap-gene-0.12","Similar to GALNT8: Probable polypeptide N-acetylgalactosaminyltransferase 8 (Homo sapiens)"
"1751","ENA|OLKM01003562|OLKM01003562.1 10464","OLKM01003562.1",10465,"MeA_20160214_scaffold_3561","OLKM01003562.1","maker","gene",5693,20458,".","+",".","ID=MEAE_00084821","MEAE_00084821","Alias=maker-MeA_20160214_scaffold_3561-snap-gene-0.12","Similar to GALNT8: Probable polypeptide N-acetylgalactosaminyltransferase 8 (Homo sapiens)"
"1752","ENA|OLKM01003562|OLKM01003562.1 10584","OLKM01003562.1",10585,"MeA_20160214_scaffold_3561","OLKM01003562.1","maker","gene",5693,20458,".","+",".","ID=MEAE_00084821","MEAE_00084821","Alias=maker-MeA_20160214_scaffold_3561-snap-gene-0.12","Similar to GALNT8: Probable polypeptide N-acetylgalactosaminyltransferase 8 (Homo sapiens)"
"1753","ENA|OLKM01003562|OLKM01003562.1 10593","OLKM01003562.1",10594,"MeA_20160214_scaffold_3561","OLKM01003562.1","maker","gene",5693,20458,".","+",".","ID=MEAE_00084821","MEAE_00084821","Alias=maker-MeA_20160214_scaffold_3561-snap-gene-0.12","Similar to GALNT8: Probable polypeptide N-acetylgalactosaminyltransferase 8 (Homo sapiens)"
"1754","ENA|OLKM01003562|OLKM01003562.1 11680","OLKM01003562.1",11681,"MeA_20160214_scaffold_3561","OLKM01003562.1","maker","gene",5693,20458,".","+",".","ID=MEAE_00084821","MEAE_00084821","Alias=maker-MeA_20160214_scaffold_3561-snap-gene-0.12","Similar to GALNT8: Probable polypeptide N-acetylgalactosaminyltransferase 8 (Homo sapiens)"
"1755","ENA|OLKM01003562|OLKM01003562.1 11773","OLKM01003562.1",11774,"MeA_20160214_scaffold_3561","OLKM01003562.1","maker","gene",5693,20458,".","+",".","ID=MEAE_00084821","MEAE_00084821","Alias=maker-MeA_20160214_scaffold_3561-snap-gene-0.12","Similar to GALNT8: Probable polypeptide N-acetylgalactosaminyltransferase 8 (Homo sapiens)"
"1756","ENA|OLKM01003564|OLKM01003564.1 11012","OLKM01003564.1",11013,"MeA_20160214_scaffold_3563","OLKM01003564.1","maker","gene",7534,16110,".","-",".","ID=MEAE_00084828","MEAE_00084828","Alias=augustus_masked-MeA_20160214_scaffold_3563-processed-gene-0.17","Protein of unknown function"
"1756.2","ENA|OLKM01003564|OLKM01003564.1 11012","OLKM01003564.1",11013,"MeA_20160214_scaffold_3563","OLKM01003564.1","maker","gene",7753,13092,".","+",".","ID=MEAE_00084829","MEAE_00084829","Alias=snap_masked-MeA_20160214_scaffold_3563-processed-gene-0.21","Protein of unknown function"
"1757","ENA|OLKM01003564|OLKM01003564.1 14743","OLKM01003564.1",14744,"MeA_20160214_scaffold_3563","OLKM01003564.1","maker","gene",7534,16110,".","-",".","ID=MEAE_00084828","MEAE_00084828","Alias=augustus_masked-MeA_20160214_scaffold_3563-processed-gene-0.17","Protein of unknown function"
"1758","ENA|OLKM01003564|OLKM01003564.1 14823","OLKM01003564.1",14824,"MeA_20160214_scaffold_3563","OLKM01003564.1","maker","gene",7534,16110,".","-",".","ID=MEAE_00084828","MEAE_00084828","Alias=augustus_masked-MeA_20160214_scaffold_3563-processed-gene-0.17","Protein of unknown function"
"1759","ENA|OLKM01003564|OLKM01003564.1 14850","OLKM01003564.1",14851,"MeA_20160214_scaffold_3563","OLKM01003564.1","maker","gene",7534,16110,".","-",".","ID=MEAE_00084828","MEAE_00084828","Alias=augustus_masked-MeA_20160214_scaffold_3563-processed-gene-0.17","Protein of unknown function"
"1760","ENA|OLKM01003564|OLKM01003564.1 14859","OLKM01003564.1",14860,"MeA_20160214_scaffold_3563","OLKM01003564.1","maker","gene",7534,16110,".","-",".","ID=MEAE_00084828","MEAE_00084828","Alias=augustus_masked-MeA_20160214_scaffold_3563-processed-gene-0.17","Protein of unknown function"
"1768","ENA|OLKM01003574|OLKM01003574.1 5650","OLKM01003574.1",5651,"MeA_20160214_scaffold_3573","OLKM01003574.1","maker","gene",191,12144,".","+",".","ID=MEAE_00084873","MEAE_00084873","Alias=maker-MeA_20160214_scaffold_3573-snap-gene-0.18","Similar to slc25a30: Kidney mitochondrial carrier protein 1 (Xenopus tropicalis)"
"1777","ENA|OLKM01003581|OLKM01003581.1 16787","OLKM01003581.1",16788,"MeA_20160214_scaffold_3580","OLKM01003581.1","maker","gene",11158,20416,".","-",".","ID=MEAE_00084906","MEAE_00084906","Alias=augustus_masked-MeA_20160214_scaffold_3580-processed-gene-0.14","Protein of unknown function"
"1778","ENA|OLKM01003581|OLKM01003581.1 18991","OLKM01003581.1",18992,"MeA_20160214_scaffold_3580","OLKM01003581.1","maker","gene",11158,20416,".","-",".","ID=MEAE_00084906","MEAE_00084906","Alias=augustus_masked-MeA_20160214_scaffold_3580-processed-gene-0.14","Protein of unknown function"
"1779","ENA|OLKM01003581|OLKM01003581.1 19901","OLKM01003581.1",19902,"MeA_20160214_scaffold_3580","OLKM01003581.1","maker","gene",11158,20416,".","-",".","ID=MEAE_00084906","MEAE_00084906","Alias=augustus_masked-MeA_20160214_scaffold_3580-processed-gene-0.14","Protein of unknown function"
"1788","ENA|OLKM01003581|OLKM01003581.1 25735","OLKM01003581.1",25736,"MeA_20160214_scaffold_3580","OLKM01003581.1","maker","gene",25564,27108,".","+",".","ID=MEAE_00084908","MEAE_00084908","Alias=augustus_masked-MeA_20160214_scaffold_3580-processed-gene-0.10","Protein of unknown function"
"1788.4","ENA|OLKM01003581|OLKM01003581.1 25735","OLKM01003581.1",25736,"MeA_20160214_scaffold_3580","OLKM01003581.1","maker","gene",25585,30827,".","-",".","ID=MEAE_00084909","MEAE_00084909","Alias=snap_masked-MeA_20160214_scaffold_3580-processed-gene-0.26","Protein of unknown function"
"1789","ENA|OLKM01003581|OLKM01003581.1 26231","OLKM01003581.1",26232,"MeA_20160214_scaffold_3580","OLKM01003581.1","maker","gene",25564,27108,".","+",".","ID=MEAE_00084908","MEAE_00084908","Alias=augustus_masked-MeA_20160214_scaffold_3580-processed-gene-0.10","Protein of unknown function"
"1789.4","ENA|OLKM01003581|OLKM01003581.1 26231","OLKM01003581.1",26232,"MeA_20160214_scaffold_3580","OLKM01003581.1","maker","gene",25585,30827,".","-",".","ID=MEAE_00084909","MEAE_00084909","Alias=snap_masked-MeA_20160214_scaffold_3580-processed-gene-0.26","Protein of unknown function"
"1790","ENA|OLKM01003581|OLKM01003581.1 26458","OLKM01003581.1",26459,"MeA_20160214_scaffold_3580","OLKM01003581.1","maker","gene",25564,27108,".","+",".","ID=MEAE_00084908","MEAE_00084908","Alias=augustus_masked-MeA_20160214_scaffold_3580-processed-gene-0.10","Protein of unknown function"
"1790.4","ENA|OLKM01003581|OLKM01003581.1 26458","OLKM01003581.1",26459,"MeA_20160214_scaffold_3580","OLKM01003581.1","maker","gene",25585,30827,".","-",".","ID=MEAE_00084909","MEAE_00084909","Alias=snap_masked-MeA_20160214_scaffold_3580-processed-gene-0.26","Protein of unknown function"
"1791","ENA|OLKM01003581|OLKM01003581.1 26504","OLKM01003581.1",26505,"MeA_20160214_scaffold_3580","OLKM01003581.1","maker","gene",25564,27108,".","+",".","ID=MEAE_00084908","MEAE_00084908","Alias=augustus_masked-MeA_20160214_scaffold_3580-processed-gene-0.10","Protein of unknown function"
"1791.4","ENA|OLKM01003581|OLKM01003581.1 26504","OLKM01003581.1",26505,"MeA_20160214_scaffold_3580","OLKM01003581.1","maker","gene",25585,30827,".","-",".","ID=MEAE_00084909","MEAE_00084909","Alias=snap_masked-MeA_20160214_scaffold_3580-processed-gene-0.26","Protein of unknown function"
"1792","ENA|OLKM01003581|OLKM01003581.1 26561","OLKM01003581.1",26562,"MeA_20160214_scaffold_3580","OLKM01003581.1","maker","gene",25564,27108,".","+",".","ID=MEAE_00084908","MEAE_00084908","Alias=augustus_masked-MeA_20160214_scaffold_3580-processed-gene-0.10","Protein of unknown function"
"1792.4","ENA|OLKM01003581|OLKM01003581.1 26561","OLKM01003581.1",26562,"MeA_20160214_scaffold_3580","OLKM01003581.1","maker","gene",25585,30827,".","-",".","ID=MEAE_00084909","MEAE_00084909","Alias=snap_masked-MeA_20160214_scaffold_3580-processed-gene-0.26","Protein of unknown function"
"1793","ENA|OLKM01003581|OLKM01003581.1 26593","OLKM01003581.1",26594,"MeA_20160214_scaffold_3580","OLKM01003581.1","maker","gene",25564,27108,".","+",".","ID=MEAE_00084908","MEAE_00084908","Alias=augustus_masked-MeA_20160214_scaffold_3580-processed-gene-0.10","Protein of unknown function"
"1793.4","ENA|OLKM01003581|OLKM01003581.1 26593","OLKM01003581.1",26594,"MeA_20160214_scaffold_3580","OLKM01003581.1","maker","gene",25585,30827,".","-",".","ID=MEAE_00084909","MEAE_00084909","Alias=snap_masked-MeA_20160214_scaffold_3580-processed-gene-0.26","Protein of unknown function"
"1794","ENA|OLKM01003581|OLKM01003581.1 26875","OLKM01003581.1",26876,"MeA_20160214_scaffold_3580","OLKM01003581.1","maker","gene",25564,27108,".","+",".","ID=MEAE_00084908","MEAE_00084908","Alias=augustus_masked-MeA_20160214_scaffold_3580-processed-gene-0.10","Protein of unknown function"
"1794.4","ENA|OLKM01003581|OLKM01003581.1 26875","OLKM01003581.1",26876,"MeA_20160214_scaffold_3580","OLKM01003581.1","maker","gene",25585,30827,".","-",".","ID=MEAE_00084909","MEAE_00084909","Alias=snap_masked-MeA_20160214_scaffold_3580-processed-gene-0.26","Protein of unknown function"
"1795","ENA|OLKM01003581|OLKM01003581.1 26941","OLKM01003581.1",26942,"MeA_20160214_scaffold_3580","OLKM01003581.1","maker","gene",25564,27108,".","+",".","ID=MEAE_00084908","MEAE_00084908","Alias=augustus_masked-MeA_20160214_scaffold_3580-processed-gene-0.10","Protein of unknown function"
"1795.4","ENA|OLKM01003581|OLKM01003581.1 26941","OLKM01003581.1",26942,"MeA_20160214_scaffold_3580","OLKM01003581.1","maker","gene",25585,30827,".","-",".","ID=MEAE_00084909","MEAE_00084909","Alias=snap_masked-MeA_20160214_scaffold_3580-processed-gene-0.26","Protein of unknown function"
"1796","ENA|OLKM01003581|OLKM01003581.1 27891","OLKM01003581.1",27892,"MeA_20160214_scaffold_3580","OLKM01003581.1","maker","gene",25585,30827,".","-",".","ID=MEAE_00084909","MEAE_00084909","Alias=snap_masked-MeA_20160214_scaffold_3580-processed-gene-0.26","Protein of unknown function"
"1797","ENA|OLKM01003581|OLKM01003581.1 28012","OLKM01003581.1",28013,"MeA_20160214_scaffold_3580","OLKM01003581.1","maker","gene",25585,30827,".","-",".","ID=MEAE_00084909","MEAE_00084909","Alias=snap_masked-MeA_20160214_scaffold_3580-processed-gene-0.26","Protein of unknown function"
"1798","ENA|OLKM01003581|OLKM01003581.1 28253","OLKM01003581.1",28254,"MeA_20160214_scaffold_3580","OLKM01003581.1","maker","gene",25585,30827,".","-",".","ID=MEAE_00084909","MEAE_00084909","Alias=snap_masked-MeA_20160214_scaffold_3580-processed-gene-0.26","Protein of unknown function"
"1799","ENA|OLKM01003581|OLKM01003581.1 28279","OLKM01003581.1",28280,"MeA_20160214_scaffold_3580","OLKM01003581.1","maker","gene",25585,30827,".","-",".","ID=MEAE_00084909","MEAE_00084909","Alias=snap_masked-MeA_20160214_scaffold_3580-processed-gene-0.26","Protein of unknown function"
"1800","ENA|OLKM01003592|OLKM01003592.1 27378","OLKM01003592.1",27379,"MeA_20160214_scaffold_3591","OLKM01003592.1","maker","gene",27159,29740,".","+",".","ID=MEAE_00084960","MEAE_00084960","Alias=maker-MeA_20160214_scaffold_3591-augustus-gene-0.13","Protein of unknown function"
"1801","ENA|OLKM01003592|OLKM01003592.1 27857","OLKM01003592.1",27858,"MeA_20160214_scaffold_3591","OLKM01003592.1","maker","gene",27159,29740,".","+",".","ID=MEAE_00084960","MEAE_00084960","Alias=maker-MeA_20160214_scaffold_3591-augustus-gene-0.13","Protein of unknown function"
"1811","ENA|OLKM01003606|OLKM01003606.1 6441","OLKM01003606.1",6442,"MeA_20160214_scaffold_3605","OLKM01003606.1","maker","gene",4901,6743,".","-",".","ID=MEAE_00085011","MEAE_00085011","Alias=maker-MeA_20160214_scaffold_3605-snap-gene-0.39","Protein of unknown function"
"1811.4","ENA|OLKM01003606|OLKM01003606.1 6441","OLKM01003606.1",6442,"MeA_20160214_scaffold_3605","OLKM01003606.1","maker","gene",6122,6644,".","+",".","ID=MEAE_00085013","MEAE_00085013","Alias=snap_masked-MeA_20160214_scaffold_3605-processed-gene-0.18","Protein of unknown function"
"1813","ENA|OLKM01003606|OLKM01003606.1 9291","OLKM01003606.1",9292,"MeA_20160214_scaffold_3605","OLKM01003606.1","maker","gene",8156,9960,".","-",".","ID=MEAE_00085014","MEAE_00085014","Alias=snap_masked-MeA_20160214_scaffold_3605-processed-gene-0.24","Protein of unknown function"
"1817","ENA|OLKM01003606|OLKM01003606.1 12914","OLKM01003606.1",12915,"MeA_20160214_scaffold_3605","OLKM01003606.1","maker","gene",11675,13773,".","-",".","ID=MEAE_00085016","MEAE_00085016","Alias=genemark-MeA_20160214_scaffold_3605-processed-gene-0.8","Protein of unknown function"
"1817.4","ENA|OLKM01003606|OLKM01003606.1 12914","OLKM01003606.1",12915,"MeA_20160214_scaffold_3605","OLKM01003606.1","maker","gene",11742,13141,".","+",".","ID=MEAE_00085017","MEAE_00085017","Alias=snap_masked-MeA_20160214_scaffold_3605-processed-gene-0.19","Protein of unknown function"
"1818","ENA|OLKM01003606|OLKM01003606.1 12921","OLKM01003606.1",12922,"MeA_20160214_scaffold_3605","OLKM01003606.1","maker","gene",11675,13773,".","-",".","ID=MEAE_00085016","MEAE_00085016","Alias=genemark-MeA_20160214_scaffold_3605-processed-gene-0.8","Protein of unknown function"
"1818.4","ENA|OLKM01003606|OLKM01003606.1 12921","OLKM01003606.1",12922,"MeA_20160214_scaffold_3605","OLKM01003606.1","maker","gene",11742,13141,".","+",".","ID=MEAE_00085017","MEAE_00085017","Alias=snap_masked-MeA_20160214_scaffold_3605-processed-gene-0.19","Protein of unknown function"
"1819","ENA|OLKM01003606|OLKM01003606.1 12929","OLKM01003606.1",12930,"MeA_20160214_scaffold_3605","OLKM01003606.1","maker","gene",11675,13773,".","-",".","ID=MEAE_00085016","MEAE_00085016","Alias=genemark-MeA_20160214_scaffold_3605-processed-gene-0.8","Protein of unknown function"
"1819.4","ENA|OLKM01003606|OLKM01003606.1 12929","OLKM01003606.1",12930,"MeA_20160214_scaffold_3605","OLKM01003606.1","maker","gene",11742,13141,".","+",".","ID=MEAE_00085017","MEAE_00085017","Alias=snap_masked-MeA_20160214_scaffold_3605-processed-gene-0.19","Protein of unknown function"
"1820","ENA|OLKM01003606|OLKM01003606.1 13067","OLKM01003606.1",13068,"MeA_20160214_scaffold_3605","OLKM01003606.1","maker","gene",11675,13773,".","-",".","ID=MEAE_00085016","MEAE_00085016","Alias=genemark-MeA_20160214_scaffold_3605-processed-gene-0.8","Protein of unknown function"
"1820.4","ENA|OLKM01003606|OLKM01003606.1 13067","OLKM01003606.1",13068,"MeA_20160214_scaffold_3605","OLKM01003606.1","maker","gene",11742,13141,".","+",".","ID=MEAE_00085017","MEAE_00085017","Alias=snap_masked-MeA_20160214_scaffold_3605-processed-gene-0.19","Protein of unknown function"
"1821","ENA|OLKM01003606|OLKM01003606.1 16338","OLKM01003606.1",16339,"MeA_20160214_scaffold_3605","OLKM01003606.1","maker","gene",15710,19825,".","-",".","ID=MEAE_00085020","MEAE_00085020","Alias=snap_masked-MeA_20160214_scaffold_3605-processed-gene-0.27","Protein of unknown function"
"1822","ENA|OLKM01003606|OLKM01003606.1 16342","OLKM01003606.1",16343,"MeA_20160214_scaffold_3605","OLKM01003606.1","maker","gene",15710,19825,".","-",".","ID=MEAE_00085020","MEAE_00085020","Alias=snap_masked-MeA_20160214_scaffold_3605-processed-gene-0.27","Protein of unknown function"
"1823","ENA|OLKM01003606|OLKM01003606.1 20210","OLKM01003606.1",20211,"MeA_20160214_scaffold_3605","OLKM01003606.1","maker","gene",19835,21270,".","-",".","ID=MEAE_00085021","MEAE_00085021","Alias=maker-MeA_20160214_scaffold_3605-snap-gene-0.35","Protein of unknown function"
"1824","ENA|OLKM01003606|OLKM01003606.1 25403","OLKM01003606.1",25404,"MeA_20160214_scaffold_3605","OLKM01003606.1","maker","gene",24025,25595,".","-",".","ID=MEAE_00085022","MEAE_00085022","Alias=maker-MeA_20160214_scaffold_3605-snap-gene-0.38","Protein of unknown function"
"1825","ENA|OLKM01003606|OLKM01003606.1 25489","OLKM01003606.1",25490,"MeA_20160214_scaffold_3605","OLKM01003606.1","maker","gene",24025,25595,".","-",".","ID=MEAE_00085022","MEAE_00085022","Alias=maker-MeA_20160214_scaffold_3605-snap-gene-0.38","Protein of unknown function"
"1839","ENA|OLKM01003613|OLKM01003613.1 17790","OLKM01003613.1",17791,"MeA_20160214_scaffold_3612","OLKM01003613.1","maker","gene",15414,23358,".","-",".","ID=MEAE_00085053","MEAE_00085053","Alias=maker-MeA_20160214_scaffold_3612-snap-gene-0.15","Similar to NLRC3: Protein NLRC3 (Homo sapiens)"
"1840","ENA|OLKM01003613|OLKM01003613.1 18118","OLKM01003613.1",18119,"MeA_20160214_scaffold_3612","OLKM01003613.1","maker","gene",15414,23358,".","-",".","ID=MEAE_00085053","MEAE_00085053","Alias=maker-MeA_20160214_scaffold_3612-snap-gene-0.15","Similar to NLRC3: Protein NLRC3 (Homo sapiens)"
"1841","ENA|OLKM01003613|OLKM01003613.1 21824","OLKM01003613.1",21825,"MeA_20160214_scaffold_3612","OLKM01003613.1","maker","gene",15414,23358,".","-",".","ID=MEAE_00085053","MEAE_00085053","Alias=maker-MeA_20160214_scaffold_3612-snap-gene-0.15","Similar to NLRC3: Protein NLRC3 (Homo sapiens)"
"1841.4","ENA|OLKM01003613|OLKM01003613.1 21824","OLKM01003613.1",21825,"MeA_20160214_scaffold_3612","OLKM01003613.1","maker","gene",19162,23310,".","+",".","ID=MEAE_00085054","MEAE_00085054","Alias=snap_masked-MeA_20160214_scaffold_3612-processed-gene-0.10","Protein of unknown function"
"1843","ENA|OLKM01003622|OLKM01003622.1 21631","OLKM01003622.1",21632,"MeA_20160214_scaffold_3621","OLKM01003622.1","maker","gene",16083,21695,".","-",".","ID=MEAE_00085092","MEAE_00085092","Alias=maker-MeA_20160214_scaffold_3621-snap-gene-0.20","Protein of unknown function"
"1848","ENA|OLKM01003633|OLKM01003633.1 4954","OLKM01003633.1",4955,"MeA_20160214_scaffold_3632","OLKM01003633.1","maker","gene",4944,6668,".","+",".","ID=MEAE_00085128","MEAE_00085128","Alias=snap_masked-MeA_20160214_scaffold_3632-processed-gene-0.12","Protein of unknown function"
"1849","ENA|OLKM01003633|OLKM01003633.1 5144","OLKM01003633.1",5145,"MeA_20160214_scaffold_3632","OLKM01003633.1","maker","gene",4944,6668,".","+",".","ID=MEAE_00085128","MEAE_00085128","Alias=snap_masked-MeA_20160214_scaffold_3632-processed-gene-0.12","Protein of unknown function"
"1850","ENA|OLKM01003633|OLKM01003633.1 5618","OLKM01003633.1",5619,"MeA_20160214_scaffold_3632","OLKM01003633.1","maker","gene",4944,6668,".","+",".","ID=MEAE_00085128","MEAE_00085128","Alias=snap_masked-MeA_20160214_scaffold_3632-processed-gene-0.12","Protein of unknown function"
"1851","ENA|OLKM01003633|OLKM01003633.1 5684","OLKM01003633.1",5685,"MeA_20160214_scaffold_3632","OLKM01003633.1","maker","gene",4944,6668,".","+",".","ID=MEAE_00085128","MEAE_00085128","Alias=snap_masked-MeA_20160214_scaffold_3632-processed-gene-0.12","Protein of unknown function"
"1852","ENA|OLKM01003633|OLKM01003633.1 7037","OLKM01003633.1",7038,"MeA_20160214_scaffold_3632","OLKM01003633.1","maker","gene",6885,7662,".","-",".","ID=MEAE_00085129","MEAE_00085129","Alias=snap_masked-MeA_20160214_scaffold_3632-processed-gene-0.17","Protein of unknown function"
"1853","ENA|OLKM01003633|OLKM01003633.1 7265","OLKM01003633.1",7266,"MeA_20160214_scaffold_3632","OLKM01003633.1","maker","gene",6885,7662,".","-",".","ID=MEAE_00085129","MEAE_00085129","Alias=snap_masked-MeA_20160214_scaffold_3632-processed-gene-0.17","Protein of unknown function"
"1854","ENA|OLKM01003633|OLKM01003633.1 7354","OLKM01003633.1",7355,"MeA_20160214_scaffold_3632","OLKM01003633.1","maker","gene",6885,7662,".","-",".","ID=MEAE_00085129","MEAE_00085129","Alias=snap_masked-MeA_20160214_scaffold_3632-processed-gene-0.17","Protein of unknown function"
"1855","ENA|OLKM01003633|OLKM01003633.1 7531","OLKM01003633.1",7532,"MeA_20160214_scaffold_3632","OLKM01003633.1","maker","gene",6885,7662,".","-",".","ID=MEAE_00085129","MEAE_00085129","Alias=snap_masked-MeA_20160214_scaffold_3632-processed-gene-0.17","Protein of unknown function"
"1858","ENA|OLKM01003633|OLKM01003633.1 8334","OLKM01003633.1",8335,"MeA_20160214_scaffold_3632","OLKM01003633.1","maker","gene",8272,13350,".","-",".","ID=MEAE_00085130","MEAE_00085130","Alias=snap_masked-MeA_20160214_scaffold_3632-processed-gene-0.18","Protein of unknown function"
"1859","ENA|OLKM01003633|OLKM01003633.1 8364","OLKM01003633.1",8365,"MeA_20160214_scaffold_3632","OLKM01003633.1","maker","gene",8272,13350,".","-",".","ID=MEAE_00085130","MEAE_00085130","Alias=snap_masked-MeA_20160214_scaffold_3632-processed-gene-0.18","Protein of unknown function"
"1860","ENA|OLKM01003633|OLKM01003633.1 11549","OLKM01003633.1",11550,"MeA_20160214_scaffold_3632","OLKM01003633.1","maker","gene",10963,13663,".","+",".","ID=MEAE_00085131","MEAE_00085131","Alias=maker-MeA_20160214_scaffold_3632-augustus-gene-0.19","Protein of unknown function"
"1860.4","ENA|OLKM01003633|OLKM01003633.1 11549","OLKM01003633.1",11550,"MeA_20160214_scaffold_3632","OLKM01003633.1","maker","gene",8272,13350,".","-",".","ID=MEAE_00085130","MEAE_00085130","Alias=snap_masked-MeA_20160214_scaffold_3632-processed-gene-0.18","Protein of unknown function"
"1861","ENA|OLKM01003633|OLKM01003633.1 11571","OLKM01003633.1",11572,"MeA_20160214_scaffold_3632","OLKM01003633.1","maker","gene",10963,13663,".","+",".","ID=MEAE_00085131","MEAE_00085131","Alias=maker-MeA_20160214_scaffold_3632-augustus-gene-0.19","Protein of unknown function"
"1861.4","ENA|OLKM01003633|OLKM01003633.1 11571","OLKM01003633.1",11572,"MeA_20160214_scaffold_3632","OLKM01003633.1","maker","gene",8272,13350,".","-",".","ID=MEAE_00085130","MEAE_00085130","Alias=snap_masked-MeA_20160214_scaffold_3632-processed-gene-0.18","Protein of unknown function"
"1869","ENA|OLKM01003646|OLKM01003646.1 871","OLKM01003646.1",872,"MeA_20160214_scaffold_3645","OLKM01003646.1","maker","gene",156,1774,".","-",".","ID=MEAE_00085181","MEAE_00085181","Alias=genemark-MeA_20160214_scaffold_3645-processed-gene-0.4","Protein of unknown function"
"1869.4","ENA|OLKM01003646|OLKM01003646.1 871","OLKM01003646.1",872,"MeA_20160214_scaffold_3645","OLKM01003646.1","maker","gene",50,889,".","+",".","ID=MEAE_00085180","MEAE_00085180","Alias=snap_masked-MeA_20160214_scaffold_3645-processed-gene-0.12","Protein of unknown function"
"1870","ENA|OLKM01003646|OLKM01003646.1 949","OLKM01003646.1",950,"MeA_20160214_scaffold_3645","OLKM01003646.1","maker","gene",156,1774,".","-",".","ID=MEAE_00085181","MEAE_00085181","Alias=genemark-MeA_20160214_scaffold_3645-processed-gene-0.4","Protein of unknown function"
"1871","ENA|OLKM01003646|OLKM01003646.1 1681","OLKM01003646.1",1682,"MeA_20160214_scaffold_3645","OLKM01003646.1","maker","gene",156,1774,".","-",".","ID=MEAE_00085181","MEAE_00085181","Alias=genemark-MeA_20160214_scaffold_3645-processed-gene-0.4","Protein of unknown function"
"1875","ENA|OLKM01003646|OLKM01003646.1 2550","OLKM01003646.1",2551,"MeA_20160214_scaffold_3645","OLKM01003646.1","maker","gene",2403,7983,".","+",".","ID=MEAE_00085183","MEAE_00085183","Alias=snap_masked-MeA_20160214_scaffold_3645-processed-gene-0.14","Protein of unknown function"
"1876","ENA|OLKM01003646|OLKM01003646.1 2618","OLKM01003646.1",2619,"MeA_20160214_scaffold_3645","OLKM01003646.1","maker","gene",2403,7983,".","+",".","ID=MEAE_00085183","MEAE_00085183","Alias=snap_masked-MeA_20160214_scaffold_3645-processed-gene-0.14","Protein of unknown function"
"1877","ENA|OLKM01003646|OLKM01003646.1 3714","OLKM01003646.1",3715,"MeA_20160214_scaffold_3645","OLKM01003646.1","maker","gene",2626,8458,".","-",".","ID=MEAE_00085184","MEAE_00085184","Alias=snap_masked-MeA_20160214_scaffold_3645-processed-gene-0.15","Protein of unknown function"
"1877.4","ENA|OLKM01003646|OLKM01003646.1 3714","OLKM01003646.1",3715,"MeA_20160214_scaffold_3645","OLKM01003646.1","maker","gene",2403,7983,".","+",".","ID=MEAE_00085183","MEAE_00085183","Alias=snap_masked-MeA_20160214_scaffold_3645-processed-gene-0.14","Protein of unknown function"
"1878","ENA|OLKM01003646|OLKM01003646.1 3757","OLKM01003646.1",3758,"MeA_20160214_scaffold_3645","OLKM01003646.1","maker","gene",2626,8458,".","-",".","ID=MEAE_00085184","MEAE_00085184","Alias=snap_masked-MeA_20160214_scaffold_3645-processed-gene-0.15","Protein of unknown function"
"1878.4","ENA|OLKM01003646|OLKM01003646.1 3757","OLKM01003646.1",3758,"MeA_20160214_scaffold_3645","OLKM01003646.1","maker","gene",2403,7983,".","+",".","ID=MEAE_00085183","MEAE_00085183","Alias=snap_masked-MeA_20160214_scaffold_3645-processed-gene-0.14","Protein of unknown function"
"1879","ENA|OLKM01003646|OLKM01003646.1 3946","OLKM01003646.1",3947,"MeA_20160214_scaffold_3645","OLKM01003646.1","maker","gene",2626,8458,".","-",".","ID=MEAE_00085184","MEAE_00085184","Alias=snap_masked-MeA_20160214_scaffold_3645-processed-gene-0.15","Protein of unknown function"
"1879.4","ENA|OLKM01003646|OLKM01003646.1 3946","OLKM01003646.1",3947,"MeA_20160214_scaffold_3645","OLKM01003646.1","maker","gene",2403,7983,".","+",".","ID=MEAE_00085183","MEAE_00085183","Alias=snap_masked-MeA_20160214_scaffold_3645-processed-gene-0.14","Protein of unknown function"
"1880","ENA|OLKM01003646|OLKM01003646.1 4061","OLKM01003646.1",4062,"MeA_20160214_scaffold_3645","OLKM01003646.1","maker","gene",2626,8458,".","-",".","ID=MEAE_00085184","MEAE_00085184","Alias=snap_masked-MeA_20160214_scaffold_3645-processed-gene-0.15","Protein of unknown function"
"1880.4","ENA|OLKM01003646|OLKM01003646.1 4061","OLKM01003646.1",4062,"MeA_20160214_scaffold_3645","OLKM01003646.1","maker","gene",2403,7983,".","+",".","ID=MEAE_00085183","MEAE_00085183","Alias=snap_masked-MeA_20160214_scaffold_3645-processed-gene-0.14","Protein of unknown function"
"1881","ENA|OLKM01003646|OLKM01003646.1 6830","OLKM01003646.1",6831,"MeA_20160214_scaffold_3645","OLKM01003646.1","maker","gene",2626,8458,".","-",".","ID=MEAE_00085184","MEAE_00085184","Alias=snap_masked-MeA_20160214_scaffold_3645-processed-gene-0.15","Protein of unknown function"
"1881.2","ENA|OLKM01003646|OLKM01003646.1 6830","OLKM01003646.1",6831,"MeA_20160214_scaffold_3645","OLKM01003646.1","maker","gene",2403,7983,".","+",".","ID=MEAE_00085183","MEAE_00085183","Alias=snap_masked-MeA_20160214_scaffold_3645-processed-gene-0.14","Protein of unknown function"
"1884","ENA|OLKM01003646|OLKM01003646.1 21595","OLKM01003646.1",21596,"MeA_20160214_scaffold_3645","OLKM01003646.1","maker","gene",20889,28089,".","+",".","ID=MEAE_00085186","MEAE_00085186","Alias=augustus_masked-MeA_20160214_scaffold_3645-processed-gene-0.11","Protein of unknown function"
"1884.4","ENA|OLKM01003646|OLKM01003646.1 21595","OLKM01003646.1",21596,"MeA_20160214_scaffold_3645","OLKM01003646.1","maker","gene",21045,21621,".","-",".","ID=MEAE_00085187","MEAE_00085187","Alias=snap_masked-MeA_20160214_scaffold_3645-processed-gene-0.17","Protein of unknown function"
"1885","ENA|OLKM01003646|OLKM01003646.1 23663","OLKM01003646.1",23664,"MeA_20160214_scaffold_3645","OLKM01003646.1","maker","gene",20889,28089,".","+",".","ID=MEAE_00085186","MEAE_00085186","Alias=augustus_masked-MeA_20160214_scaffold_3645-processed-gene-0.11","Protein of unknown function"
"1885.2","ENA|OLKM01003646|OLKM01003646.1 23663","OLKM01003646.1",23664,"MeA_20160214_scaffold_3645","OLKM01003646.1","maker","gene",22471,24248,".","-",".","ID=MEAE_00085189","MEAE_00085189","Alias=snap_masked-MeA_20160214_scaffold_3645-processed-gene-0.19","Protein of unknown function"
"1886","ENA|OLKM01003646|OLKM01003646.1 23681","OLKM01003646.1",23682,"MeA_20160214_scaffold_3645","OLKM01003646.1","maker","gene",20889,28089,".","+",".","ID=MEAE_00085186","MEAE_00085186","Alias=augustus_masked-MeA_20160214_scaffold_3645-processed-gene-0.11","Protein of unknown function"
"1886.2","ENA|OLKM01003646|OLKM01003646.1 23681","OLKM01003646.1",23682,"MeA_20160214_scaffold_3645","OLKM01003646.1","maker","gene",22471,24248,".","-",".","ID=MEAE_00085189","MEAE_00085189","Alias=snap_masked-MeA_20160214_scaffold_3645-processed-gene-0.19","Protein of unknown function"
"1887","ENA|OLKM01003646|OLKM01003646.1 23696","OLKM01003646.1",23697,"MeA_20160214_scaffold_3645","OLKM01003646.1","maker","gene",20889,28089,".","+",".","ID=MEAE_00085186","MEAE_00085186","Alias=augustus_masked-MeA_20160214_scaffold_3645-processed-gene-0.11","Protein of unknown function"
"1887.2","ENA|OLKM01003646|OLKM01003646.1 23696","OLKM01003646.1",23697,"MeA_20160214_scaffold_3645","OLKM01003646.1","maker","gene",22471,24248,".","-",".","ID=MEAE_00085189","MEAE_00085189","Alias=snap_masked-MeA_20160214_scaffold_3645-processed-gene-0.19","Protein of unknown function"
"1888","ENA|OLKM01003646|OLKM01003646.1 23733","OLKM01003646.1",23734,"MeA_20160214_scaffold_3645","OLKM01003646.1","maker","gene",20889,28089,".","+",".","ID=MEAE_00085186","MEAE_00085186","Alias=augustus_masked-MeA_20160214_scaffold_3645-processed-gene-0.11","Protein of unknown function"
"1888.2","ENA|OLKM01003646|OLKM01003646.1 23733","OLKM01003646.1",23734,"MeA_20160214_scaffold_3645","OLKM01003646.1","maker","gene",22471,24248,".","-",".","ID=MEAE_00085189","MEAE_00085189","Alias=snap_masked-MeA_20160214_scaffold_3645-processed-gene-0.19","Protein of unknown function"
"1889","ENA|OLKM01003646|OLKM01003646.1 25310","OLKM01003646.1",25311,"MeA_20160214_scaffold_3645","OLKM01003646.1","maker","gene",20889,28089,".","+",".","ID=MEAE_00085186","MEAE_00085186","Alias=augustus_masked-MeA_20160214_scaffold_3645-processed-gene-0.11","Protein of unknown function"
"1889.4","ENA|OLKM01003646|OLKM01003646.1 25310","OLKM01003646.1",25311,"MeA_20160214_scaffold_3645","OLKM01003646.1","maker","gene",25272,27672,".","-",".","ID=MEAE_00085190","MEAE_00085190","Alias=snap_masked-MeA_20160214_scaffold_3645-processed-gene-0.20","Protein of unknown function"
"1890","ENA|OLKM01003646|OLKM01003646.1 25886","OLKM01003646.1",25887,"MeA_20160214_scaffold_3645","OLKM01003646.1","maker","gene",20889,28089,".","+",".","ID=MEAE_00085186","MEAE_00085186","Alias=augustus_masked-MeA_20160214_scaffold_3645-processed-gene-0.11","Protein of unknown function"
"1890.4","ENA|OLKM01003646|OLKM01003646.1 25886","OLKM01003646.1",25887,"MeA_20160214_scaffold_3645","OLKM01003646.1","maker","gene",25272,27672,".","-",".","ID=MEAE_00085190","MEAE_00085190","Alias=snap_masked-MeA_20160214_scaffold_3645-processed-gene-0.20","Protein of unknown function"
"1892","ENA|OLKM01003655|OLKM01003655.1 27757","OLKM01003655.1",27758,"MeA_20160214_scaffold_3654","OLKM01003655.1","maker","gene",22807,28032,".","-",".","ID=MEAE_00085227","MEAE_00085227","Alias=augustus_masked-MeA_20160214_scaffold_3654-processed-gene-0.9","Protein of unknown function"
"1893","ENA|OLKM01003665|OLKM01003665.1 16312","OLKM01003665.1",16313,"MeA_20160214_scaffold_3664","OLKM01003665.1","maker","gene",14898,16971,".","-",".","ID=MEAE_00085280","MEAE_00085280","Alias=maker-MeA_20160214_scaffold_3664-snap-gene-0.8","Protein of unknown function"
"1906","ENA|OLKM01003712|OLKM01003712.1 5874","OLKM01003712.1",5875,"MeA_20160214_scaffold_3711","OLKM01003712.1","maker","gene",367,8146,".","+",".","ID=MEAE_00085502","MEAE_00085502","Alias=snap_masked-MeA_20160214_scaffold_3711-processed-gene-0.12","Protein of unknown function"
"1906.2","ENA|OLKM01003712|OLKM01003712.1 5874","OLKM01003712.1",5875,"MeA_20160214_scaffold_3711","OLKM01003712.1","maker","gene",406,8249,".","-",".","ID=MEAE_00085503","MEAE_00085503","Alias=augustus_masked-MeA_20160214_scaffold_3711-processed-gene-0.11","Protein of unknown function"
"1914","ENA|OLKM01003730|OLKM01003730.1 4880","OLKM01003730.1",4881,"MeA_20160214_scaffold_3729","OLKM01003730.1","maker","gene",1037,5034,".","-",".","ID=MEAE_00085582","MEAE_00085582","Alias=maker-MeA_20160214_scaffold_3729-snap-gene-0.17","Protein of unknown function"
"1915","ENA|OLKM01003730|OLKM01003730.1 18184","OLKM01003730.1",18185,"MeA_20160214_scaffold_3729","OLKM01003730.1","maker","gene",14997,25629,".","-",".","ID=MEAE_00085585","MEAE_00085585","Alias=maker-MeA_20160214_scaffold_3729-snap-gene-0.19","Similar to NLRP12: NACHT%2C LRR and PYD domains-containing protein 12 (Homo sapiens)"
"1922","ENA|OLKM01003751|OLKM01003751.1 9841","OLKM01003751.1",9842,"MeA_20160214_scaffold_3750","OLKM01003751.1","maker","gene",9555,10496,".","+",".","ID=MEAE_00085677","MEAE_00085677","Alias=maker-MeA_20160214_scaffold_3750-snap-gene-0.24","Protein of unknown function"
"1922.4","ENA|OLKM01003751|OLKM01003751.1 9841","OLKM01003751.1",9842,"MeA_20160214_scaffold_3750","OLKM01003751.1","maker","gene",5281,26590,".","-",".","ID=MEAE_00085676","MEAE_00085676","Alias=maker-MeA_20160214_scaffold_3750-snap-gene-0.26","Similar to Stonustoxin subunit beta (Synanceia horrida)"
"1923","ENA|OLKM01003754|OLKM01003754.1 25274","OLKM01003754.1",25275,"MeA_20160214_scaffold_3753","OLKM01003754.1","maker","gene",10950,29651,".","+",".","ID=MEAE_00085696","MEAE_00085696","Alias=maker-MeA_20160214_scaffold_3753-snap-gene-0.22","Protein of unknown function"
"1923.2","ENA|OLKM01003754|OLKM01003754.1 25274","OLKM01003754.1",25275,"MeA_20160214_scaffold_3753","OLKM01003754.1","maker","gene",13879,26552,".","-",".","ID=MEAE_00085697","MEAE_00085697","Alias=maker-MeA_20160214_scaffold_3753-augustus-gene-0.21","Protein of unknown function"
"1924","ENA|OLKM01003758|OLKM01003758.1 10262","OLKM01003758.1",10263,"MeA_20160214_scaffold_3757","OLKM01003758.1","maker","gene",3933,13046,".","+",".","ID=MEAE_00085717","MEAE_00085717","Alias=snap_masked-MeA_20160214_scaffold_3757-processed-gene-0.9","Similar to CACNG5: Voltage-dependent calcium channel gamma-5 subunit (Homo sapiens)"
"1925","ENA|OLKM01003758|OLKM01003758.1 18453","OLKM01003758.1",18454,"MeA_20160214_scaffold_3757","OLKM01003758.1","maker","gene",18328,19128,".","+",".","ID=MEAE_00085718","MEAE_00085718","Alias=snap_masked-MeA_20160214_scaffold_3757-processed-gene-0.10","Protein of unknown function"
"1929","ENA|OLKM01003761|OLKM01003761.1 16872","OLKM01003761.1",16873,"MeA_20160214_scaffold_3760","OLKM01003761.1","maker","gene",12259,19163,".","+",".","ID=MEAE_00085737","MEAE_00085737","Alias=augustus_masked-MeA_20160214_scaffold_3760-processed-gene-0.13","Protein of unknown function"
"1929.2","ENA|OLKM01003761|OLKM01003761.1 16872","OLKM01003761.1",16873,"MeA_20160214_scaffold_3760","OLKM01003761.1","maker","gene",16638,18907,".","-",".","ID=MEAE_00085738","MEAE_00085738","Alias=snap_masked-MeA_20160214_scaffold_3760-processed-gene-0.25","Protein of unknown function"
"1930","ENA|OLKM01003761|OLKM01003761.1 17110","OLKM01003761.1",17111,"MeA_20160214_scaffold_3760","OLKM01003761.1","maker","gene",12259,19163,".","+",".","ID=MEAE_00085737","MEAE_00085737","Alias=augustus_masked-MeA_20160214_scaffold_3760-processed-gene-0.13","Protein of unknown function"
"1930.2","ENA|OLKM01003761|OLKM01003761.1 17110","OLKM01003761.1",17111,"MeA_20160214_scaffold_3760","OLKM01003761.1","maker","gene",16638,18907,".","-",".","ID=MEAE_00085738","MEAE_00085738","Alias=snap_masked-MeA_20160214_scaffold_3760-processed-gene-0.25","Protein of unknown function"
"1933","ENA|OLKM01003765|OLKM01003765.1 14377","OLKM01003765.1",14378,"MeA_20160214_scaffold_3764","OLKM01003765.1","maker","gene",14287,14508,".","-",".","ID=MEAE_00085756","MEAE_00085756","Alias=snap_masked-MeA_20160214_scaffold_3764-processed-gene-0.9","Protein of unknown function"
"1933.4","ENA|OLKM01003765|OLKM01003765.1 14377","OLKM01003765.1",14378,"MeA_20160214_scaffold_3764","OLKM01003765.1","maker","gene",8338,14394,".","+",".","ID=MEAE_00085754","MEAE_00085754","Alias=augustus_masked-MeA_20160214_scaffold_3764-processed-gene-0.6","Protein of unknown function"
"1935","ENA|OLKM01003766|OLKM01003766.1 8449","OLKM01003766.1",8450,"MeA_20160214_scaffold_3765","OLKM01003766.1","maker","gene",5725,12940,".","+",".","ID=MEAE_00085758","MEAE_00085758","Alias=snap_masked-MeA_20160214_scaffold_3765-processed-gene-0.8","Protein of unknown function"
"1935.2","ENA|OLKM01003766|OLKM01003766.1 8449","OLKM01003766.1",8450,"MeA_20160214_scaffold_3765","OLKM01003766.1","maker","gene",7015,13444,".","-",".","ID=MEAE_00085759","MEAE_00085759","Alias=snap_masked-MeA_20160214_scaffold_3765-processed-gene-0.11","Protein of unknown function"
"1936","ENA|OLKM01003766|OLKM01003766.1 25406","OLKM01003766.1",25407,"MeA_20160214_scaffold_3765","OLKM01003766.1","maker","gene",23092,27133,".","+",".","ID=MEAE_00085762","MEAE_00085762","Alias=maker-MeA_20160214_scaffold_3765-augustus-gene-0.13","Protein of unknown function"
"1937","ENA|OLKM01003766|OLKM01003766.1 25414","OLKM01003766.1",25415,"MeA_20160214_scaffold_3765","OLKM01003766.1","maker","gene",23092,27133,".","+",".","ID=MEAE_00085762","MEAE_00085762","Alias=maker-MeA_20160214_scaffold_3765-augustus-gene-0.13","Protein of unknown function"
"1938","ENA|OLKM01003766|OLKM01003766.1 25558","OLKM01003766.1",25559,"MeA_20160214_scaffold_3765","OLKM01003766.1","maker","gene",23092,27133,".","+",".","ID=MEAE_00085762","MEAE_00085762","Alias=maker-MeA_20160214_scaffold_3765-augustus-gene-0.13","Protein of unknown function"
"1941","ENA|OLKM01003773|OLKM01003773.1 18934","OLKM01003773.1",18935,"MeA_20160214_scaffold_3772","OLKM01003773.1","maker","gene",18154,24399,".","-",".","ID=MEAE_00085787","MEAE_00085787","Alias=snap_masked-MeA_20160214_scaffold_3772-processed-gene-0.5","Protein of unknown function"
"1962","ENA|OLKM01003818|OLKM01003818.1 2172","OLKM01003818.1",2173,"MeA_20160214_scaffold_3817","OLKM01003818.1","maker","gene",1163,2203,".","+",".","ID=MEAE_00085968","MEAE_00085968","Alias=maker-MeA_20160214_scaffold_3817-augustus-gene-0.9","Protein of unknown function"
"1962.4","ENA|OLKM01003818|OLKM01003818.1 2172","OLKM01003818.1",2173,"MeA_20160214_scaffold_3817","OLKM01003818.1","maker","gene",1593,6619,".","-",".","ID=MEAE_00085969","MEAE_00085969","Alias=maker-MeA_20160214_scaffold_3817-snap-gene-0.13","Protein of unknown function"
"1963","ENA|OLKM01003818|OLKM01003818.1 2175","OLKM01003818.1",2176,"MeA_20160214_scaffold_3817","OLKM01003818.1","maker","gene",1163,2203,".","+",".","ID=MEAE_00085968","MEAE_00085968","Alias=maker-MeA_20160214_scaffold_3817-augustus-gene-0.9","Protein of unknown function"
"1963.4","ENA|OLKM01003818|OLKM01003818.1 2175","OLKM01003818.1",2176,"MeA_20160214_scaffold_3817","OLKM01003818.1","maker","gene",1593,6619,".","-",".","ID=MEAE_00085969","MEAE_00085969","Alias=maker-MeA_20160214_scaffold_3817-snap-gene-0.13","Protein of unknown function"
"1964","ENA|OLKM01003818|OLKM01003818.1 4813","OLKM01003818.1",4814,"MeA_20160214_scaffold_3817","OLKM01003818.1","maker","gene",4320,7481,".","+",".","ID=MEAE_00085970","MEAE_00085970","Alias=maker-MeA_20160214_scaffold_3817-augustus-gene-0.10","Protein of unknown function"
"1964.4","ENA|OLKM01003818|OLKM01003818.1 4813","OLKM01003818.1",4814,"MeA_20160214_scaffold_3817","OLKM01003818.1","maker","gene",1593,6619,".","-",".","ID=MEAE_00085969","MEAE_00085969","Alias=maker-MeA_20160214_scaffold_3817-snap-gene-0.13","Protein of unknown function"
"1965","ENA|OLKM01003818|OLKM01003818.1 4875","OLKM01003818.1",4876,"MeA_20160214_scaffold_3817","OLKM01003818.1","maker","gene",4320,7481,".","+",".","ID=MEAE_00085970","MEAE_00085970","Alias=maker-MeA_20160214_scaffold_3817-augustus-gene-0.10","Protein of unknown function"
"1965.4","ENA|OLKM01003818|OLKM01003818.1 4875","OLKM01003818.1",4876,"MeA_20160214_scaffold_3817","OLKM01003818.1","maker","gene",1593,6619,".","-",".","ID=MEAE_00085969","MEAE_00085969","Alias=maker-MeA_20160214_scaffold_3817-snap-gene-0.13","Protein of unknown function"
"1966","ENA|OLKM01003818|OLKM01003818.1 5652","OLKM01003818.1",5653,"MeA_20160214_scaffold_3817","OLKM01003818.1","maker","gene",4320,7481,".","+",".","ID=MEAE_00085970","MEAE_00085970","Alias=maker-MeA_20160214_scaffold_3817-augustus-gene-0.10","Protein of unknown function"
"1966.4","ENA|OLKM01003818|OLKM01003818.1 5652","OLKM01003818.1",5653,"MeA_20160214_scaffold_3817","OLKM01003818.1","maker","gene",1593,6619,".","-",".","ID=MEAE_00085969","MEAE_00085969","Alias=maker-MeA_20160214_scaffold_3817-snap-gene-0.13","Protein of unknown function"
"1967","ENA|OLKM01003818|OLKM01003818.1 6102","OLKM01003818.1",6103,"MeA_20160214_scaffold_3817","OLKM01003818.1","maker","gene",4320,7481,".","+",".","ID=MEAE_00085970","MEAE_00085970","Alias=maker-MeA_20160214_scaffold_3817-augustus-gene-0.10","Protein of unknown function"
"1967.2","ENA|OLKM01003818|OLKM01003818.1 6102","OLKM01003818.1",6103,"MeA_20160214_scaffold_3817","OLKM01003818.1","maker","gene",1593,6619,".","-",".","ID=MEAE_00085969","MEAE_00085969","Alias=maker-MeA_20160214_scaffold_3817-snap-gene-0.13","Protein of unknown function"
"1968","ENA|OLKM01003818|OLKM01003818.1 6135","OLKM01003818.1",6136,"MeA_20160214_scaffold_3817","OLKM01003818.1","maker","gene",4320,7481,".","+",".","ID=MEAE_00085970","MEAE_00085970","Alias=maker-MeA_20160214_scaffold_3817-augustus-gene-0.10","Protein of unknown function"
"1968.2","ENA|OLKM01003818|OLKM01003818.1 6135","OLKM01003818.1",6136,"MeA_20160214_scaffold_3817","OLKM01003818.1","maker","gene",1593,6619,".","-",".","ID=MEAE_00085969","MEAE_00085969","Alias=maker-MeA_20160214_scaffold_3817-snap-gene-0.13","Protein of unknown function"
"1969","ENA|OLKM01003818|OLKM01003818.1 7464","OLKM01003818.1",7465,"MeA_20160214_scaffold_3817","OLKM01003818.1","maker","gene",4320,7481,".","+",".","ID=MEAE_00085970","MEAE_00085970","Alias=maker-MeA_20160214_scaffold_3817-augustus-gene-0.10","Protein of unknown function"
"1977","ENA|OLKM01003835|OLKM01003835.1 23346","OLKM01003835.1",23347,"MeA_20160214_scaffold_3834","OLKM01003835.1","maker","gene",21637,26700,".","+",".","ID=MEAE_00086032","MEAE_00086032","Alias=maker-MeA_20160214_scaffold_3834-snap-gene-0.5","Protein of unknown function"
"1981","ENA|OLKM01003848|OLKM01003848.1 5158","OLKM01003848.1",5159,"MeA_20160214_scaffold_3847","OLKM01003848.1","maker","gene",3600,8052,".","-",".","ID=MEAE_00086065","MEAE_00086065","Alias=genemark-MeA_20160214_scaffold_3847-processed-gene-0.6","Protein of unknown function"
"1987","ENA|OLKM01003860|OLKM01003860.1 8157","OLKM01003860.1",8158,"MeA_20160214_scaffold_3859","OLKM01003860.1","maker","gene",7574,8665,".","+",".","ID=MEAE_00086120","MEAE_00086120","Alias=augustus_masked-MeA_20160214_scaffold_3859-processed-gene-0.3","Protein of unknown function"
"1988","ENA|OLKM01003860|OLKM01003860.1 8350","OLKM01003860.1",8351,"MeA_20160214_scaffold_3859","OLKM01003860.1","maker","gene",7574,8665,".","+",".","ID=MEAE_00086120","MEAE_00086120","Alias=augustus_masked-MeA_20160214_scaffold_3859-processed-gene-0.3","Protein of unknown function"
"1993","ENA|OLKM01003872|OLKM01003872.1 6900","OLKM01003872.1",6901,"MeA_20160214_scaffold_3871","OLKM01003872.1","maker","gene",1892,8754,".","+",".","ID=MEAE_00086160","MEAE_00086160","Alias=snap_masked-MeA_20160214_scaffold_3871-processed-gene-0.4","Similar to HLA-DRB1: HLA class II histocompatibility antigen%2C DRB1-16 beta chain (Homo sapiens)"
"1996","ENA|OLKM01003885|OLKM01003885.1 16064","OLKM01003885.1",16065,"MeA_20160214_scaffold_3884","OLKM01003885.1","maker","gene",14854,17741,".","-",".","ID=MEAE_00086218","MEAE_00086218","Alias=snap_masked-MeA_20160214_scaffold_3884-processed-gene-0.10","Protein of unknown function"
"1997","ENA|OLKM01003886|OLKM01003886.1 7476","OLKM01003886.1",7477,"MeA_20160214_scaffold_3885","OLKM01003886.1","maker","gene",880,19140,".","-",".","ID=MEAE_00086222","MEAE_00086222","Alias=maker-MeA_20160214_scaffold_3885-augustus-gene-0.8","Similar to Lmln: Leishmanolysin-like peptidase (Mus musculus)"
"1997.2","ENA|OLKM01003886|OLKM01003886.1 7476","OLKM01003886.1",7477,"MeA_20160214_scaffold_3885","OLKM01003886.1","maker","gene",2503,13426,".","+",".","ID=MEAE_00086223","MEAE_00086223","Alias=snap_masked-MeA_20160214_scaffold_3885-processed-gene-0.6","Protein of unknown function"
"1999","ENA|OLKM01003896|OLKM01003896.1 1628","OLKM01003896.1",1629,"MeA_20160214_scaffold_3895","OLKM01003896.1","maker","gene",616,2513,".","+",".","ID=MEAE_00086257","MEAE_00086257","Alias=maker-MeA_20160214_scaffold_3895-augustus-gene-0.13","Protein of unknown function"
"2000","ENA|OLKM01003896|OLKM01003896.1 1674","OLKM01003896.1",1675,"MeA_20160214_scaffold_3895","OLKM01003896.1","maker","gene",616,2513,".","+",".","ID=MEAE_00086257","MEAE_00086257","Alias=maker-MeA_20160214_scaffold_3895-augustus-gene-0.13","Protein of unknown function"
"2003","ENA|OLKM01003897|OLKM01003897.1 22736","OLKM01003897.1",22737,"MeA_20160214_scaffold_3896","OLKM01003897.1","maker","gene",22720,23711,".","+",".","ID=MEAE_00086260","MEAE_00086260","Alias=snap_masked-MeA_20160214_scaffold_3896-processed-gene-0.5","Similar to ZCCHC3: Zinc finger CCHC domain-containing protein 3 (Homo sapiens)"
"2004","ENA|OLKM01003897|OLKM01003897.1 22761","OLKM01003897.1",22762,"MeA_20160214_scaffold_3896","OLKM01003897.1","maker","gene",22720,23711,".","+",".","ID=MEAE_00086260","MEAE_00086260","Alias=snap_masked-MeA_20160214_scaffold_3896-processed-gene-0.5","Similar to ZCCHC3: Zinc finger CCHC domain-containing protein 3 (Homo sapiens)"
"2005","ENA|OLKM01003897|OLKM01003897.1 22782","OLKM01003897.1",22783,"MeA_20160214_scaffold_3896","OLKM01003897.1","maker","gene",22720,23711,".","+",".","ID=MEAE_00086260","MEAE_00086260","Alias=snap_masked-MeA_20160214_scaffold_3896-processed-gene-0.5","Similar to ZCCHC3: Zinc finger CCHC domain-containing protein 3 (Homo sapiens)"
"2006","ENA|OLKM01003897|OLKM01003897.1 23396","OLKM01003897.1",23397,"MeA_20160214_scaffold_3896","OLKM01003897.1","maker","gene",22720,23711,".","+",".","ID=MEAE_00086260","MEAE_00086260","Alias=snap_masked-MeA_20160214_scaffold_3896-processed-gene-0.5","Similar to ZCCHC3: Zinc finger CCHC domain-containing protein 3 (Homo sapiens)"
"2012","ENA|OLKM01003904|OLKM01003904.1 8915","OLKM01003904.1",8916,"MeA_20160214_scaffold_3903","OLKM01003904.1","maker","gene",8482,12720,".","-",".","ID=MEAE_00086283","MEAE_00086283","Alias=snap_masked-MeA_20160214_scaffold_3903-processed-gene-0.10","Protein of unknown function"
"2013","ENA|OLKM01003904|OLKM01003904.1 9012","OLKM01003904.1",9013,"MeA_20160214_scaffold_3903","OLKM01003904.1","maker","gene",8924,12858,".","+",".","ID=MEAE_00086284","MEAE_00086284","Alias=snap_masked-MeA_20160214_scaffold_3903-processed-gene-0.8","Protein of unknown function"
"2013.2","ENA|OLKM01003904|OLKM01003904.1 9012","OLKM01003904.1",9013,"MeA_20160214_scaffold_3903","OLKM01003904.1","maker","gene",8482,12720,".","-",".","ID=MEAE_00086283","MEAE_00086283","Alias=snap_masked-MeA_20160214_scaffold_3903-processed-gene-0.10","Protein of unknown function"
"2014","ENA|OLKM01003904|OLKM01003904.1 9052","OLKM01003904.1",9053,"MeA_20160214_scaffold_3903","OLKM01003904.1","maker","gene",8924,12858,".","+",".","ID=MEAE_00086284","MEAE_00086284","Alias=snap_masked-MeA_20160214_scaffold_3903-processed-gene-0.8","Protein of unknown function"
"2014.2","ENA|OLKM01003904|OLKM01003904.1 9052","OLKM01003904.1",9053,"MeA_20160214_scaffold_3903","OLKM01003904.1","maker","gene",8482,12720,".","-",".","ID=MEAE_00086283","MEAE_00086283","Alias=snap_masked-MeA_20160214_scaffold_3903-processed-gene-0.10","Protein of unknown function"
"2015","ENA|OLKM01003904|OLKM01003904.1 18803","OLKM01003904.1",18804,"MeA_20160214_scaffold_3903","OLKM01003904.1","maker","gene",13985,27199,".","+",".","ID=MEAE_00086285","MEAE_00086285","Alias=maker-MeA_20160214_scaffold_3903-augustus-gene-0.11","Protein of unknown function"
"2023","ENA|OLKM01003915|OLKM01003915.1 21440","OLKM01003915.1",21441,"MeA_20160214_scaffold_3914","OLKM01003915.1","maker","gene",21330,22272,".","+",".","ID=MEAE_00086325","MEAE_00086325","Alias=augustus_masked-MeA_20160214_scaffold_3914-processed-gene-0.8","Similar to Tlr2: Toll-like receptor 2 (Mus musculus)"
"2024","ENA|OLKM01003916|OLKM01003916.1 10051","OLKM01003916.1",10052,"MeA_20160214_scaffold_3915","OLKM01003916.1","maker","gene",7560,17906,".","+",".","ID=MEAE_00086329","MEAE_00086329","Alias=snap_masked-MeA_20160214_scaffold_3915-processed-gene-0.12","Protein of unknown function"
"2025","ENA|OLKM01003916|OLKM01003916.1 10097","OLKM01003916.1",10098,"MeA_20160214_scaffold_3915","OLKM01003916.1","maker","gene",7560,17906,".","+",".","ID=MEAE_00086329","MEAE_00086329","Alias=snap_masked-MeA_20160214_scaffold_3915-processed-gene-0.12","Protein of unknown function"
"2026","ENA|OLKM01003916|OLKM01003916.1 10112","OLKM01003916.1",10113,"MeA_20160214_scaffold_3915","OLKM01003916.1","maker","gene",7560,17906,".","+",".","ID=MEAE_00086329","MEAE_00086329","Alias=snap_masked-MeA_20160214_scaffold_3915-processed-gene-0.12","Protein of unknown function"
"2027","ENA|OLKM01003916|OLKM01003916.1 11014","OLKM01003916.1",11015,"MeA_20160214_scaffold_3915","OLKM01003916.1","maker","gene",7560,17906,".","+",".","ID=MEAE_00086329","MEAE_00086329","Alias=snap_masked-MeA_20160214_scaffold_3915-processed-gene-0.12","Protein of unknown function"
"2028","ENA|OLKM01003916|OLKM01003916.1 11046","OLKM01003916.1",11047,"MeA_20160214_scaffold_3915","OLKM01003916.1","maker","gene",7560,17906,".","+",".","ID=MEAE_00086329","MEAE_00086329","Alias=snap_masked-MeA_20160214_scaffold_3915-processed-gene-0.12","Protein of unknown function"
"2029","ENA|OLKM01003916|OLKM01003916.1 11069","OLKM01003916.1",11070,"MeA_20160214_scaffold_3915","OLKM01003916.1","maker","gene",7560,17906,".","+",".","ID=MEAE_00086329","MEAE_00086329","Alias=snap_masked-MeA_20160214_scaffold_3915-processed-gene-0.12","Protein of unknown function"
"2030","ENA|OLKM01003916|OLKM01003916.1 11074","OLKM01003916.1",11075,"MeA_20160214_scaffold_3915","OLKM01003916.1","maker","gene",7560,17906,".","+",".","ID=MEAE_00086329","MEAE_00086329","Alias=snap_masked-MeA_20160214_scaffold_3915-processed-gene-0.12","Protein of unknown function"
"2031","ENA|OLKM01003916|OLKM01003916.1 11093","OLKM01003916.1",11094,"MeA_20160214_scaffold_3915","OLKM01003916.1","maker","gene",7560,17906,".","+",".","ID=MEAE_00086329","MEAE_00086329","Alias=snap_masked-MeA_20160214_scaffold_3915-processed-gene-0.12","Protein of unknown function"
"2032","ENA|OLKM01003916|OLKM01003916.1 11177","OLKM01003916.1",11178,"MeA_20160214_scaffold_3915","OLKM01003916.1","maker","gene",7560,17906,".","+",".","ID=MEAE_00086329","MEAE_00086329","Alias=snap_masked-MeA_20160214_scaffold_3915-processed-gene-0.12","Protein of unknown function"
"2033","ENA|OLKM01003916|OLKM01003916.1 11212","OLKM01003916.1",11213,"MeA_20160214_scaffold_3915","OLKM01003916.1","maker","gene",7560,17906,".","+",".","ID=MEAE_00086329","MEAE_00086329","Alias=snap_masked-MeA_20160214_scaffold_3915-processed-gene-0.12","Protein of unknown function"
"2034","ENA|OLKM01003916|OLKM01003916.1 11248","OLKM01003916.1",11249,"MeA_20160214_scaffold_3915","OLKM01003916.1","maker","gene",7560,17906,".","+",".","ID=MEAE_00086329","MEAE_00086329","Alias=snap_masked-MeA_20160214_scaffold_3915-processed-gene-0.12","Protein of unknown function"
"2035","ENA|OLKM01003916|OLKM01003916.1 11413","OLKM01003916.1",11414,"MeA_20160214_scaffold_3915","OLKM01003916.1","maker","gene",7560,17906,".","+",".","ID=MEAE_00086329","MEAE_00086329","Alias=snap_masked-MeA_20160214_scaffold_3915-processed-gene-0.12","Protein of unknown function"
"2036","ENA|OLKM01003916|OLKM01003916.1 11423","OLKM01003916.1",11424,"MeA_20160214_scaffold_3915","OLKM01003916.1","maker","gene",7560,17906,".","+",".","ID=MEAE_00086329","MEAE_00086329","Alias=snap_masked-MeA_20160214_scaffold_3915-processed-gene-0.12","Protein of unknown function"
"2037","ENA|OLKM01003916|OLKM01003916.1 11503","OLKM01003916.1",11504,"MeA_20160214_scaffold_3915","OLKM01003916.1","maker","gene",7560,17906,".","+",".","ID=MEAE_00086329","MEAE_00086329","Alias=snap_masked-MeA_20160214_scaffold_3915-processed-gene-0.12","Protein of unknown function"
"2038","ENA|OLKM01003916|OLKM01003916.1 11605","OLKM01003916.1",11606,"MeA_20160214_scaffold_3915","OLKM01003916.1","maker","gene",7560,17906,".","+",".","ID=MEAE_00086329","MEAE_00086329","Alias=snap_masked-MeA_20160214_scaffold_3915-processed-gene-0.12","Protein of unknown function"
"2039","ENA|OLKM01003916|OLKM01003916.1 11818","OLKM01003916.1",11819,"MeA_20160214_scaffold_3915","OLKM01003916.1","maker","gene",7560,17906,".","+",".","ID=MEAE_00086329","MEAE_00086329","Alias=snap_masked-MeA_20160214_scaffold_3915-processed-gene-0.12","Protein of unknown function"
"2040","ENA|OLKM01003916|OLKM01003916.1 12455","OLKM01003916.1",12456,"MeA_20160214_scaffold_3915","OLKM01003916.1","maker","gene",7560,17906,".","+",".","ID=MEAE_00086329","MEAE_00086329","Alias=snap_masked-MeA_20160214_scaffold_3915-processed-gene-0.12","Protein of unknown function"
"2041","ENA|OLKM01003916|OLKM01003916.1 13148","OLKM01003916.1",13149,"MeA_20160214_scaffold_3915","OLKM01003916.1","maker","gene",7560,17906,".","+",".","ID=MEAE_00086329","MEAE_00086329","Alias=snap_masked-MeA_20160214_scaffold_3915-processed-gene-0.12","Protein of unknown function"
"2042","ENA|OLKM01003916|OLKM01003916.1 13568","OLKM01003916.1",13569,"MeA_20160214_scaffold_3915","OLKM01003916.1","maker","gene",7560,17906,".","+",".","ID=MEAE_00086329","MEAE_00086329","Alias=snap_masked-MeA_20160214_scaffold_3915-processed-gene-0.12","Protein of unknown function"
"2043","ENA|OLKM01003916|OLKM01003916.1 13681","OLKM01003916.1",13682,"MeA_20160214_scaffold_3915","OLKM01003916.1","maker","gene",7560,17906,".","+",".","ID=MEAE_00086329","MEAE_00086329","Alias=snap_masked-MeA_20160214_scaffold_3915-processed-gene-0.12","Protein of unknown function"
"2044","ENA|OLKM01003916|OLKM01003916.1 13859","OLKM01003916.1",13860,"MeA_20160214_scaffold_3915","OLKM01003916.1","maker","gene",7560,17906,".","+",".","ID=MEAE_00086329","MEAE_00086329","Alias=snap_masked-MeA_20160214_scaffold_3915-processed-gene-0.12","Protein of unknown function"
"2045","ENA|OLKM01003916|OLKM01003916.1 14759","OLKM01003916.1",14760,"MeA_20160214_scaffold_3915","OLKM01003916.1","maker","gene",7560,17906,".","+",".","ID=MEAE_00086329","MEAE_00086329","Alias=snap_masked-MeA_20160214_scaffold_3915-processed-gene-0.12","Protein of unknown function"
"2046","ENA|OLKM01003916|OLKM01003916.1 15259","OLKM01003916.1",15260,"MeA_20160214_scaffold_3915","OLKM01003916.1","maker","gene",7560,17906,".","+",".","ID=MEAE_00086329","MEAE_00086329","Alias=snap_masked-MeA_20160214_scaffold_3915-processed-gene-0.12","Protein of unknown function"
"2047","ENA|OLKM01003916|OLKM01003916.1 15591","OLKM01003916.1",15592,"MeA_20160214_scaffold_3915","OLKM01003916.1","maker","gene",7560,17906,".","+",".","ID=MEAE_00086329","MEAE_00086329","Alias=snap_masked-MeA_20160214_scaffold_3915-processed-gene-0.12","Protein of unknown function"
"2048","ENA|OLKM01003916|OLKM01003916.1 15602","OLKM01003916.1",15603,"MeA_20160214_scaffold_3915","OLKM01003916.1","maker","gene",7560,17906,".","+",".","ID=MEAE_00086329","MEAE_00086329","Alias=snap_masked-MeA_20160214_scaffold_3915-processed-gene-0.12","Protein of unknown function"
"2049","ENA|OLKM01003916|OLKM01003916.1 15641","OLKM01003916.1",15642,"MeA_20160214_scaffold_3915","OLKM01003916.1","maker","gene",7560,17906,".","+",".","ID=MEAE_00086329","MEAE_00086329","Alias=snap_masked-MeA_20160214_scaffold_3915-processed-gene-0.12","Protein of unknown function"
"2050","ENA|OLKM01003916|OLKM01003916.1 17707","OLKM01003916.1",17708,"MeA_20160214_scaffold_3915","OLKM01003916.1","maker","gene",7560,17906,".","+",".","ID=MEAE_00086329","MEAE_00086329","Alias=snap_masked-MeA_20160214_scaffold_3915-processed-gene-0.12","Protein of unknown function"
"2050.2","ENA|OLKM01003916|OLKM01003916.1 17707","OLKM01003916.1",17708,"MeA_20160214_scaffold_3915","OLKM01003916.1","maker","gene",15713,26588,".","-",".","ID=MEAE_00086331","MEAE_00086331","Alias=snap_masked-MeA_20160214_scaffold_3915-processed-gene-0.15","Protein of unknown function"
"2051","ENA|OLKM01003916|OLKM01003916.1 18686","OLKM01003916.1",18687,"MeA_20160214_scaffold_3915","OLKM01003916.1","maker","gene",15713,26588,".","-",".","ID=MEAE_00086331","MEAE_00086331","Alias=snap_masked-MeA_20160214_scaffold_3915-processed-gene-0.15","Protein of unknown function"
"2052","ENA|OLKM01003916|OLKM01003916.1 20060","OLKM01003916.1",20061,"MeA_20160214_scaffold_3915","OLKM01003916.1","maker","gene",19188,26534,".","+",".","ID=MEAE_00086332","MEAE_00086332","Alias=snap_masked-MeA_20160214_scaffold_3915-processed-gene-0.13","Similar to xynB: Endo-1%2C4-beta-xylanase B (Neocallimastix patriciarum)"
"2052.4","ENA|OLKM01003916|OLKM01003916.1 20060","OLKM01003916.1",20061,"MeA_20160214_scaffold_3915","OLKM01003916.1","maker","gene",15713,26588,".","-",".","ID=MEAE_00086331","MEAE_00086331","Alias=snap_masked-MeA_20160214_scaffold_3915-processed-gene-0.15","Protein of unknown function"
"2053","ENA|OLKM01003916|OLKM01003916.1 20703","OLKM01003916.1",20704,"MeA_20160214_scaffold_3915","OLKM01003916.1","maker","gene",19188,26534,".","+",".","ID=MEAE_00086332","MEAE_00086332","Alias=snap_masked-MeA_20160214_scaffold_3915-processed-gene-0.13","Similar to xynB: Endo-1%2C4-beta-xylanase B (Neocallimastix patriciarum)"
"2053.2","ENA|OLKM01003916|OLKM01003916.1 20703","OLKM01003916.1",20704,"MeA_20160214_scaffold_3915","OLKM01003916.1","maker","gene",15713,26588,".","-",".","ID=MEAE_00086331","MEAE_00086331","Alias=snap_masked-MeA_20160214_scaffold_3915-processed-gene-0.15","Protein of unknown function"
"2054","ENA|OLKM01003916|OLKM01003916.1 21877","OLKM01003916.1",21878,"MeA_20160214_scaffold_3915","OLKM01003916.1","maker","gene",19188,26534,".","+",".","ID=MEAE_00086332","MEAE_00086332","Alias=snap_masked-MeA_20160214_scaffold_3915-processed-gene-0.13","Similar to xynB: Endo-1%2C4-beta-xylanase B (Neocallimastix patriciarum)"
"2054.4","ENA|OLKM01003916|OLKM01003916.1 21877","OLKM01003916.1",21878,"MeA_20160214_scaffold_3915","OLKM01003916.1","maker","gene",15713,26588,".","-",".","ID=MEAE_00086331","MEAE_00086331","Alias=snap_masked-MeA_20160214_scaffold_3915-processed-gene-0.15","Protein of unknown function"
"2055","ENA|OLKM01003916|OLKM01003916.1 22308","OLKM01003916.1",22309,"MeA_20160214_scaffold_3915","OLKM01003916.1","maker","gene",19188,26534,".","+",".","ID=MEAE_00086332","MEAE_00086332","Alias=snap_masked-MeA_20160214_scaffold_3915-processed-gene-0.13","Similar to xynB: Endo-1%2C4-beta-xylanase B (Neocallimastix patriciarum)"
"2055.4","ENA|OLKM01003916|OLKM01003916.1 22308","OLKM01003916.1",22309,"MeA_20160214_scaffold_3915","OLKM01003916.1","maker","gene",15713,26588,".","-",".","ID=MEAE_00086331","MEAE_00086331","Alias=snap_masked-MeA_20160214_scaffold_3915-processed-gene-0.15","Protein of unknown function"
"2059","ENA|OLKM01003932|OLKM01003932.1 27038","OLKM01003932.1",27039,"MeA_20160214_scaffold_3931","OLKM01003932.1","maker","gene",26241,27100,".","-",".","ID=MEAE_00086397","MEAE_00086397","Alias=snap_masked-MeA_20160214_scaffold_3931-processed-gene-0.20","Protein of unknown function"
"2063","ENA|OLKM01003945|OLKM01003945.1 348","OLKM01003945.1",349,"MeA_20160214_scaffold_3944","OLKM01003945.1","maker","gene",28,378,".","-",".","ID=MEAE_00086445","MEAE_00086445","Alias=snap_masked-MeA_20160214_scaffold_3944-processed-gene-0.12","Protein of unknown function"
"2065","ENA|OLKM01003945|OLKM01003945.1 3882","OLKM01003945.1",3883,"MeA_20160214_scaffold_3944","OLKM01003945.1","maker","gene",3257,4406,".","+",".","ID=MEAE_00086449","MEAE_00086449","Alias=genemark-MeA_20160214_scaffold_3944-processed-gene-0.2","Protein of unknown function"
"2069","ENA|OLKM01003945|OLKM01003945.1 21078","OLKM01003945.1",21079,"MeA_20160214_scaffold_3944","OLKM01003945.1","maker","gene",18356,27239,".","-",".","ID=MEAE_00086450","MEAE_00086450","Alias=augustus_masked-MeA_20160214_scaffold_3944-processed-gene-0.9","Protein of unknown function"
"2070","ENA|OLKM01003945|OLKM01003945.1 21184","OLKM01003945.1",21185,"MeA_20160214_scaffold_3944","OLKM01003945.1","maker","gene",18356,27239,".","-",".","ID=MEAE_00086450","MEAE_00086450","Alias=augustus_masked-MeA_20160214_scaffold_3944-processed-gene-0.9","Protein of unknown function"
"2071","ENA|OLKM01003947|OLKM01003947.1 4220","OLKM01003947.1",4221,"MeA_20160214_scaffold_3946","OLKM01003947.1","maker","gene",3,4737,".","-",".","ID=MEAE_00086459","MEAE_00086459","Alias=maker-MeA_20160214_scaffold_3946-augustus-gene-0.28","Similar to Cacna1i: Voltage-dependent T-type calcium channel subunit alpha-1I (Rattus norvegicus)"
"2071.2","ENA|OLKM01003947|OLKM01003947.1 4220","OLKM01003947.1",4221,"MeA_20160214_scaffold_3946","OLKM01003947.1","maker","gene",166,6625,".","+",".","ID=MEAE_00086460","MEAE_00086460","Alias=snap_masked-MeA_20160214_scaffold_3946-processed-gene-0.20","Protein of unknown function"
"2072","ENA|OLKM01003949|OLKM01003949.1 6572","OLKM01003949.1",6573,"MeA_20160214_scaffold_3948","OLKM01003949.1","maker","gene",5740,7578,".","+",".","ID=MEAE_00086477","MEAE_00086477","Alias=maker-MeA_20160214_scaffold_3948-augustus-gene-0.17","Similar to Trim39: E3 ubiquitin-protein ligase TRIM39 (Rattus norvegicus)"
"2073","ENA|OLKM01003950|OLKM01003950.1 6158","OLKM01003950.1",6159,"MeA_20160214_scaffold_3949","OLKM01003950.1","maker","gene",1480,14217,".","-",".","ID=MEAE_00086481","MEAE_00086481","Alias=maker-MeA_20160214_scaffold_3949-snap-gene-0.8","Similar to SRBD1: S1 RNA-binding domain-containing protein 1 (Homo sapiens)"
"2074","ENA|OLKM01003950|OLKM01003950.1 6171","OLKM01003950.1",6172,"MeA_20160214_scaffold_3949","OLKM01003950.1","maker","gene",1480,14217,".","-",".","ID=MEAE_00086481","MEAE_00086481","Alias=maker-MeA_20160214_scaffold_3949-snap-gene-0.8","Similar to SRBD1: S1 RNA-binding domain-containing protein 1 (Homo sapiens)"
"2075","ENA|OLKM01003950|OLKM01003950.1 6198","OLKM01003950.1",6199,"MeA_20160214_scaffold_3949","OLKM01003950.1","maker","gene",1480,14217,".","-",".","ID=MEAE_00086481","MEAE_00086481","Alias=maker-MeA_20160214_scaffold_3949-snap-gene-0.8","Similar to SRBD1: S1 RNA-binding domain-containing protein 1 (Homo sapiens)"
"2077","ENA|OLKM01003951|OLKM01003951.1 9677","OLKM01003951.1",9678,"MeA_20160214_scaffold_3950","OLKM01003951.1","maker","gene",8674,13257,".","-",".","ID=MEAE_00086484","MEAE_00086484","Alias=maker-MeA_20160214_scaffold_3950-snap-gene-0.19","Protein of unknown function"
"2088","ENA|OLKM01003969|OLKM01003969.1 19366","OLKM01003969.1",19367,"MeA_20160214_scaffold_3968","OLKM01003969.1","maker","gene",7690,20294,".","+",".","ID=MEAE_00086539","MEAE_00086539","Alias=snap_masked-MeA_20160214_scaffold_3968-processed-gene-0.9","Protein of unknown function"
"2088.4","ENA|OLKM01003969|OLKM01003969.1 19366","OLKM01003969.1",19367,"MeA_20160214_scaffold_3968","OLKM01003969.1","maker","gene",14305,20324,".","-",".","ID=MEAE_00086540","MEAE_00086540","Alias=snap_masked-MeA_20160214_scaffold_3968-processed-gene-0.10","Protein of unknown function"
"2090","ENA|OLKM01003975|OLKM01003975.1 12646","OLKM01003975.1",12647,"MeA_20160214_scaffold_3974","OLKM01003975.1","maker","gene",5163,21841,".","+",".","ID=MEAE_00086558","MEAE_00086558","Alias=snap_masked-MeA_20160214_scaffold_3974-processed-gene-0.6","Protein of unknown function"
"2090.2","ENA|OLKM01003975|OLKM01003975.1 12646","OLKM01003975.1",12647,"MeA_20160214_scaffold_3974","OLKM01003975.1","maker","gene",5158,19333,".","-",".","ID=MEAE_00086557","MEAE_00086557","Alias=snap_masked-MeA_20160214_scaffold_3974-processed-gene-0.7","Protein of unknown function"
"2091","ENA|OLKM01003981|OLKM01003981.1 15092","OLKM01003981.1",15093,"MeA_20160214_scaffold_3980","OLKM01003981.1","maker","gene",13316,24447,".","-",".","ID=MEAE_00086581","MEAE_00086581","Alias=maker-MeA_20160214_scaffold_3980-snap-gene-0.7","Protein of unknown function"
"2091.2","ENA|OLKM01003981|OLKM01003981.1 15092","OLKM01003981.1",15093,"MeA_20160214_scaffold_3980","OLKM01003981.1","maker","gene",14281,17476,".","+",".","ID=MEAE_00086582","MEAE_00086582","Alias=snap_masked-MeA_20160214_scaffold_3980-processed-gene-0.4","Protein of unknown function"
"2092","ENA|OLKM01003981|OLKM01003981.1 15298","OLKM01003981.1",15299,"MeA_20160214_scaffold_3980","OLKM01003981.1","maker","gene",13316,24447,".","-",".","ID=MEAE_00086581","MEAE_00086581","Alias=maker-MeA_20160214_scaffold_3980-snap-gene-0.7","Protein of unknown function"
"2092.2","ENA|OLKM01003981|OLKM01003981.1 15298","OLKM01003981.1",15299,"MeA_20160214_scaffold_3980","OLKM01003981.1","maker","gene",14281,17476,".","+",".","ID=MEAE_00086582","MEAE_00086582","Alias=snap_masked-MeA_20160214_scaffold_3980-processed-gene-0.4","Protein of unknown function"
"2093","ENA|OLKM01003981|OLKM01003981.1 15829","OLKM01003981.1",15830,"MeA_20160214_scaffold_3980","OLKM01003981.1","maker","gene",13316,24447,".","-",".","ID=MEAE_00086581","MEAE_00086581","Alias=maker-MeA_20160214_scaffold_3980-snap-gene-0.7","Protein of unknown function"
"2093.2","ENA|OLKM01003981|OLKM01003981.1 15829","OLKM01003981.1",15830,"MeA_20160214_scaffold_3980","OLKM01003981.1","maker","gene",14281,17476,".","+",".","ID=MEAE_00086582","MEAE_00086582","Alias=snap_masked-MeA_20160214_scaffold_3980-processed-gene-0.4","Protein of unknown function"
"2094","ENA|OLKM01003981|OLKM01003981.1 16791","OLKM01003981.1",16792,"MeA_20160214_scaffold_3980","OLKM01003981.1","maker","gene",13316,24447,".","-",".","ID=MEAE_00086581","MEAE_00086581","Alias=maker-MeA_20160214_scaffold_3980-snap-gene-0.7","Protein of unknown function"
"2094.2","ENA|OLKM01003981|OLKM01003981.1 16791","OLKM01003981.1",16792,"MeA_20160214_scaffold_3980","OLKM01003981.1","maker","gene",14281,17476,".","+",".","ID=MEAE_00086582","MEAE_00086582","Alias=snap_masked-MeA_20160214_scaffold_3980-processed-gene-0.4","Protein of unknown function"
"2095","ENA|OLKM01003981|OLKM01003981.1 17538","OLKM01003981.1",17539,"MeA_20160214_scaffold_3980","OLKM01003981.1","maker","gene",13316,24447,".","-",".","ID=MEAE_00086581","MEAE_00086581","Alias=maker-MeA_20160214_scaffold_3980-snap-gene-0.7","Protein of unknown function"
"2096","ENA|OLKM01003981|OLKM01003981.1 17712","OLKM01003981.1",17713,"MeA_20160214_scaffold_3980","OLKM01003981.1","maker","gene",13316,24447,".","-",".","ID=MEAE_00086581","MEAE_00086581","Alias=maker-MeA_20160214_scaffold_3980-snap-gene-0.7","Protein of unknown function"
"2097","ENA|OLKM01003981|OLKM01003981.1 21473","OLKM01003981.1",21474,"MeA_20160214_scaffold_3980","OLKM01003981.1","maker","gene",13316,24447,".","-",".","ID=MEAE_00086581","MEAE_00086581","Alias=maker-MeA_20160214_scaffold_3980-snap-gene-0.7","Protein of unknown function"
"2098","ENA|OLKM01003981|OLKM01003981.1 21664","OLKM01003981.1",21665,"MeA_20160214_scaffold_3980","OLKM01003981.1","maker","gene",13316,24447,".","-",".","ID=MEAE_00086581","MEAE_00086581","Alias=maker-MeA_20160214_scaffold_3980-snap-gene-0.7","Protein of unknown function"
"2099","ENA|OLKM01003981|OLKM01003981.1 23909","OLKM01003981.1",23910,"MeA_20160214_scaffold_3980","OLKM01003981.1","maker","gene",13316,24447,".","-",".","ID=MEAE_00086581","MEAE_00086581","Alias=maker-MeA_20160214_scaffold_3980-snap-gene-0.7","Protein of unknown function"
"2100","ENA|OLKM01003981|OLKM01003981.1 24316","OLKM01003981.1",24317,"MeA_20160214_scaffold_3980","OLKM01003981.1","maker","gene",13316,24447,".","-",".","ID=MEAE_00086581","MEAE_00086581","Alias=maker-MeA_20160214_scaffold_3980-snap-gene-0.7","Protein of unknown function"
"2101","ENA|OLKM01003981|OLKM01003981.1 24370","OLKM01003981.1",24371,"MeA_20160214_scaffold_3980","OLKM01003981.1","maker","gene",13316,24447,".","-",".","ID=MEAE_00086581","MEAE_00086581","Alias=maker-MeA_20160214_scaffold_3980-snap-gene-0.7","Protein of unknown function"
"2109","ENA|OLKM01003998|OLKM01003998.1 18874","OLKM01003998.1",18875,"MeA_20160214_scaffold_3997","OLKM01003998.1","maker","gene",2696,25234,".","-",".","ID=MEAE_00086640","MEAE_00086640","Alias=maker-MeA_20160214_scaffold_3997-snap-gene-0.14","Protein of unknown function"
"2109.2","ENA|OLKM01003998|OLKM01003998.1 18874","OLKM01003998.1",18875,"MeA_20160214_scaffold_3997","OLKM01003998.1","maker","gene",16777,22822,".","+",".","ID=MEAE_00086642","MEAE_00086642","Alias=snap_masked-MeA_20160214_scaffold_3997-processed-gene-0.10","Protein of unknown function"
"2110","ENA|OLKM01003998|OLKM01003998.1 18903","OLKM01003998.1",18904,"MeA_20160214_scaffold_3997","OLKM01003998.1","maker","gene",2696,25234,".","-",".","ID=MEAE_00086640","MEAE_00086640","Alias=maker-MeA_20160214_scaffold_3997-snap-gene-0.14","Protein of unknown function"
"2110.2","ENA|OLKM01003998|OLKM01003998.1 18903","OLKM01003998.1",18904,"MeA_20160214_scaffold_3997","OLKM01003998.1","maker","gene",16777,22822,".","+",".","ID=MEAE_00086642","MEAE_00086642","Alias=snap_masked-MeA_20160214_scaffold_3997-processed-gene-0.10","Protein of unknown function"
"2119","ENA|OLKM01004004|OLKM01004004.1 3122","OLKM01004004.1",3123,"MeA_20160214_scaffold_4003","OLKM01004004.1","maker","gene",531,3211,".","+",".","ID=MEAE_00086655","MEAE_00086655","Alias=genemark-MeA_20160214_scaffold_4003-processed-gene-0.0","Similar to ZBED1: Zinc finger BED domain-containing protein 1 (Homo sapiens)"
"2119.4","ENA|OLKM01004004|OLKM01004004.1 3122","OLKM01004004.1",3123,"MeA_20160214_scaffold_4003","OLKM01004004.1","maker","gene",1350,3239,".","-",".","ID=MEAE_00086656","MEAE_00086656","Alias=snap_masked-MeA_20160214_scaffold_4003-processed-gene-0.10","Protein of unknown function"
"2120","ENA|OLKM01004005|OLKM01004005.1 18398","OLKM01004005.1",18399,"MeA_20160214_scaffold_4004","OLKM01004005.1","maker","gene",14459,25127,".","+",".","ID=MEAE_00086665","MEAE_00086665","Alias=snap_masked-MeA_20160214_scaffold_4004-processed-gene-0.11","Protein of unknown function"
"2121","ENA|OLKM01004006|OLKM01004006.1 22119","OLKM01004006.1",22120,"MeA_20160214_scaffold_4005","OLKM01004006.1","maker","gene",19336,23627,".","-",".","ID=MEAE_00086669","MEAE_00086669","Alias=genemark-MeA_20160214_scaffold_4005-processed-gene-0.6","Protein of unknown function"
"2131","ENA|OLKM01004009|OLKM01004009.1 2265","OLKM01004009.1",2266,"MeA_20160214_scaffold_4008","OLKM01004009.1","maker","gene",326,4899,".","+",".","ID=MEAE_00086670","MEAE_00086670","Alias=maker-MeA_20160214_scaffold_4008-augustus-gene-0.7","Protein of unknown function"
"2132","ENA|OLKM01004009|OLKM01004009.1 6240","OLKM01004009.1",6241,"MeA_20160214_scaffold_4008","OLKM01004009.1","maker","gene",4813,6935,".","-",".","ID=MEAE_00086672","MEAE_00086672","Alias=maker-MeA_20160214_scaffold_4008-snap-gene-0.10","Protein of unknown function"
"2133","ENA|OLKM01004009|OLKM01004009.1 6244","OLKM01004009.1",6245,"MeA_20160214_scaffold_4008","OLKM01004009.1","maker","gene",4813,6935,".","-",".","ID=MEAE_00086672","MEAE_00086672","Alias=maker-MeA_20160214_scaffold_4008-snap-gene-0.10","Protein of unknown function"
"2134","ENA|OLKM01004009|OLKM01004009.1 6254","OLKM01004009.1",6255,"MeA_20160214_scaffold_4008","OLKM01004009.1","maker","gene",4813,6935,".","-",".","ID=MEAE_00086672","MEAE_00086672","Alias=maker-MeA_20160214_scaffold_4008-snap-gene-0.10","Protein of unknown function"
"2135","ENA|OLKM01004009|OLKM01004009.1 6280","OLKM01004009.1",6281,"MeA_20160214_scaffold_4008","OLKM01004009.1","maker","gene",4813,6935,".","-",".","ID=MEAE_00086672","MEAE_00086672","Alias=maker-MeA_20160214_scaffold_4008-snap-gene-0.10","Protein of unknown function"
"2136","ENA|OLKM01004009|OLKM01004009.1 6291","OLKM01004009.1",6292,"MeA_20160214_scaffold_4008","OLKM01004009.1","maker","gene",4813,6935,".","-",".","ID=MEAE_00086672","MEAE_00086672","Alias=maker-MeA_20160214_scaffold_4008-snap-gene-0.10","Protein of unknown function"
"2143","ENA|OLKM01004015|OLKM01004015.1 20950","OLKM01004015.1",20951,"MeA_20160214_scaffold_4014","OLKM01004015.1","maker","gene",17394,21380,".","+",".","ID=MEAE_00086689","MEAE_00086689","Alias=genemark-MeA_20160214_scaffold_4014-processed-gene-0.3","Protein of unknown function"
"2144","ENA|OLKM01004015|OLKM01004015.1 21359","OLKM01004015.1",21360,"MeA_20160214_scaffold_4014","OLKM01004015.1","maker","gene",17394,21380,".","+",".","ID=MEAE_00086689","MEAE_00086689","Alias=genemark-MeA_20160214_scaffold_4014-processed-gene-0.3","Protein of unknown function"
"2146","ENA|OLKM01004017|OLKM01004017.1 9857","OLKM01004017.1",9858,"MeA_20160214_scaffold_4016","OLKM01004017.1","maker","gene",9572,11107,".","-",".","ID=MEAE_00086698","MEAE_00086698","Alias=snap_masked-MeA_20160214_scaffold_4016-processed-gene-0.16","Protein of unknown function"
"2147","ENA|OLKM01004017|OLKM01004017.1 10380","OLKM01004017.1",10381,"MeA_20160214_scaffold_4016","OLKM01004017.1","maker","gene",9572,11107,".","-",".","ID=MEAE_00086698","MEAE_00086698","Alias=snap_masked-MeA_20160214_scaffold_4016-processed-gene-0.16","Protein of unknown function"
"2148","ENA|OLKM01004017|OLKM01004017.1 10416","OLKM01004017.1",10417,"MeA_20160214_scaffold_4016","OLKM01004017.1","maker","gene",9572,11107,".","-",".","ID=MEAE_00086698","MEAE_00086698","Alias=snap_masked-MeA_20160214_scaffold_4016-processed-gene-0.16","Protein of unknown function"
"2149","ENA|OLKM01004017|OLKM01004017.1 10495","OLKM01004017.1",10496,"MeA_20160214_scaffold_4016","OLKM01004017.1","maker","gene",9572,11107,".","-",".","ID=MEAE_00086698","MEAE_00086698","Alias=snap_masked-MeA_20160214_scaffold_4016-processed-gene-0.16","Protein of unknown function"
"2150","ENA|OLKM01004022|OLKM01004022.1 6540","OLKM01004022.1",6541,"MeA_20160214_scaffold_4021","OLKM01004022.1","maker","gene",3810,19375,".","+",".","ID=MEAE_00086725","MEAE_00086725","Alias=maker-MeA_20160214_scaffold_4021-augustus-gene-0.14","Protein of unknown function"
"2151","ENA|OLKM01004025|OLKM01004025.1 6503","OLKM01004025.1",6504,"MeA_20160214_scaffold_4024","OLKM01004025.1","maker","gene",6136,7029,".","+",".","ID=MEAE_00086739","MEAE_00086739","Alias=snap_masked-MeA_20160214_scaffold_4024-processed-gene-0.5","Protein of unknown function"
"2152","ENA|OLKM01004025|OLKM01004025.1 6766","OLKM01004025.1",6767,"MeA_20160214_scaffold_4024","OLKM01004025.1","maker","gene",6136,7029,".","+",".","ID=MEAE_00086739","MEAE_00086739","Alias=snap_masked-MeA_20160214_scaffold_4024-processed-gene-0.5","Protein of unknown function"
"2163","ENA|OLKM01004042|OLKM01004042.1 4105","OLKM01004042.1",4106,"MeA_20160214_scaffold_4041","OLKM01004042.1","maker","gene",1381,9687,".","+",".","ID=MEAE_00086786","MEAE_00086786","Alias=genemark-MeA_20160214_scaffold_4041-processed-gene-0.0","Protein of unknown function"
"2164","ENA|OLKM01004042|OLKM01004042.1 4986","OLKM01004042.1",4987,"MeA_20160214_scaffold_4041","OLKM01004042.1","maker","gene",1381,9687,".","+",".","ID=MEAE_00086786","MEAE_00086786","Alias=genemark-MeA_20160214_scaffold_4041-processed-gene-0.0","Protein of unknown function"
"2165","ENA|OLKM01004042|OLKM01004042.1 5073","OLKM01004042.1",5074,"MeA_20160214_scaffold_4041","OLKM01004042.1","maker","gene",1381,9687,".","+",".","ID=MEAE_00086786","MEAE_00086786","Alias=genemark-MeA_20160214_scaffold_4041-processed-gene-0.0","Protein of unknown function"
"2166","ENA|OLKM01004042|OLKM01004042.1 6596","OLKM01004042.1",6597,"MeA_20160214_scaffold_4041","OLKM01004042.1","maker","gene",1381,9687,".","+",".","ID=MEAE_00086786","MEAE_00086786","Alias=genemark-MeA_20160214_scaffold_4041-processed-gene-0.0","Protein of unknown function"
"2167","ENA|OLKM01004042|OLKM01004042.1 19628","OLKM01004042.1",19629,"MeA_20160214_scaffold_4041","OLKM01004042.1","maker","gene",14721,21513,".","-",".","ID=MEAE_00086788","MEAE_00086788","Alias=snap_masked-MeA_20160214_scaffold_4041-processed-gene-0.8","Protein of unknown function"
"2172","ENA|OLKM01004052|OLKM01004052.1 2645","OLKM01004052.1",2646,"MeA_20160214_scaffold_4051","OLKM01004052.1","maker","gene",1481,3457,".","+",".","ID=MEAE_00086827","MEAE_00086827","Alias=snap_masked-MeA_20160214_scaffold_4051-processed-gene-0.5","Protein of unknown function"
"2183","ENA|OLKM01004064|OLKM01004064.1 7494","OLKM01004064.1",7495,"MeA_20160214_scaffold_4063","OLKM01004064.1","maker","gene",6642,11772,".","-",".","ID=MEAE_00086857","MEAE_00086857","Alias=maker-MeA_20160214_scaffold_4063-augustus-gene-0.20","Protein of unknown function"
"2184","ENA|OLKM01004064|OLKM01004064.1 15247","OLKM01004064.1",15248,"MeA_20160214_scaffold_4063","OLKM01004064.1","maker","gene",14980,20106,".","+",".","ID=MEAE_00086859","MEAE_00086859","Alias=snap_masked-MeA_20160214_scaffold_4063-processed-gene-0.14","Protein of unknown function"
"2189","ENA|OLKM01004065|OLKM01004065.1 11957","OLKM01004065.1",11958,"MeA_20160214_scaffold_4064","OLKM01004065.1","maker","gene",11767,12842,".","+",".","ID=MEAE_00086871","MEAE_00086871","Alias=snap_masked-MeA_20160214_scaffold_4064-processed-gene-0.20","Protein of unknown function"
"2190","ENA|OLKM01004065|OLKM01004065.1 14499","OLKM01004065.1",14500,"MeA_20160214_scaffold_4064","OLKM01004065.1","maker","gene",12878,17082,".","+",".","ID=MEAE_00086872","MEAE_00086872","Alias=maker-MeA_20160214_scaffold_4064-augustus-gene-0.37","Protein of unknown function"
"2191","ENA|OLKM01004065|OLKM01004065.1 14655","OLKM01004065.1",14656,"MeA_20160214_scaffold_4064","OLKM01004065.1","maker","gene",12878,17082,".","+",".","ID=MEAE_00086872","MEAE_00086872","Alias=maker-MeA_20160214_scaffold_4064-augustus-gene-0.37","Protein of unknown function"
"2192","ENA|OLKM01004065|OLKM01004065.1 14786","OLKM01004065.1",14787,"MeA_20160214_scaffold_4064","OLKM01004065.1","maker","gene",12878,17082,".","+",".","ID=MEAE_00086872","MEAE_00086872","Alias=maker-MeA_20160214_scaffold_4064-augustus-gene-0.37","Protein of unknown function"
"2193","ENA|OLKM01004065|OLKM01004065.1 14845","OLKM01004065.1",14846,"MeA_20160214_scaffold_4064","OLKM01004065.1","maker","gene",12878,17082,".","+",".","ID=MEAE_00086872","MEAE_00086872","Alias=maker-MeA_20160214_scaffold_4064-augustus-gene-0.37","Protein of unknown function"
"2194","ENA|OLKM01004065|OLKM01004065.1 16637","OLKM01004065.1",16638,"MeA_20160214_scaffold_4064","OLKM01004065.1","maker","gene",12878,17082,".","+",".","ID=MEAE_00086872","MEAE_00086872","Alias=maker-MeA_20160214_scaffold_4064-augustus-gene-0.37","Protein of unknown function"
"2197","ENA|OLKM01004065|OLKM01004065.1 19395","OLKM01004065.1",19396,"MeA_20160214_scaffold_4064","OLKM01004065.1","maker","gene",18135,24203,".","+",".","ID=MEAE_00086873","MEAE_00086873","Alias=augustus_masked-MeA_20160214_scaffold_4064-processed-gene-0.17","Protein of unknown function"
"2198","ENA|OLKM01004065|OLKM01004065.1 19821","OLKM01004065.1",19822,"MeA_20160214_scaffold_4064","OLKM01004065.1","maker","gene",18135,24203,".","+",".","ID=MEAE_00086873","MEAE_00086873","Alias=augustus_masked-MeA_20160214_scaffold_4064-processed-gene-0.17","Protein of unknown function"
"2199","ENA|OLKM01004065|OLKM01004065.1 19880","OLKM01004065.1",19881,"MeA_20160214_scaffold_4064","OLKM01004065.1","maker","gene",18135,24203,".","+",".","ID=MEAE_00086873","MEAE_00086873","Alias=augustus_masked-MeA_20160214_scaffold_4064-processed-gene-0.17","Protein of unknown function"
"2200","ENA|OLKM01004065|OLKM01004065.1 20548","OLKM01004065.1",20549,"MeA_20160214_scaffold_4064","OLKM01004065.1","maker","gene",18135,24203,".","+",".","ID=MEAE_00086873","MEAE_00086873","Alias=augustus_masked-MeA_20160214_scaffold_4064-processed-gene-0.17","Protein of unknown function"
"2202","ENA|OLKM01004067|OLKM01004067.1 9784","OLKM01004067.1",9785,"MeA_20160214_scaffold_4066","OLKM01004067.1","maker","gene",9717,11464,".","+",".","ID=MEAE_00086876","MEAE_00086876","Alias=augustus_masked-MeA_20160214_scaffold_4066-processed-gene-0.3","Protein of unknown function"
"2203","ENA|OLKM01004067|OLKM01004067.1 9841","OLKM01004067.1",9842,"MeA_20160214_scaffold_4066","OLKM01004067.1","maker","gene",9717,11464,".","+",".","ID=MEAE_00086876","MEAE_00086876","Alias=augustus_masked-MeA_20160214_scaffold_4066-processed-gene-0.3","Protein of unknown function"
"2204","ENA|OLKM01004067|OLKM01004067.1 9880","OLKM01004067.1",9881,"MeA_20160214_scaffold_4066","OLKM01004067.1","maker","gene",9717,11464,".","+",".","ID=MEAE_00086876","MEAE_00086876","Alias=augustus_masked-MeA_20160214_scaffold_4066-processed-gene-0.3","Protein of unknown function"
"2205","ENA|OLKM01004067|OLKM01004067.1 9958","OLKM01004067.1",9959,"MeA_20160214_scaffold_4066","OLKM01004067.1","maker","gene",9717,11464,".","+",".","ID=MEAE_00086876","MEAE_00086876","Alias=augustus_masked-MeA_20160214_scaffold_4066-processed-gene-0.3","Protein of unknown function"
"2206","ENA|OLKM01004067|OLKM01004067.1 12655","OLKM01004067.1",12656,"MeA_20160214_scaffold_4066","OLKM01004067.1","maker","gene",12105,13353,".","-",".","ID=MEAE_00086877","MEAE_00086877","Alias=maker-MeA_20160214_scaffold_4066-augustus-gene-0.7","Protein of unknown function"
"2208","ENA|OLKM01004073|OLKM01004073.1 5838","OLKM01004073.1",5839,"MeA_20160214_scaffold_4072","OLKM01004073.1","maker","gene",2884,8888,".","+",".","ID=MEAE_00086894","MEAE_00086894","Alias=snap_masked-MeA_20160214_scaffold_4072-processed-gene-0.10","Protein of unknown function"
"2208.2","ENA|OLKM01004073|OLKM01004073.1 5838","OLKM01004073.1",5839,"MeA_20160214_scaffold_4072","OLKM01004073.1","maker","gene",351,7475,".","-",".","ID=MEAE_00086893","MEAE_00086893","Alias=snap_masked-MeA_20160214_scaffold_4072-processed-gene-0.12","Protein of unknown function"
"2209","ENA|OLKM01004073|OLKM01004073.1 5879","OLKM01004073.1",5880,"MeA_20160214_scaffold_4072","OLKM01004073.1","maker","gene",2884,8888,".","+",".","ID=MEAE_00086894","MEAE_00086894","Alias=snap_masked-MeA_20160214_scaffold_4072-processed-gene-0.10","Protein of unknown function"
"2209.2","ENA|OLKM01004073|OLKM01004073.1 5879","OLKM01004073.1",5880,"MeA_20160214_scaffold_4072","OLKM01004073.1","maker","gene",351,7475,".","-",".","ID=MEAE_00086893","MEAE_00086893","Alias=snap_masked-MeA_20160214_scaffold_4072-processed-gene-0.12","Protein of unknown function"
"2210","ENA|OLKM01004073|OLKM01004073.1 7333","OLKM01004073.1",7334,"MeA_20160214_scaffold_4072","OLKM01004073.1","maker","gene",2884,8888,".","+",".","ID=MEAE_00086894","MEAE_00086894","Alias=snap_masked-MeA_20160214_scaffold_4072-processed-gene-0.10","Protein of unknown function"
"2210.4","ENA|OLKM01004073|OLKM01004073.1 7333","OLKM01004073.1",7334,"MeA_20160214_scaffold_4072","OLKM01004073.1","maker","gene",351,7475,".","-",".","ID=MEAE_00086893","MEAE_00086893","Alias=snap_masked-MeA_20160214_scaffold_4072-processed-gene-0.12","Protein of unknown function"
"2213","ENA|OLKM01004088|OLKM01004088.1 16072","OLKM01004088.1",16073,"MeA_20160214_scaffold_4087","OLKM01004088.1","maker","gene",15854,16386,".","+",".","ID=MEAE_00086947","MEAE_00086947","Alias=genemark-MeA_20160214_scaffold_4087-processed-gene-0.1","Similar to Harbi1: Putative nuclease HARBI1 (Mus musculus)"
"2214","ENA|OLKM01004098|OLKM01004098.1 15513","OLKM01004098.1",15514,"MeA_20160214_scaffold_4097","OLKM01004098.1","maker","gene",14436,19527,".","-",".","ID=MEAE_00086986","MEAE_00086986","Alias=maker-MeA_20160214_scaffold_4097-augustus-gene-0.6","Protein of unknown function"
"2228","ENA|OLKM01004112|OLKM01004112.1 6527","OLKM01004112.1",6528,"MeA_20160214_scaffold_4111","OLKM01004112.1","maker","gene",1870,6874,".","-",".","ID=MEAE_00087026","MEAE_00087026","Alias=augustus_masked-MeA_20160214_scaffold_4111-processed-gene-0.7","Protein of unknown function"
"2236","ENA|OLKM01004117|OLKM01004117.1 17866","OLKM01004117.1",17867,"MeA_20160214_scaffold_4116","OLKM01004117.1","maker","gene",12526,24798,".","-",".","ID=MEAE_00087040","MEAE_00087040","Alias=genemark-MeA_20160214_scaffold_4116-processed-gene-0.3","Similar to POL: Retrovirus-related Pol polyprotein from transposon 412 (Drosophila melanogaster)"
"2237","ENA|OLKM01004117|OLKM01004117.1 20152","OLKM01004117.1",20153,"MeA_20160214_scaffold_4116","OLKM01004117.1","maker","gene",12526,24798,".","-",".","ID=MEAE_00087040","MEAE_00087040","Alias=genemark-MeA_20160214_scaffold_4116-processed-gene-0.3","Similar to POL: Retrovirus-related Pol polyprotein from transposon 412 (Drosophila melanogaster)"
"2259","ENA|OLKM01004147|OLKM01004147.1 11454","OLKM01004147.1",11455,"MeA_20160214_scaffold_4146","OLKM01004147.1","maker","gene",10497,12276,".","+",".","ID=MEAE_00087132","MEAE_00087132","Alias=maker-MeA_20160214_scaffold_4146-augustus-gene-0.17","Similar to NLRP12: NACHT%2C LRR and PYD domains-containing protein 12 (Homo sapiens)"
"2260","ENA|OLKM01004147|OLKM01004147.1 11483","OLKM01004147.1",11484,"MeA_20160214_scaffold_4146","OLKM01004147.1","maker","gene",10497,12276,".","+",".","ID=MEAE_00087132","MEAE_00087132","Alias=maker-MeA_20160214_scaffold_4146-augustus-gene-0.17","Similar to NLRP12: NACHT%2C LRR and PYD domains-containing protein 12 (Homo sapiens)"
"2261","ENA|OLKM01004149|OLKM01004149.1 7049","OLKM01004149.1",7050,"MeA_20160214_scaffold_4148","OLKM01004149.1","maker","gene",5757,7681,".","+",".","ID=MEAE_00087139","MEAE_00087139","Alias=maker-MeA_20160214_scaffold_4148-augustus-gene-0.7","Similar to Skint2: Selection and upkeep of intraepithelial T-cells protein 2 (Mus musculus)"
"2263","ENA|OLKM01004154|OLKM01004154.1 13541","OLKM01004154.1",13542,"MeA_20160214_scaffold_4153","OLKM01004154.1","maker","gene",9393,23568,".","+",".","ID=MEAE_00087156","MEAE_00087156","Alias=snap_masked-MeA_20160214_scaffold_4153-processed-gene-0.4","Protein of unknown function"
"2263.2","ENA|OLKM01004154|OLKM01004154.1 13541","OLKM01004154.1",13542,"MeA_20160214_scaffold_4153","OLKM01004154.1","maker","gene",9499,23612,".","-",".","ID=MEAE_00087157","MEAE_00087157","Alias=snap_masked-MeA_20160214_scaffold_4153-processed-gene-0.6","Protein of unknown function"
"2264","ENA|OLKM01004154|OLKM01004154.1 22596","OLKM01004154.1",22597,"MeA_20160214_scaffold_4153","OLKM01004154.1","maker","gene",9393,23568,".","+",".","ID=MEAE_00087156","MEAE_00087156","Alias=snap_masked-MeA_20160214_scaffold_4153-processed-gene-0.4","Protein of unknown function"
"2264.2","ENA|OLKM01004154|OLKM01004154.1 22596","OLKM01004154.1",22597,"MeA_20160214_scaffold_4153","OLKM01004154.1","maker","gene",9499,23612,".","-",".","ID=MEAE_00087157","MEAE_00087157","Alias=snap_masked-MeA_20160214_scaffold_4153-processed-gene-0.6","Protein of unknown function"
"2265","ENA|OLKM01004154|OLKM01004154.1 22782","OLKM01004154.1",22783,"MeA_20160214_scaffold_4153","OLKM01004154.1","maker","gene",9393,23568,".","+",".","ID=MEAE_00087156","MEAE_00087156","Alias=snap_masked-MeA_20160214_scaffold_4153-processed-gene-0.4","Protein of unknown function"
"2265.2","ENA|OLKM01004154|OLKM01004154.1 22782","OLKM01004154.1",22783,"MeA_20160214_scaffold_4153","OLKM01004154.1","maker","gene",9499,23612,".","-",".","ID=MEAE_00087157","MEAE_00087157","Alias=snap_masked-MeA_20160214_scaffold_4153-processed-gene-0.6","Protein of unknown function"
"2270","ENA|OLKM01004177|OLKM01004177.1 8805","OLKM01004177.1",8806,"MeA_20160214_scaffold_4176","OLKM01004177.1","maker","gene",2330,12453,".","+",".","ID=MEAE_00087249","MEAE_00087249","Alias=maker-MeA_20160214_scaffold_4176-augustus-gene-0.16","Protein of unknown function"
"2271","ENA|OLKM01004189|OLKM01004189.1 3240","OLKM01004189.1",3241,"MeA_20160214_scaffold_4188","OLKM01004189.1","maker","gene",498,11650,".","-",".","ID=MEAE_00087302","MEAE_00087302","Alias=maker-MeA_20160214_scaffold_4188-snap-gene-0.17","Protein of unknown function"
"2272","ENA|OLKM01004189|OLKM01004189.1 5385","OLKM01004189.1",5386,"MeA_20160214_scaffold_4188","OLKM01004189.1","maker","gene",498,11650,".","-",".","ID=MEAE_00087302","MEAE_00087302","Alias=maker-MeA_20160214_scaffold_4188-snap-gene-0.17","Protein of unknown function"
"2273","ENA|OLKM01004189|OLKM01004189.1 5436","OLKM01004189.1",5437,"MeA_20160214_scaffold_4188","OLKM01004189.1","maker","gene",498,11650,".","-",".","ID=MEAE_00087302","MEAE_00087302","Alias=maker-MeA_20160214_scaffold_4188-snap-gene-0.17","Protein of unknown function"
"2274","ENA|OLKM01004189|OLKM01004189.1 5463","OLKM01004189.1",5464,"MeA_20160214_scaffold_4188","OLKM01004189.1","maker","gene",498,11650,".","-",".","ID=MEAE_00087302","MEAE_00087302","Alias=maker-MeA_20160214_scaffold_4188-snap-gene-0.17","Protein of unknown function"
"2275","ENA|OLKM01004189|OLKM01004189.1 5568","OLKM01004189.1",5569,"MeA_20160214_scaffold_4188","OLKM01004189.1","maker","gene",498,11650,".","-",".","ID=MEAE_00087302","MEAE_00087302","Alias=maker-MeA_20160214_scaffold_4188-snap-gene-0.17","Protein of unknown function"
"2276","ENA|OLKM01004189|OLKM01004189.1 5800","OLKM01004189.1",5801,"MeA_20160214_scaffold_4188","OLKM01004189.1","maker","gene",498,11650,".","-",".","ID=MEAE_00087302","MEAE_00087302","Alias=maker-MeA_20160214_scaffold_4188-snap-gene-0.17","Protein of unknown function"
"2277","ENA|OLKM01004189|OLKM01004189.1 6251","OLKM01004189.1",6252,"MeA_20160214_scaffold_4188","OLKM01004189.1","maker","gene",498,11650,".","-",".","ID=MEAE_00087302","MEAE_00087302","Alias=maker-MeA_20160214_scaffold_4188-snap-gene-0.17","Protein of unknown function"
"2278","ENA|OLKM01004189|OLKM01004189.1 7192","OLKM01004189.1",7193,"MeA_20160214_scaffold_4188","OLKM01004189.1","maker","gene",498,11650,".","-",".","ID=MEAE_00087302","MEAE_00087302","Alias=maker-MeA_20160214_scaffold_4188-snap-gene-0.17","Protein of unknown function"
"2279","ENA|OLKM01004189|OLKM01004189.1 7214","OLKM01004189.1",7215,"MeA_20160214_scaffold_4188","OLKM01004189.1","maker","gene",498,11650,".","-",".","ID=MEAE_00087302","MEAE_00087302","Alias=maker-MeA_20160214_scaffold_4188-snap-gene-0.17","Protein of unknown function"
"2280","ENA|OLKM01004189|OLKM01004189.1 8923","OLKM01004189.1",8924,"MeA_20160214_scaffold_4188","OLKM01004189.1","maker","gene",498,11650,".","-",".","ID=MEAE_00087302","MEAE_00087302","Alias=maker-MeA_20160214_scaffold_4188-snap-gene-0.17","Protein of unknown function"
"2281","ENA|OLKM01004189|OLKM01004189.1 11004","OLKM01004189.1",11005,"MeA_20160214_scaffold_4188","OLKM01004189.1","maker","gene",498,11650,".","-",".","ID=MEAE_00087302","MEAE_00087302","Alias=maker-MeA_20160214_scaffold_4188-snap-gene-0.17","Protein of unknown function"
"2281.2","ENA|OLKM01004189|OLKM01004189.1 11004","OLKM01004189.1",11005,"MeA_20160214_scaffold_4188","OLKM01004189.1","maker","gene",10961,12230,".","+",".","ID=MEAE_00087303","MEAE_00087303","Alias=snap_masked-MeA_20160214_scaffold_4188-processed-gene-0.10","Protein of unknown function"
"2282","ENA|OLKM01004189|OLKM01004189.1 11034","OLKM01004189.1",11035,"MeA_20160214_scaffold_4188","OLKM01004189.1","maker","gene",498,11650,".","-",".","ID=MEAE_00087302","MEAE_00087302","Alias=maker-MeA_20160214_scaffold_4188-snap-gene-0.17","Protein of unknown function"
"2282.2","ENA|OLKM01004189|OLKM01004189.1 11034","OLKM01004189.1",11035,"MeA_20160214_scaffold_4188","OLKM01004189.1","maker","gene",10961,12230,".","+",".","ID=MEAE_00087303","MEAE_00087303","Alias=snap_masked-MeA_20160214_scaffold_4188-processed-gene-0.10","Protein of unknown function"
"2283","ENA|OLKM01004189|OLKM01004189.1 11073","OLKM01004189.1",11074,"MeA_20160214_scaffold_4188","OLKM01004189.1","maker","gene",498,11650,".","-",".","ID=MEAE_00087302","MEAE_00087302","Alias=maker-MeA_20160214_scaffold_4188-snap-gene-0.17","Protein of unknown function"
"2283.2","ENA|OLKM01004189|OLKM01004189.1 11073","OLKM01004189.1",11074,"MeA_20160214_scaffold_4188","OLKM01004189.1","maker","gene",10961,12230,".","+",".","ID=MEAE_00087303","MEAE_00087303","Alias=snap_masked-MeA_20160214_scaffold_4188-processed-gene-0.10","Protein of unknown function"
"2284","ENA|OLKM01004189|OLKM01004189.1 11082","OLKM01004189.1",11083,"MeA_20160214_scaffold_4188","OLKM01004189.1","maker","gene",498,11650,".","-",".","ID=MEAE_00087302","MEAE_00087302","Alias=maker-MeA_20160214_scaffold_4188-snap-gene-0.17","Protein of unknown function"
"2284.2","ENA|OLKM01004189|OLKM01004189.1 11082","OLKM01004189.1",11083,"MeA_20160214_scaffold_4188","OLKM01004189.1","maker","gene",10961,12230,".","+",".","ID=MEAE_00087303","MEAE_00087303","Alias=snap_masked-MeA_20160214_scaffold_4188-processed-gene-0.10","Protein of unknown function"
"2285","ENA|OLKM01004189|OLKM01004189.1 11095","OLKM01004189.1",11096,"MeA_20160214_scaffold_4188","OLKM01004189.1","maker","gene",498,11650,".","-",".","ID=MEAE_00087302","MEAE_00087302","Alias=maker-MeA_20160214_scaffold_4188-snap-gene-0.17","Protein of unknown function"
"2285.4","ENA|OLKM01004189|OLKM01004189.1 11095","OLKM01004189.1",11096,"MeA_20160214_scaffold_4188","OLKM01004189.1","maker","gene",10961,12230,".","+",".","ID=MEAE_00087303","MEAE_00087303","Alias=snap_masked-MeA_20160214_scaffold_4188-processed-gene-0.10","Protein of unknown function"
"2286","ENA|OLKM01004189|OLKM01004189.1 11412","OLKM01004189.1",11413,"MeA_20160214_scaffold_4188","OLKM01004189.1","maker","gene",498,11650,".","-",".","ID=MEAE_00087302","MEAE_00087302","Alias=maker-MeA_20160214_scaffold_4188-snap-gene-0.17","Protein of unknown function"
"2286.2","ENA|OLKM01004189|OLKM01004189.1 11412","OLKM01004189.1",11413,"MeA_20160214_scaffold_4188","OLKM01004189.1","maker","gene",10961,12230,".","+",".","ID=MEAE_00087303","MEAE_00087303","Alias=snap_masked-MeA_20160214_scaffold_4188-processed-gene-0.10","Protein of unknown function"
"2291","ENA|OLKM01004189|OLKM01004189.1 20316","OLKM01004189.1",20317,"MeA_20160214_scaffold_4188","OLKM01004189.1","maker","gene",18435,23960,".","+",".","ID=MEAE_00087304","MEAE_00087304","Alias=snap_masked-MeA_20160214_scaffold_4188-processed-gene-0.11","Protein of unknown function"
"2293","ENA|OLKM01004201|OLKM01004201.1 11381","OLKM01004201.1",11382,"MeA_20160214_scaffold_4200","OLKM01004201.1","maker","gene",2138,11753,".","+",".","ID=MEAE_00087346","MEAE_00087346","Alias=snap_masked-MeA_20160214_scaffold_4200-processed-gene-0.10","Similar to Ctnnd2: Catenin delta-2 (Mus musculus)"
"2293.2","ENA|OLKM01004201|OLKM01004201.1 11381","OLKM01004201.1",11382,"MeA_20160214_scaffold_4200","OLKM01004201.1","maker","gene",10582,14859,".","-",".","ID=MEAE_00087348","MEAE_00087348","Alias=genemark-MeA_20160214_scaffold_4200-processed-gene-0.6","Protein of unknown function"
"2294","ENA|OLKM01004201|OLKM01004201.1 12804","OLKM01004201.1",12805,"MeA_20160214_scaffold_4200","OLKM01004201.1","maker","gene",10582,14859,".","-",".","ID=MEAE_00087348","MEAE_00087348","Alias=genemark-MeA_20160214_scaffold_4200-processed-gene-0.6","Protein of unknown function"
"2301","ENA|OLKM01004214|OLKM01004214.1 11230","OLKM01004214.1",11231,"MeA_20160214_scaffold_4213","OLKM01004214.1","maker","gene",10154,12034,".","+",".","ID=MEAE_00087396","MEAE_00087396","Alias=augustus_masked-MeA_20160214_scaffold_4213-processed-gene-0.7","Protein of unknown function"
"2304","ENA|OLKM01004221|OLKM01004221.1 9927","OLKM01004221.1",9928,"MeA_20160214_scaffold_4220","OLKM01004221.1","maker","gene",1245,13502,".","-",".","ID=MEAE_00087421","MEAE_00087421","Alias=augustus_masked-MeA_20160214_scaffold_4220-processed-gene-0.7","Protein of unknown function"
"2305","ENA|OLKM01004221|OLKM01004221.1 9979","OLKM01004221.1",9980,"MeA_20160214_scaffold_4220","OLKM01004221.1","maker","gene",1245,13502,".","-",".","ID=MEAE_00087421","MEAE_00087421","Alias=augustus_masked-MeA_20160214_scaffold_4220-processed-gene-0.7","Protein of unknown function"
"2306","ENA|OLKM01004221|OLKM01004221.1 10296","OLKM01004221.1",10297,"MeA_20160214_scaffold_4220","OLKM01004221.1","maker","gene",1245,13502,".","-",".","ID=MEAE_00087421","MEAE_00087421","Alias=augustus_masked-MeA_20160214_scaffold_4220-processed-gene-0.7","Protein of unknown function"
"2307","ENA|OLKM01004222|OLKM01004222.1 8985","OLKM01004222.1",8986,"MeA_20160214_scaffold_4221","OLKM01004222.1","maker","gene",4194,19007,".","+",".","ID=MEAE_00087423","MEAE_00087423","Alias=snap_masked-MeA_20160214_scaffold_4221-processed-gene-0.5","Protein of unknown function"
"2307.2","ENA|OLKM01004222|OLKM01004222.1 8985","OLKM01004222.1",8986,"MeA_20160214_scaffold_4221","OLKM01004222.1","maker","gene",4708,23988,".","-",".","ID=MEAE_00087424","MEAE_00087424","Alias=snap_masked-MeA_20160214_scaffold_4221-processed-gene-0.6","Protein of unknown function"
"2308","ENA|OLKM01004222|OLKM01004222.1 9746","OLKM01004222.1",9747,"MeA_20160214_scaffold_4221","OLKM01004222.1","maker","gene",4194,19007,".","+",".","ID=MEAE_00087423","MEAE_00087423","Alias=snap_masked-MeA_20160214_scaffold_4221-processed-gene-0.5","Protein of unknown function"
"2308.2","ENA|OLKM01004222|OLKM01004222.1 9746","OLKM01004222.1",9747,"MeA_20160214_scaffold_4221","OLKM01004222.1","maker","gene",4708,23988,".","-",".","ID=MEAE_00087424","MEAE_00087424","Alias=snap_masked-MeA_20160214_scaffold_4221-processed-gene-0.6","Protein of unknown function"
"2309","ENA|OLKM01004222|OLKM01004222.1 9770","OLKM01004222.1",9771,"MeA_20160214_scaffold_4221","OLKM01004222.1","maker","gene",4194,19007,".","+",".","ID=MEAE_00087423","MEAE_00087423","Alias=snap_masked-MeA_20160214_scaffold_4221-processed-gene-0.5","Protein of unknown function"
"2309.2","ENA|OLKM01004222|OLKM01004222.1 9770","OLKM01004222.1",9771,"MeA_20160214_scaffold_4221","OLKM01004222.1","maker","gene",4708,23988,".","-",".","ID=MEAE_00087424","MEAE_00087424","Alias=snap_masked-MeA_20160214_scaffold_4221-processed-gene-0.6","Protein of unknown function"
"2310","ENA|OLKM01004222|OLKM01004222.1 9811","OLKM01004222.1",9812,"MeA_20160214_scaffold_4221","OLKM01004222.1","maker","gene",4194,19007,".","+",".","ID=MEAE_00087423","MEAE_00087423","Alias=snap_masked-MeA_20160214_scaffold_4221-processed-gene-0.5","Protein of unknown function"
"2310.2","ENA|OLKM01004222|OLKM01004222.1 9811","OLKM01004222.1",9812,"MeA_20160214_scaffold_4221","OLKM01004222.1","maker","gene",4708,23988,".","-",".","ID=MEAE_00087424","MEAE_00087424","Alias=snap_masked-MeA_20160214_scaffold_4221-processed-gene-0.6","Protein of unknown function"
"2311","ENA|OLKM01004222|OLKM01004222.1 11321","OLKM01004222.1",11322,"MeA_20160214_scaffold_4221","OLKM01004222.1","maker","gene",4194,19007,".","+",".","ID=MEAE_00087423","MEAE_00087423","Alias=snap_masked-MeA_20160214_scaffold_4221-processed-gene-0.5","Protein of unknown function"
"2311.4","ENA|OLKM01004222|OLKM01004222.1 11321","OLKM01004222.1",11322,"MeA_20160214_scaffold_4221","OLKM01004222.1","maker","gene",4708,23988,".","-",".","ID=MEAE_00087424","MEAE_00087424","Alias=snap_masked-MeA_20160214_scaffold_4221-processed-gene-0.6","Protein of unknown function"
"2312","ENA|OLKM01004222|OLKM01004222.1 13321","OLKM01004222.1",13322,"MeA_20160214_scaffold_4221","OLKM01004222.1","maker","gene",4194,19007,".","+",".","ID=MEAE_00087423","MEAE_00087423","Alias=snap_masked-MeA_20160214_scaffold_4221-processed-gene-0.5","Protein of unknown function"
"2312.2","ENA|OLKM01004222|OLKM01004222.1 13321","OLKM01004222.1",13322,"MeA_20160214_scaffold_4221","OLKM01004222.1","maker","gene",4708,23988,".","-",".","ID=MEAE_00087424","MEAE_00087424","Alias=snap_masked-MeA_20160214_scaffold_4221-processed-gene-0.6","Protein of unknown function"
"2313","ENA|OLKM01004222|OLKM01004222.1 13336","OLKM01004222.1",13337,"MeA_20160214_scaffold_4221","OLKM01004222.1","maker","gene",4194,19007,".","+",".","ID=MEAE_00087423","MEAE_00087423","Alias=snap_masked-MeA_20160214_scaffold_4221-processed-gene-0.5","Protein of unknown function"
"2313.2","ENA|OLKM01004222|OLKM01004222.1 13336","OLKM01004222.1",13337,"MeA_20160214_scaffold_4221","OLKM01004222.1","maker","gene",4708,23988,".","-",".","ID=MEAE_00087424","MEAE_00087424","Alias=snap_masked-MeA_20160214_scaffold_4221-processed-gene-0.6","Protein of unknown function"
"2314","ENA|OLKM01004222|OLKM01004222.1 13339","OLKM01004222.1",13340,"MeA_20160214_scaffold_4221","OLKM01004222.1","maker","gene",4194,19007,".","+",".","ID=MEAE_00087423","MEAE_00087423","Alias=snap_masked-MeA_20160214_scaffold_4221-processed-gene-0.5","Protein of unknown function"
"2314.2","ENA|OLKM01004222|OLKM01004222.1 13339","OLKM01004222.1",13340,"MeA_20160214_scaffold_4221","OLKM01004222.1","maker","gene",4708,23988,".","-",".","ID=MEAE_00087424","MEAE_00087424","Alias=snap_masked-MeA_20160214_scaffold_4221-processed-gene-0.6","Protein of unknown function"
"2315","ENA|OLKM01004222|OLKM01004222.1 13349","OLKM01004222.1",13350,"MeA_20160214_scaffold_4221","OLKM01004222.1","maker","gene",4194,19007,".","+",".","ID=MEAE_00087423","MEAE_00087423","Alias=snap_masked-MeA_20160214_scaffold_4221-processed-gene-0.5","Protein of unknown function"
"2315.2","ENA|OLKM01004222|OLKM01004222.1 13349","OLKM01004222.1",13350,"MeA_20160214_scaffold_4221","OLKM01004222.1","maker","gene",4708,23988,".","-",".","ID=MEAE_00087424","MEAE_00087424","Alias=snap_masked-MeA_20160214_scaffold_4221-processed-gene-0.6","Protein of unknown function"
"2316","ENA|OLKM01004222|OLKM01004222.1 16574","OLKM01004222.1",16575,"MeA_20160214_scaffold_4221","OLKM01004222.1","maker","gene",4194,19007,".","+",".","ID=MEAE_00087423","MEAE_00087423","Alias=snap_masked-MeA_20160214_scaffold_4221-processed-gene-0.5","Protein of unknown function"
"2316.2","ENA|OLKM01004222|OLKM01004222.1 16574","OLKM01004222.1",16575,"MeA_20160214_scaffold_4221","OLKM01004222.1","maker","gene",4708,23988,".","-",".","ID=MEAE_00087424","MEAE_00087424","Alias=snap_masked-MeA_20160214_scaffold_4221-processed-gene-0.6","Protein of unknown function"
"2317","ENA|OLKM01004222|OLKM01004222.1 16600","OLKM01004222.1",16601,"MeA_20160214_scaffold_4221","OLKM01004222.1","maker","gene",4194,19007,".","+",".","ID=MEAE_00087423","MEAE_00087423","Alias=snap_masked-MeA_20160214_scaffold_4221-processed-gene-0.5","Protein of unknown function"
"2317.2","ENA|OLKM01004222|OLKM01004222.1 16600","OLKM01004222.1",16601,"MeA_20160214_scaffold_4221","OLKM01004222.1","maker","gene",4708,23988,".","-",".","ID=MEAE_00087424","MEAE_00087424","Alias=snap_masked-MeA_20160214_scaffold_4221-processed-gene-0.6","Protein of unknown function"
"2318","ENA|OLKM01004222|OLKM01004222.1 19814","OLKM01004222.1",19815,"MeA_20160214_scaffold_4221","OLKM01004222.1","maker","gene",4708,23988,".","-",".","ID=MEAE_00087424","MEAE_00087424","Alias=snap_masked-MeA_20160214_scaffold_4221-processed-gene-0.6","Protein of unknown function"
"2319","ENA|OLKM01004222|OLKM01004222.1 19827","OLKM01004222.1",19828,"MeA_20160214_scaffold_4221","OLKM01004222.1","maker","gene",4708,23988,".","-",".","ID=MEAE_00087424","MEAE_00087424","Alias=snap_masked-MeA_20160214_scaffold_4221-processed-gene-0.6","Protein of unknown function"
"2320","ENA|OLKM01004222|OLKM01004222.1 19901","OLKM01004222.1",19902,"MeA_20160214_scaffold_4221","OLKM01004222.1","maker","gene",4708,23988,".","-",".","ID=MEAE_00087424","MEAE_00087424","Alias=snap_masked-MeA_20160214_scaffold_4221-processed-gene-0.6","Protein of unknown function"
"2325","ENA|OLKM01004227|OLKM01004227.1 9040","OLKM01004227.1",9041,"MeA_20160214_scaffold_4226","OLKM01004227.1","maker","gene",6982,14766,".","+",".","ID=MEAE_00087439","MEAE_00087439","Alias=genemark-MeA_20160214_scaffold_4226-processed-gene-0.0","Similar to pol: Retrovirus-related Pol polyprotein from transposon 17.6 (Drosophila melanogaster)"
"2325.4","ENA|OLKM01004227|OLKM01004227.1 9040","OLKM01004227.1",9041,"MeA_20160214_scaffold_4226","OLKM01004227.1","maker","gene",7568,15830,".","-",".","ID=MEAE_00087440","MEAE_00087440","Alias=snap_masked-MeA_20160214_scaffold_4226-processed-gene-0.5","Similar to Wipf1: WAS/WASL-interacting protein family member 1 (Mus musculus)"
"2326","ENA|OLKM01004227|OLKM01004227.1 9981","OLKM01004227.1",9982,"MeA_20160214_scaffold_4226","OLKM01004227.1","maker","gene",6982,14766,".","+",".","ID=MEAE_00087439","MEAE_00087439","Alias=genemark-MeA_20160214_scaffold_4226-processed-gene-0.0","Similar to pol: Retrovirus-related Pol polyprotein from transposon 17.6 (Drosophila melanogaster)"
"2326.4","ENA|OLKM01004227|OLKM01004227.1 9981","OLKM01004227.1",9982,"MeA_20160214_scaffold_4226","OLKM01004227.1","maker","gene",7568,15830,".","-",".","ID=MEAE_00087440","MEAE_00087440","Alias=snap_masked-MeA_20160214_scaffold_4226-processed-gene-0.5","Similar to Wipf1: WAS/WASL-interacting protein family member 1 (Mus musculus)"
"2327","ENA|OLKM01004227|OLKM01004227.1 10644","OLKM01004227.1",10645,"MeA_20160214_scaffold_4226","OLKM01004227.1","maker","gene",6982,14766,".","+",".","ID=MEAE_00087439","MEAE_00087439","Alias=genemark-MeA_20160214_scaffold_4226-processed-gene-0.0","Similar to pol: Retrovirus-related Pol polyprotein from transposon 17.6 (Drosophila melanogaster)"
"2327.4","ENA|OLKM01004227|OLKM01004227.1 10644","OLKM01004227.1",10645,"MeA_20160214_scaffold_4226","OLKM01004227.1","maker","gene",7568,15830,".","-",".","ID=MEAE_00087440","MEAE_00087440","Alias=snap_masked-MeA_20160214_scaffold_4226-processed-gene-0.5","Similar to Wipf1: WAS/WASL-interacting protein family member 1 (Mus musculus)"
"2328","ENA|OLKM01004230|OLKM01004230.1 17726","OLKM01004230.1",17727,"MeA_20160214_scaffold_4229","OLKM01004230.1","maker","gene",15044,18746,".","-",".","ID=MEAE_00087450","MEAE_00087450","Alias=maker-MeA_20160214_scaffold_4229-augustus-gene-0.15","Protein of unknown function"
"2329","ENA|OLKM01004235|OLKM01004235.1 7214","OLKM01004235.1",7215,"MeA_20160214_scaffold_4234","OLKM01004235.1","maker","gene",5811,11101,".","+",".","ID=MEAE_00087469","MEAE_00087469","Alias=snap_masked-MeA_20160214_scaffold_4234-processed-gene-0.7","Protein of unknown function"
"2330","ENA|OLKM01004235|OLKM01004235.1 9553","OLKM01004235.1",9554,"MeA_20160214_scaffold_4234","OLKM01004235.1","maker","gene",5811,11101,".","+",".","ID=MEAE_00087469","MEAE_00087469","Alias=snap_masked-MeA_20160214_scaffold_4234-processed-gene-0.7","Protein of unknown function"
"2331","ENA|OLKM01004235|OLKM01004235.1 10009","OLKM01004235.1",10010,"MeA_20160214_scaffold_4234","OLKM01004235.1","maker","gene",5811,11101,".","+",".","ID=MEAE_00087469","MEAE_00087469","Alias=snap_masked-MeA_20160214_scaffold_4234-processed-gene-0.7","Protein of unknown function"
"2331.4","ENA|OLKM01004235|OLKM01004235.1 10009","OLKM01004235.1",10010,"MeA_20160214_scaffold_4234","OLKM01004235.1","maker","gene",9742,10138,".","-",".","ID=MEAE_00087470","MEAE_00087470","Alias=augustus_masked-MeA_20160214_scaffold_4234-processed-gene-0.5","Protein of unknown function"
"2336","ENA|OLKM01004237|OLKM01004237.1 22230","OLKM01004237.1",22231,"MeA_20160214_scaffold_4236","OLKM01004237.1","maker","gene",22178,22611,".","+",".","ID=MEAE_00087480","MEAE_00087480","Alias=snap_masked-MeA_20160214_scaffold_4236-processed-gene-0.8","Protein of unknown function"
"2337","ENA|OLKM01004253|OLKM01004253.1 3183","OLKM01004253.1",3184,"MeA_20160214_scaffold_4252","OLKM01004253.1","maker","gene",1,7795,".","-",".","ID=MEAE_00087525","MEAE_00087525","Alias=augustus_masked-MeA_20160214_scaffold_4252-processed-gene-0.5","Protein of unknown function"
"2338","ENA|OLKM01004253|OLKM01004253.1 4021","OLKM01004253.1",4022,"MeA_20160214_scaffold_4252","OLKM01004253.1","maker","gene",1,7795,".","-",".","ID=MEAE_00087525","MEAE_00087525","Alias=augustus_masked-MeA_20160214_scaffold_4252-processed-gene-0.5","Protein of unknown function"
"2339","ENA|OLKM01004253|OLKM01004253.1 4150","OLKM01004253.1",4151,"MeA_20160214_scaffold_4252","OLKM01004253.1","maker","gene",1,7795,".","-",".","ID=MEAE_00087525","MEAE_00087525","Alias=augustus_masked-MeA_20160214_scaffold_4252-processed-gene-0.5","Protein of unknown function"
"2346","ENA|OLKM01004275|OLKM01004275.1 10754","OLKM01004275.1",10755,"MeA_20160214_scaffold_4274","OLKM01004275.1","maker","gene",6410,11540,".","+",".","ID=MEAE_00087593","MEAE_00087593","Alias=snap_masked-MeA_20160214_scaffold_4274-processed-gene-0.13","Protein of unknown function"
"2347","ENA|OLKM01004275|OLKM01004275.1 10990","OLKM01004275.1",10991,"MeA_20160214_scaffold_4274","OLKM01004275.1","maker","gene",6410,11540,".","+",".","ID=MEAE_00087593","MEAE_00087593","Alias=snap_masked-MeA_20160214_scaffold_4274-processed-gene-0.13","Protein of unknown function"
"2351","ENA|OLKM01004277|OLKM01004277.1 5687","OLKM01004277.1",5688,"MeA_20160214_scaffold_4276","OLKM01004277.1","maker","gene",4349,9688,".","-",".","ID=MEAE_00087602","MEAE_00087602","Alias=snap_masked-MeA_20160214_scaffold_4276-processed-gene-0.7","Protein of unknown function"
"2355","ENA|OLKM01004283|OLKM01004283.1 21976","OLKM01004283.1",21977,"MeA_20160214_scaffold_4282","OLKM01004283.1","maker","gene",18006,22578,".","+",".","ID=MEAE_00087630","MEAE_00087630","Alias=snap_masked-MeA_20160214_scaffold_4282-processed-gene-0.11","Protein of unknown function"
"2355.2","ENA|OLKM01004283|OLKM01004283.1 21976","OLKM01004283.1",21977,"MeA_20160214_scaffold_4282","OLKM01004283.1","maker","gene",17906,22497,".","-",".","ID=MEAE_00087629","MEAE_00087629","Alias=augustus_masked-MeA_20160214_scaffold_4282-processed-gene-0.9","Protein of unknown function"
"2356","ENA|OLKM01004283|OLKM01004283.1 22086","OLKM01004283.1",22087,"MeA_20160214_scaffold_4282","OLKM01004283.1","maker","gene",18006,22578,".","+",".","ID=MEAE_00087630","MEAE_00087630","Alias=snap_masked-MeA_20160214_scaffold_4282-processed-gene-0.11","Protein of unknown function"
"2356.2","ENA|OLKM01004283|OLKM01004283.1 22086","OLKM01004283.1",22087,"MeA_20160214_scaffold_4282","OLKM01004283.1","maker","gene",17906,22497,".","-",".","ID=MEAE_00087629","MEAE_00087629","Alias=augustus_masked-MeA_20160214_scaffold_4282-processed-gene-0.9","Protein of unknown function"
"2357","ENA|OLKM01004283|OLKM01004283.1 22169","OLKM01004283.1",22170,"MeA_20160214_scaffold_4282","OLKM01004283.1","maker","gene",18006,22578,".","+",".","ID=MEAE_00087630","MEAE_00087630","Alias=snap_masked-MeA_20160214_scaffold_4282-processed-gene-0.11","Protein of unknown function"
"2357.2","ENA|OLKM01004283|OLKM01004283.1 22169","OLKM01004283.1",22170,"MeA_20160214_scaffold_4282","OLKM01004283.1","maker","gene",17906,22497,".","-",".","ID=MEAE_00087629","MEAE_00087629","Alias=augustus_masked-MeA_20160214_scaffold_4282-processed-gene-0.9","Protein of unknown function"
"2362","ENA|OLKM01004292|OLKM01004292.1 16892","OLKM01004292.1",16893,"MeA_20160214_scaffold_4291","OLKM01004292.1","maker","gene",372,22288,".","+",".","ID=MEAE_00087656","MEAE_00087656","Alias=maker-MeA_20160214_scaffold_4291-augustus-gene-0.14","Similar to ATP7B: Copper-transporting ATPase 2 (Ovis aries)"
"2362.2","ENA|OLKM01004292|OLKM01004292.1 16892","OLKM01004292.1",16893,"MeA_20160214_scaffold_4291","OLKM01004292.1","maker","gene",16095,21960,".","-",".","ID=MEAE_00087657","MEAE_00087657","Alias=snap_masked-MeA_20160214_scaffold_4291-processed-gene-0.13","Protein of unknown function"
"2363","ENA|OLKM01004292|OLKM01004292.1 17210","OLKM01004292.1",17211,"MeA_20160214_scaffold_4291","OLKM01004292.1","maker","gene",372,22288,".","+",".","ID=MEAE_00087656","MEAE_00087656","Alias=maker-MeA_20160214_scaffold_4291-augustus-gene-0.14","Similar to ATP7B: Copper-transporting ATPase 2 (Ovis aries)"
"2363.2","ENA|OLKM01004292|OLKM01004292.1 17210","OLKM01004292.1",17211,"MeA_20160214_scaffold_4291","OLKM01004292.1","maker","gene",16095,21960,".","-",".","ID=MEAE_00087657","MEAE_00087657","Alias=snap_masked-MeA_20160214_scaffold_4291-processed-gene-0.13","Protein of unknown function"
"2364","ENA|OLKM01004292|OLKM01004292.1 18518","OLKM01004292.1",18519,"MeA_20160214_scaffold_4291","OLKM01004292.1","maker","gene",372,22288,".","+",".","ID=MEAE_00087656","MEAE_00087656","Alias=maker-MeA_20160214_scaffold_4291-augustus-gene-0.14","Similar to ATP7B: Copper-transporting ATPase 2 (Ovis aries)"
"2364.2","ENA|OLKM01004292|OLKM01004292.1 18518","OLKM01004292.1",18519,"MeA_20160214_scaffold_4291","OLKM01004292.1","maker","gene",16095,21960,".","-",".","ID=MEAE_00087657","MEAE_00087657","Alias=snap_masked-MeA_20160214_scaffold_4291-processed-gene-0.13","Protein of unknown function"
"2365","ENA|OLKM01004292|OLKM01004292.1 18622","OLKM01004292.1",18623,"MeA_20160214_scaffold_4291","OLKM01004292.1","maker","gene",372,22288,".","+",".","ID=MEAE_00087656","MEAE_00087656","Alias=maker-MeA_20160214_scaffold_4291-augustus-gene-0.14","Similar to ATP7B: Copper-transporting ATPase 2 (Ovis aries)"
"2365.2","ENA|OLKM01004292|OLKM01004292.1 18622","OLKM01004292.1",18623,"MeA_20160214_scaffold_4291","OLKM01004292.1","maker","gene",16095,21960,".","-",".","ID=MEAE_00087657","MEAE_00087657","Alias=snap_masked-MeA_20160214_scaffold_4291-processed-gene-0.13","Protein of unknown function"
"2366","ENA|OLKM01004292|OLKM01004292.1 18632","OLKM01004292.1",18633,"MeA_20160214_scaffold_4291","OLKM01004292.1","maker","gene",372,22288,".","+",".","ID=MEAE_00087656","MEAE_00087656","Alias=maker-MeA_20160214_scaffold_4291-augustus-gene-0.14","Similar to ATP7B: Copper-transporting ATPase 2 (Ovis aries)"
"2366.2","ENA|OLKM01004292|OLKM01004292.1 18632","OLKM01004292.1",18633,"MeA_20160214_scaffold_4291","OLKM01004292.1","maker","gene",16095,21960,".","-",".","ID=MEAE_00087657","MEAE_00087657","Alias=snap_masked-MeA_20160214_scaffold_4291-processed-gene-0.13","Protein of unknown function"
"2367","ENA|OLKM01004293|OLKM01004293.1 4471","OLKM01004293.1",4472,"MeA_20160214_scaffold_4292","OLKM01004293.1","maker","gene",1464,6094,".","+",".","ID=MEAE_00087659","MEAE_00087659","Alias=maker-MeA_20160214_scaffold_4292-snap-gene-0.6","Protein of unknown function"
"2372","ENA|OLKM01004294|OLKM01004294.1 4795","OLKM01004294.1",4796,"MeA_20160214_scaffold_4293","OLKM01004294.1","maker","gene",2605,6584,".","-",".","ID=MEAE_00087662","MEAE_00087662","Alias=snap_masked-MeA_20160214_scaffold_4293-processed-gene-0.13","Protein of unknown function"
"2373","ENA|OLKM01004294|OLKM01004294.1 5428","OLKM01004294.1",5429,"MeA_20160214_scaffold_4293","OLKM01004294.1","maker","gene",2605,6584,".","-",".","ID=MEAE_00087662","MEAE_00087662","Alias=snap_masked-MeA_20160214_scaffold_4293-processed-gene-0.13","Protein of unknown function"
"2374","ENA|OLKM01004294|OLKM01004294.1 5487","OLKM01004294.1",5488,"MeA_20160214_scaffold_4293","OLKM01004294.1","maker","gene",2605,6584,".","-",".","ID=MEAE_00087662","MEAE_00087662","Alias=snap_masked-MeA_20160214_scaffold_4293-processed-gene-0.13","Protein of unknown function"
"2375","ENA|OLKM01004294|OLKM01004294.1 5497","OLKM01004294.1",5498,"MeA_20160214_scaffold_4293","OLKM01004294.1","maker","gene",2605,6584,".","-",".","ID=MEAE_00087662","MEAE_00087662","Alias=snap_masked-MeA_20160214_scaffold_4293-processed-gene-0.13","Protein of unknown function"
"2376","ENA|OLKM01004294|OLKM01004294.1 5590","OLKM01004294.1",5591,"MeA_20160214_scaffold_4293","OLKM01004294.1","maker","gene",2605,6584,".","-",".","ID=MEAE_00087662","MEAE_00087662","Alias=snap_masked-MeA_20160214_scaffold_4293-processed-gene-0.13","Protein of unknown function"
"2377","ENA|OLKM01004294|OLKM01004294.1 5765","OLKM01004294.1",5766,"MeA_20160214_scaffold_4293","OLKM01004294.1","maker","gene",2605,6584,".","-",".","ID=MEAE_00087662","MEAE_00087662","Alias=snap_masked-MeA_20160214_scaffold_4293-processed-gene-0.13","Protein of unknown function"
"2378","ENA|OLKM01004294|OLKM01004294.1 5779","OLKM01004294.1",5780,"MeA_20160214_scaffold_4293","OLKM01004294.1","maker","gene",2605,6584,".","-",".","ID=MEAE_00087662","MEAE_00087662","Alias=snap_masked-MeA_20160214_scaffold_4293-processed-gene-0.13","Protein of unknown function"
"2379","ENA|OLKM01004294|OLKM01004294.1 12834","OLKM01004294.1",12835,"MeA_20160214_scaffold_4293","OLKM01004294.1","maker","gene",8369,13713,".","-",".","ID=MEAE_00087664","MEAE_00087664","Alias=maker-MeA_20160214_scaffold_4293-snap-gene-0.17","Protein of unknown function"
"2379.2","ENA|OLKM01004294|OLKM01004294.1 12834","OLKM01004294.1",12835,"MeA_20160214_scaffold_4293","OLKM01004294.1","maker","gene",8285,23473,".","+",".","ID=MEAE_00087663","MEAE_00087663","Alias=snap_masked-MeA_20160214_scaffold_4293-processed-gene-0.11","Protein of unknown function"
"2380","ENA|OLKM01004294|OLKM01004294.1 13694","OLKM01004294.1",13695,"MeA_20160214_scaffold_4293","OLKM01004294.1","maker","gene",8369,13713,".","-",".","ID=MEAE_00087664","MEAE_00087664","Alias=maker-MeA_20160214_scaffold_4293-snap-gene-0.17","Protein of unknown function"
"2380.4","ENA|OLKM01004294|OLKM01004294.1 13694","OLKM01004294.1",13695,"MeA_20160214_scaffold_4293","OLKM01004294.1","maker","gene",8285,23473,".","+",".","ID=MEAE_00087663","MEAE_00087663","Alias=snap_masked-MeA_20160214_scaffold_4293-processed-gene-0.11","Protein of unknown function"
"2384","ENA|OLKM01004299|OLKM01004299.1 10961","OLKM01004299.1",10962,"MeA_20160214_scaffold_4298","OLKM01004299.1","maker","gene",9589,13328,".","-",".","ID=MEAE_00087682","MEAE_00087682","Alias=snap_masked-MeA_20160214_scaffold_4298-processed-gene-0.6","Protein of unknown function"
"2386","ENA|OLKM01004304|OLKM01004304.1 3449","OLKM01004304.1",3450,"MeA_20160214_scaffold_4303","OLKM01004304.1","maker","gene",1001,6692,".","-",".","ID=MEAE_00087705","MEAE_00087705","Alias=augustus_masked-MeA_20160214_scaffold_4303-processed-gene-0.4","Protein of unknown function"
"2389","ENA|OLKM01004312|OLKM01004312.1 9146","OLKM01004312.1",9147,"MeA_20160214_scaffold_4311","OLKM01004312.1","maker","gene",2306,9540,".","-",".","ID=MEAE_00087747","MEAE_00087747","Alias=maker-MeA_20160214_scaffold_4311-augustus-gene-0.12","Protein of unknown function"
"2390","ENA|OLKM01004312|OLKM01004312.1 9170","OLKM01004312.1",9171,"MeA_20160214_scaffold_4311","OLKM01004312.1","maker","gene",2306,9540,".","-",".","ID=MEAE_00087747","MEAE_00087747","Alias=maker-MeA_20160214_scaffold_4311-augustus-gene-0.12","Protein of unknown function"
"2391","ENA|OLKM01004312|OLKM01004312.1 9197","OLKM01004312.1",9198,"MeA_20160214_scaffold_4311","OLKM01004312.1","maker","gene",2306,9540,".","-",".","ID=MEAE_00087747","MEAE_00087747","Alias=maker-MeA_20160214_scaffold_4311-augustus-gene-0.12","Protein of unknown function"
"2392","ENA|OLKM01004312|OLKM01004312.1 9246","OLKM01004312.1",9247,"MeA_20160214_scaffold_4311","OLKM01004312.1","maker","gene",2306,9540,".","-",".","ID=MEAE_00087747","MEAE_00087747","Alias=maker-MeA_20160214_scaffold_4311-augustus-gene-0.12","Protein of unknown function"
"2393","ENA|OLKM01004319|OLKM01004319.1 14033","OLKM01004319.1",14034,"MeA_20160214_scaffold_4318","OLKM01004319.1","maker","gene",9030,18774,".","+",".","ID=MEAE_00087764","MEAE_00087764","Alias=maker-MeA_20160214_scaffold_4318-snap-gene-0.9","Similar to PGBD4: PiggyBac transposable element-derived protein 4 (Homo sapiens)"
"2398","ENA|OLKM01004331|OLKM01004331.1 1019","OLKM01004331.1",1020,"MeA_20160214_scaffold_4330","OLKM01004331.1","maker","gene",100,3549,".","+",".","ID=MEAE_00087798","MEAE_00087798","Alias=snap_masked-MeA_20160214_scaffold_4330-processed-gene-0.10","Protein of unknown function"
"2398.2","ENA|OLKM01004331|OLKM01004331.1 1019","OLKM01004331.1",1020,"MeA_20160214_scaffold_4330","OLKM01004331.1","maker","gene",97,3396,".","-",".","ID=MEAE_00087797","MEAE_00087797","Alias=snap_masked-MeA_20160214_scaffold_4330-processed-gene-0.14","Protein of unknown function"
"2399","ENA|OLKM01004331|OLKM01004331.1 1233","OLKM01004331.1",1234,"MeA_20160214_scaffold_4330","OLKM01004331.1","maker","gene",100,3549,".","+",".","ID=MEAE_00087798","MEAE_00087798","Alias=snap_masked-MeA_20160214_scaffold_4330-processed-gene-0.10","Protein of unknown function"
"2399.2","ENA|OLKM01004331|OLKM01004331.1 1233","OLKM01004331.1",1234,"MeA_20160214_scaffold_4330","OLKM01004331.1","maker","gene",97,3396,".","-",".","ID=MEAE_00087797","MEAE_00087797","Alias=snap_masked-MeA_20160214_scaffold_4330-processed-gene-0.14","Protein of unknown function"
"2400","ENA|OLKM01004331|OLKM01004331.1 1303","OLKM01004331.1",1304,"MeA_20160214_scaffold_4330","OLKM01004331.1","maker","gene",100,3549,".","+",".","ID=MEAE_00087798","MEAE_00087798","Alias=snap_masked-MeA_20160214_scaffold_4330-processed-gene-0.10","Protein of unknown function"
"2400.2","ENA|OLKM01004331|OLKM01004331.1 1303","OLKM01004331.1",1304,"MeA_20160214_scaffold_4330","OLKM01004331.1","maker","gene",97,3396,".","-",".","ID=MEAE_00087797","MEAE_00087797","Alias=snap_masked-MeA_20160214_scaffold_4330-processed-gene-0.14","Protein of unknown function"
"2401","ENA|OLKM01004331|OLKM01004331.1 1498","OLKM01004331.1",1499,"MeA_20160214_scaffold_4330","OLKM01004331.1","maker","gene",100,3549,".","+",".","ID=MEAE_00087798","MEAE_00087798","Alias=snap_masked-MeA_20160214_scaffold_4330-processed-gene-0.10","Protein of unknown function"
"2401.2","ENA|OLKM01004331|OLKM01004331.1 1498","OLKM01004331.1",1499,"MeA_20160214_scaffold_4330","OLKM01004331.1","maker","gene",97,3396,".","-",".","ID=MEAE_00087797","MEAE_00087797","Alias=snap_masked-MeA_20160214_scaffold_4330-processed-gene-0.14","Protein of unknown function"
"2402","ENA|OLKM01004331|OLKM01004331.1 4174","OLKM01004331.1",4175,"MeA_20160214_scaffold_4330","OLKM01004331.1","maker","gene",3953,14822,".","-",".","ID=MEAE_00087800","MEAE_00087800","Alias=maker-MeA_20160214_scaffold_4330-augustus-gene-0.17","Protein of unknown function"
"2402.2","ENA|OLKM01004331|OLKM01004331.1 4174","OLKM01004331.1",4175,"MeA_20160214_scaffold_4330","OLKM01004331.1","maker","gene",3854,6050,".","+",".","ID=MEAE_00087799","MEAE_00087799","Alias=augustus_masked-MeA_20160214_scaffold_4330-processed-gene-0.5","Protein of unknown function"
"2403","ENA|OLKM01004331|OLKM01004331.1 4849","OLKM01004331.1",4850,"MeA_20160214_scaffold_4330","OLKM01004331.1","maker","gene",3953,14822,".","-",".","ID=MEAE_00087800","MEAE_00087800","Alias=maker-MeA_20160214_scaffold_4330-augustus-gene-0.17","Protein of unknown function"
"2403.2","ENA|OLKM01004331|OLKM01004331.1 4849","OLKM01004331.1",4850,"MeA_20160214_scaffold_4330","OLKM01004331.1","maker","gene",3854,6050,".","+",".","ID=MEAE_00087799","MEAE_00087799","Alias=augustus_masked-MeA_20160214_scaffold_4330-processed-gene-0.5","Protein of unknown function"
"2404","ENA|OLKM01004331|OLKM01004331.1 4913","OLKM01004331.1",4914,"MeA_20160214_scaffold_4330","OLKM01004331.1","maker","gene",3953,14822,".","-",".","ID=MEAE_00087800","MEAE_00087800","Alias=maker-MeA_20160214_scaffold_4330-augustus-gene-0.17","Protein of unknown function"
"2404.2","ENA|OLKM01004331|OLKM01004331.1 4913","OLKM01004331.1",4914,"MeA_20160214_scaffold_4330","OLKM01004331.1","maker","gene",3854,6050,".","+",".","ID=MEAE_00087799","MEAE_00087799","Alias=augustus_masked-MeA_20160214_scaffold_4330-processed-gene-0.5","Protein of unknown function"
"2405","ENA|OLKM01004331|OLKM01004331.1 5807","OLKM01004331.1",5808,"MeA_20160214_scaffold_4330","OLKM01004331.1","maker","gene",3953,14822,".","-",".","ID=MEAE_00087800","MEAE_00087800","Alias=maker-MeA_20160214_scaffold_4330-augustus-gene-0.17","Protein of unknown function"
"2405.2","ENA|OLKM01004331|OLKM01004331.1 5807","OLKM01004331.1",5808,"MeA_20160214_scaffold_4330","OLKM01004331.1","maker","gene",3854,6050,".","+",".","ID=MEAE_00087799","MEAE_00087799","Alias=augustus_masked-MeA_20160214_scaffold_4330-processed-gene-0.5","Protein of unknown function"
"2406","ENA|OLKM01004331|OLKM01004331.1 5835","OLKM01004331.1",5836,"MeA_20160214_scaffold_4330","OLKM01004331.1","maker","gene",3953,14822,".","-",".","ID=MEAE_00087800","MEAE_00087800","Alias=maker-MeA_20160214_scaffold_4330-augustus-gene-0.17","Protein of unknown function"
"2406.2","ENA|OLKM01004331|OLKM01004331.1 5835","OLKM01004331.1",5836,"MeA_20160214_scaffold_4330","OLKM01004331.1","maker","gene",3854,6050,".","+",".","ID=MEAE_00087799","MEAE_00087799","Alias=augustus_masked-MeA_20160214_scaffold_4330-processed-gene-0.5","Protein of unknown function"
"2407","ENA|OLKM01004331|OLKM01004331.1 5867","OLKM01004331.1",5868,"MeA_20160214_scaffold_4330","OLKM01004331.1","maker","gene",3953,14822,".","-",".","ID=MEAE_00087800","MEAE_00087800","Alias=maker-MeA_20160214_scaffold_4330-augustus-gene-0.17","Protein of unknown function"
"2407.2","ENA|OLKM01004331|OLKM01004331.1 5867","OLKM01004331.1",5868,"MeA_20160214_scaffold_4330","OLKM01004331.1","maker","gene",3854,6050,".","+",".","ID=MEAE_00087799","MEAE_00087799","Alias=augustus_masked-MeA_20160214_scaffold_4330-processed-gene-0.5","Protein of unknown function"
"2408","ENA|OLKM01004331|OLKM01004331.1 6099","OLKM01004331.1",6100,"MeA_20160214_scaffold_4330","OLKM01004331.1","maker","gene",3953,14822,".","-",".","ID=MEAE_00087800","MEAE_00087800","Alias=maker-MeA_20160214_scaffold_4330-augustus-gene-0.17","Protein of unknown function"
"2409","ENA|OLKM01004331|OLKM01004331.1 6248","OLKM01004331.1",6249,"MeA_20160214_scaffold_4330","OLKM01004331.1","maker","gene",3953,14822,".","-",".","ID=MEAE_00087800","MEAE_00087800","Alias=maker-MeA_20160214_scaffold_4330-augustus-gene-0.17","Protein of unknown function"
"2410","ENA|OLKM01004331|OLKM01004331.1 6383","OLKM01004331.1",6384,"MeA_20160214_scaffold_4330","OLKM01004331.1","maker","gene",3953,14822,".","-",".","ID=MEAE_00087800","MEAE_00087800","Alias=maker-MeA_20160214_scaffold_4330-augustus-gene-0.17","Protein of unknown function"
"2411","ENA|OLKM01004331|OLKM01004331.1 8372","OLKM01004331.1",8373,"MeA_20160214_scaffold_4330","OLKM01004331.1","maker","gene",3953,14822,".","-",".","ID=MEAE_00087800","MEAE_00087800","Alias=maker-MeA_20160214_scaffold_4330-augustus-gene-0.17","Protein of unknown function"
"2412","ENA|OLKM01004334|OLKM01004334.1 2155","OLKM01004334.1",2156,"MeA_20160214_scaffold_4333","OLKM01004334.1","maker","gene",10,3788,".","-",".","ID=MEAE_00087813","MEAE_00087813","Alias=snap_masked-MeA_20160214_scaffold_4333-processed-gene-0.4","Protein of unknown function"
"2413","ENA|OLKM01004334|OLKM01004334.1 2197","OLKM01004334.1",2198,"MeA_20160214_scaffold_4333","OLKM01004334.1","maker","gene",10,3788,".","-",".","ID=MEAE_00087813","MEAE_00087813","Alias=snap_masked-MeA_20160214_scaffold_4333-processed-gene-0.4","Protein of unknown function"
"2415","ENA|OLKM01004336|OLKM01004336.1 7637","OLKM01004336.1",7638,"MeA_20160214_scaffold_4335","OLKM01004336.1","maker","gene",2573,10540,".","+",".","ID=MEAE_00087818","MEAE_00087818","Alias=snap_masked-MeA_20160214_scaffold_4335-processed-gene-0.4","Protein of unknown function"
"2416","ENA|OLKM01004336|OLKM01004336.1 7670","OLKM01004336.1",7671,"MeA_20160214_scaffold_4335","OLKM01004336.1","maker","gene",2573,10540,".","+",".","ID=MEAE_00087818","MEAE_00087818","Alias=snap_masked-MeA_20160214_scaffold_4335-processed-gene-0.4","Protein of unknown function"
"2417","ENA|OLKM01004336|OLKM01004336.1 8927","OLKM01004336.1",8928,"MeA_20160214_scaffold_4335","OLKM01004336.1","maker","gene",2573,10540,".","+",".","ID=MEAE_00087818","MEAE_00087818","Alias=snap_masked-MeA_20160214_scaffold_4335-processed-gene-0.4","Protein of unknown function"
"2418","ENA|OLKM01004336|OLKM01004336.1 10283","OLKM01004336.1",10284,"MeA_20160214_scaffold_4335","OLKM01004336.1","maker","gene",2573,10540,".","+",".","ID=MEAE_00087818","MEAE_00087818","Alias=snap_masked-MeA_20160214_scaffold_4335-processed-gene-0.4","Protein of unknown function"
"2423","ENA|OLKM01004349|OLKM01004349.1 21152","OLKM01004349.1",21153,"MeA_20160214_scaffold_4348","OLKM01004349.1","maker","gene",11069,22353,".","-",".","ID=MEAE_00087856","MEAE_00087856","Alias=snap_masked-MeA_20160214_scaffold_4348-processed-gene-0.15","Protein of unknown function"
"2429","ENA|OLKM01004362|OLKM01004362.1 8879","OLKM01004362.1",8880,"MeA_20160214_scaffold_4361","OLKM01004362.1","maker","gene",5932,16587,".","-",".","ID=MEAE_00087897","MEAE_00087897","Alias=snap_masked-MeA_20160214_scaffold_4361-processed-gene-0.9","Protein of unknown function"
"2430","ENA|OLKM01004362|OLKM01004362.1 8913","OLKM01004362.1",8914,"MeA_20160214_scaffold_4361","OLKM01004362.1","maker","gene",5932,16587,".","-",".","ID=MEAE_00087897","MEAE_00087897","Alias=snap_masked-MeA_20160214_scaffold_4361-processed-gene-0.9","Protein of unknown function"
"2431","ENA|OLKM01004363|OLKM01004363.1 7322","OLKM01004363.1",7323,"MeA_20160214_scaffold_4362","OLKM01004363.1","maker","gene",292,15349,".","+",".","ID=MEAE_00087898","MEAE_00087898","Alias=snap_masked-MeA_20160214_scaffold_4362-processed-gene-0.4","Protein of unknown function"
"2437","ENA|OLKM01004373|OLKM01004373.1 7394","OLKM01004373.1",7395,"MeA_20160214_scaffold_4372","OLKM01004373.1","maker","gene",3758,21891,".","-",".","ID=MEAE_00087925","MEAE_00087925","Alias=maker-MeA_20160214_scaffold_4372-snap-gene-0.11","Protein of unknown function"
"2438","ENA|OLKM01004373|OLKM01004373.1 13356","OLKM01004373.1",13357,"MeA_20160214_scaffold_4372","OLKM01004373.1","maker","gene",3758,21891,".","-",".","ID=MEAE_00087925","MEAE_00087925","Alias=maker-MeA_20160214_scaffold_4372-snap-gene-0.11","Protein of unknown function"
"2439","ENA|OLKM01004373|OLKM01004373.1 16980","OLKM01004373.1",16981,"MeA_20160214_scaffold_4372","OLKM01004373.1","maker","gene",3758,21891,".","-",".","ID=MEAE_00087925","MEAE_00087925","Alias=maker-MeA_20160214_scaffold_4372-snap-gene-0.11","Protein of unknown function"
"2439.2","ENA|OLKM01004373|OLKM01004373.1 16980","OLKM01004373.1",16981,"MeA_20160214_scaffold_4372","OLKM01004373.1","maker","gene",16038,18552,".","+",".","ID=MEAE_00087927","MEAE_00087927","Alias=snap_masked-MeA_20160214_scaffold_4372-processed-gene-0.5","Protein of unknown function"
"2440","ENA|OLKM01004375|OLKM01004375.1 7917","OLKM01004375.1",7918,"MeA_20160214_scaffold_4374","OLKM01004375.1","maker","gene",1618,20615,".","+",".","ID=MEAE_00087935","MEAE_00087935","Alias=snap_masked-MeA_20160214_scaffold_4374-processed-gene-0.4","Similar to Prdm4: PR domain zinc finger protein 4 (Rattus norvegicus)"
"2441","ENA|OLKM01004375|OLKM01004375.1 12827","OLKM01004375.1",12828,"MeA_20160214_scaffold_4374","OLKM01004375.1","maker","gene",1618,20615,".","+",".","ID=MEAE_00087935","MEAE_00087935","Alias=snap_masked-MeA_20160214_scaffold_4374-processed-gene-0.4","Similar to Prdm4: PR domain zinc finger protein 4 (Rattus norvegicus)"
"2442","ENA|OLKM01004375|OLKM01004375.1 13655","OLKM01004375.1",13656,"MeA_20160214_scaffold_4374","OLKM01004375.1","maker","gene",1618,20615,".","+",".","ID=MEAE_00087935","MEAE_00087935","Alias=snap_masked-MeA_20160214_scaffold_4374-processed-gene-0.4","Similar to Prdm4: PR domain zinc finger protein 4 (Rattus norvegicus)"
"2443","ENA|OLKM01004378|OLKM01004378.1 14945","OLKM01004378.1",14946,"MeA_20160214_scaffold_4377","OLKM01004378.1","maker","gene",7778,19000,".","-",".","ID=MEAE_00087939","MEAE_00087939","Alias=maker-MeA_20160214_scaffold_4377-snap-gene-0.14","Similar to Nlrp12: NACHT%2C LRR and PYD domains-containing protein 12 (Mus musculus)"
"2444","ENA|OLKM01004378|OLKM01004378.1 15559","OLKM01004378.1",15560,"MeA_20160214_scaffold_4377","OLKM01004378.1","maker","gene",7778,19000,".","-",".","ID=MEAE_00087939","MEAE_00087939","Alias=maker-MeA_20160214_scaffold_4377-snap-gene-0.14","Similar to Nlrp12: NACHT%2C LRR and PYD domains-containing protein 12 (Mus musculus)"
"2448","ENA|OLKM01004383|OLKM01004383.1 21175","OLKM01004383.1",21176,"MeA_20160214_scaffold_4382","OLKM01004383.1","maker","gene",14829,22129,".","+",".","ID=MEAE_00087964","MEAE_00087964","Alias=maker-MeA_20160214_scaffold_4382-augustus-gene-0.11","Protein of unknown function"
"2448.2","ENA|OLKM01004383|OLKM01004383.1 21175","OLKM01004383.1",21176,"MeA_20160214_scaffold_4382","OLKM01004383.1","maker","gene",15368,22533,".","-",".","ID=MEAE_00087965","MEAE_00087965","Alias=snap_masked-MeA_20160214_scaffold_4382-processed-gene-0.9","Protein of unknown function"
"2449","ENA|OLKM01004383|OLKM01004383.1 21475","OLKM01004383.1",21476,"MeA_20160214_scaffold_4382","OLKM01004383.1","maker","gene",14829,22129,".","+",".","ID=MEAE_00087964","MEAE_00087964","Alias=maker-MeA_20160214_scaffold_4382-augustus-gene-0.11","Protein of unknown function"
"2449.2","ENA|OLKM01004383|OLKM01004383.1 21475","OLKM01004383.1",21476,"MeA_20160214_scaffold_4382","OLKM01004383.1","maker","gene",15368,22533,".","-",".","ID=MEAE_00087965","MEAE_00087965","Alias=snap_masked-MeA_20160214_scaffold_4382-processed-gene-0.9","Protein of unknown function"
"2450","ENA|OLKM01004383|OLKM01004383.1 21532","OLKM01004383.1",21533,"MeA_20160214_scaffold_4382","OLKM01004383.1","maker","gene",14829,22129,".","+",".","ID=MEAE_00087964","MEAE_00087964","Alias=maker-MeA_20160214_scaffold_4382-augustus-gene-0.11","Protein of unknown function"
"2450.2","ENA|OLKM01004383|OLKM01004383.1 21532","OLKM01004383.1",21533,"MeA_20160214_scaffold_4382","OLKM01004383.1","maker","gene",15368,22533,".","-",".","ID=MEAE_00087965","MEAE_00087965","Alias=snap_masked-MeA_20160214_scaffold_4382-processed-gene-0.9","Protein of unknown function"
"2451","ENA|OLKM01004383|OLKM01004383.1 22113","OLKM01004383.1",22114,"MeA_20160214_scaffold_4382","OLKM01004383.1","maker","gene",14829,22129,".","+",".","ID=MEAE_00087964","MEAE_00087964","Alias=maker-MeA_20160214_scaffold_4382-augustus-gene-0.11","Protein of unknown function"
"2451.4","ENA|OLKM01004383|OLKM01004383.1 22113","OLKM01004383.1",22114,"MeA_20160214_scaffold_4382","OLKM01004383.1","maker","gene",15368,22533,".","-",".","ID=MEAE_00087965","MEAE_00087965","Alias=snap_masked-MeA_20160214_scaffold_4382-processed-gene-0.9","Protein of unknown function"
"2459","ENA|OLKM01004417|OLKM01004417.1 7175","OLKM01004417.1",7176,"MeA_20160214_scaffold_4416","OLKM01004417.1","maker","gene",2902,11919,".","+",".","ID=MEAE_00088066","MEAE_00088066","Alias=maker-MeA_20160214_scaffold_4416-snap-gene-0.8","Similar to TAAR1: Trace amine-associated receptor 1 (Macaca mulatta)"
"2461","ENA|OLKM01004422|OLKM01004422.1 11664","OLKM01004422.1",11665,"MeA_20160214_scaffold_4421","OLKM01004422.1","maker","gene",10451,11811,".","+",".","ID=MEAE_00088079","MEAE_00088079","Alias=maker-MeA_20160214_scaffold_4421-snap-gene-0.7","Protein of unknown function"
"2461.4","ENA|OLKM01004422|OLKM01004422.1 11664","OLKM01004422.1",11665,"MeA_20160214_scaffold_4421","OLKM01004422.1","maker","gene",10275,11841,".","-",".","ID=MEAE_00088078","MEAE_00088078","Alias=augustus_masked-MeA_20160214_scaffold_4421-processed-gene-0.4","Protein of unknown function"
"2462","ENA|OLKM01004425|OLKM01004425.1 12145","OLKM01004425.1",12146,"MeA_20160214_scaffold_4424","OLKM01004425.1","maker","gene",10027,12856,".","+",".","ID=MEAE_00088089","MEAE_00088089","Alias=maker-MeA_20160214_scaffold_4424-snap-gene-0.12","Protein of unknown function"
"2467","ENA|OLKM01004428|OLKM01004428.1 15450","OLKM01004428.1",15451,"MeA_20160214_scaffold_4427","OLKM01004428.1","maker","gene",8075,17898,".","+",".","ID=MEAE_00088096","MEAE_00088096","Alias=maker-MeA_20160214_scaffold_4427-snap-gene-0.14","Similar to lgals3bpb: Galectin-3-binding protein B (Danio rerio)"
"2468","ENA|OLKM01004429|OLKM01004429.1 6675","OLKM01004429.1",6676,"MeA_20160214_scaffold_4428","OLKM01004429.1","maker","gene",6418,8020,".","-",".","ID=MEAE_00088098","MEAE_00088098","Alias=maker-MeA_20160214_scaffold_4428-augustus-gene-0.7","Protein of unknown function"
"2468.4","ENA|OLKM01004429|OLKM01004429.1 6675","OLKM01004429.1",6676,"MeA_20160214_scaffold_4428","OLKM01004429.1","maker","gene",6143,8025,".","+",".","ID=MEAE_00088097","MEAE_00088097","Alias=snap_masked-MeA_20160214_scaffold_4428-processed-gene-0.5","Protein of unknown function"
"2469","ENA|OLKM01004429|OLKM01004429.1 7645","OLKM01004429.1",7646,"MeA_20160214_scaffold_4428","OLKM01004429.1","maker","gene",6418,8020,".","-",".","ID=MEAE_00088098","MEAE_00088098","Alias=maker-MeA_20160214_scaffold_4428-augustus-gene-0.7","Protein of unknown function"
"2469.4","ENA|OLKM01004429|OLKM01004429.1 7645","OLKM01004429.1",7646,"MeA_20160214_scaffold_4428","OLKM01004429.1","maker","gene",6143,8025,".","+",".","ID=MEAE_00088097","MEAE_00088097","Alias=snap_masked-MeA_20160214_scaffold_4428-processed-gene-0.5","Protein of unknown function"
"2474","ENA|OLKM01004429|OLKM01004429.1 10065","OLKM01004429.1",10066,"MeA_20160214_scaffold_4428","OLKM01004429.1","maker","gene",9683,10565,".","+",".","ID=MEAE_00088100","MEAE_00088100","Alias=maker-MeA_20160214_scaffold_4428-snap-gene-0.8","Protein of unknown function"
"2474.4","ENA|OLKM01004429|OLKM01004429.1 10065","OLKM01004429.1",10066,"MeA_20160214_scaffold_4428","OLKM01004429.1","maker","gene",9487,10600,".","-",".","ID=MEAE_00088099","MEAE_00088099","Alias=genemark-MeA_20160214_scaffold_4428-processed-gene-0.2","Protein of unknown function"
"2475","ENA|OLKM01004429|OLKM01004429.1 10158","OLKM01004429.1",10159,"MeA_20160214_scaffold_4428","OLKM01004429.1","maker","gene",9683,10565,".","+",".","ID=MEAE_00088100","MEAE_00088100","Alias=maker-MeA_20160214_scaffold_4428-snap-gene-0.8","Protein of unknown function"
"2475.2","ENA|OLKM01004429|OLKM01004429.1 10158","OLKM01004429.1",10159,"MeA_20160214_scaffold_4428","OLKM01004429.1","maker","gene",9487,10600,".","-",".","ID=MEAE_00088099","MEAE_00088099","Alias=genemark-MeA_20160214_scaffold_4428-processed-gene-0.2","Protein of unknown function"
"2476","ENA|OLKM01004429|OLKM01004429.1 10545","OLKM01004429.1",10546,"MeA_20160214_scaffold_4428","OLKM01004429.1","maker","gene",9683,10565,".","+",".","ID=MEAE_00088100","MEAE_00088100","Alias=maker-MeA_20160214_scaffold_4428-snap-gene-0.8","Protein of unknown function"
"2476.4","ENA|OLKM01004429|OLKM01004429.1 10545","OLKM01004429.1",10546,"MeA_20160214_scaffold_4428","OLKM01004429.1","maker","gene",9487,10600,".","-",".","ID=MEAE_00088099","MEAE_00088099","Alias=genemark-MeA_20160214_scaffold_4428-processed-gene-0.2","Protein of unknown function"
"2483","ENA|OLKM01004435|OLKM01004435.1 11432","OLKM01004435.1",11433,"MeA_20160214_scaffold_4434","OLKM01004435.1","maker","gene",8900,14317,".","+",".","ID=MEAE_00088118","MEAE_00088118","Alias=snap_masked-MeA_20160214_scaffold_4434-processed-gene-0.7","Protein of unknown function"
"2484","ENA|OLKM01004435|OLKM01004435.1 11455","OLKM01004435.1",11456,"MeA_20160214_scaffold_4434","OLKM01004435.1","maker","gene",8900,14317,".","+",".","ID=MEAE_00088118","MEAE_00088118","Alias=snap_masked-MeA_20160214_scaffold_4434-processed-gene-0.7","Protein of unknown function"
"2486","ENA|OLKM01004438|OLKM01004438.1 5763","OLKM01004438.1",5764,"MeA_20160214_scaffold_4437","OLKM01004438.1","maker","gene",5702,15528,".","+",".","ID=MEAE_00088128","MEAE_00088128","Alias=snap_masked-MeA_20160214_scaffold_4437-processed-gene-0.5","Protein of unknown function"
"2487","ENA|OLKM01004438|OLKM01004438.1 9369","OLKM01004438.1",9370,"MeA_20160214_scaffold_4437","OLKM01004438.1","maker","gene",5702,15528,".","+",".","ID=MEAE_00088128","MEAE_00088128","Alias=snap_masked-MeA_20160214_scaffold_4437-processed-gene-0.5","Protein of unknown function"
"2488","ENA|OLKM01004438|OLKM01004438.1 10587","OLKM01004438.1",10588,"MeA_20160214_scaffold_4437","OLKM01004438.1","maker","gene",5702,15528,".","+",".","ID=MEAE_00088128","MEAE_00088128","Alias=snap_masked-MeA_20160214_scaffold_4437-processed-gene-0.5","Protein of unknown function"
"2488.2","ENA|OLKM01004438|OLKM01004438.1 10587","OLKM01004438.1",10588,"MeA_20160214_scaffold_4437","OLKM01004438.1","maker","gene",9683,10626,".","-",".","ID=MEAE_00088129","MEAE_00088129","Alias=snap_masked-MeA_20160214_scaffold_4437-processed-gene-0.6","Protein of unknown function"
"2489","ENA|OLKM01004446|OLKM01004446.1 12763","OLKM01004446.1",12764,"MeA_20160214_scaffold_4445","OLKM01004446.1","maker","gene",10958,14334,".","+",".","ID=MEAE_00088166","MEAE_00088166","Alias=snap_masked-MeA_20160214_scaffold_4445-processed-gene-0.7","Protein of unknown function"
"2493","ENA|OLKM01004460|OLKM01004460.1 5947","OLKM01004460.1",5948,"MeA_20160214_scaffold_4459","OLKM01004460.1","maker","gene",464,14657,".","+",".","ID=MEAE_00088229","MEAE_00088229","Alias=maker-MeA_20160214_scaffold_4459-snap-gene-0.3","Protein of unknown function"
"2494","ENA|OLKM01004460|OLKM01004460.1 6098","OLKM01004460.1",6099,"MeA_20160214_scaffold_4459","OLKM01004460.1","maker","gene",464,14657,".","+",".","ID=MEAE_00088229","MEAE_00088229","Alias=maker-MeA_20160214_scaffold_4459-snap-gene-0.3","Protein of unknown function"
"2495","ENA|OLKM01004460|OLKM01004460.1 7112","OLKM01004460.1",7113,"MeA_20160214_scaffold_4459","OLKM01004460.1","maker","gene",464,14657,".","+",".","ID=MEAE_00088229","MEAE_00088229","Alias=maker-MeA_20160214_scaffold_4459-snap-gene-0.3","Protein of unknown function"
"2496","ENA|OLKM01004460|OLKM01004460.1 8434","OLKM01004460.1",8435,"MeA_20160214_scaffold_4459","OLKM01004460.1","maker","gene",464,14657,".","+",".","ID=MEAE_00088229","MEAE_00088229","Alias=maker-MeA_20160214_scaffold_4459-snap-gene-0.3","Protein of unknown function"
"2497","ENA|OLKM01004460|OLKM01004460.1 8601","OLKM01004460.1",8602,"MeA_20160214_scaffold_4459","OLKM01004460.1","maker","gene",464,14657,".","+",".","ID=MEAE_00088229","MEAE_00088229","Alias=maker-MeA_20160214_scaffold_4459-snap-gene-0.3","Protein of unknown function"
"2498","ENA|OLKM01004460|OLKM01004460.1 8617","OLKM01004460.1",8618,"MeA_20160214_scaffold_4459","OLKM01004460.1","maker","gene",464,14657,".","+",".","ID=MEAE_00088229","MEAE_00088229","Alias=maker-MeA_20160214_scaffold_4459-snap-gene-0.3","Protein of unknown function"
"2499","ENA|OLKM01004460|OLKM01004460.1 8837","OLKM01004460.1",8838,"MeA_20160214_scaffold_4459","OLKM01004460.1","maker","gene",464,14657,".","+",".","ID=MEAE_00088229","MEAE_00088229","Alias=maker-MeA_20160214_scaffold_4459-snap-gene-0.3","Protein of unknown function"
"2503","ENA|OLKM01004470|OLKM01004470.1 1348","OLKM01004470.1",1349,"MeA_20160214_scaffold_4469","OLKM01004470.1","maker","gene",226,5385,".","-",".","ID=MEAE_00088250","MEAE_00088250","Alias=genemark-MeA_20160214_scaffold_4469-processed-gene-0.1","Protein of unknown function"
"2504","ENA|OLKM01004470|OLKM01004470.1 1709","OLKM01004470.1",1710,"MeA_20160214_scaffold_4469","OLKM01004470.1","maker","gene",226,5385,".","-",".","ID=MEAE_00088250","MEAE_00088250","Alias=genemark-MeA_20160214_scaffold_4469-processed-gene-0.1","Protein of unknown function"
"2505","ENA|OLKM01004470|OLKM01004470.1 1815","OLKM01004470.1",1816,"MeA_20160214_scaffold_4469","OLKM01004470.1","maker","gene",226,5385,".","-",".","ID=MEAE_00088250","MEAE_00088250","Alias=genemark-MeA_20160214_scaffold_4469-processed-gene-0.1","Protein of unknown function"
"2506","ENA|OLKM01004470|OLKM01004470.1 1828","OLKM01004470.1",1829,"MeA_20160214_scaffold_4469","OLKM01004470.1","maker","gene",226,5385,".","-",".","ID=MEAE_00088250","MEAE_00088250","Alias=genemark-MeA_20160214_scaffold_4469-processed-gene-0.1","Protein of unknown function"
"2507","ENA|OLKM01004470|OLKM01004470.1 1850","OLKM01004470.1",1851,"MeA_20160214_scaffold_4469","OLKM01004470.1","maker","gene",226,5385,".","-",".","ID=MEAE_00088250","MEAE_00088250","Alias=genemark-MeA_20160214_scaffold_4469-processed-gene-0.1","Protein of unknown function"
"2508","ENA|OLKM01004470|OLKM01004470.1 1900","OLKM01004470.1",1901,"MeA_20160214_scaffold_4469","OLKM01004470.1","maker","gene",226,5385,".","-",".","ID=MEAE_00088250","MEAE_00088250","Alias=genemark-MeA_20160214_scaffold_4469-processed-gene-0.1","Protein of unknown function"
"2510","ENA|OLKM01004487|OLKM01004487.1 537","OLKM01004487.1",538,"MeA_20160214_scaffold_4486","OLKM01004487.1","maker","gene",452,3960,".","+",".","ID=MEAE_00088306","MEAE_00088306","Alias=maker-MeA_20160214_scaffold_4486-snap-gene-0.5","Protein of unknown function"
"2511","ENA|OLKM01004487|OLKM01004487.1 737","OLKM01004487.1",738,"MeA_20160214_scaffold_4486","OLKM01004487.1","maker","gene",452,3960,".","+",".","ID=MEAE_00088306","MEAE_00088306","Alias=maker-MeA_20160214_scaffold_4486-snap-gene-0.5","Protein of unknown function"
"2512","ENA|OLKM01004487|OLKM01004487.1 1019","OLKM01004487.1",1020,"MeA_20160214_scaffold_4486","OLKM01004487.1","maker","gene",452,3960,".","+",".","ID=MEAE_00088306","MEAE_00088306","Alias=maker-MeA_20160214_scaffold_4486-snap-gene-0.5","Protein of unknown function"
"2513","ENA|OLKM01004487|OLKM01004487.1 1024","OLKM01004487.1",1025,"MeA_20160214_scaffold_4486","OLKM01004487.1","maker","gene",452,3960,".","+",".","ID=MEAE_00088306","MEAE_00088306","Alias=maker-MeA_20160214_scaffold_4486-snap-gene-0.5","Protein of unknown function"
"2514","ENA|OLKM01004487|OLKM01004487.1 1101","OLKM01004487.1",1102,"MeA_20160214_scaffold_4486","OLKM01004487.1","maker","gene",452,3960,".","+",".","ID=MEAE_00088306","MEAE_00088306","Alias=maker-MeA_20160214_scaffold_4486-snap-gene-0.5","Protein of unknown function"
"2515","ENA|OLKM01004487|OLKM01004487.1 1342","OLKM01004487.1",1343,"MeA_20160214_scaffold_4486","OLKM01004487.1","maker","gene",452,3960,".","+",".","ID=MEAE_00088306","MEAE_00088306","Alias=maker-MeA_20160214_scaffold_4486-snap-gene-0.5","Protein of unknown function"
"2516","ENA|OLKM01004487|OLKM01004487.1 1998","OLKM01004487.1",1999,"MeA_20160214_scaffold_4486","OLKM01004487.1","maker","gene",452,3960,".","+",".","ID=MEAE_00088306","MEAE_00088306","Alias=maker-MeA_20160214_scaffold_4486-snap-gene-0.5","Protein of unknown function"
"2520","ENA|OLKM01004495|OLKM01004495.1 20703","OLKM01004495.1",20704,"MeA_20160214_scaffold_4494","OLKM01004495.1","maker","gene",12506,20861,".","+",".","ID=MEAE_00088333","MEAE_00088333","Alias=maker-MeA_20160214_scaffold_4494-augustus-gene-0.13","Protein of unknown function"
"2520.2","ENA|OLKM01004495|OLKM01004495.1 20703","OLKM01004495.1",20704,"MeA_20160214_scaffold_4494","OLKM01004495.1","maker","gene",13259,20898,".","-",".","ID=MEAE_00088334","MEAE_00088334","Alias=snap_masked-MeA_20160214_scaffold_4494-processed-gene-0.11","Protein of unknown function"
"2521","ENA|OLKM01004495|OLKM01004495.1 20709","OLKM01004495.1",20710,"MeA_20160214_scaffold_4494","OLKM01004495.1","maker","gene",12506,20861,".","+",".","ID=MEAE_00088333","MEAE_00088333","Alias=maker-MeA_20160214_scaffold_4494-augustus-gene-0.13","Protein of unknown function"
"2521.2","ENA|OLKM01004495|OLKM01004495.1 20709","OLKM01004495.1",20710,"MeA_20160214_scaffold_4494","OLKM01004495.1","maker","gene",13259,20898,".","-",".","ID=MEAE_00088334","MEAE_00088334","Alias=snap_masked-MeA_20160214_scaffold_4494-processed-gene-0.11","Protein of unknown function"
"2522","ENA|OLKM01004495|OLKM01004495.1 20722","OLKM01004495.1",20723,"MeA_20160214_scaffold_4494","OLKM01004495.1","maker","gene",12506,20861,".","+",".","ID=MEAE_00088333","MEAE_00088333","Alias=maker-MeA_20160214_scaffold_4494-augustus-gene-0.13","Protein of unknown function"
"2522.4","ENA|OLKM01004495|OLKM01004495.1 20722","OLKM01004495.1",20723,"MeA_20160214_scaffold_4494","OLKM01004495.1","maker","gene",13259,20898,".","-",".","ID=MEAE_00088334","MEAE_00088334","Alias=snap_masked-MeA_20160214_scaffold_4494-processed-gene-0.11","Protein of unknown function"
"2523","ENA|OLKM01004495|OLKM01004495.1 20792","OLKM01004495.1",20793,"MeA_20160214_scaffold_4494","OLKM01004495.1","maker","gene",12506,20861,".","+",".","ID=MEAE_00088333","MEAE_00088333","Alias=maker-MeA_20160214_scaffold_4494-augustus-gene-0.13","Protein of unknown function"
"2523.4","ENA|OLKM01004495|OLKM01004495.1 20792","OLKM01004495.1",20793,"MeA_20160214_scaffold_4494","OLKM01004495.1","maker","gene",13259,20898,".","-",".","ID=MEAE_00088334","MEAE_00088334","Alias=snap_masked-MeA_20160214_scaffold_4494-processed-gene-0.11","Protein of unknown function"
"2524","ENA|OLKM01004495|OLKM01004495.1 20828","OLKM01004495.1",20829,"MeA_20160214_scaffold_4494","OLKM01004495.1","maker","gene",12506,20861,".","+",".","ID=MEAE_00088333","MEAE_00088333","Alias=maker-MeA_20160214_scaffold_4494-augustus-gene-0.13","Protein of unknown function"
"2524.4","ENA|OLKM01004495|OLKM01004495.1 20828","OLKM01004495.1",20829,"MeA_20160214_scaffold_4494","OLKM01004495.1","maker","gene",13259,20898,".","-",".","ID=MEAE_00088334","MEAE_00088334","Alias=snap_masked-MeA_20160214_scaffold_4494-processed-gene-0.11","Protein of unknown function"
"2530","ENA|OLKM01004509|OLKM01004509.1 13851","OLKM01004509.1",13852,"MeA_20160214_scaffold_4508","OLKM01004509.1","maker","gene",13579,14728,".","+",".","ID=MEAE_00088373","MEAE_00088373","Alias=maker-MeA_20160214_scaffold_4508-snap-gene-0.7","Protein of unknown function"
"2530.2","ENA|OLKM01004509|OLKM01004509.1 13851","OLKM01004509.1",13852,"MeA_20160214_scaffold_4508","OLKM01004509.1","maker","gene",13513,15160,".","-",".","ID=MEAE_00088372","MEAE_00088372","Alias=maker-MeA_20160214_scaffold_4508-augustus-gene-0.6","Similar to Ccdc106: Coiled-coil domain-containing protein 106 (Mus musculus)"
"2531","ENA|OLKM01004509|OLKM01004509.1 13990","OLKM01004509.1",13991,"MeA_20160214_scaffold_4508","OLKM01004509.1","maker","gene",13579,14728,".","+",".","ID=MEAE_00088373","MEAE_00088373","Alias=maker-MeA_20160214_scaffold_4508-snap-gene-0.7","Protein of unknown function"
"2531.4","ENA|OLKM01004509|OLKM01004509.1 13990","OLKM01004509.1",13991,"MeA_20160214_scaffold_4508","OLKM01004509.1","maker","gene",13513,15160,".","-",".","ID=MEAE_00088372","MEAE_00088372","Alias=maker-MeA_20160214_scaffold_4508-augustus-gene-0.6","Similar to Ccdc106: Coiled-coil domain-containing protein 106 (Mus musculus)"
"2534","ENA|OLKM01004514|OLKM01004514.1 6771","OLKM01004514.1",6772,"MeA_20160214_scaffold_4513","OLKM01004514.1","maker","gene",710,10783,".","+",".","ID=MEAE_00088375","MEAE_00088375","Alias=maker-MeA_20160214_scaffold_4513-augustus-gene-0.4","Protein of unknown function"
"2540","ENA|OLKM01004528|OLKM01004528.1 10415","OLKM01004528.1",10416,"MeA_20160214_scaffold_4527","OLKM01004528.1","maker","gene",1564,21668,".","+",".","ID=MEAE_00088422","MEAE_00088422","Alias=snap_masked-MeA_20160214_scaffold_4527-processed-gene-0.4","Protein of unknown function"
"2541","ENA|OLKM01004528|OLKM01004528.1 11894","OLKM01004528.1",11895,"MeA_20160214_scaffold_4527","OLKM01004528.1","maker","gene",1564,21668,".","+",".","ID=MEAE_00088422","MEAE_00088422","Alias=snap_masked-MeA_20160214_scaffold_4527-processed-gene-0.4","Protein of unknown function"
"2542","ENA|OLKM01004528|OLKM01004528.1 12012","OLKM01004528.1",12013,"MeA_20160214_scaffold_4527","OLKM01004528.1","maker","gene",1564,21668,".","+",".","ID=MEAE_00088422","MEAE_00088422","Alias=snap_masked-MeA_20160214_scaffold_4527-processed-gene-0.4","Protein of unknown function"
"2543","ENA|OLKM01004528|OLKM01004528.1 18903","OLKM01004528.1",18904,"MeA_20160214_scaffold_4527","OLKM01004528.1","maker","gene",1564,21668,".","+",".","ID=MEAE_00088422","MEAE_00088422","Alias=snap_masked-MeA_20160214_scaffold_4527-processed-gene-0.4","Protein of unknown function"
"2544","ENA|OLKM01004528|OLKM01004528.1 19056","OLKM01004528.1",19057,"MeA_20160214_scaffold_4527","OLKM01004528.1","maker","gene",1564,21668,".","+",".","ID=MEAE_00088422","MEAE_00088422","Alias=snap_masked-MeA_20160214_scaffold_4527-processed-gene-0.4","Protein of unknown function"
"2554","ENA|OLKM01004542|OLKM01004542.1 6095","OLKM01004542.1",6096,"MeA_20160214_scaffold_4541","OLKM01004542.1","maker","gene",3947,10951,".","-",".","ID=MEAE_00088458","MEAE_00088458","Alias=maker-MeA_20160214_scaffold_4541-snap-gene-0.9","Protein of unknown function"
"2555","ENA|OLKM01004542|OLKM01004542.1 7316","OLKM01004542.1",7317,"MeA_20160214_scaffold_4541","OLKM01004542.1","maker","gene",3947,10951,".","-",".","ID=MEAE_00088458","MEAE_00088458","Alias=maker-MeA_20160214_scaffold_4541-snap-gene-0.9","Protein of unknown function"
"2558","ENA|OLKM01004550|OLKM01004550.1 12773","OLKM01004550.1",12774,"MeA_20160214_scaffold_4549","OLKM01004550.1","maker","gene",1165,21494,".","-",".","ID=MEAE_00088487","MEAE_00088487","Alias=maker-MeA_20160214_scaffold_4549-snap-gene-0.9","Protein of unknown function"
"2559","ENA|OLKM01004558|OLKM01004558.1 12136","OLKM01004558.1",12137,"MeA_20160214_scaffold_4557","OLKM01004558.1","maker","gene",5885,14874,".","+",".","ID=MEAE_00088523","MEAE_00088523","Alias=snap_masked-MeA_20160214_scaffold_4557-processed-gene-0.5","Protein of unknown function"
"2559.2","ENA|OLKM01004558|OLKM01004558.1 12136","OLKM01004558.1",12137,"MeA_20160214_scaffold_4557","OLKM01004558.1","maker","gene",6312,12581,".","-",".","ID=MEAE_00088524","MEAE_00088524","Alias=snap_masked-MeA_20160214_scaffold_4557-processed-gene-0.6","Protein of unknown function"
"2566","ENA|OLKM01004562|OLKM01004562.1 13464","OLKM01004562.1",13465,"MeA_20160214_scaffold_4561","OLKM01004562.1","maker","gene",13331,13807,".","+",".","ID=MEAE_00088536","MEAE_00088536","Alias=snap_masked-MeA_20160214_scaffold_4561-processed-gene-0.10","Protein of unknown function"
"2578","ENA|OLKM01004570|OLKM01004570.1 11164","OLKM01004570.1",11165,"MeA_20160214_scaffold_4569","OLKM01004570.1","maker","gene",9826,15531,".","+",".","ID=MEAE_00088553","MEAE_00088553","Alias=snap_masked-MeA_20160214_scaffold_4569-processed-gene-0.6","Protein of unknown function"
"2578.2","ENA|OLKM01004570|OLKM01004570.1 11164","OLKM01004570.1",11165,"MeA_20160214_scaffold_4569","OLKM01004570.1","maker","gene",10299,13562,".","-",".","ID=MEAE_00088554","MEAE_00088554","Alias=snap_masked-MeA_20160214_scaffold_4569-processed-gene-0.7","Protein of unknown function"
"2584","ENA|OLKM01004582|OLKM01004582.1 7994","OLKM01004582.1",7995,"MeA_20160214_scaffold_4581","OLKM01004582.1","maker","gene",7250,10397,".","-",".","ID=MEAE_00088588","MEAE_00088588","Alias=snap_masked-MeA_20160214_scaffold_4581-processed-gene-0.9","Protein of unknown function"
"2585","ENA|OLKM01004603|OLKM01004603.1 8577","OLKM01004603.1",8578,"MeA_20160214_scaffold_4602","OLKM01004603.1","maker","gene",890,10659,".","+",".","ID=MEAE_00088647","MEAE_00088647","Alias=maker-MeA_20160214_scaffold_4602-augustus-gene-0.11","Protein of unknown function"
"2586","ENA|OLKM01004619|OLKM01004619.1 118","OLKM01004619.1",119,"MeA_20160214_scaffold_4618","OLKM01004619.1","maker","gene",25,921,".","-",".","ID=MEAE_00088706","MEAE_00088706","Alias=maker-MeA_20160214_scaffold_4618-snap-gene-0.27","Protein of unknown function"
"2587","ENA|OLKM01004619|OLKM01004619.1 643","OLKM01004619.1",644,"MeA_20160214_scaffold_4618","OLKM01004619.1","maker","gene",25,921,".","-",".","ID=MEAE_00088706","MEAE_00088706","Alias=maker-MeA_20160214_scaffold_4618-snap-gene-0.27","Protein of unknown function"
"2587.4","ENA|OLKM01004619|OLKM01004619.1 643","OLKM01004619.1",644,"MeA_20160214_scaffold_4618","OLKM01004619.1","maker","gene",375,866,".","+",".","ID=MEAE_00088707","MEAE_00088707","Alias=augustus_masked-MeA_20160214_scaffold_4618-processed-gene-0.6","Protein of unknown function"
"2588","ENA|OLKM01004619|OLKM01004619.1 695","OLKM01004619.1",696,"MeA_20160214_scaffold_4618","OLKM01004619.1","maker","gene",25,921,".","-",".","ID=MEAE_00088706","MEAE_00088706","Alias=maker-MeA_20160214_scaffold_4618-snap-gene-0.27","Protein of unknown function"
"2588.4","ENA|OLKM01004619|OLKM01004619.1 695","OLKM01004619.1",696,"MeA_20160214_scaffold_4618","OLKM01004619.1","maker","gene",375,866,".","+",".","ID=MEAE_00088707","MEAE_00088707","Alias=augustus_masked-MeA_20160214_scaffold_4618-processed-gene-0.6","Protein of unknown function"
"2593","ENA|OLKM01004620|OLKM01004620.1 9227","OLKM01004620.1",9228,"MeA_20160214_scaffold_4619","OLKM01004620.1","maker","gene",8962,9774,".","-",".","ID=MEAE_00088719","MEAE_00088719","Alias=snap_masked-MeA_20160214_scaffold_4619-processed-gene-0.6","Similar to NOF: 120.7 kDa protein in NOF-FB transposable element (Drosophila melanogaster)"
"2594","ENA|OLKM01004621|OLKM01004621.1 18193","OLKM01004621.1",18194,"MeA_20160214_scaffold_4620","OLKM01004621.1","maker","gene",3167,19826,".","+",".","ID=MEAE_00088720","MEAE_00088720","Alias=maker-MeA_20160214_scaffold_4620-snap-gene-0.12","Protein of unknown function"
"2595","ENA|OLKM01004632|OLKM01004632.1 9921","OLKM01004632.1",9922,"MeA_20160214_scaffold_4631","OLKM01004632.1","maker","gene",824,10505,".","-",".","ID=MEAE_00088758","MEAE_00088758","Alias=maker-MeA_20160214_scaffold_4631-snap-gene-0.11","Protein of unknown function"
"2596","ENA|OLKM01004639|OLKM01004639.1 3070","OLKM01004639.1",3071,"MeA_20160214_scaffold_4638","OLKM01004639.1","maker","gene",555,5226,".","-",".","ID=MEAE_00088779","MEAE_00088779","Alias=maker-MeA_20160214_scaffold_4638-augustus-gene-0.5","Similar to THAP9: DNA transposase THAP9 (Homo sapiens)"
"2598","ENA|OLKM01004653|OLKM01004653.1 3147","OLKM01004653.1",3148,"MeA_20160214_scaffold_4652","OLKM01004653.1","maker","gene",2827,3263,".","+",".","ID=MEAE_00088819","MEAE_00088819","Alias=snap_masked-MeA_20160214_scaffold_4652-processed-gene-0.7","Protein of unknown function"
"2598.4","ENA|OLKM01004653|OLKM01004653.1 3147","OLKM01004653.1",3148,"MeA_20160214_scaffold_4652","OLKM01004653.1","maker","gene",843,3440,".","-",".","ID=MEAE_00088817","MEAE_00088817","Alias=augustus_masked-MeA_20160214_scaffold_4652-processed-gene-0.5","Protein of unknown function"
"2606","ENA|OLKM01004653|OLKM01004653.1 7297","OLKM01004653.1",7298,"MeA_20160214_scaffold_4652","OLKM01004653.1","maker","gene",5695,20168,".","-",".","ID=MEAE_00088820","MEAE_00088820","Alias=snap_masked-MeA_20160214_scaffold_4652-processed-gene-0.9","Protein of unknown function"
"2607","ENA|OLKM01004653|OLKM01004653.1 19161","OLKM01004653.1",19162,"MeA_20160214_scaffold_4652","OLKM01004653.1","maker","gene",5695,20168,".","-",".","ID=MEAE_00088820","MEAE_00088820","Alias=snap_masked-MeA_20160214_scaffold_4652-processed-gene-0.9","Protein of unknown function"
"2615","ENA|OLKM01004661|OLKM01004661.1 12835","OLKM01004661.1",12836,"MeA_20160214_scaffold_4660","OLKM01004661.1","maker","gene",10134,15481,".","-",".","ID=MEAE_00088854","MEAE_00088854","Alias=snap_masked-MeA_20160214_scaffold_4660-processed-gene-0.2","Protein of unknown function"
"2616","ENA|OLKM01004661|OLKM01004661.1 14060","OLKM01004661.1",14061,"MeA_20160214_scaffold_4660","OLKM01004661.1","maker","gene",10134,15481,".","-",".","ID=MEAE_00088854","MEAE_00088854","Alias=snap_masked-MeA_20160214_scaffold_4660-processed-gene-0.2","Protein of unknown function"
"2617","ENA|OLKM01004661|OLKM01004661.1 14204","OLKM01004661.1",14205,"MeA_20160214_scaffold_4660","OLKM01004661.1","maker","gene",10134,15481,".","-",".","ID=MEAE_00088854","MEAE_00088854","Alias=snap_masked-MeA_20160214_scaffold_4660-processed-gene-0.2","Protein of unknown function"
"2618","ENA|OLKM01004662|OLKM01004662.1 6688","OLKM01004662.1",6689,"MeA_20160214_scaffold_4661","OLKM01004662.1","maker","gene",511,16446,".","+",".","ID=MEAE_00088856","MEAE_00088856","Alias=snap_masked-MeA_20160214_scaffold_4661-processed-gene-0.4","Protein of unknown function"
"2618.2","ENA|OLKM01004662|OLKM01004662.1 6688","OLKM01004662.1",6689,"MeA_20160214_scaffold_4661","OLKM01004662.1","maker","gene",132,17221,".","-",".","ID=MEAE_00088855","MEAE_00088855","Alias=snap_masked-MeA_20160214_scaffold_4661-processed-gene-0.5","Protein of unknown function"
"2619","ENA|OLKM01004662|OLKM01004662.1 8297","OLKM01004662.1",8298,"MeA_20160214_scaffold_4661","OLKM01004662.1","maker","gene",511,16446,".","+",".","ID=MEAE_00088856","MEAE_00088856","Alias=snap_masked-MeA_20160214_scaffold_4661-processed-gene-0.4","Protein of unknown function"
"2619.2","ENA|OLKM01004662|OLKM01004662.1 8297","OLKM01004662.1",8298,"MeA_20160214_scaffold_4661","OLKM01004662.1","maker","gene",132,17221,".","-",".","ID=MEAE_00088855","MEAE_00088855","Alias=snap_masked-MeA_20160214_scaffold_4661-processed-gene-0.5","Protein of unknown function"
"2620","ENA|OLKM01004662|OLKM01004662.1 8384","OLKM01004662.1",8385,"MeA_20160214_scaffold_4661","OLKM01004662.1","maker","gene",511,16446,".","+",".","ID=MEAE_00088856","MEAE_00088856","Alias=snap_masked-MeA_20160214_scaffold_4661-processed-gene-0.4","Protein of unknown function"
"2620.2","ENA|OLKM01004662|OLKM01004662.1 8384","OLKM01004662.1",8385,"MeA_20160214_scaffold_4661","OLKM01004662.1","maker","gene",132,17221,".","-",".","ID=MEAE_00088855","MEAE_00088855","Alias=snap_masked-MeA_20160214_scaffold_4661-processed-gene-0.5","Protein of unknown function"
"2627","ENA|OLKM01004668|OLKM01004668.1 5826","OLKM01004668.1",5827,"MeA_20160214_scaffold_4667","OLKM01004668.1","maker","gene",2698,15318,".","-",".","ID=MEAE_00088868","MEAE_00088868","Alias=augustus_masked-MeA_20160214_scaffold_4667-processed-gene-0.5","Protein of unknown function"
"2628","ENA|OLKM01004668|OLKM01004668.1 6105","OLKM01004668.1",6106,"MeA_20160214_scaffold_4667","OLKM01004668.1","maker","gene",2698,15318,".","-",".","ID=MEAE_00088868","MEAE_00088868","Alias=augustus_masked-MeA_20160214_scaffold_4667-processed-gene-0.5","Protein of unknown function"
"2629","ENA|OLKM01004668|OLKM01004668.1 6144","OLKM01004668.1",6145,"MeA_20160214_scaffold_4667","OLKM01004668.1","maker","gene",2698,15318,".","-",".","ID=MEAE_00088868","MEAE_00088868","Alias=augustus_masked-MeA_20160214_scaffold_4667-processed-gene-0.5","Protein of unknown function"
"2630","ENA|OLKM01004668|OLKM01004668.1 7931","OLKM01004668.1",7932,"MeA_20160214_scaffold_4667","OLKM01004668.1","maker","gene",2698,15318,".","-",".","ID=MEAE_00088868","MEAE_00088868","Alias=augustus_masked-MeA_20160214_scaffold_4667-processed-gene-0.5","Protein of unknown function"
"2631","ENA|OLKM01004668|OLKM01004668.1 13350","OLKM01004668.1",13351,"MeA_20160214_scaffold_4667","OLKM01004668.1","maker","gene",2698,15318,".","-",".","ID=MEAE_00088868","MEAE_00088868","Alias=augustus_masked-MeA_20160214_scaffold_4667-processed-gene-0.5","Protein of unknown function"
"2632","ENA|OLKM01004668|OLKM01004668.1 13360","OLKM01004668.1",13361,"MeA_20160214_scaffold_4667","OLKM01004668.1","maker","gene",2698,15318,".","-",".","ID=MEAE_00088868","MEAE_00088868","Alias=augustus_masked-MeA_20160214_scaffold_4667-processed-gene-0.5","Protein of unknown function"
"2633","ENA|OLKM01004669|OLKM01004669.1 6882","OLKM01004669.1",6883,"MeA_20160214_scaffold_4668","OLKM01004669.1","maker","gene",1589,14561,".","+",".","ID=MEAE_00088875","MEAE_00088875","Alias=augustus_masked-MeA_20160214_scaffold_4668-processed-gene-0.4","Protein of unknown function"
"2634","ENA|OLKM01004669|OLKM01004669.1 6909","OLKM01004669.1",6910,"MeA_20160214_scaffold_4668","OLKM01004669.1","maker","gene",1589,14561,".","+",".","ID=MEAE_00088875","MEAE_00088875","Alias=augustus_masked-MeA_20160214_scaffold_4668-processed-gene-0.4","Protein of unknown function"
"2635","ENA|OLKM01004669|OLKM01004669.1 6911","OLKM01004669.1",6912,"MeA_20160214_scaffold_4668","OLKM01004669.1","maker","gene",1589,14561,".","+",".","ID=MEAE_00088875","MEAE_00088875","Alias=augustus_masked-MeA_20160214_scaffold_4668-processed-gene-0.4","Protein of unknown function"
"2636","ENA|OLKM01004669|OLKM01004669.1 6924","OLKM01004669.1",6925,"MeA_20160214_scaffold_4668","OLKM01004669.1","maker","gene",1589,14561,".","+",".","ID=MEAE_00088875","MEAE_00088875","Alias=augustus_masked-MeA_20160214_scaffold_4668-processed-gene-0.4","Protein of unknown function"
"2637","ENA|OLKM01004669|OLKM01004669.1 8026","OLKM01004669.1",8027,"MeA_20160214_scaffold_4668","OLKM01004669.1","maker","gene",1589,14561,".","+",".","ID=MEAE_00088875","MEAE_00088875","Alias=augustus_masked-MeA_20160214_scaffold_4668-processed-gene-0.4","Protein of unknown function"
"2637.2","ENA|OLKM01004669|OLKM01004669.1 8026","OLKM01004669.1",8027,"MeA_20160214_scaffold_4668","OLKM01004669.1","maker","gene",7035,15429,".","-",".","ID=MEAE_00088876","MEAE_00088876","Alias=snap_masked-MeA_20160214_scaffold_4668-processed-gene-0.6","Protein of unknown function"
"2638","ENA|OLKM01004669|OLKM01004669.1 8055","OLKM01004669.1",8056,"MeA_20160214_scaffold_4668","OLKM01004669.1","maker","gene",1589,14561,".","+",".","ID=MEAE_00088875","MEAE_00088875","Alias=augustus_masked-MeA_20160214_scaffold_4668-processed-gene-0.4","Protein of unknown function"
"2638.2","ENA|OLKM01004669|OLKM01004669.1 8055","OLKM01004669.1",8056,"MeA_20160214_scaffold_4668","OLKM01004669.1","maker","gene",7035,15429,".","-",".","ID=MEAE_00088876","MEAE_00088876","Alias=snap_masked-MeA_20160214_scaffold_4668-processed-gene-0.6","Protein of unknown function"
"2640","ENA|OLKM01004684|OLKM01004684.1 12354","OLKM01004684.1",12355,"MeA_20160214_scaffold_4683","OLKM01004684.1","maker","gene",7732,16736,".","-",".","ID=MEAE_00088924","MEAE_00088924","Alias=snap_masked-MeA_20160214_scaffold_4683-processed-gene-0.5","Protein of unknown function"
"2641","ENA|OLKM01004684|OLKM01004684.1 12433","OLKM01004684.1",12434,"MeA_20160214_scaffold_4683","OLKM01004684.1","maker","gene",7732,16736,".","-",".","ID=MEAE_00088924","MEAE_00088924","Alias=snap_masked-MeA_20160214_scaffold_4683-processed-gene-0.5","Protein of unknown function"
"2642","ENA|OLKM01004684|OLKM01004684.1 14799","OLKM01004684.1",14800,"MeA_20160214_scaffold_4683","OLKM01004684.1","maker","gene",14375,16065,".","+",".","ID=MEAE_00088925","MEAE_00088925","Alias=augustus_masked-MeA_20160214_scaffold_4683-processed-gene-0.1","Protein of unknown function"
"2642.2","ENA|OLKM01004684|OLKM01004684.1 14799","OLKM01004684.1",14800,"MeA_20160214_scaffold_4683","OLKM01004684.1","maker","gene",7732,16736,".","-",".","ID=MEAE_00088924","MEAE_00088924","Alias=snap_masked-MeA_20160214_scaffold_4683-processed-gene-0.5","Protein of unknown function"
"2650","ENA|OLKM01004689|OLKM01004689.1 13643","OLKM01004689.1",13644,"MeA_20160214_scaffold_4688","OLKM01004689.1","maker","gene",5838,16727,".","-",".","ID=MEAE_00088950","MEAE_00088950","Alias=maker-MeA_20160214_scaffold_4688-snap-gene-0.9","Protein of unknown function"
"2650.2","ENA|OLKM01004689|OLKM01004689.1 13643","OLKM01004689.1",13644,"MeA_20160214_scaffold_4688","OLKM01004689.1","maker","gene",9671,16997,".","+",".","ID=MEAE_00088951","MEAE_00088951","Alias=snap_masked-MeA_20160214_scaffold_4688-processed-gene-0.6","Protein of unknown function"
"2651","ENA|OLKM01004689|OLKM01004689.1 13725","OLKM01004689.1",13726,"MeA_20160214_scaffold_4688","OLKM01004689.1","maker","gene",5838,16727,".","-",".","ID=MEAE_00088950","MEAE_00088950","Alias=maker-MeA_20160214_scaffold_4688-snap-gene-0.9","Protein of unknown function"
"2651.2","ENA|OLKM01004689|OLKM01004689.1 13725","OLKM01004689.1",13726,"MeA_20160214_scaffold_4688","OLKM01004689.1","maker","gene",9671,16997,".","+",".","ID=MEAE_00088951","MEAE_00088951","Alias=snap_masked-MeA_20160214_scaffold_4688-processed-gene-0.6","Protein of unknown function"
"2652","ENA|OLKM01004691|OLKM01004691.1 2722","OLKM01004691.1",2723,"MeA_20160214_scaffold_4690","OLKM01004691.1","maker","gene",2361,8228,".","-",".","ID=MEAE_00088956","MEAE_00088956","Alias=maker-MeA_20160214_scaffold_4690-augustus-gene-0.9","Similar to PXDNL: Peroxidasin-like protein (Homo sapiens)"
"2653","ENA|OLKM01004691|OLKM01004691.1 5625","OLKM01004691.1",5626,"MeA_20160214_scaffold_4690","OLKM01004691.1","maker","gene",2361,8228,".","-",".","ID=MEAE_00088956","MEAE_00088956","Alias=maker-MeA_20160214_scaffold_4690-augustus-gene-0.9","Similar to PXDNL: Peroxidasin-like protein (Homo sapiens)"
"2653.2","ENA|OLKM01004691|OLKM01004691.1 5625","OLKM01004691.1",5626,"MeA_20160214_scaffold_4690","OLKM01004691.1","maker","gene",3949,7985,".","+",".","ID=MEAE_00088957","MEAE_00088957","Alias=snap_masked-MeA_20160214_scaffold_4690-processed-gene-0.5","Protein of unknown function"
"2659","ENA|OLKM01004715|OLKM01004715.1 6381","OLKM01004715.1",6382,"MeA_20160214_scaffold_4714","OLKM01004715.1","maker","gene",3277,6445,".","+",".","ID=MEAE_00089026","MEAE_00089026","Alias=snap_masked-MeA_20160214_scaffold_4714-processed-gene-0.8","Protein of unknown function"
"2668","ENA|OLKM01004742|OLKM01004742.1 9804","OLKM01004742.1",9805,"MeA_20160214_scaffold_4741","OLKM01004742.1","maker","gene",5787,13258,".","-",".","ID=MEAE_00089116","MEAE_00089116","Alias=maker-MeA_20160214_scaffold_4741-snap-gene-0.10","Similar to SAP18: Histone deacetylase complex subunit SAP18 (Bos taurus)"
"2675","ENA|OLKM01004756|OLKM01004756.1 17407","OLKM01004756.1",17408,"MeA_20160214_scaffold_4755","OLKM01004756.1","maker","gene",12765,17699,".","+",".","ID=MEAE_00089153","MEAE_00089153","Alias=maker-MeA_20160214_scaffold_4755-snap-gene-0.8","Protein of unknown function"
"2676","ENA|OLKM01004757|OLKM01004757.1 691","OLKM01004757.1",692,"MeA_20160214_scaffold_4756","OLKM01004757.1","maker","gene",199,3270,".","+",".","ID=MEAE_00089148","MEAE_00089148","Alias=snap_masked-MeA_20160214_scaffold_4756-processed-gene-0.7","Protein of unknown function"
"2677","ENA|OLKM01004757|OLKM01004757.1 703","OLKM01004757.1",704,"MeA_20160214_scaffold_4756","OLKM01004757.1","maker","gene",199,3270,".","+",".","ID=MEAE_00089148","MEAE_00089148","Alias=snap_masked-MeA_20160214_scaffold_4756-processed-gene-0.7","Protein of unknown function"
"2687","ENA|OLKM01004794|OLKM01004794.1 6966","OLKM01004794.1",6967,"MeA_20160214_scaffold_4793","OLKM01004794.1","maker","gene",5803,7204,".","+",".","ID=MEAE_00089273","MEAE_00089273","Alias=maker-MeA_20160214_scaffold_4793-augustus-gene-0.6","Similar to REG1B: Lithostathine-1-beta (Homo sapiens)"
"2689","ENA|OLKM01004800|OLKM01004800.1 12756","OLKM01004800.1",12757,"MeA_20160214_scaffold_4799","OLKM01004800.1","maker","gene",3824,14076,".","+",".","ID=MEAE_00089287","MEAE_00089287","Alias=maker-MeA_20160214_scaffold_4799-snap-gene-0.6","Protein of unknown function"
"2691","ENA|OLKM01004804|OLKM01004804.1 10678","OLKM01004804.1",10679,"MeA_20160214_scaffold_4803","OLKM01004804.1","maker","gene",9997,11725,".","+",".","ID=MEAE_00089295","MEAE_00089295","Alias=genemark-MeA_20160214_scaffold_4803-processed-gene-0.1","Protein of unknown function"
"2692","ENA|OLKM01004804|OLKM01004804.1 11159","OLKM01004804.1",11160,"MeA_20160214_scaffold_4803","OLKM01004804.1","maker","gene",9997,11725,".","+",".","ID=MEAE_00089295","MEAE_00089295","Alias=genemark-MeA_20160214_scaffold_4803-processed-gene-0.1","Protein of unknown function"
"2693","ENA|OLKM01004804|OLKM01004804.1 11166","OLKM01004804.1",11167,"MeA_20160214_scaffold_4803","OLKM01004804.1","maker","gene",9997,11725,".","+",".","ID=MEAE_00089295","MEAE_00089295","Alias=genemark-MeA_20160214_scaffold_4803-processed-gene-0.1","Protein of unknown function"
"2694","ENA|OLKM01004804|OLKM01004804.1 11376","OLKM01004804.1",11377,"MeA_20160214_scaffold_4803","OLKM01004804.1","maker","gene",9997,11725,".","+",".","ID=MEAE_00089295","MEAE_00089295","Alias=genemark-MeA_20160214_scaffold_4803-processed-gene-0.1","Protein of unknown function"
"2703","ENA|OLKM01004811|OLKM01004811.1 2922","OLKM01004811.1",2923,"MeA_20160214_scaffold_4810","OLKM01004811.1","maker","gene",2443,6836,".","+",".","ID=MEAE_00089317","MEAE_00089317","Alias=maker-MeA_20160214_scaffold_4810-augustus-gene-0.10","Similar to Trim39: E3 ubiquitin-protein ligase TRIM39 (Mus musculus)"
"2703.4","ENA|OLKM01004811|OLKM01004811.1 2922","OLKM01004811.1",2923,"MeA_20160214_scaffold_4810","OLKM01004811.1","maker","gene",2400,4231,".","-",".","ID=MEAE_00089316","MEAE_00089316","Alias=snap_masked-MeA_20160214_scaffold_4810-processed-gene-0.8","Protein of unknown function"
"2706","ENA|OLKM01004826|OLKM01004826.1 6319","OLKM01004826.1",6320,"MeA_20160214_scaffold_4825","OLKM01004826.1","maker","gene",1884,17878,".","-",".","ID=MEAE_00089363","MEAE_00089363","Alias=maker-MeA_20160214_scaffold_4825-snap-gene-0.10","Protein of unknown function"
"2707","ENA|OLKM01004826|OLKM01004826.1 11969","OLKM01004826.1",11970,"MeA_20160214_scaffold_4825","OLKM01004826.1","maker","gene",1884,17878,".","-",".","ID=MEAE_00089363","MEAE_00089363","Alias=maker-MeA_20160214_scaffold_4825-snap-gene-0.10","Protein of unknown function"
"2710","ENA|OLKM01004827|OLKM01004827.1 14336","OLKM01004827.1",14337,"MeA_20160214_scaffold_4826","OLKM01004827.1","maker","gene",13963,14889,".","-",".","ID=MEAE_00089367","MEAE_00089367","Alias=snap_masked-MeA_20160214_scaffold_4826-processed-gene-0.7","Protein of unknown function"
"2711","ENA|OLKM01004827|OLKM01004827.1 14354","OLKM01004827.1",14355,"MeA_20160214_scaffold_4826","OLKM01004827.1","maker","gene",13963,14889,".","-",".","ID=MEAE_00089367","MEAE_00089367","Alias=snap_masked-MeA_20160214_scaffold_4826-processed-gene-0.7","Protein of unknown function"
"2712","ENA|OLKM01004827|OLKM01004827.1 14465","OLKM01004827.1",14466,"MeA_20160214_scaffold_4826","OLKM01004827.1","maker","gene",13963,14889,".","-",".","ID=MEAE_00089367","MEAE_00089367","Alias=snap_masked-MeA_20160214_scaffold_4826-processed-gene-0.7","Protein of unknown function"
"2713","ENA|OLKM01004828|OLKM01004828.1 4339","OLKM01004828.1",4340,"MeA_20160214_scaffold_4827","OLKM01004828.1","maker","gene",389,5622,".","+",".","ID=MEAE_00089369","MEAE_00089369","Alias=snap_masked-MeA_20160214_scaffold_4827-processed-gene-0.4","Protein of unknown function"
"2714","ENA|OLKM01004828|OLKM01004828.1 5095","OLKM01004828.1",5096,"MeA_20160214_scaffold_4827","OLKM01004828.1","maker","gene",389,5622,".","+",".","ID=MEAE_00089369","MEAE_00089369","Alias=snap_masked-MeA_20160214_scaffold_4827-processed-gene-0.4","Protein of unknown function"
"2715","ENA|OLKM01004829|OLKM01004829.1 883","OLKM01004829.1",884,"MeA_20160214_scaffold_4828","OLKM01004829.1","maker","gene",28,3371,".","+",".","ID=MEAE_00089370","MEAE_00089370","Alias=maker-MeA_20160214_scaffold_4828-augustus-gene-0.5","Protein of unknown function"
"2716","ENA|OLKM01004830|OLKM01004830.1 5253","OLKM01004830.1",5254,"MeA_20160214_scaffold_4829","OLKM01004830.1","maker","gene",3516,9342,".","-",".","ID=MEAE_00089373","MEAE_00089373","Alias=augustus_masked-MeA_20160214_scaffold_4829-processed-gene-0.2","Similar to Ddah1: N(G)%2CN(G)-dimethylarginine dimethylaminohydrolase 1 (Mus musculus)"
"2717","ENA|OLKM01004830|OLKM01004830.1 5357","OLKM01004830.1",5358,"MeA_20160214_scaffold_4829","OLKM01004830.1","maker","gene",3516,9342,".","-",".","ID=MEAE_00089373","MEAE_00089373","Alias=augustus_masked-MeA_20160214_scaffold_4829-processed-gene-0.2","Similar to Ddah1: N(G)%2CN(G)-dimethylarginine dimethylaminohydrolase 1 (Mus musculus)"
"2718","ENA|OLKM01004831|OLKM01004831.1 4497","OLKM01004831.1",4498,"MeA_20160214_scaffold_4830","OLKM01004831.1","maker","gene",93,10244,".","-",".","ID=MEAE_00089377","MEAE_00089377","Alias=genemark-MeA_20160214_scaffold_4830-processed-gene-0.1","Similar to A2m: Alpha-2-macroglobulin (Rattus norvegicus)"
"2719","ENA|OLKM01004832|OLKM01004832.1 395","OLKM01004832.1",396,"MeA_20160214_scaffold_4831","OLKM01004832.1","maker","gene",38,1808,".","+",".","ID=MEAE_00089379","MEAE_00089379","Alias=snap_masked-MeA_20160214_scaffold_4831-processed-gene-0.7","Protein of unknown function"
"2719.2","ENA|OLKM01004832|OLKM01004832.1 395","OLKM01004832.1",396,"MeA_20160214_scaffold_4831","OLKM01004832.1","maker","gene",322,1376,".","-",".","ID=MEAE_00089380","MEAE_00089380","Alias=snap_masked-MeA_20160214_scaffold_4831-processed-gene-0.10","Protein of unknown function"
"2720","ENA|OLKM01004832|OLKM01004832.1 603","OLKM01004832.1",604,"MeA_20160214_scaffold_4831","OLKM01004832.1","maker","gene",38,1808,".","+",".","ID=MEAE_00089379","MEAE_00089379","Alias=snap_masked-MeA_20160214_scaffold_4831-processed-gene-0.7","Protein of unknown function"
"2720.2","ENA|OLKM01004832|OLKM01004832.1 603","OLKM01004832.1",604,"MeA_20160214_scaffold_4831","OLKM01004832.1","maker","gene",322,1376,".","-",".","ID=MEAE_00089380","MEAE_00089380","Alias=snap_masked-MeA_20160214_scaffold_4831-processed-gene-0.10","Protein of unknown function"
"2721","ENA|OLKM01004832|OLKM01004832.1 14104","OLKM01004832.1",14105,"MeA_20160214_scaffold_4831","OLKM01004832.1","maker","gene",10876,14672,".","-",".","ID=MEAE_00089384","MEAE_00089384","Alias=augustus_masked-MeA_20160214_scaffold_4831-processed-gene-0.6","Protein of unknown function"
"2722","ENA|OLKM01004832|OLKM01004832.1 14255","OLKM01004832.1",14256,"MeA_20160214_scaffold_4831","OLKM01004832.1","maker","gene",10876,14672,".","-",".","ID=MEAE_00089384","MEAE_00089384","Alias=augustus_masked-MeA_20160214_scaffold_4831-processed-gene-0.6","Protein of unknown function"
"2725","ENA|OLKM01004837|OLKM01004837.1 10175","OLKM01004837.1",10176,"MeA_20160214_scaffold_4836","OLKM01004837.1","maker","gene",528,17510,".","-",".","ID=MEAE_00089394","MEAE_00089394","Alias=maker-MeA_20160214_scaffold_4836-snap-gene-0.11","Similar to NLRC3: Protein NLRC3 (Homo sapiens)"
"2726","ENA|OLKM01004843|OLKM01004843.1 2433","OLKM01004843.1",2434,"MeA_20160214_scaffold_4842","OLKM01004843.1","maker","gene",586,4672,".","-",".","ID=MEAE_00089414","MEAE_00089414","Alias=augustus_masked-MeA_20160214_scaffold_4842-processed-gene-0.4","Protein of unknown function"
"2728","ENA|OLKM01004847|OLKM01004847.1 4005","OLKM01004847.1",4006,"MeA_20160214_scaffold_4846","OLKM01004847.1","maker","gene",3984,13201,".","+",".","ID=MEAE_00089424","MEAE_00089424","Alias=snap_masked-MeA_20160214_scaffold_4846-processed-gene-0.2","Protein of unknown function"
"2729","ENA|OLKM01004847|OLKM01004847.1 4463","OLKM01004847.1",4464,"MeA_20160214_scaffold_4846","OLKM01004847.1","maker","gene",3984,13201,".","+",".","ID=MEAE_00089424","MEAE_00089424","Alias=snap_masked-MeA_20160214_scaffold_4846-processed-gene-0.2","Protein of unknown function"
"2730","ENA|OLKM01004847|OLKM01004847.1 5091","OLKM01004847.1",5092,"MeA_20160214_scaffold_4846","OLKM01004847.1","maker","gene",3984,13201,".","+",".","ID=MEAE_00089424","MEAE_00089424","Alias=snap_masked-MeA_20160214_scaffold_4846-processed-gene-0.2","Protein of unknown function"
"2731","ENA|OLKM01004847|OLKM01004847.1 8200","OLKM01004847.1",8201,"MeA_20160214_scaffold_4846","OLKM01004847.1","maker","gene",3984,13201,".","+",".","ID=MEAE_00089424","MEAE_00089424","Alias=snap_masked-MeA_20160214_scaffold_4846-processed-gene-0.2","Protein of unknown function"
"2732","ENA|OLKM01004847|OLKM01004847.1 9629","OLKM01004847.1",9630,"MeA_20160214_scaffold_4846","OLKM01004847.1","maker","gene",3984,13201,".","+",".","ID=MEAE_00089424","MEAE_00089424","Alias=snap_masked-MeA_20160214_scaffold_4846-processed-gene-0.2","Protein of unknown function"
"2733","ENA|OLKM01004849|OLKM01004849.1 7545","OLKM01004849.1",7546,"MeA_20160214_scaffold_4848","OLKM01004849.1","maker","gene",1648,17899,".","+",".","ID=MEAE_00089432","MEAE_00089432","Alias=maker-MeA_20160214_scaffold_4848-snap-gene-0.9","Protein of unknown function"
"2736","ENA|OLKM01004854|OLKM01004854.1 1355","OLKM01004854.1",1356,"MeA_20160214_scaffold_4853","OLKM01004854.1","maker","gene",1280,4077,".","+",".","ID=MEAE_00089444","MEAE_00089444","Alias=maker-MeA_20160214_scaffold_4853-snap-gene-0.11","Protein of unknown function"
"2738","ENA|OLKM01004861|OLKM01004861.1 11329","OLKM01004861.1",11330,"MeA_20160214_scaffold_4860","OLKM01004861.1","maker","gene",9586,14741,".","-",".","ID=MEAE_00089468","MEAE_00089468","Alias=maker-MeA_20160214_scaffold_4860-snap-gene-0.14","Similar to Ccdc106: Coiled-coil domain-containing protein 106 (Mus musculus)"
"2739","ENA|OLKM01004861|OLKM01004861.1 11396","OLKM01004861.1",11397,"MeA_20160214_scaffold_4860","OLKM01004861.1","maker","gene",9586,14741,".","-",".","ID=MEAE_00089468","MEAE_00089468","Alias=maker-MeA_20160214_scaffold_4860-snap-gene-0.14","Similar to Ccdc106: Coiled-coil domain-containing protein 106 (Mus musculus)"
"2740","ENA|OLKM01004865|OLKM01004865.1 10267","OLKM01004865.1",10268,"MeA_20160214_scaffold_4864","OLKM01004865.1","maker","gene",4111,19030,".","+",".","ID=MEAE_00089488","MEAE_00089488","Alias=augustus_masked-MeA_20160214_scaffold_4864-processed-gene-0.3","Protein of unknown function"
"2743","ENA|OLKM01004869|OLKM01004869.1 18657","OLKM01004869.1",18658,"MeA_20160214_scaffold_4868","OLKM01004869.1","maker","gene",303,19547,".","+",".","ID=MEAE_00089499","MEAE_00089499","Alias=augustus_masked-MeA_20160214_scaffold_4868-processed-gene-0.4","Protein of unknown function"
"2743.2","ENA|OLKM01004869|OLKM01004869.1 18657","OLKM01004869.1",18658,"MeA_20160214_scaffold_4868","OLKM01004869.1","maker","gene",16859,19477,".","-",".","ID=MEAE_00089500","MEAE_00089500","Alias=snap_masked-MeA_20160214_scaffold_4868-processed-gene-0.7","Protein of unknown function"
"2744","ENA|OLKM01004874|OLKM01004874.1 4564","OLKM01004874.1",4565,"MeA_20160214_scaffold_4873","OLKM01004874.1","maker","gene",4277,4672,".","+",".","ID=MEAE_00089516","MEAE_00089516","Alias=augustus_masked-MeA_20160214_scaffold_4873-processed-gene-0.6","Protein of unknown function"
"2745","ENA|OLKM01004874|OLKM01004874.1 4648","OLKM01004874.1",4649,"MeA_20160214_scaffold_4873","OLKM01004874.1","maker","gene",4277,4672,".","+",".","ID=MEAE_00089516","MEAE_00089516","Alias=augustus_masked-MeA_20160214_scaffold_4873-processed-gene-0.6","Protein of unknown function"
"2745.4","ENA|OLKM01004874|OLKM01004874.1 4648","OLKM01004874.1",4649,"MeA_20160214_scaffold_4873","OLKM01004874.1","maker","gene",4573,6255,".","-",".","ID=MEAE_00089517","MEAE_00089517","Alias=snap_masked-MeA_20160214_scaffold_4873-processed-gene-0.12","Protein of unknown function"
"2746","ENA|OLKM01004874|OLKM01004874.1 4659","OLKM01004874.1",4660,"MeA_20160214_scaffold_4873","OLKM01004874.1","maker","gene",4277,4672,".","+",".","ID=MEAE_00089516","MEAE_00089516","Alias=augustus_masked-MeA_20160214_scaffold_4873-processed-gene-0.6","Protein of unknown function"
"2746.4","ENA|OLKM01004874|OLKM01004874.1 4659","OLKM01004874.1",4660,"MeA_20160214_scaffold_4873","OLKM01004874.1","maker","gene",4573,6255,".","-",".","ID=MEAE_00089517","MEAE_00089517","Alias=snap_masked-MeA_20160214_scaffold_4873-processed-gene-0.12","Protein of unknown function"
"2747","ENA|OLKM01004874|OLKM01004874.1 4690","OLKM01004874.1",4691,"MeA_20160214_scaffold_4873","OLKM01004874.1","maker","gene",4573,6255,".","-",".","ID=MEAE_00089517","MEAE_00089517","Alias=snap_masked-MeA_20160214_scaffold_4873-processed-gene-0.12","Protein of unknown function"
"2748","ENA|OLKM01004874|OLKM01004874.1 4697","OLKM01004874.1",4698,"MeA_20160214_scaffold_4873","OLKM01004874.1","maker","gene",4573,6255,".","-",".","ID=MEAE_00089517","MEAE_00089517","Alias=snap_masked-MeA_20160214_scaffold_4873-processed-gene-0.12","Protein of unknown function"
"2749","ENA|OLKM01004874|OLKM01004874.1 4938","OLKM01004874.1",4939,"MeA_20160214_scaffold_4873","OLKM01004874.1","maker","gene",4573,6255,".","-",".","ID=MEAE_00089517","MEAE_00089517","Alias=snap_masked-MeA_20160214_scaffold_4873-processed-gene-0.12","Protein of unknown function"
"2750","ENA|OLKM01004874|OLKM01004874.1 4968","OLKM01004874.1",4969,"MeA_20160214_scaffold_4873","OLKM01004874.1","maker","gene",4573,6255,".","-",".","ID=MEAE_00089517","MEAE_00089517","Alias=snap_masked-MeA_20160214_scaffold_4873-processed-gene-0.12","Protein of unknown function"
"2751","ENA|OLKM01004874|OLKM01004874.1 5159","OLKM01004874.1",5160,"MeA_20160214_scaffold_4873","OLKM01004874.1","maker","gene",4573,6255,".","-",".","ID=MEAE_00089517","MEAE_00089517","Alias=snap_masked-MeA_20160214_scaffold_4873-processed-gene-0.12","Protein of unknown function"
"2752","ENA|OLKM01004874|OLKM01004874.1 5323","OLKM01004874.1",5324,"MeA_20160214_scaffold_4873","OLKM01004874.1","maker","gene",4573,6255,".","-",".","ID=MEAE_00089517","MEAE_00089517","Alias=snap_masked-MeA_20160214_scaffold_4873-processed-gene-0.12","Protein of unknown function"
"2753","ENA|OLKM01004874|OLKM01004874.1 5409","OLKM01004874.1",5410,"MeA_20160214_scaffold_4873","OLKM01004874.1","maker","gene",4573,6255,".","-",".","ID=MEAE_00089517","MEAE_00089517","Alias=snap_masked-MeA_20160214_scaffold_4873-processed-gene-0.12","Protein of unknown function"
"2754","ENA|OLKM01004874|OLKM01004874.1 5906","OLKM01004874.1",5907,"MeA_20160214_scaffold_4873","OLKM01004874.1","maker","gene",4573,6255,".","-",".","ID=MEAE_00089517","MEAE_00089517","Alias=snap_masked-MeA_20160214_scaffold_4873-processed-gene-0.12","Protein of unknown function"
"2758","ENA|OLKM01004874|OLKM01004874.1 10456","OLKM01004874.1",10457,"MeA_20160214_scaffold_4873","OLKM01004874.1","maker","gene",9721,13743,".","-",".","ID=MEAE_00089519","MEAE_00089519","Alias=maker-MeA_20160214_scaffold_4873-snap-gene-0.16","Protein of unknown function"
"2767","ENA|OLKM01004890|OLKM01004890.1 15125","OLKM01004890.1",15126,"MeA_20160214_scaffold_4889","OLKM01004890.1","maker","gene",10001,18600,".","+",".","ID=MEAE_00089554","MEAE_00089554","Alias=snap_masked-MeA_20160214_scaffold_4889-processed-gene-0.5","Protein of unknown function"
"2768","ENA|OLKM01004890|OLKM01004890.1 18368","OLKM01004890.1",18369,"MeA_20160214_scaffold_4889","OLKM01004890.1","maker","gene",18035,18568,".","-",".","ID=MEAE_00089555","MEAE_00089555","Alias=augustus_masked-MeA_20160214_scaffold_4889-processed-gene-0.4","Protein of unknown function"
"2768.4","ENA|OLKM01004890|OLKM01004890.1 18368","OLKM01004890.1",18369,"MeA_20160214_scaffold_4889","OLKM01004890.1","maker","gene",10001,18600,".","+",".","ID=MEAE_00089554","MEAE_00089554","Alias=snap_masked-MeA_20160214_scaffold_4889-processed-gene-0.5","Protein of unknown function"
"2771","ENA|OLKM01004894|OLKM01004894.1 9075","OLKM01004894.1",9076,"MeA_20160214_scaffold_4893","OLKM01004894.1","maker","gene",3810,10335,".","+",".","ID=MEAE_00089561","MEAE_00089561","Alias=maker-MeA_20160214_scaffold_4893-snap-gene-0.10","Protein of unknown function"
"2771.4","ENA|OLKM01004894|OLKM01004894.1 9075","OLKM01004894.1",9076,"MeA_20160214_scaffold_4893","OLKM01004894.1","maker","gene",4377,9616,".","-",".","ID=MEAE_00089562","MEAE_00089562","Alias=snap_masked-MeA_20160214_scaffold_4893-processed-gene-0.8","Protein of unknown function"
"2772","ENA|OLKM01004899|OLKM01004899.1 6642","OLKM01004899.1",6643,"MeA_20160214_scaffold_4898","OLKM01004899.1","maker","gene",5324,17428,".","-",".","ID=MEAE_00089577","MEAE_00089577","Alias=maker-MeA_20160214_scaffold_4898-snap-gene-0.26","Similar to Morc2b: MORC family CW-type zinc finger protein 2B (Mus musculus)"
"2772.4","ENA|OLKM01004899|OLKM01004899.1 6642","OLKM01004899.1",6643,"MeA_20160214_scaffold_4898","OLKM01004899.1","maker","gene",4950,9490,".","+",".","ID=MEAE_00089576","MEAE_00089576","Alias=snap_masked-MeA_20160214_scaffold_4898-processed-gene-0.14","Protein of unknown function"
"2773","ENA|OLKM01004899|OLKM01004899.1 6654","OLKM01004899.1",6655,"MeA_20160214_scaffold_4898","OLKM01004899.1","maker","gene",5324,17428,".","-",".","ID=MEAE_00089577","MEAE_00089577","Alias=maker-MeA_20160214_scaffold_4898-snap-gene-0.26","Similar to Morc2b: MORC family CW-type zinc finger protein 2B (Mus musculus)"
"2773.4","ENA|OLKM01004899|OLKM01004899.1 6654","OLKM01004899.1",6655,"MeA_20160214_scaffold_4898","OLKM01004899.1","maker","gene",4950,9490,".","+",".","ID=MEAE_00089576","MEAE_00089576","Alias=snap_masked-MeA_20160214_scaffold_4898-processed-gene-0.14","Protein of unknown function"
"2780","ENA|OLKM01004922|OLKM01004922.1 6861","OLKM01004922.1",6862,"MeA_20160214_scaffold_4921","OLKM01004922.1","maker","gene",1135,15626,".","-",".","ID=MEAE_00089651","MEAE_00089651","Alias=maker-MeA_20160214_scaffold_4921-augustus-gene-0.12","Similar to NLRC3: Protein NLRC3 (Homo sapiens)"
"2780.2","ENA|OLKM01004922|OLKM01004922.1 6861","OLKM01004922.1",6862,"MeA_20160214_scaffold_4921","OLKM01004922.1","maker","gene",426,7409,".","+",".","ID=MEAE_00089650","MEAE_00089650","Alias=snap_masked-MeA_20160214_scaffold_4921-processed-gene-0.9","Protein of unknown function"
"2781","ENA|OLKM01004922|OLKM01004922.1 13991","OLKM01004922.1",13992,"MeA_20160214_scaffold_4921","OLKM01004922.1","maker","gene",1135,15626,".","-",".","ID=MEAE_00089651","MEAE_00089651","Alias=maker-MeA_20160214_scaffold_4921-augustus-gene-0.12","Similar to NLRC3: Protein NLRC3 (Homo sapiens)"
"2782","ENA|OLKM01004922|OLKM01004922.1 14164","OLKM01004922.1",14165,"MeA_20160214_scaffold_4921","OLKM01004922.1","maker","gene",1135,15626,".","-",".","ID=MEAE_00089651","MEAE_00089651","Alias=maker-MeA_20160214_scaffold_4921-augustus-gene-0.12","Similar to NLRC3: Protein NLRC3 (Homo sapiens)"
"2783","ENA|OLKM01004922|OLKM01004922.1 14227","OLKM01004922.1",14228,"MeA_20160214_scaffold_4921","OLKM01004922.1","maker","gene",1135,15626,".","-",".","ID=MEAE_00089651","MEAE_00089651","Alias=maker-MeA_20160214_scaffold_4921-augustus-gene-0.12","Similar to NLRC3: Protein NLRC3 (Homo sapiens)"
"2784","ENA|OLKM01004924|OLKM01004924.1 9828","OLKM01004924.1",9829,"MeA_20160214_scaffold_4923","OLKM01004924.1","maker","gene",7518,15855,".","+",".","ID=MEAE_00089656","MEAE_00089656","Alias=snap_masked-MeA_20160214_scaffold_4923-processed-gene-0.3","Protein of unknown function"
"2785","ENA|OLKM01004925|OLKM01004925.1 8952","OLKM01004925.1",8953,"MeA_20160214_scaffold_4924","OLKM01004925.1","maker","gene",8819,10216,".","+",".","ID=MEAE_00089659","MEAE_00089659","Alias=maker-MeA_20160214_scaffold_4924-snap-gene-0.11","Similar to sumo1: Small ubiquitin-related modifier 1 (Danio rerio)"
"2788","ENA|OLKM01004926|OLKM01004926.1 11353","OLKM01004926.1",11354,"MeA_20160214_scaffold_4925","OLKM01004926.1","maker","gene",8997,17530,".","+",".","ID=MEAE_00089660","MEAE_00089660","Alias=maker-MeA_20160214_scaffold_4925-augustus-gene-0.6","Similar to NLRC3: Protein NLRC3 (Homo sapiens)"
"2788.4","ENA|OLKM01004926|OLKM01004926.1 11353","OLKM01004926.1",11354,"MeA_20160214_scaffold_4925","OLKM01004926.1","maker","gene",11124,12558,".","-",".","ID=MEAE_00089661","MEAE_00089661","Alias=maker-MeA_20160214_scaffold_4925-snap-gene-0.8","Protein of unknown function"
"2789","ENA|OLKM01004926|OLKM01004926.1 11357","OLKM01004926.1",11358,"MeA_20160214_scaffold_4925","OLKM01004926.1","maker","gene",8997,17530,".","+",".","ID=MEAE_00089660","MEAE_00089660","Alias=maker-MeA_20160214_scaffold_4925-augustus-gene-0.6","Similar to NLRC3: Protein NLRC3 (Homo sapiens)"
"2789.4","ENA|OLKM01004926|OLKM01004926.1 11357","OLKM01004926.1",11358,"MeA_20160214_scaffold_4925","OLKM01004926.1","maker","gene",11124,12558,".","-",".","ID=MEAE_00089661","MEAE_00089661","Alias=maker-MeA_20160214_scaffold_4925-snap-gene-0.8","Protein of unknown function"
"2790","ENA|OLKM01004926|OLKM01004926.1 11393","OLKM01004926.1",11394,"MeA_20160214_scaffold_4925","OLKM01004926.1","maker","gene",8997,17530,".","+",".","ID=MEAE_00089660","MEAE_00089660","Alias=maker-MeA_20160214_scaffold_4925-augustus-gene-0.6","Similar to NLRC3: Protein NLRC3 (Homo sapiens)"
"2790.4","ENA|OLKM01004926|OLKM01004926.1 11393","OLKM01004926.1",11394,"MeA_20160214_scaffold_4925","OLKM01004926.1","maker","gene",11124,12558,".","-",".","ID=MEAE_00089661","MEAE_00089661","Alias=maker-MeA_20160214_scaffold_4925-snap-gene-0.8","Protein of unknown function"
"2791","ENA|OLKM01004926|OLKM01004926.1 11515","OLKM01004926.1",11516,"MeA_20160214_scaffold_4925","OLKM01004926.1","maker","gene",8997,17530,".","+",".","ID=MEAE_00089660","MEAE_00089660","Alias=maker-MeA_20160214_scaffold_4925-augustus-gene-0.6","Similar to NLRC3: Protein NLRC3 (Homo sapiens)"
"2791.4","ENA|OLKM01004926|OLKM01004926.1 11515","OLKM01004926.1",11516,"MeA_20160214_scaffold_4925","OLKM01004926.1","maker","gene",11124,12558,".","-",".","ID=MEAE_00089661","MEAE_00089661","Alias=maker-MeA_20160214_scaffold_4925-snap-gene-0.8","Protein of unknown function"
"2792","ENA|OLKM01004926|OLKM01004926.1 13804","OLKM01004926.1",13805,"MeA_20160214_scaffold_4925","OLKM01004926.1","maker","gene",8997,17530,".","+",".","ID=MEAE_00089660","MEAE_00089660","Alias=maker-MeA_20160214_scaffold_4925-augustus-gene-0.6","Similar to NLRC3: Protein NLRC3 (Homo sapiens)"
"2793","ENA|OLKM01004926|OLKM01004926.1 14155","OLKM01004926.1",14156,"MeA_20160214_scaffold_4925","OLKM01004926.1","maker","gene",8997,17530,".","+",".","ID=MEAE_00089660","MEAE_00089660","Alias=maker-MeA_20160214_scaffold_4925-augustus-gene-0.6","Similar to NLRC3: Protein NLRC3 (Homo sapiens)"
"2806","ENA|OLKM01004954|OLKM01004954.1 929","OLKM01004954.1",930,"MeA_20160214_scaffold_4953","OLKM01004954.1","maker","gene",852,1196,".","+",".","ID=MEAE_00089746","MEAE_00089746","Alias=snap_masked-MeA_20160214_scaffold_4953-processed-gene-0.11","Protein of unknown function"
"2807","ENA|OLKM01004954|OLKM01004954.1 992","OLKM01004954.1",993,"MeA_20160214_scaffold_4953","OLKM01004954.1","maker","gene",852,1196,".","+",".","ID=MEAE_00089746","MEAE_00089746","Alias=snap_masked-MeA_20160214_scaffold_4953-processed-gene-0.11","Protein of unknown function"
"2808","ENA|OLKM01004954|OLKM01004954.1 1057","OLKM01004954.1",1058,"MeA_20160214_scaffold_4953","OLKM01004954.1","maker","gene",852,1196,".","+",".","ID=MEAE_00089746","MEAE_00089746","Alias=snap_masked-MeA_20160214_scaffold_4953-processed-gene-0.11","Protein of unknown function"
"2811","ENA|OLKM01004954|OLKM01004954.1 3642","OLKM01004954.1",3643,"MeA_20160214_scaffold_4953","OLKM01004954.1","maker","gene",1651,13483,".","-",".","ID=MEAE_00089748","MEAE_00089748","Alias=maker-MeA_20160214_scaffold_4953-augustus-gene-0.17","Protein of unknown function"
"2812","ENA|OLKM01004954|OLKM01004954.1 3652","OLKM01004954.1",3653,"MeA_20160214_scaffold_4953","OLKM01004954.1","maker","gene",1651,13483,".","-",".","ID=MEAE_00089748","MEAE_00089748","Alias=maker-MeA_20160214_scaffold_4953-augustus-gene-0.17","Protein of unknown function"
"2813","ENA|OLKM01004954|OLKM01004954.1 3954","OLKM01004954.1",3955,"MeA_20160214_scaffold_4953","OLKM01004954.1","maker","gene",1651,13483,".","-",".","ID=MEAE_00089748","MEAE_00089748","Alias=maker-MeA_20160214_scaffold_4953-augustus-gene-0.17","Protein of unknown function"
"2814","ENA|OLKM01004954|OLKM01004954.1 4550","OLKM01004954.1",4551,"MeA_20160214_scaffold_4953","OLKM01004954.1","maker","gene",1651,13483,".","-",".","ID=MEAE_00089748","MEAE_00089748","Alias=maker-MeA_20160214_scaffold_4953-augustus-gene-0.17","Protein of unknown function"
"2815","ENA|OLKM01004954|OLKM01004954.1 4655","OLKM01004954.1",4656,"MeA_20160214_scaffold_4953","OLKM01004954.1","maker","gene",1651,13483,".","-",".","ID=MEAE_00089748","MEAE_00089748","Alias=maker-MeA_20160214_scaffold_4953-augustus-gene-0.17","Protein of unknown function"
"2816","ENA|OLKM01004954|OLKM01004954.1 4760","OLKM01004954.1",4761,"MeA_20160214_scaffold_4953","OLKM01004954.1","maker","gene",1651,13483,".","-",".","ID=MEAE_00089748","MEAE_00089748","Alias=maker-MeA_20160214_scaffold_4953-augustus-gene-0.17","Protein of unknown function"
"2817","ENA|OLKM01004954|OLKM01004954.1 4800","OLKM01004954.1",4801,"MeA_20160214_scaffold_4953","OLKM01004954.1","maker","gene",1651,13483,".","-",".","ID=MEAE_00089748","MEAE_00089748","Alias=maker-MeA_20160214_scaffold_4953-augustus-gene-0.17","Protein of unknown function"
"2818","ENA|OLKM01004954|OLKM01004954.1 5721","OLKM01004954.1",5722,"MeA_20160214_scaffold_4953","OLKM01004954.1","maker","gene",1651,13483,".","-",".","ID=MEAE_00089748","MEAE_00089748","Alias=maker-MeA_20160214_scaffold_4953-augustus-gene-0.17","Protein of unknown function"
"2819","ENA|OLKM01004954|OLKM01004954.1 5787","OLKM01004954.1",5788,"MeA_20160214_scaffold_4953","OLKM01004954.1","maker","gene",1651,13483,".","-",".","ID=MEAE_00089748","MEAE_00089748","Alias=maker-MeA_20160214_scaffold_4953-augustus-gene-0.17","Protein of unknown function"
"2820","ENA|OLKM01004954|OLKM01004954.1 6394","OLKM01004954.1",6395,"MeA_20160214_scaffold_4953","OLKM01004954.1","maker","gene",1651,13483,".","-",".","ID=MEAE_00089748","MEAE_00089748","Alias=maker-MeA_20160214_scaffold_4953-augustus-gene-0.17","Protein of unknown function"
"2821","ENA|OLKM01004954|OLKM01004954.1 11664","OLKM01004954.1",11665,"MeA_20160214_scaffold_4953","OLKM01004954.1","maker","gene",1651,13483,".","-",".","ID=MEAE_00089748","MEAE_00089748","Alias=maker-MeA_20160214_scaffold_4953-augustus-gene-0.17","Protein of unknown function"
"2821.2","ENA|OLKM01004954|OLKM01004954.1 11664","OLKM01004954.1",11665,"MeA_20160214_scaffold_4953","OLKM01004954.1","maker","gene",7451,13637,".","+",".","ID=MEAE_00089749","MEAE_00089749","Alias=snap_masked-MeA_20160214_scaffold_4953-processed-gene-0.13","Protein of unknown function"
"2827","ENA|OLKM01004966|OLKM01004966.1 3485","OLKM01004966.1",3486,"MeA_20160214_scaffold_4965","OLKM01004966.1","maker","gene",645,5256,".","+",".","ID=MEAE_00089780","MEAE_00089780","Alias=maker-MeA_20160214_scaffold_4965-snap-gene-0.9","Protein of unknown function"
"2828","ENA|OLKM01004966|OLKM01004966.1 3889","OLKM01004966.1",3890,"MeA_20160214_scaffold_4965","OLKM01004966.1","maker","gene",645,5256,".","+",".","ID=MEAE_00089780","MEAE_00089780","Alias=maker-MeA_20160214_scaffold_4965-snap-gene-0.9","Protein of unknown function"
"2829","ENA|OLKM01004967|OLKM01004967.1 5217","OLKM01004967.1",5218,"MeA_20160214_scaffold_4966","OLKM01004967.1","maker","gene",3985,11824,".","-",".","ID=MEAE_00089782","MEAE_00089782","Alias=snap_masked-MeA_20160214_scaffold_4966-processed-gene-0.7","Protein of unknown function"
"2830","ENA|OLKM01004967|OLKM01004967.1 6099","OLKM01004967.1",6100,"MeA_20160214_scaffold_4966","OLKM01004967.1","maker","gene",3985,11824,".","-",".","ID=MEAE_00089782","MEAE_00089782","Alias=snap_masked-MeA_20160214_scaffold_4966-processed-gene-0.7","Protein of unknown function"
"2831","ENA|OLKM01004967|OLKM01004967.1 6281","OLKM01004967.1",6282,"MeA_20160214_scaffold_4966","OLKM01004967.1","maker","gene",3985,11824,".","-",".","ID=MEAE_00089782","MEAE_00089782","Alias=snap_masked-MeA_20160214_scaffold_4966-processed-gene-0.7","Protein of unknown function"
"2832","ENA|OLKM01004967|OLKM01004967.1 6404","OLKM01004967.1",6405,"MeA_20160214_scaffold_4966","OLKM01004967.1","maker","gene",3985,11824,".","-",".","ID=MEAE_00089782","MEAE_00089782","Alias=snap_masked-MeA_20160214_scaffold_4966-processed-gene-0.7","Protein of unknown function"
"2833","ENA|OLKM01004967|OLKM01004967.1 6417","OLKM01004967.1",6418,"MeA_20160214_scaffold_4966","OLKM01004967.1","maker","gene",3985,11824,".","-",".","ID=MEAE_00089782","MEAE_00089782","Alias=snap_masked-MeA_20160214_scaffold_4966-processed-gene-0.7","Protein of unknown function"
"2840","ENA|OLKM01004991|OLKM01004991.1 11003","OLKM01004991.1",11004,"MeA_20160214_scaffold_4990","OLKM01004991.1","maker","gene",7034,11467,".","+",".","ID=MEAE_00089857","MEAE_00089857","Alias=snap_masked-MeA_20160214_scaffold_4990-processed-gene-0.3","Protein of unknown function"
"2846","ENA|OLKM01005016|OLKM01005016.1 5588","OLKM01005016.1",5589,"MeA_20160214_scaffold_5015","OLKM01005016.1","maker","gene",3569,5936,".","+",".","ID=MEAE_00089931","MEAE_00089931","Alias=genemark-MeA_20160214_scaffold_5015-processed-gene-0.0","Protein of unknown function"
"2849","ENA|OLKM01005020|OLKM01005020.1 8692","OLKM01005020.1",8693,"MeA_20160214_scaffold_5019","OLKM01005020.1","maker","gene",5603,11095,".","-",".","ID=MEAE_00089944","MEAE_00089944","Alias=genemark-MeA_20160214_scaffold_5019-processed-gene-0.2","Protein of unknown function"
"2850","ENA|OLKM01005029|OLKM01005029.1 11228","OLKM01005029.1",11229,"MeA_20160214_scaffold_5028","OLKM01005029.1","maker","gene",9852,12944,".","+",".","ID=MEAE_00089961","MEAE_00089961","Alias=snap_masked-MeA_20160214_scaffold_5028-processed-gene-0.3","Protein of unknown function"
"2852","ENA|OLKM01005034|OLKM01005034.1 2037","OLKM01005034.1",2038,"MeA_20160214_scaffold_5033","OLKM01005034.1","maker","gene",22,11766,".","-",".","ID=MEAE_00089969","MEAE_00089969","Alias=maker-MeA_20160214_scaffold_5033-snap-gene-0.9","Similar to QRICH2: Glutamine-rich protein 2 (Homo sapiens)"
"2853","ENA|OLKM01005034|OLKM01005034.1 2047","OLKM01005034.1",2048,"MeA_20160214_scaffold_5033","OLKM01005034.1","maker","gene",22,11766,".","-",".","ID=MEAE_00089969","MEAE_00089969","Alias=maker-MeA_20160214_scaffold_5033-snap-gene-0.9","Similar to QRICH2: Glutamine-rich protein 2 (Homo sapiens)"
"2857","ENA|OLKM01005049|OLKM01005049.1 8039","OLKM01005049.1",8040,"MeA_20160214_scaffold_5048","OLKM01005049.1","maker","gene",6673,9120,".","-",".","ID=MEAE_00090014","MEAE_00090014","Alias=maker-MeA_20160214_scaffold_5048-snap-gene-0.10","Similar to TRIM47: Tripartite motif-containing protein 47 (Homo sapiens)"
"2867","ENA|OLKM01005066|OLKM01005066.1 9768","OLKM01005066.1",9769,"MeA_20160214_scaffold_5065","OLKM01005066.1","maker","gene",8615,12545,".","-",".","ID=MEAE_00090058","MEAE_00090058","Alias=augustus_masked-MeA_20160214_scaffold_5065-processed-gene-0.3","Protein of unknown function"
"2871","ENA|OLKM01005067|OLKM01005067.1 8637","OLKM01005067.1",8638,"MeA_20160214_scaffold_5066","OLKM01005067.1","maker","gene",8037,10499,".","+",".","ID=MEAE_00090060","MEAE_00090060","Alias=maker-MeA_20160214_scaffold_5066-augustus-gene-0.7","Protein of unknown function"
"2872","ENA|OLKM01005067|OLKM01005067.1 10327","OLKM01005067.1",10328,"MeA_20160214_scaffold_5066","OLKM01005067.1","maker","gene",8037,10499,".","+",".","ID=MEAE_00090060","MEAE_00090060","Alias=maker-MeA_20160214_scaffold_5066-augustus-gene-0.7","Protein of unknown function"
"2875","ENA|OLKM01005087|OLKM01005087.1 12197","OLKM01005087.1",12198,"MeA_20160214_scaffold_5086","OLKM01005087.1","maker","gene",11030,13045,".","-",".","ID=MEAE_00090098","MEAE_00090098","Alias=maker-MeA_20160214_scaffold_5086-augustus-gene-0.10","Protein of unknown function"
"2876","ENA|OLKM01005087|OLKM01005087.1 13279","OLKM01005087.1",13280,"MeA_20160214_scaffold_5086","OLKM01005087.1","maker","gene",13179,13556,".","-",".","ID=MEAE_00090099","MEAE_00090099","Alias=augustus_masked-MeA_20160214_scaffold_5086-processed-gene-0.6","Protein of unknown function"
"2887","ENA|OLKM01005117|OLKM01005117.1 3672","OLKM01005117.1",3673,"MeA_20160214_scaffold_5116","OLKM01005117.1","maker","gene",368,15985,".","+",".","ID=MEAE_00090166","MEAE_00090166","Alias=maker-MeA_20160214_scaffold_5116-snap-gene-0.17","Similar to krt13: Keratin%2C type I cytoskeletal 13 (Oncorhynchus mykiss)"
"2887.2","ENA|OLKM01005117|OLKM01005117.1 3672","OLKM01005117.1",3673,"MeA_20160214_scaffold_5116","OLKM01005117.1","maker","gene",2727,4766,".","-",".","ID=MEAE_00090168","MEAE_00090168","Alias=snap_masked-MeA_20160214_scaffold_5116-processed-gene-0.12","Protein of unknown function"
"2889","ENA|OLKM01005120|OLKM01005120.1 761","OLKM01005120.1",762,"MeA_20160214_scaffold_5119","OLKM01005120.1","maker","gene",377,6300,".","+",".","ID=MEAE_00090180","MEAE_00090180","Alias=snap_masked-MeA_20160214_scaffold_5119-processed-gene-0.6","Protein of unknown function"
"2889.2","ENA|OLKM01005120|OLKM01005120.1 761","OLKM01005120.1",762,"MeA_20160214_scaffold_5119","OLKM01005120.1","maker","gene",367,11062,".","-",".","ID=MEAE_00090179","MEAE_00090179","Alias=augustus_masked-MeA_20160214_scaffold_5119-processed-gene-0.5","Protein of unknown function"
"2904","ENA|OLKM01005161|OLKM01005161.1 4245","OLKM01005161.1",4246,"MeA_20160214_scaffold_5160","OLKM01005161.1","maker","gene",3984,6018,".","-",".","ID=MEAE_00090278","MEAE_00090278","Alias=maker-MeA_20160214_scaffold_5160-snap-gene-0.15","Protein of unknown function"
"2913","ENA|OLKM01005207|OLKM01005207.1 4271","OLKM01005207.1",4272,"MeA_20160214_scaffold_5206","OLKM01005207.1","maker","gene",1260,13098,".","+",".","ID=MEAE_00090400","MEAE_00090400","Alias=augustus_masked-MeA_20160214_scaffold_5206-processed-gene-0.4","Protein of unknown function"
"2913.2","ENA|OLKM01005207|OLKM01005207.1 4271","OLKM01005207.1",4272,"MeA_20160214_scaffold_5206","OLKM01005207.1","maker","gene",2662,5218,".","-",".","ID=MEAE_00090401","MEAE_00090401","Alias=maker-MeA_20160214_scaffold_5206-augustus-gene-0.11","Protein of unknown function"
"2918","ENA|OLKM01005229|OLKM01005229.1 11748","OLKM01005229.1",11749,"MeA_20160214_scaffold_5228","OLKM01005229.1","maker","gene",11251,13125,".","-",".","ID=MEAE_00090449","MEAE_00090449","Alias=snap_masked-MeA_20160214_scaffold_5228-processed-gene-0.8","Similar to ZBED1: Zinc finger BED domain-containing protein 1 (Homo sapiens)"
"2919","ENA|OLKM01005229|OLKM01005229.1 12255","OLKM01005229.1",12256,"MeA_20160214_scaffold_5228","OLKM01005229.1","maker","gene",11251,13125,".","-",".","ID=MEAE_00090449","MEAE_00090449","Alias=snap_masked-MeA_20160214_scaffold_5228-processed-gene-0.8","Similar to ZBED1: Zinc finger BED domain-containing protein 1 (Homo sapiens)"
"2920","ENA|OLKM01005235|OLKM01005235.1 1855","OLKM01005235.1",1856,"MeA_20160214_scaffold_5234","OLKM01005235.1","maker","gene",1615,5864,".","+",".","ID=MEAE_00090461","MEAE_00090461","Alias=snap_masked-MeA_20160214_scaffold_5234-processed-gene-0.6","Protein of unknown function"
"2920.4","ENA|OLKM01005235|OLKM01005235.1 1855","OLKM01005235.1",1856,"MeA_20160214_scaffold_5234","OLKM01005235.1","maker","gene",617,6222,".","-",".","ID=MEAE_00090460","MEAE_00090460","Alias=snap_masked-MeA_20160214_scaffold_5234-processed-gene-0.8","Protein of unknown function"
"2921","ENA|OLKM01005235|OLKM01005235.1 2377","OLKM01005235.1",2378,"MeA_20160214_scaffold_5234","OLKM01005235.1","maker","gene",1615,5864,".","+",".","ID=MEAE_00090461","MEAE_00090461","Alias=snap_masked-MeA_20160214_scaffold_5234-processed-gene-0.6","Protein of unknown function"
"2921.2","ENA|OLKM01005235|OLKM01005235.1 2377","OLKM01005235.1",2378,"MeA_20160214_scaffold_5234","OLKM01005235.1","maker","gene",617,6222,".","-",".","ID=MEAE_00090460","MEAE_00090460","Alias=snap_masked-MeA_20160214_scaffold_5234-processed-gene-0.8","Protein of unknown function"
"2922","ENA|OLKM01005235|OLKM01005235.1 2862","OLKM01005235.1",2863,"MeA_20160214_scaffold_5234","OLKM01005235.1","maker","gene",1615,5864,".","+",".","ID=MEAE_00090461","MEAE_00090461","Alias=snap_masked-MeA_20160214_scaffold_5234-processed-gene-0.6","Protein of unknown function"
"2922.4","ENA|OLKM01005235|OLKM01005235.1 2862","OLKM01005235.1",2863,"MeA_20160214_scaffold_5234","OLKM01005235.1","maker","gene",617,6222,".","-",".","ID=MEAE_00090460","MEAE_00090460","Alias=snap_masked-MeA_20160214_scaffold_5234-processed-gene-0.8","Protein of unknown function"
"2923","ENA|OLKM01005235|OLKM01005235.1 3010","OLKM01005235.1",3011,"MeA_20160214_scaffold_5234","OLKM01005235.1","maker","gene",1615,5864,".","+",".","ID=MEAE_00090461","MEAE_00090461","Alias=snap_masked-MeA_20160214_scaffold_5234-processed-gene-0.6","Protein of unknown function"
"2923.2","ENA|OLKM01005235|OLKM01005235.1 3010","OLKM01005235.1",3011,"MeA_20160214_scaffold_5234","OLKM01005235.1","maker","gene",617,6222,".","-",".","ID=MEAE_00090460","MEAE_00090460","Alias=snap_masked-MeA_20160214_scaffold_5234-processed-gene-0.8","Protein of unknown function"
"2924","ENA|OLKM01005235|OLKM01005235.1 6022","OLKM01005235.1",6023,"MeA_20160214_scaffold_5234","OLKM01005235.1","maker","gene",617,6222,".","-",".","ID=MEAE_00090460","MEAE_00090460","Alias=snap_masked-MeA_20160214_scaffold_5234-processed-gene-0.8","Protein of unknown function"
"2925","ENA|OLKM01005235|OLKM01005235.1 6054","OLKM01005235.1",6055,"MeA_20160214_scaffold_5234","OLKM01005235.1","maker","gene",617,6222,".","-",".","ID=MEAE_00090460","MEAE_00090460","Alias=snap_masked-MeA_20160214_scaffold_5234-processed-gene-0.8","Protein of unknown function"
"2926","ENA|OLKM01005235|OLKM01005235.1 7673","OLKM01005235.1",7674,"MeA_20160214_scaffold_5234","OLKM01005235.1","maker","gene",7006,9320,".","-",".","ID=MEAE_00090462","MEAE_00090462","Alias=maker-MeA_20160214_scaffold_5234-snap-gene-0.11","Protein of unknown function"
"2937","ENA|OLKM01005235|OLKM01005235.1 16536","OLKM01005235.1",16537,"MeA_20160214_scaffold_5234","OLKM01005235.1","maker","gene",16403,16678,".","+",".","ID=MEAE_00090463","MEAE_00090463","Alias=augustus_masked-MeA_20160214_scaffold_5234-processed-gene-0.4","Protein of unknown function"
"2950","ENA|OLKM01005268|OLKM01005268.1 5504","OLKM01005268.1",5505,"MeA_20160214_scaffold_5267","OLKM01005268.1","maker","gene",5111,6026,".","+",".","ID=MEAE_00090547","MEAE_00090547","Alias=maker-MeA_20160214_scaffold_5267-augustus-gene-0.8","Protein of unknown function"
"2962","ENA|OLKM01005306|OLKM01005306.1 3991","OLKM01005306.1",3992,"MeA_20160214_scaffold_5305","OLKM01005306.1","maker","gene",3149,5236,".","-",".","ID=MEAE_00090653","MEAE_00090653","Alias=snap_masked-MeA_20160214_scaffold_5305-processed-gene-0.5","Protein of unknown function"
"2970","ENA|OLKM01005330|OLKM01005330.1 3109","OLKM01005330.1",3110,"MeA_20160214_scaffold_5329","OLKM01005330.1","maker","gene",2563,5801,".","+",".","ID=MEAE_00090703","MEAE_00090703","Alias=augustus_masked-MeA_20160214_scaffold_5329-processed-gene-0.3","Protein of unknown function"
"2971","ENA|OLKM01005330|OLKM01005330.1 3247","OLKM01005330.1",3248,"MeA_20160214_scaffold_5329","OLKM01005330.1","maker","gene",2563,5801,".","+",".","ID=MEAE_00090703","MEAE_00090703","Alias=augustus_masked-MeA_20160214_scaffold_5329-processed-gene-0.3","Protein of unknown function"
"2972","ENA|OLKM01005330|OLKM01005330.1 4775","OLKM01005330.1",4776,"MeA_20160214_scaffold_5329","OLKM01005330.1","maker","gene",2563,5801,".","+",".","ID=MEAE_00090703","MEAE_00090703","Alias=augustus_masked-MeA_20160214_scaffold_5329-processed-gene-0.3","Protein of unknown function"
"2973","ENA|OLKM01005330|OLKM01005330.1 4803","OLKM01005330.1",4804,"MeA_20160214_scaffold_5329","OLKM01005330.1","maker","gene",2563,5801,".","+",".","ID=MEAE_00090703","MEAE_00090703","Alias=augustus_masked-MeA_20160214_scaffold_5329-processed-gene-0.3","Protein of unknown function"
"2974","ENA|OLKM01005330|OLKM01005330.1 5007","OLKM01005330.1",5008,"MeA_20160214_scaffold_5329","OLKM01005330.1","maker","gene",2563,5801,".","+",".","ID=MEAE_00090703","MEAE_00090703","Alias=augustus_masked-MeA_20160214_scaffold_5329-processed-gene-0.3","Protein of unknown function"
"2975","ENA|OLKM01005338|OLKM01005338.1 1517","OLKM01005338.1",1518,"MeA_20160214_scaffold_5337","OLKM01005338.1","maker","gene",1432,12339,".","-",".","ID=MEAE_00090720","MEAE_00090720","Alias=maker-MeA_20160214_scaffold_5337-augustus-gene-0.6","Protein of unknown function"
"2976","ENA|OLKM01005338|OLKM01005338.1 1536","OLKM01005338.1",1537,"MeA_20160214_scaffold_5337","OLKM01005338.1","maker","gene",1432,12339,".","-",".","ID=MEAE_00090720","MEAE_00090720","Alias=maker-MeA_20160214_scaffold_5337-augustus-gene-0.6","Protein of unknown function"
"2977","ENA|OLKM01005338|OLKM01005338.1 2829","OLKM01005338.1",2830,"MeA_20160214_scaffold_5337","OLKM01005338.1","maker","gene",1432,12339,".","-",".","ID=MEAE_00090720","MEAE_00090720","Alias=maker-MeA_20160214_scaffold_5337-augustus-gene-0.6","Protein of unknown function"
"2978","ENA|OLKM01005338|OLKM01005338.1 2845","OLKM01005338.1",2846,"MeA_20160214_scaffold_5337","OLKM01005338.1","maker","gene",1432,12339,".","-",".","ID=MEAE_00090720","MEAE_00090720","Alias=maker-MeA_20160214_scaffold_5337-augustus-gene-0.6","Protein of unknown function"
"2979","ENA|OLKM01005338|OLKM01005338.1 2926","OLKM01005338.1",2927,"MeA_20160214_scaffold_5337","OLKM01005338.1","maker","gene",1432,12339,".","-",".","ID=MEAE_00090720","MEAE_00090720","Alias=maker-MeA_20160214_scaffold_5337-augustus-gene-0.6","Protein of unknown function"
"2980","ENA|OLKM01005338|OLKM01005338.1 5106","OLKM01005338.1",5107,"MeA_20160214_scaffold_5337","OLKM01005338.1","maker","gene",1432,12339,".","-",".","ID=MEAE_00090720","MEAE_00090720","Alias=maker-MeA_20160214_scaffold_5337-augustus-gene-0.6","Protein of unknown function"
"2981","ENA|OLKM01005339|OLKM01005339.1 1273","OLKM01005339.1",1274,"MeA_20160214_scaffold_5338","OLKM01005339.1","maker","gene",287,5092,".","+",".","ID=MEAE_00090721","MEAE_00090721","Alias=maker-MeA_20160214_scaffold_5338-snap-gene-0.2","Protein of unknown function"
"2982","ENA|OLKM01005339|OLKM01005339.1 2845","OLKM01005339.1",2846,"MeA_20160214_scaffold_5338","OLKM01005339.1","maker","gene",287,5092,".","+",".","ID=MEAE_00090721","MEAE_00090721","Alias=maker-MeA_20160214_scaffold_5338-snap-gene-0.2","Protein of unknown function"
"2987","ENA|OLKM01005364|OLKM01005364.1 1787","OLKM01005364.1",1788,"MeA_20160214_scaffold_5363","OLKM01005364.1","maker","gene",1511,4052,".","+",".","ID=MEAE_00090776","MEAE_00090776","Alias=augustus_masked-MeA_20160214_scaffold_5363-processed-gene-0.4","Protein of unknown function"
"2988","ENA|OLKM01005364|OLKM01005364.1 3575","OLKM01005364.1",3576,"MeA_20160214_scaffold_5363","OLKM01005364.1","maker","gene",1511,4052,".","+",".","ID=MEAE_00090776","MEAE_00090776","Alias=augustus_masked-MeA_20160214_scaffold_5363-processed-gene-0.4","Protein of unknown function"
"2989","ENA|OLKM01005364|OLKM01005364.1 3798","OLKM01005364.1",3799,"MeA_20160214_scaffold_5363","OLKM01005364.1","maker","gene",1511,4052,".","+",".","ID=MEAE_00090776","MEAE_00090776","Alias=augustus_masked-MeA_20160214_scaffold_5363-processed-gene-0.4","Protein of unknown function"
"2989.4","ENA|OLKM01005364|OLKM01005364.1 3798","OLKM01005364.1",3799,"MeA_20160214_scaffold_5363","OLKM01005364.1","maker","gene",3769,11395,".","-",".","ID=MEAE_00090777","MEAE_00090777","Alias=maker-MeA_20160214_scaffold_5363-snap-gene-0.14","Protein of unknown function"
"2990","ENA|OLKM01005364|OLKM01005364.1 5835","OLKM01005364.1",5836,"MeA_20160214_scaffold_5363","OLKM01005364.1","maker","gene",5590,16266,".","+",".","ID=MEAE_00090778","MEAE_00090778","Alias=snap_masked-MeA_20160214_scaffold_5363-processed-gene-0.8","Protein of unknown function"
"2990.2","ENA|OLKM01005364|OLKM01005364.1 5835","OLKM01005364.1",5836,"MeA_20160214_scaffold_5363","OLKM01005364.1","maker","gene",3769,11395,".","-",".","ID=MEAE_00090777","MEAE_00090777","Alias=maker-MeA_20160214_scaffold_5363-snap-gene-0.14","Protein of unknown function"
"2991","ENA|OLKM01005364|OLKM01005364.1 6603","OLKM01005364.1",6604,"MeA_20160214_scaffold_5363","OLKM01005364.1","maker","gene",5590,16266,".","+",".","ID=MEAE_00090778","MEAE_00090778","Alias=snap_masked-MeA_20160214_scaffold_5363-processed-gene-0.8","Protein of unknown function"
"2991.2","ENA|OLKM01005364|OLKM01005364.1 6603","OLKM01005364.1",6604,"MeA_20160214_scaffold_5363","OLKM01005364.1","maker","gene",3769,11395,".","-",".","ID=MEAE_00090777","MEAE_00090777","Alias=maker-MeA_20160214_scaffold_5363-snap-gene-0.14","Protein of unknown function"
"2992","ENA|OLKM01005364|OLKM01005364.1 8040","OLKM01005364.1",8041,"MeA_20160214_scaffold_5363","OLKM01005364.1","maker","gene",5590,16266,".","+",".","ID=MEAE_00090778","MEAE_00090778","Alias=snap_masked-MeA_20160214_scaffold_5363-processed-gene-0.8","Protein of unknown function"
"2992.2","ENA|OLKM01005364|OLKM01005364.1 8040","OLKM01005364.1",8041,"MeA_20160214_scaffold_5363","OLKM01005364.1","maker","gene",3769,11395,".","-",".","ID=MEAE_00090777","MEAE_00090777","Alias=maker-MeA_20160214_scaffold_5363-snap-gene-0.14","Protein of unknown function"
"2993","ENA|OLKM01005364|OLKM01005364.1 11397","OLKM01005364.1",11398,"MeA_20160214_scaffold_5363","OLKM01005364.1","maker","gene",5590,16266,".","+",".","ID=MEAE_00090778","MEAE_00090778","Alias=snap_masked-MeA_20160214_scaffold_5363-processed-gene-0.8","Protein of unknown function"
"2994","ENA|OLKM01005364|OLKM01005364.1 11457","OLKM01005364.1",11458,"MeA_20160214_scaffold_5363","OLKM01005364.1","maker","gene",5590,16266,".","+",".","ID=MEAE_00090778","MEAE_00090778","Alias=snap_masked-MeA_20160214_scaffold_5363-processed-gene-0.8","Protein of unknown function"
"2995","ENA|OLKM01005364|OLKM01005364.1 13885","OLKM01005364.1",13886,"MeA_20160214_scaffold_5363","OLKM01005364.1","maker","gene",5590,16266,".","+",".","ID=MEAE_00090778","MEAE_00090778","Alias=snap_masked-MeA_20160214_scaffold_5363-processed-gene-0.8","Protein of unknown function"
"2996","ENA|OLKM01005364|OLKM01005364.1 14086","OLKM01005364.1",14087,"MeA_20160214_scaffold_5363","OLKM01005364.1","maker","gene",5590,16266,".","+",".","ID=MEAE_00090778","MEAE_00090778","Alias=snap_masked-MeA_20160214_scaffold_5363-processed-gene-0.8","Protein of unknown function"
"3004","ENA|OLKM01005373|OLKM01005373.1 14100","OLKM01005373.1",14101,"MeA_20160214_scaffold_5372","OLKM01005373.1","maker","gene",13300,14512,".","+",".","ID=MEAE_00090789","MEAE_00090789","Alias=snap_masked-MeA_20160214_scaffold_5372-processed-gene-0.4","Similar to TAPBPL: Tapasin-related protein (Pongo abelii)"
"3021","ENA|OLKM01005406|OLKM01005406.1 5528","OLKM01005406.1",5529,"MeA_20160214_scaffold_5405","OLKM01005406.1","maker","gene",4466,11317,".","+",".","ID=MEAE_00090859","MEAE_00090859","Alias=augustus_masked-MeA_20160214_scaffold_5405-processed-gene-0.3","Protein of unknown function"
"3022","ENA|OLKM01005406|OLKM01005406.1 6518","OLKM01005406.1",6519,"MeA_20160214_scaffold_5405","OLKM01005406.1","maker","gene",4466,11317,".","+",".","ID=MEAE_00090859","MEAE_00090859","Alias=augustus_masked-MeA_20160214_scaffold_5405-processed-gene-0.3","Protein of unknown function"
"3027","ENA|OLKM01005414|OLKM01005414.1 7621","OLKM01005414.1",7622,"MeA_20160214_scaffold_5413","OLKM01005414.1","maker","gene",5581,8437,".","+",".","ID=MEAE_00090871","MEAE_00090871","Alias=maker-MeA_20160214_scaffold_5413-augustus-gene-0.6","Protein of unknown function"
"3027.2","ENA|OLKM01005414|OLKM01005414.1 7621","OLKM01005414.1",7622,"MeA_20160214_scaffold_5413","OLKM01005414.1","maker","gene",7265,10560,".","-",".","ID=MEAE_00090872","MEAE_00090872","Alias=snap_masked-MeA_20160214_scaffold_5413-processed-gene-0.5","Protein of unknown function"
"3032","ENA|OLKM01005425|OLKM01005425.1 7145","OLKM01005425.1",7146,"MeA_20160214_scaffold_5424","OLKM01005425.1","maker","gene",6652,8598,".","+",".","ID=MEAE_00090893","MEAE_00090893","Alias=maker-MeA_20160214_scaffold_5424-snap-gene-0.8","Similar to pr-set7: Histone-lysine N-methyltransferase pr-set7 (Drosophila melanogaster)"
"3032.2","ENA|OLKM01005425|OLKM01005425.1 7145","OLKM01005425.1",7146,"MeA_20160214_scaffold_5424","OLKM01005425.1","maker","gene",6697,7996,".","-",".","ID=MEAE_00090894","MEAE_00090894","Alias=maker-MeA_20160214_scaffold_5424-snap-gene-0.9","Protein of unknown function"
"3039","ENA|OLKM01005430|OLKM01005430.1 14376","OLKM01005430.1",14377,"MeA_20160214_scaffold_5429","OLKM01005430.1","maker","gene",9778,16486,".","-",".","ID=MEAE_00090904","MEAE_00090904","Alias=augustus_masked-MeA_20160214_scaffold_5429-processed-gene-0.9","Similar to Nlrp12: NACHT%2C LRR and PYD domains-containing protein 12 (Mus musculus)"
"3041","ENA|OLKM01005435|OLKM01005435.1 2718","OLKM01005435.1",2719,"MeA_20160214_scaffold_5434","OLKM01005435.1","maker","gene",2686,10078,".","-",".","ID=MEAE_00090923","MEAE_00090923","Alias=augustus_masked-MeA_20160214_scaffold_5434-processed-gene-0.3","Protein of unknown function"
"3042","ENA|OLKM01005435|OLKM01005435.1 3435","OLKM01005435.1",3436,"MeA_20160214_scaffold_5434","OLKM01005435.1","maker","gene",2686,10078,".","-",".","ID=MEAE_00090923","MEAE_00090923","Alias=augustus_masked-MeA_20160214_scaffold_5434-processed-gene-0.3","Protein of unknown function"
"3043","ENA|OLKM01005435|OLKM01005435.1 11864","OLKM01005435.1",11865,"MeA_20160214_scaffold_5434","OLKM01005435.1","maker","gene",11221,12674,".","-",".","ID=MEAE_00090924","MEAE_00090924","Alias=maker-MeA_20160214_scaffold_5434-snap-gene-0.5","Protein of unknown function"
"3044","ENA|OLKM01005440|OLKM01005440.1 3739","OLKM01005440.1",3740,"MeA_20160214_scaffold_5439","OLKM01005440.1","maker","gene",3554,7003,".","-",".","ID=MEAE_00090930","MEAE_00090930","Alias=maker-MeA_20160214_scaffold_5439-augustus-gene-0.6","Protein of unknown function"
"3045","ENA|OLKM01005440|OLKM01005440.1 3962","OLKM01005440.1",3963,"MeA_20160214_scaffold_5439","OLKM01005440.1","maker","gene",3554,7003,".","-",".","ID=MEAE_00090930","MEAE_00090930","Alias=maker-MeA_20160214_scaffold_5439-augustus-gene-0.6","Protein of unknown function"
"3046","ENA|OLKM01005440|OLKM01005440.1 4907","OLKM01005440.1",4908,"MeA_20160214_scaffold_5439","OLKM01005440.1","maker","gene",3554,7003,".","-",".","ID=MEAE_00090930","MEAE_00090930","Alias=maker-MeA_20160214_scaffold_5439-augustus-gene-0.6","Protein of unknown function"
"3047","ENA|OLKM01005446|OLKM01005446.1 13360","OLKM01005446.1",13361,"MeA_20160214_scaffold_5445","OLKM01005446.1","maker","gene",10358,14930,".","-",".","ID=MEAE_00090950","MEAE_00090950","Alias=genemark-MeA_20160214_scaffold_5445-processed-gene-0.3","Protein of unknown function"
"3048","ENA|OLKM01005451|OLKM01005451.1 928","OLKM01005451.1",929,"MeA_20160214_scaffold_5450","OLKM01005451.1","maker","gene",2,3901,".","-",".","ID=MEAE_00090961","MEAE_00090961","Alias=augustus_masked-MeA_20160214_scaffold_5450-processed-gene-0.4","Protein of unknown function"
"3053","ENA|OLKM01005460|OLKM01005460.1 11455","OLKM01005460.1",11456,"MeA_20160214_scaffold_5459","OLKM01005460.1","maker","gene",11417,12315,".","+",".","ID=MEAE_00090987","MEAE_00090987","Alias=snap_masked-MeA_20160214_scaffold_5459-processed-gene-0.4","Protein of unknown function"
"3054","ENA|OLKM01005460|OLKM01005460.1 11558","OLKM01005460.1",11559,"MeA_20160214_scaffold_5459","OLKM01005460.1","maker","gene",11417,12315,".","+",".","ID=MEAE_00090987","MEAE_00090987","Alias=snap_masked-MeA_20160214_scaffold_5459-processed-gene-0.4","Protein of unknown function"
"3055","ENA|OLKM01005460|OLKM01005460.1 11768","OLKM01005460.1",11769,"MeA_20160214_scaffold_5459","OLKM01005460.1","maker","gene",11417,12315,".","+",".","ID=MEAE_00090987","MEAE_00090987","Alias=snap_masked-MeA_20160214_scaffold_5459-processed-gene-0.4","Protein of unknown function"
"3061","ENA|OLKM01005460|OLKM01005460.1 14930","OLKM01005460.1",14931,"MeA_20160214_scaffold_5459","OLKM01005460.1","maker","gene",14668,14959,".","-",".","ID=MEAE_00090988","MEAE_00090988","Alias=snap_masked-MeA_20160214_scaffold_5459-processed-gene-0.5","Protein of unknown function"
"3063","ENA|OLKM01005460|OLKM01005460.1 14989","OLKM01005460.1",14990,"MeA_20160214_scaffold_5459","OLKM01005460.1","maker","gene",14986,15280,".","-",".","ID=MEAE_00090989","MEAE_00090989","Alias=snap_masked-MeA_20160214_scaffold_5459-processed-gene-0.6","Protein of unknown function"
"3064","ENA|OLKM01005460|OLKM01005460.1 15087","OLKM01005460.1",15088,"MeA_20160214_scaffold_5459","OLKM01005460.1","maker","gene",14986,15280,".","-",".","ID=MEAE_00090989","MEAE_00090989","Alias=snap_masked-MeA_20160214_scaffold_5459-processed-gene-0.6","Protein of unknown function"
"3067","ENA|OLKM01005466|OLKM01005466.1 4701","OLKM01005466.1",4702,"MeA_20160214_scaffold_5465","OLKM01005466.1","maker","gene",251,12797,".","+",".","ID=MEAE_00091005","MEAE_00091005","Alias=snap_masked-MeA_20160214_scaffold_5465-processed-gene-0.7","Protein of unknown function"
"3067.2","ENA|OLKM01005466|OLKM01005466.1 4701","OLKM01005466.1",4702,"MeA_20160214_scaffold_5465","OLKM01005466.1","maker","gene",3363,12787,".","-",".","ID=MEAE_00091006","MEAE_00091006","Alias=snap_masked-MeA_20160214_scaffold_5465-processed-gene-0.11","Protein of unknown function"
"3068","ENA|OLKM01005466|OLKM01005466.1 4823","OLKM01005466.1",4824,"MeA_20160214_scaffold_5465","OLKM01005466.1","maker","gene",251,12797,".","+",".","ID=MEAE_00091005","MEAE_00091005","Alias=snap_masked-MeA_20160214_scaffold_5465-processed-gene-0.7","Protein of unknown function"
"3068.4","ENA|OLKM01005466|OLKM01005466.1 4823","OLKM01005466.1",4824,"MeA_20160214_scaffold_5465","OLKM01005466.1","maker","gene",3363,12787,".","-",".","ID=MEAE_00091006","MEAE_00091006","Alias=snap_masked-MeA_20160214_scaffold_5465-processed-gene-0.11","Protein of unknown function"
"3069","ENA|OLKM01005466|OLKM01005466.1 4834","OLKM01005466.1",4835,"MeA_20160214_scaffold_5465","OLKM01005466.1","maker","gene",251,12797,".","+",".","ID=MEAE_00091005","MEAE_00091005","Alias=snap_masked-MeA_20160214_scaffold_5465-processed-gene-0.7","Protein of unknown function"
"3069.4","ENA|OLKM01005466|OLKM01005466.1 4834","OLKM01005466.1",4835,"MeA_20160214_scaffold_5465","OLKM01005466.1","maker","gene",3363,12787,".","-",".","ID=MEAE_00091006","MEAE_00091006","Alias=snap_masked-MeA_20160214_scaffold_5465-processed-gene-0.11","Protein of unknown function"
"3070","ENA|OLKM01005466|OLKM01005466.1 4915","OLKM01005466.1",4916,"MeA_20160214_scaffold_5465","OLKM01005466.1","maker","gene",251,12797,".","+",".","ID=MEAE_00091005","MEAE_00091005","Alias=snap_masked-MeA_20160214_scaffold_5465-processed-gene-0.7","Protein of unknown function"
"3070.4","ENA|OLKM01005466|OLKM01005466.1 4915","OLKM01005466.1",4916,"MeA_20160214_scaffold_5465","OLKM01005466.1","maker","gene",3363,12787,".","-",".","ID=MEAE_00091006","MEAE_00091006","Alias=snap_masked-MeA_20160214_scaffold_5465-processed-gene-0.11","Protein of unknown function"
"3071","ENA|OLKM01005466|OLKM01005466.1 9948","OLKM01005466.1",9949,"MeA_20160214_scaffold_5465","OLKM01005466.1","maker","gene",251,12797,".","+",".","ID=MEAE_00091005","MEAE_00091005","Alias=snap_masked-MeA_20160214_scaffold_5465-processed-gene-0.7","Protein of unknown function"
"3071.2","ENA|OLKM01005466|OLKM01005466.1 9948","OLKM01005466.1",9949,"MeA_20160214_scaffold_5465","OLKM01005466.1","maker","gene",3363,12787,".","-",".","ID=MEAE_00091006","MEAE_00091006","Alias=snap_masked-MeA_20160214_scaffold_5465-processed-gene-0.11","Protein of unknown function"
"3072","ENA|OLKM01005466|OLKM01005466.1 11147","OLKM01005466.1",11148,"MeA_20160214_scaffold_5465","OLKM01005466.1","maker","gene",251,12797,".","+",".","ID=MEAE_00091005","MEAE_00091005","Alias=snap_masked-MeA_20160214_scaffold_5465-processed-gene-0.7","Protein of unknown function"
"3072.2","ENA|OLKM01005466|OLKM01005466.1 11147","OLKM01005466.1",11148,"MeA_20160214_scaffold_5465","OLKM01005466.1","maker","gene",3363,12787,".","-",".","ID=MEAE_00091006","MEAE_00091006","Alias=snap_masked-MeA_20160214_scaffold_5465-processed-gene-0.11","Protein of unknown function"
"3073","ENA|OLKM01005466|OLKM01005466.1 11172","OLKM01005466.1",11173,"MeA_20160214_scaffold_5465","OLKM01005466.1","maker","gene",251,12797,".","+",".","ID=MEAE_00091005","MEAE_00091005","Alias=snap_masked-MeA_20160214_scaffold_5465-processed-gene-0.7","Protein of unknown function"
"3073.2","ENA|OLKM01005466|OLKM01005466.1 11172","OLKM01005466.1",11173,"MeA_20160214_scaffold_5465","OLKM01005466.1","maker","gene",3363,12787,".","-",".","ID=MEAE_00091006","MEAE_00091006","Alias=snap_masked-MeA_20160214_scaffold_5465-processed-gene-0.11","Protein of unknown function"
"3074","ENA|OLKM01005466|OLKM01005466.1 11352","OLKM01005466.1",11353,"MeA_20160214_scaffold_5465","OLKM01005466.1","maker","gene",251,12797,".","+",".","ID=MEAE_00091005","MEAE_00091005","Alias=snap_masked-MeA_20160214_scaffold_5465-processed-gene-0.7","Protein of unknown function"
"3074.2","ENA|OLKM01005466|OLKM01005466.1 11352","OLKM01005466.1",11353,"MeA_20160214_scaffold_5465","OLKM01005466.1","maker","gene",3363,12787,".","-",".","ID=MEAE_00091006","MEAE_00091006","Alias=snap_masked-MeA_20160214_scaffold_5465-processed-gene-0.11","Protein of unknown function"
"3075","ENA|OLKM01005466|OLKM01005466.1 11744","OLKM01005466.1",11745,"MeA_20160214_scaffold_5465","OLKM01005466.1","maker","gene",251,12797,".","+",".","ID=MEAE_00091005","MEAE_00091005","Alias=snap_masked-MeA_20160214_scaffold_5465-processed-gene-0.7","Protein of unknown function"
"3075.2","ENA|OLKM01005466|OLKM01005466.1 11744","OLKM01005466.1",11745,"MeA_20160214_scaffold_5465","OLKM01005466.1","maker","gene",3363,12787,".","-",".","ID=MEAE_00091006","MEAE_00091006","Alias=snap_masked-MeA_20160214_scaffold_5465-processed-gene-0.11","Protein of unknown function"
"3076","ENA|OLKM01005466|OLKM01005466.1 11935","OLKM01005466.1",11936,"MeA_20160214_scaffold_5465","OLKM01005466.1","maker","gene",251,12797,".","+",".","ID=MEAE_00091005","MEAE_00091005","Alias=snap_masked-MeA_20160214_scaffold_5465-processed-gene-0.7","Protein of unknown function"
"3076.2","ENA|OLKM01005466|OLKM01005466.1 11935","OLKM01005466.1",11936,"MeA_20160214_scaffold_5465","OLKM01005466.1","maker","gene",3363,12787,".","-",".","ID=MEAE_00091006","MEAE_00091006","Alias=snap_masked-MeA_20160214_scaffold_5465-processed-gene-0.11","Protein of unknown function"
"3077","ENA|OLKM01005466|OLKM01005466.1 12907","OLKM01005466.1",12908,"MeA_20160214_scaffold_5465","OLKM01005466.1","maker","gene",12805,13071,".","+",".","ID=MEAE_00091007","MEAE_00091007","Alias=snap_masked-MeA_20160214_scaffold_5465-processed-gene-0.8","Protein of unknown function"
"3079","ENA|OLKM01005492|OLKM01005492.1 1183","OLKM01005492.1",1184,"MeA_20160214_scaffold_5491","OLKM01005492.1","maker","gene",931,2421,".","-",".","ID=MEAE_00091078","MEAE_00091078","Alias=maker-MeA_20160214_scaffold_5491-augustus-gene-0.5","Protein of unknown function"
"3083","ENA|OLKM01005497|OLKM01005497.1 8120","OLKM01005497.1",8121,"MeA_20160214_scaffold_5496","OLKM01005497.1","maker","gene",6926,8605,".","+",".","ID=MEAE_00091088","MEAE_00091088","Alias=maker-MeA_20160214_scaffold_5496-augustus-gene-0.4","Protein of unknown function"
"3084","ENA|OLKM01005513|OLKM01005513.1 12751","OLKM01005513.1",12752,"MeA_20160214_scaffold_5512","OLKM01005513.1","maker","gene",9455,15855,".","+",".","ID=MEAE_00091132","MEAE_00091132","Alias=snap_masked-MeA_20160214_scaffold_5512-processed-gene-0.4","Protein of unknown function"
"3085","ENA|OLKM01005513|OLKM01005513.1 12758","OLKM01005513.1",12759,"MeA_20160214_scaffold_5512","OLKM01005513.1","maker","gene",9455,15855,".","+",".","ID=MEAE_00091132","MEAE_00091132","Alias=snap_masked-MeA_20160214_scaffold_5512-processed-gene-0.4","Protein of unknown function"
"3086","ENA|OLKM01005513|OLKM01005513.1 13493","OLKM01005513.1",13494,"MeA_20160214_scaffold_5512","OLKM01005513.1","maker","gene",9455,15855,".","+",".","ID=MEAE_00091132","MEAE_00091132","Alias=snap_masked-MeA_20160214_scaffold_5512-processed-gene-0.4","Protein of unknown function"
"3092","ENA|OLKM01005523|OLKM01005523.1 5245","OLKM01005523.1",5246,"MeA_20160214_scaffold_5522","OLKM01005523.1","maker","gene",5076,6474,".","-",".","ID=MEAE_00091168","MEAE_00091168","Alias=snap_masked-MeA_20160214_scaffold_5522-processed-gene-0.14","Protein of unknown function"
"3104","ENA|OLKM01005523|OLKM01005523.1 10128","OLKM01005523.1",10129,"MeA_20160214_scaffold_5522","OLKM01005523.1","maker","gene",8352,11324,".","+",".","ID=MEAE_00091170","MEAE_00091170","Alias=snap_masked-MeA_20160214_scaffold_5522-processed-gene-0.11","Similar to pr-set7: Histone-lysine N-methyltransferase pr-set7 (Drosophila melanogaster)"
"3105","ENA|OLKM01005523|OLKM01005523.1 10192","OLKM01005523.1",10193,"MeA_20160214_scaffold_5522","OLKM01005523.1","maker","gene",8352,11324,".","+",".","ID=MEAE_00091170","MEAE_00091170","Alias=snap_masked-MeA_20160214_scaffold_5522-processed-gene-0.11","Similar to pr-set7: Histone-lysine N-methyltransferase pr-set7 (Drosophila melanogaster)"
"3106","ENA|OLKM01005523|OLKM01005523.1 10222","OLKM01005523.1",10223,"MeA_20160214_scaffold_5522","OLKM01005523.1","maker","gene",8352,11324,".","+",".","ID=MEAE_00091170","MEAE_00091170","Alias=snap_masked-MeA_20160214_scaffold_5522-processed-gene-0.11","Similar to pr-set7: Histone-lysine N-methyltransferase pr-set7 (Drosophila melanogaster)"
"3107","ENA|OLKM01005523|OLKM01005523.1 10314","OLKM01005523.1",10315,"MeA_20160214_scaffold_5522","OLKM01005523.1","maker","gene",8352,11324,".","+",".","ID=MEAE_00091170","MEAE_00091170","Alias=snap_masked-MeA_20160214_scaffold_5522-processed-gene-0.11","Similar to pr-set7: Histone-lysine N-methyltransferase pr-set7 (Drosophila melanogaster)"
"3108","ENA|OLKM01005523|OLKM01005523.1 10459","OLKM01005523.1",10460,"MeA_20160214_scaffold_5522","OLKM01005523.1","maker","gene",8352,11324,".","+",".","ID=MEAE_00091170","MEAE_00091170","Alias=snap_masked-MeA_20160214_scaffold_5522-processed-gene-0.11","Similar to pr-set7: Histone-lysine N-methyltransferase pr-set7 (Drosophila melanogaster)"
"3109","ENA|OLKM01005523|OLKM01005523.1 10637","OLKM01005523.1",10638,"MeA_20160214_scaffold_5522","OLKM01005523.1","maker","gene",8352,11324,".","+",".","ID=MEAE_00091170","MEAE_00091170","Alias=snap_masked-MeA_20160214_scaffold_5522-processed-gene-0.11","Similar to pr-set7: Histone-lysine N-methyltransferase pr-set7 (Drosophila melanogaster)"
"3110","ENA|OLKM01005523|OLKM01005523.1 10753","OLKM01005523.1",10754,"MeA_20160214_scaffold_5522","OLKM01005523.1","maker","gene",8352,11324,".","+",".","ID=MEAE_00091170","MEAE_00091170","Alias=snap_masked-MeA_20160214_scaffold_5522-processed-gene-0.11","Similar to pr-set7: Histone-lysine N-methyltransferase pr-set7 (Drosophila melanogaster)"
"3111","ENA|OLKM01005523|OLKM01005523.1 10808","OLKM01005523.1",10809,"MeA_20160214_scaffold_5522","OLKM01005523.1","maker","gene",8352,11324,".","+",".","ID=MEAE_00091170","MEAE_00091170","Alias=snap_masked-MeA_20160214_scaffold_5522-processed-gene-0.11","Similar to pr-set7: Histone-lysine N-methyltransferase pr-set7 (Drosophila melanogaster)"
"3112","ENA|OLKM01005523|OLKM01005523.1 10993","OLKM01005523.1",10994,"MeA_20160214_scaffold_5522","OLKM01005523.1","maker","gene",8352,11324,".","+",".","ID=MEAE_00091170","MEAE_00091170","Alias=snap_masked-MeA_20160214_scaffold_5522-processed-gene-0.11","Similar to pr-set7: Histone-lysine N-methyltransferase pr-set7 (Drosophila melanogaster)"
"3113","ENA|OLKM01005523|OLKM01005523.1 11085","OLKM01005523.1",11086,"MeA_20160214_scaffold_5522","OLKM01005523.1","maker","gene",8352,11324,".","+",".","ID=MEAE_00091170","MEAE_00091170","Alias=snap_masked-MeA_20160214_scaffold_5522-processed-gene-0.11","Similar to pr-set7: Histone-lysine N-methyltransferase pr-set7 (Drosophila melanogaster)"
"3114","ENA|OLKM01005523|OLKM01005523.1 11165","OLKM01005523.1",11166,"MeA_20160214_scaffold_5522","OLKM01005523.1","maker","gene",8352,11324,".","+",".","ID=MEAE_00091170","MEAE_00091170","Alias=snap_masked-MeA_20160214_scaffold_5522-processed-gene-0.11","Similar to pr-set7: Histone-lysine N-methyltransferase pr-set7 (Drosophila melanogaster)"
"3116","ENA|OLKM01005523|OLKM01005523.1 11655","OLKM01005523.1",11656,"MeA_20160214_scaffold_5522","OLKM01005523.1","maker","gene",11442,15769,".","-",".","ID=MEAE_00091171","MEAE_00091171","Alias=augustus_masked-MeA_20160214_scaffold_5522-processed-gene-0.7","Protein of unknown function"
"3117","ENA|OLKM01005525|OLKM01005525.1 4287","OLKM01005525.1",4288,"MeA_20160214_scaffold_5524","OLKM01005525.1","maker","gene",3689,9731,".","+",".","ID=MEAE_00091178","MEAE_00091178","Alias=snap_masked-MeA_20160214_scaffold_5524-processed-gene-0.4","Protein of unknown function"
"3118","ENA|OLKM01005525|OLKM01005525.1 5076","OLKM01005525.1",5077,"MeA_20160214_scaffold_5524","OLKM01005525.1","maker","gene",3689,9731,".","+",".","ID=MEAE_00091178","MEAE_00091178","Alias=snap_masked-MeA_20160214_scaffold_5524-processed-gene-0.4","Protein of unknown function"
"3123","ENA|OLKM01005538|OLKM01005538.1 3859","OLKM01005538.1",3860,"MeA_20160214_scaffold_5537","OLKM01005538.1","maker","gene",792,5933,".","+",".","ID=MEAE_00091212","MEAE_00091212","Alias=maker-MeA_20160214_scaffold_5537-snap-gene-0.10","Similar to Fucolectin-5 (Anguilla japonica)"
"3124","ENA|OLKM01005542|OLKM01005542.1 2355","OLKM01005542.1",2356,"MeA_20160214_scaffold_5541","OLKM01005542.1","maker","gene",1584,2634,".","+",".","ID=MEAE_00091223","MEAE_00091223","Alias=maker-MeA_20160214_scaffold_5541-augustus-gene-0.6","Protein of unknown function"
"3124.2","ENA|OLKM01005542|OLKM01005542.1 2355","OLKM01005542.1",2356,"MeA_20160214_scaffold_5541","OLKM01005542.1","maker","gene",1537,8373,".","-",".","ID=MEAE_00091222","MEAE_00091222","Alias=maker-MeA_20160214_scaffold_5541-snap-gene-0.9","Protein of unknown function"
"3125","ENA|OLKM01005542|OLKM01005542.1 6492","OLKM01005542.1",6493,"MeA_20160214_scaffold_5541","OLKM01005542.1","maker","gene",1537,8373,".","-",".","ID=MEAE_00091222","MEAE_00091222","Alias=maker-MeA_20160214_scaffold_5541-snap-gene-0.9","Protein of unknown function"
"3126","ENA|OLKM01005542|OLKM01005542.1 7652","OLKM01005542.1",7653,"MeA_20160214_scaffold_5541","OLKM01005542.1","maker","gene",1537,8373,".","-",".","ID=MEAE_00091222","MEAE_00091222","Alias=maker-MeA_20160214_scaffold_5541-snap-gene-0.9","Protein of unknown function"
"3128","ENA|OLKM01005557|OLKM01005557.1 3011","OLKM01005557.1",3012,"MeA_20160214_scaffold_5556","OLKM01005557.1","maker","gene",342,3951,".","+",".","ID=MEAE_00091255","MEAE_00091255","Alias=genemark-MeA_20160214_scaffold_5556-processed-gene-0.0","Protein of unknown function"
"3129","ENA|OLKM01005562|OLKM01005562.1 975","OLKM01005562.1",976,"MeA_20160214_scaffold_5561","OLKM01005562.1","maker","gene",864,5671,".","-",".","ID=MEAE_00091263","MEAE_00091263","Alias=snap_masked-MeA_20160214_scaffold_5561-processed-gene-0.5","Protein of unknown function"
"3129.2","ENA|OLKM01005562|OLKM01005562.1 975","OLKM01005562.1",976,"MeA_20160214_scaffold_5561","OLKM01005562.1","maker","gene",917,5077,".","+",".","ID=MEAE_00091264","MEAE_00091264","Alias=snap_masked-MeA_20160214_scaffold_5561-processed-gene-0.4","Protein of unknown function"
"3130","ENA|OLKM01005562|OLKM01005562.1 1755","OLKM01005562.1",1756,"MeA_20160214_scaffold_5561","OLKM01005562.1","maker","gene",864,5671,".","-",".","ID=MEAE_00091263","MEAE_00091263","Alias=snap_masked-MeA_20160214_scaffold_5561-processed-gene-0.5","Protein of unknown function"
"3130.2","ENA|OLKM01005562|OLKM01005562.1 1755","OLKM01005562.1",1756,"MeA_20160214_scaffold_5561","OLKM01005562.1","maker","gene",917,5077,".","+",".","ID=MEAE_00091264","MEAE_00091264","Alias=snap_masked-MeA_20160214_scaffold_5561-processed-gene-0.4","Protein of unknown function"
"3131","ENA|OLKM01005562|OLKM01005562.1 2947","OLKM01005562.1",2948,"MeA_20160214_scaffold_5561","OLKM01005562.1","maker","gene",864,5671,".","-",".","ID=MEAE_00091263","MEAE_00091263","Alias=snap_masked-MeA_20160214_scaffold_5561-processed-gene-0.5","Protein of unknown function"
"3131.2","ENA|OLKM01005562|OLKM01005562.1 2947","OLKM01005562.1",2948,"MeA_20160214_scaffold_5561","OLKM01005562.1","maker","gene",917,5077,".","+",".","ID=MEAE_00091264","MEAE_00091264","Alias=snap_masked-MeA_20160214_scaffold_5561-processed-gene-0.4","Protein of unknown function"
"3132","ENA|OLKM01005562|OLKM01005562.1 3134","OLKM01005562.1",3135,"MeA_20160214_scaffold_5561","OLKM01005562.1","maker","gene",864,5671,".","-",".","ID=MEAE_00091263","MEAE_00091263","Alias=snap_masked-MeA_20160214_scaffold_5561-processed-gene-0.5","Protein of unknown function"
"3132.2","ENA|OLKM01005562|OLKM01005562.1 3134","OLKM01005562.1",3135,"MeA_20160214_scaffold_5561","OLKM01005562.1","maker","gene",917,5077,".","+",".","ID=MEAE_00091264","MEAE_00091264","Alias=snap_masked-MeA_20160214_scaffold_5561-processed-gene-0.4","Protein of unknown function"
"3133","ENA|OLKM01005562|OLKM01005562.1 3769","OLKM01005562.1",3770,"MeA_20160214_scaffold_5561","OLKM01005562.1","maker","gene",864,5671,".","-",".","ID=MEAE_00091263","MEAE_00091263","Alias=snap_masked-MeA_20160214_scaffold_5561-processed-gene-0.5","Protein of unknown function"
"3133.2","ENA|OLKM01005562|OLKM01005562.1 3769","OLKM01005562.1",3770,"MeA_20160214_scaffold_5561","OLKM01005562.1","maker","gene",917,5077,".","+",".","ID=MEAE_00091264","MEAE_00091264","Alias=snap_masked-MeA_20160214_scaffold_5561-processed-gene-0.4","Protein of unknown function"
"3134","ENA|OLKM01005562|OLKM01005562.1 4346","OLKM01005562.1",4347,"MeA_20160214_scaffold_5561","OLKM01005562.1","maker","gene",864,5671,".","-",".","ID=MEAE_00091263","MEAE_00091263","Alias=snap_masked-MeA_20160214_scaffold_5561-processed-gene-0.5","Protein of unknown function"
"3134.2","ENA|OLKM01005562|OLKM01005562.1 4346","OLKM01005562.1",4347,"MeA_20160214_scaffold_5561","OLKM01005562.1","maker","gene",917,5077,".","+",".","ID=MEAE_00091264","MEAE_00091264","Alias=snap_masked-MeA_20160214_scaffold_5561-processed-gene-0.4","Protein of unknown function"
"3135","ENA|OLKM01005562|OLKM01005562.1 4380","OLKM01005562.1",4381,"MeA_20160214_scaffold_5561","OLKM01005562.1","maker","gene",864,5671,".","-",".","ID=MEAE_00091263","MEAE_00091263","Alias=snap_masked-MeA_20160214_scaffold_5561-processed-gene-0.5","Protein of unknown function"
"3135.2","ENA|OLKM01005562|OLKM01005562.1 4380","OLKM01005562.1",4381,"MeA_20160214_scaffold_5561","OLKM01005562.1","maker","gene",917,5077,".","+",".","ID=MEAE_00091264","MEAE_00091264","Alias=snap_masked-MeA_20160214_scaffold_5561-processed-gene-0.4","Protein of unknown function"
"3136","ENA|OLKM01005562|OLKM01005562.1 5250","OLKM01005562.1",5251,"MeA_20160214_scaffold_5561","OLKM01005562.1","maker","gene",864,5671,".","-",".","ID=MEAE_00091263","MEAE_00091263","Alias=snap_masked-MeA_20160214_scaffold_5561-processed-gene-0.5","Protein of unknown function"
"3137","ENA|OLKM01005562|OLKM01005562.1 5256","OLKM01005562.1",5257,"MeA_20160214_scaffold_5561","OLKM01005562.1","maker","gene",864,5671,".","-",".","ID=MEAE_00091263","MEAE_00091263","Alias=snap_masked-MeA_20160214_scaffold_5561-processed-gene-0.5","Protein of unknown function"
"3138","ENA|OLKM01005562|OLKM01005562.1 5357","OLKM01005562.1",5358,"MeA_20160214_scaffold_5561","OLKM01005562.1","maker","gene",864,5671,".","-",".","ID=MEAE_00091263","MEAE_00091263","Alias=snap_masked-MeA_20160214_scaffold_5561-processed-gene-0.5","Protein of unknown function"
"3139","ENA|OLKM01005562|OLKM01005562.1 5397","OLKM01005562.1",5398,"MeA_20160214_scaffold_5561","OLKM01005562.1","maker","gene",864,5671,".","-",".","ID=MEAE_00091263","MEAE_00091263","Alias=snap_masked-MeA_20160214_scaffold_5561-processed-gene-0.5","Protein of unknown function"
"3147","ENA|OLKM01005567|OLKM01005567.1 3937","OLKM01005567.1",3938,"MeA_20160214_scaffold_5566","OLKM01005567.1","maker","gene",3032,6179,".","+",".","ID=MEAE_00091276","MEAE_00091276","Alias=snap_masked-MeA_20160214_scaffold_5566-processed-gene-0.3","Protein of unknown function"
"3150","ENA|OLKM01005579|OLKM01005579.1 8656","OLKM01005579.1",8657,"MeA_20160214_scaffold_5578","OLKM01005579.1","maker","gene",8461,12551,".","+",".","ID=MEAE_00091302","MEAE_00091302","Alias=maker-MeA_20160214_scaffold_5578-snap-gene-0.5","Protein of unknown function"
"3150.4","ENA|OLKM01005579|OLKM01005579.1 8656","OLKM01005579.1",8657,"MeA_20160214_scaffold_5578","OLKM01005579.1","maker","gene",8521,8814,".","-",".","ID=MEAE_00091303","MEAE_00091303","Alias=augustus_masked-MeA_20160214_scaffold_5578-processed-gene-0.2","Protein of unknown function"
"3151","ENA|OLKM01005581|OLKM01005581.1 3759","OLKM01005581.1",3760,"MeA_20160214_scaffold_5580","OLKM01005581.1","maker","gene",2141,3946,".","-",".","ID=MEAE_00091309","MEAE_00091309","Alias=maker-MeA_20160214_scaffold_5580-snap-gene-0.7","Protein of unknown function"
"3158","ENA|OLKM01005594|OLKM01005594.1 866","OLKM01005594.1",867,"MeA_20160214_scaffold_5593","OLKM01005594.1","maker","gene",570,2179,".","-",".","ID=MEAE_00091336","MEAE_00091336","Alias=augustus_masked-MeA_20160214_scaffold_5593-processed-gene-0.1","Protein of unknown function"
"3159","ENA|OLKM01005610|OLKM01005610.1 13168","OLKM01005610.1",13169,"MeA_20160214_scaffold_5609","OLKM01005610.1","maker","gene",4915,13733,".","-",".","ID=MEAE_00091368","MEAE_00091368","Alias=snap_masked-MeA_20160214_scaffold_5609-processed-gene-0.7","Protein of unknown function"
"3161","ENA|OLKM01005623|OLKM01005623.1 13662","OLKM01005623.1",13663,"MeA_20160214_scaffold_5622","OLKM01005623.1","maker","gene",8923,14591,".","-",".","ID=MEAE_00091399","MEAE_00091399","Alias=maker-MeA_20160214_scaffold_5622-snap-gene-0.9","Similar to GEMIN4: Gem-associated protein 4 (Homo sapiens)"
"3162","ENA|OLKM01005629|OLKM01005629.1 10224","OLKM01005629.1",10225,"MeA_20160214_scaffold_5628","OLKM01005629.1","maker","gene",9812,11001,".","-",".","ID=MEAE_00091412","MEAE_00091412","Alias=snap_masked-MeA_20160214_scaffold_5628-processed-gene-0.4","Protein of unknown function"
"3163","ENA|OLKM01005629|OLKM01005629.1 10325","OLKM01005629.1",10326,"MeA_20160214_scaffold_5628","OLKM01005629.1","maker","gene",9812,11001,".","-",".","ID=MEAE_00091412","MEAE_00091412","Alias=snap_masked-MeA_20160214_scaffold_5628-processed-gene-0.4","Protein of unknown function"
"3172","ENA|OLKM01005636|OLKM01005636.1 15652","OLKM01005636.1",15653,"MeA_20160214_scaffold_5635","OLKM01005636.1","maker","gene",10706,15864,".","+",".","ID=MEAE_00091426","MEAE_00091426","Alias=augustus_masked-MeA_20160214_scaffold_5635-processed-gene-0.2","Protein of unknown function"
"3173","ENA|OLKM01005636|OLKM01005636.1 15658","OLKM01005636.1",15659,"MeA_20160214_scaffold_5635","OLKM01005636.1","maker","gene",10706,15864,".","+",".","ID=MEAE_00091426","MEAE_00091426","Alias=augustus_masked-MeA_20160214_scaffold_5635-processed-gene-0.2","Protein of unknown function"
"3174","ENA|OLKM01005636|OLKM01005636.1 15708","OLKM01005636.1",15709,"MeA_20160214_scaffold_5635","OLKM01005636.1","maker","gene",10706,15864,".","+",".","ID=MEAE_00091426","MEAE_00091426","Alias=augustus_masked-MeA_20160214_scaffold_5635-processed-gene-0.2","Protein of unknown function"
"3176","ENA|OLKM01005637|OLKM01005637.1 5267","OLKM01005637.1",5268,"MeA_20160214_scaffold_5636","OLKM01005637.1","maker","gene",4693,9627,".","-",".","ID=MEAE_00091427","MEAE_00091427","Alias=snap_masked-MeA_20160214_scaffold_5636-processed-gene-0.5","Protein of unknown function"
"3177","ENA|OLKM01005637|OLKM01005637.1 6210","OLKM01005637.1",6211,"MeA_20160214_scaffold_5636","OLKM01005637.1","maker","gene",4693,9627,".","-",".","ID=MEAE_00091427","MEAE_00091427","Alias=snap_masked-MeA_20160214_scaffold_5636-processed-gene-0.5","Protein of unknown function"
"3178","ENA|OLKM01005637|OLKM01005637.1 6249","OLKM01005637.1",6250,"MeA_20160214_scaffold_5636","OLKM01005637.1","maker","gene",4693,9627,".","-",".","ID=MEAE_00091427","MEAE_00091427","Alias=snap_masked-MeA_20160214_scaffold_5636-processed-gene-0.5","Protein of unknown function"
"3181","ENA|OLKM01005642|OLKM01005642.1 2897","OLKM01005642.1",2898,"MeA_20160214_scaffold_5641","OLKM01005642.1","maker","gene",283,10839,".","+",".","ID=MEAE_00091435","MEAE_00091435","Alias=snap_masked-MeA_20160214_scaffold_5641-processed-gene-0.5","Protein of unknown function"
"3181.2","ENA|OLKM01005642|OLKM01005642.1 2897","OLKM01005642.1",2898,"MeA_20160214_scaffold_5641","OLKM01005642.1","maker","gene",99,4368,".","-",".","ID=MEAE_00091434","MEAE_00091434","Alias=snap_masked-MeA_20160214_scaffold_5641-processed-gene-0.6","Protein of unknown function"
"3182","ENA|OLKM01005642|OLKM01005642.1 3414","OLKM01005642.1",3415,"MeA_20160214_scaffold_5641","OLKM01005642.1","maker","gene",283,10839,".","+",".","ID=MEAE_00091435","MEAE_00091435","Alias=snap_masked-MeA_20160214_scaffold_5641-processed-gene-0.5","Protein of unknown function"
"3182.2","ENA|OLKM01005642|OLKM01005642.1 3414","OLKM01005642.1",3415,"MeA_20160214_scaffold_5641","OLKM01005642.1","maker","gene",99,4368,".","-",".","ID=MEAE_00091434","MEAE_00091434","Alias=snap_masked-MeA_20160214_scaffold_5641-processed-gene-0.6","Protein of unknown function"
"3183","ENA|OLKM01005642|OLKM01005642.1 8653","OLKM01005642.1",8654,"MeA_20160214_scaffold_5641","OLKM01005642.1","maker","gene",283,10839,".","+",".","ID=MEAE_00091435","MEAE_00091435","Alias=snap_masked-MeA_20160214_scaffold_5641-processed-gene-0.5","Protein of unknown function"
"3183.2","ENA|OLKM01005642|OLKM01005642.1 8653","OLKM01005642.1",8654,"MeA_20160214_scaffold_5641","OLKM01005642.1","maker","gene",7918,10649,".","-",".","ID=MEAE_00091436","MEAE_00091436","Alias=augustus_masked-MeA_20160214_scaffold_5641-processed-gene-0.4","Protein of unknown function"
"3185","ENA|OLKM01005653|OLKM01005653.1 845","OLKM01005653.1",846,"MeA_20160214_scaffold_5652","OLKM01005653.1","maker","gene",423,4217,".","+",".","ID=MEAE_00091456","MEAE_00091456","Alias=augustus_masked-MeA_20160214_scaffold_5652-processed-gene-0.0","Protein of unknown function"
"3186","ENA|OLKM01005653|OLKM01005653.1 1152","OLKM01005653.1",1153,"MeA_20160214_scaffold_5652","OLKM01005653.1","maker","gene",423,4217,".","+",".","ID=MEAE_00091456","MEAE_00091456","Alias=augustus_masked-MeA_20160214_scaffold_5652-processed-gene-0.0","Protein of unknown function"
"3187","ENA|OLKM01005653|OLKM01005653.1 3668","OLKM01005653.1",3669,"MeA_20160214_scaffold_5652","OLKM01005653.1","maker","gene",423,4217,".","+",".","ID=MEAE_00091456","MEAE_00091456","Alias=augustus_masked-MeA_20160214_scaffold_5652-processed-gene-0.0","Protein of unknown function"
"3188","ENA|OLKM01005653|OLKM01005653.1 3784","OLKM01005653.1",3785,"MeA_20160214_scaffold_5652","OLKM01005653.1","maker","gene",423,4217,".","+",".","ID=MEAE_00091456","MEAE_00091456","Alias=augustus_masked-MeA_20160214_scaffold_5652-processed-gene-0.0","Protein of unknown function"
"3189","ENA|OLKM01005653|OLKM01005653.1 3789","OLKM01005653.1",3790,"MeA_20160214_scaffold_5652","OLKM01005653.1","maker","gene",423,4217,".","+",".","ID=MEAE_00091456","MEAE_00091456","Alias=augustus_masked-MeA_20160214_scaffold_5652-processed-gene-0.0","Protein of unknown function"
"3190","ENA|OLKM01005653|OLKM01005653.1 3802","OLKM01005653.1",3803,"MeA_20160214_scaffold_5652","OLKM01005653.1","maker","gene",423,4217,".","+",".","ID=MEAE_00091456","MEAE_00091456","Alias=augustus_masked-MeA_20160214_scaffold_5652-processed-gene-0.0","Protein of unknown function"
"3191","ENA|OLKM01005653|OLKM01005653.1 3873","OLKM01005653.1",3874,"MeA_20160214_scaffold_5652","OLKM01005653.1","maker","gene",423,4217,".","+",".","ID=MEAE_00091456","MEAE_00091456","Alias=augustus_masked-MeA_20160214_scaffold_5652-processed-gene-0.0","Protein of unknown function"
"3192","ENA|OLKM01005653|OLKM01005653.1 3904","OLKM01005653.1",3905,"MeA_20160214_scaffold_5652","OLKM01005653.1","maker","gene",423,4217,".","+",".","ID=MEAE_00091456","MEAE_00091456","Alias=augustus_masked-MeA_20160214_scaffold_5652-processed-gene-0.0","Protein of unknown function"
"3193","ENA|OLKM01005653|OLKM01005653.1 3988","OLKM01005653.1",3989,"MeA_20160214_scaffold_5652","OLKM01005653.1","maker","gene",423,4217,".","+",".","ID=MEAE_00091456","MEAE_00091456","Alias=augustus_masked-MeA_20160214_scaffold_5652-processed-gene-0.0","Protein of unknown function"
"3194","ENA|OLKM01005653|OLKM01005653.1 4108","OLKM01005653.1",4109,"MeA_20160214_scaffold_5652","OLKM01005653.1","maker","gene",423,4217,".","+",".","ID=MEAE_00091456","MEAE_00091456","Alias=augustus_masked-MeA_20160214_scaffold_5652-processed-gene-0.0","Protein of unknown function"
"3199","ENA|OLKM01005662|OLKM01005662.1 11214","OLKM01005662.1",11215,"MeA_20160214_scaffold_5661","OLKM01005662.1","maker","gene",11201,12884,".","+",".","ID=MEAE_00091486","MEAE_00091486","Alias=snap_masked-MeA_20160214_scaffold_5661-processed-gene-0.23","Protein of unknown function"
"3200","ENA|OLKM01005662|OLKM01005662.1 11232","OLKM01005662.1",11233,"MeA_20160214_scaffold_5661","OLKM01005662.1","maker","gene",11201,12884,".","+",".","ID=MEAE_00091486","MEAE_00091486","Alias=snap_masked-MeA_20160214_scaffold_5661-processed-gene-0.23","Protein of unknown function"
"3201","ENA|OLKM01005662|OLKM01005662.1 12295","OLKM01005662.1",12296,"MeA_20160214_scaffold_5661","OLKM01005662.1","maker","gene",11201,12884,".","+",".","ID=MEAE_00091486","MEAE_00091486","Alias=snap_masked-MeA_20160214_scaffold_5661-processed-gene-0.23","Protein of unknown function"
"3202","ENA|OLKM01005662|OLKM01005662.1 12343","OLKM01005662.1",12344,"MeA_20160214_scaffold_5661","OLKM01005662.1","maker","gene",11201,12884,".","+",".","ID=MEAE_00091486","MEAE_00091486","Alias=snap_masked-MeA_20160214_scaffold_5661-processed-gene-0.23","Protein of unknown function"
"3203","ENA|OLKM01005662|OLKM01005662.1 12568","OLKM01005662.1",12569,"MeA_20160214_scaffold_5661","OLKM01005662.1","maker","gene",11201,12884,".","+",".","ID=MEAE_00091486","MEAE_00091486","Alias=snap_masked-MeA_20160214_scaffold_5661-processed-gene-0.23","Protein of unknown function"
"3204","ENA|OLKM01005662|OLKM01005662.1 12628","OLKM01005662.1",12629,"MeA_20160214_scaffold_5661","OLKM01005662.1","maker","gene",11201,12884,".","+",".","ID=MEAE_00091486","MEAE_00091486","Alias=snap_masked-MeA_20160214_scaffold_5661-processed-gene-0.23","Protein of unknown function"
"3204.4","ENA|OLKM01005662|OLKM01005662.1 12628","OLKM01005662.1",12629,"MeA_20160214_scaffold_5661","OLKM01005662.1","maker","gene",12587,15352,".","-",".","ID=MEAE_00091487","MEAE_00091487","Alias=augustus_masked-MeA_20160214_scaffold_5661-processed-gene-0.13","Protein of unknown function"
"3205","ENA|OLKM01005662|OLKM01005662.1 12769","OLKM01005662.1",12770,"MeA_20160214_scaffold_5661","OLKM01005662.1","maker","gene",11201,12884,".","+",".","ID=MEAE_00091486","MEAE_00091486","Alias=snap_masked-MeA_20160214_scaffold_5661-processed-gene-0.23","Protein of unknown function"
"3205.4","ENA|OLKM01005662|OLKM01005662.1 12769","OLKM01005662.1",12770,"MeA_20160214_scaffold_5661","OLKM01005662.1","maker","gene",12587,15352,".","-",".","ID=MEAE_00091487","MEAE_00091487","Alias=augustus_masked-MeA_20160214_scaffold_5661-processed-gene-0.13","Protein of unknown function"
"3207","ENA|OLKM01005679|OLKM01005679.1 11381","OLKM01005679.1",11382,"MeA_20160214_scaffold_5678","OLKM01005679.1","maker","gene",2740,14648,".","+",".","ID=MEAE_00091527","MEAE_00091527","Alias=maker-MeA_20160214_scaffold_5678-snap-gene-0.8","Protein of unknown function"
"3208","ENA|OLKM01005679|OLKM01005679.1 11447","OLKM01005679.1",11448,"MeA_20160214_scaffold_5678","OLKM01005679.1","maker","gene",2740,14648,".","+",".","ID=MEAE_00091527","MEAE_00091527","Alias=maker-MeA_20160214_scaffold_5678-snap-gene-0.8","Protein of unknown function"
"3209","ENA|OLKM01005679|OLKM01005679.1 11966","OLKM01005679.1",11967,"MeA_20160214_scaffold_5678","OLKM01005679.1","maker","gene",2740,14648,".","+",".","ID=MEAE_00091527","MEAE_00091527","Alias=maker-MeA_20160214_scaffold_5678-snap-gene-0.8","Protein of unknown function"
"3210","ENA|OLKM01005679|OLKM01005679.1 11977","OLKM01005679.1",11978,"MeA_20160214_scaffold_5678","OLKM01005679.1","maker","gene",2740,14648,".","+",".","ID=MEAE_00091527","MEAE_00091527","Alias=maker-MeA_20160214_scaffold_5678-snap-gene-0.8","Protein of unknown function"
"3214","ENA|OLKM01005687|OLKM01005687.1 1471","OLKM01005687.1",1472,"MeA_20160214_scaffold_5686","OLKM01005687.1","maker","gene",467,3076,".","+",".","ID=MEAE_00091544","MEAE_00091544","Alias=snap_masked-MeA_20160214_scaffold_5686-processed-gene-0.6","Protein of unknown function"
"3215","ENA|OLKM01005687|OLKM01005687.1 2702","OLKM01005687.1",2703,"MeA_20160214_scaffold_5686","OLKM01005687.1","maker","gene",467,3076,".","+",".","ID=MEAE_00091544","MEAE_00091544","Alias=snap_masked-MeA_20160214_scaffold_5686-processed-gene-0.6","Protein of unknown function"
"3220","ENA|OLKM01005696|OLKM01005696.1 10950","OLKM01005696.1",10951,"MeA_20160214_scaffold_5695","OLKM01005696.1","maker","gene",10441,11875,".","-",".","ID=MEAE_00091563","MEAE_00091563","Alias=snap_masked-MeA_20160214_scaffold_5695-processed-gene-0.3","Protein of unknown function"
"3230","ENA|OLKM01005708|OLKM01005708.1 8848","OLKM01005708.1",8849,"MeA_20160214_scaffold_5707","OLKM01005708.1","maker","gene",5780,14351,".","-",".","ID=MEAE_00091587","MEAE_00091587","Alias=maker-MeA_20160214_scaffold_5707-augustus-gene-0.14","Similar to Trim29: Tripartite motif-containing protein 29 (Mus musculus)"
"3233","ENA|OLKM01005710|OLKM01005710.1 1583","OLKM01005710.1",1584,"MeA_20160214_scaffold_5709","OLKM01005710.1","maker","gene",607,4931,".","+",".","ID=MEAE_00091589","MEAE_00091589","Alias=augustus_masked-MeA_20160214_scaffold_5709-processed-gene-0.4","Protein of unknown function"
"3236","ENA|OLKM01005727|OLKM01005727.1 6814","OLKM01005727.1",6815,"MeA_20160214_scaffold_5726","OLKM01005727.1","maker","gene",1958,14765,".","+",".","ID=MEAE_00091632","MEAE_00091632","Alias=snap_masked-MeA_20160214_scaffold_5726-processed-gene-0.7","Protein of unknown function"
"3237","ENA|OLKM01005727|OLKM01005727.1 10769","OLKM01005727.1",10770,"MeA_20160214_scaffold_5726","OLKM01005727.1","maker","gene",1958,14765,".","+",".","ID=MEAE_00091632","MEAE_00091632","Alias=snap_masked-MeA_20160214_scaffold_5726-processed-gene-0.7","Protein of unknown function"
"3238","ENA|OLKM01005727|OLKM01005727.1 14383","OLKM01005727.1",14384,"MeA_20160214_scaffold_5726","OLKM01005727.1","maker","gene",1958,14765,".","+",".","ID=MEAE_00091632","MEAE_00091632","Alias=snap_masked-MeA_20160214_scaffold_5726-processed-gene-0.7","Protein of unknown function"
"3245","ENA|OLKM01005741|OLKM01005741.1 9367","OLKM01005741.1",9368,"MeA_20160214_scaffold_5740","OLKM01005741.1","maker","gene",9349,13373,".","+",".","ID=MEAE_00091667","MEAE_00091667","Alias=snap_masked-MeA_20160214_scaffold_5740-processed-gene-0.8","Protein of unknown function"
"3246","ENA|OLKM01005741|OLKM01005741.1 9558","OLKM01005741.1",9559,"MeA_20160214_scaffold_5740","OLKM01005741.1","maker","gene",9349,13373,".","+",".","ID=MEAE_00091667","MEAE_00091667","Alias=snap_masked-MeA_20160214_scaffold_5740-processed-gene-0.8","Protein of unknown function"
"3247","ENA|OLKM01005741|OLKM01005741.1 9766","OLKM01005741.1",9767,"MeA_20160214_scaffold_5740","OLKM01005741.1","maker","gene",9349,13373,".","+",".","ID=MEAE_00091667","MEAE_00091667","Alias=snap_masked-MeA_20160214_scaffold_5740-processed-gene-0.8","Protein of unknown function"
"3248","ENA|OLKM01005741|OLKM01005741.1 9777","OLKM01005741.1",9778,"MeA_20160214_scaffold_5740","OLKM01005741.1","maker","gene",9349,13373,".","+",".","ID=MEAE_00091667","MEAE_00091667","Alias=snap_masked-MeA_20160214_scaffold_5740-processed-gene-0.8","Protein of unknown function"
"3249","ENA|OLKM01005741|OLKM01005741.1 9822","OLKM01005741.1",9823,"MeA_20160214_scaffold_5740","OLKM01005741.1","maker","gene",9349,13373,".","+",".","ID=MEAE_00091667","MEAE_00091667","Alias=snap_masked-MeA_20160214_scaffold_5740-processed-gene-0.8","Protein of unknown function"
"3250","ENA|OLKM01005741|OLKM01005741.1 10139","OLKM01005741.1",10140,"MeA_20160214_scaffold_5740","OLKM01005741.1","maker","gene",9349,13373,".","+",".","ID=MEAE_00091667","MEAE_00091667","Alias=snap_masked-MeA_20160214_scaffold_5740-processed-gene-0.8","Protein of unknown function"
"3251","ENA|OLKM01005741|OLKM01005741.1 11121","OLKM01005741.1",11122,"MeA_20160214_scaffold_5740","OLKM01005741.1","maker","gene",9349,13373,".","+",".","ID=MEAE_00091667","MEAE_00091667","Alias=snap_masked-MeA_20160214_scaffold_5740-processed-gene-0.8","Protein of unknown function"
"3252","ENA|OLKM01005741|OLKM01005741.1 11156","OLKM01005741.1",11157,"MeA_20160214_scaffold_5740","OLKM01005741.1","maker","gene",9349,13373,".","+",".","ID=MEAE_00091667","MEAE_00091667","Alias=snap_masked-MeA_20160214_scaffold_5740-processed-gene-0.8","Protein of unknown function"
"3253","ENA|OLKM01005741|OLKM01005741.1 11232","OLKM01005741.1",11233,"MeA_20160214_scaffold_5740","OLKM01005741.1","maker","gene",9349,13373,".","+",".","ID=MEAE_00091667","MEAE_00091667","Alias=snap_masked-MeA_20160214_scaffold_5740-processed-gene-0.8","Protein of unknown function"
"3254","ENA|OLKM01005741|OLKM01005741.1 12010","OLKM01005741.1",12011,"MeA_20160214_scaffold_5740","OLKM01005741.1","maker","gene",9349,13373,".","+",".","ID=MEAE_00091667","MEAE_00091667","Alias=snap_masked-MeA_20160214_scaffold_5740-processed-gene-0.8","Protein of unknown function"
"3255","ENA|OLKM01005741|OLKM01005741.1 12095","OLKM01005741.1",12096,"MeA_20160214_scaffold_5740","OLKM01005741.1","maker","gene",9349,13373,".","+",".","ID=MEAE_00091667","MEAE_00091667","Alias=snap_masked-MeA_20160214_scaffold_5740-processed-gene-0.8","Protein of unknown function"
"3256","ENA|OLKM01005753|OLKM01005753.1 7389","OLKM01005753.1",7390,"MeA_20160214_scaffold_5752","OLKM01005753.1","maker","gene",5823,13785,".","-",".","ID=MEAE_00091699","MEAE_00091699","Alias=snap_masked-MeA_20160214_scaffold_5752-processed-gene-0.4","Protein of unknown function"
"3257","ENA|OLKM01005753|OLKM01005753.1 7692","OLKM01005753.1",7693,"MeA_20160214_scaffold_5752","OLKM01005753.1","maker","gene",5823,13785,".","-",".","ID=MEAE_00091699","MEAE_00091699","Alias=snap_masked-MeA_20160214_scaffold_5752-processed-gene-0.4","Protein of unknown function"
"3258","ENA|OLKM01005753|OLKM01005753.1 7745","OLKM01005753.1",7746,"MeA_20160214_scaffold_5752","OLKM01005753.1","maker","gene",5823,13785,".","-",".","ID=MEAE_00091699","MEAE_00091699","Alias=snap_masked-MeA_20160214_scaffold_5752-processed-gene-0.4","Protein of unknown function"
"3259","ENA|OLKM01005753|OLKM01005753.1 10911","OLKM01005753.1",10912,"MeA_20160214_scaffold_5752","OLKM01005753.1","maker","gene",5823,13785,".","-",".","ID=MEAE_00091699","MEAE_00091699","Alias=snap_masked-MeA_20160214_scaffold_5752-processed-gene-0.4","Protein of unknown function"
"3260","ENA|OLKM01005753|OLKM01005753.1 10942","OLKM01005753.1",10943,"MeA_20160214_scaffold_5752","OLKM01005753.1","maker","gene",5823,13785,".","-",".","ID=MEAE_00091699","MEAE_00091699","Alias=snap_masked-MeA_20160214_scaffold_5752-processed-gene-0.4","Protein of unknown function"
"3261","ENA|OLKM01005753|OLKM01005753.1 10950","OLKM01005753.1",10951,"MeA_20160214_scaffold_5752","OLKM01005753.1","maker","gene",5823,13785,".","-",".","ID=MEAE_00091699","MEAE_00091699","Alias=snap_masked-MeA_20160214_scaffold_5752-processed-gene-0.4","Protein of unknown function"
"3267","ENA|OLKM01005767|OLKM01005767.1 371","OLKM01005767.1",372,"MeA_20160214_scaffold_5766","OLKM01005767.1","maker","gene",358,12398,".","-",".","ID=MEAE_00091715","MEAE_00091715","Alias=maker-MeA_20160214_scaffold_5766-snap-gene-0.11","Similar to ASPRV1: Retroviral-like aspartic protease 1 (Homo sapiens)"
"3268","ENA|OLKM01005767|OLKM01005767.1 472","OLKM01005767.1",473,"MeA_20160214_scaffold_5766","OLKM01005767.1","maker","gene",358,12398,".","-",".","ID=MEAE_00091715","MEAE_00091715","Alias=maker-MeA_20160214_scaffold_5766-snap-gene-0.11","Similar to ASPRV1: Retroviral-like aspartic protease 1 (Homo sapiens)"
"3269","ENA|OLKM01005767|OLKM01005767.1 547","OLKM01005767.1",548,"MeA_20160214_scaffold_5766","OLKM01005767.1","maker","gene",358,12398,".","-",".","ID=MEAE_00091715","MEAE_00091715","Alias=maker-MeA_20160214_scaffold_5766-snap-gene-0.11","Similar to ASPRV1: Retroviral-like aspartic protease 1 (Homo sapiens)"
"3270","ENA|OLKM01005767|OLKM01005767.1 585","OLKM01005767.1",586,"MeA_20160214_scaffold_5766","OLKM01005767.1","maker","gene",358,12398,".","-",".","ID=MEAE_00091715","MEAE_00091715","Alias=maker-MeA_20160214_scaffold_5766-snap-gene-0.11","Similar to ASPRV1: Retroviral-like aspartic protease 1 (Homo sapiens)"
"3271","ENA|OLKM01005767|OLKM01005767.1 913","OLKM01005767.1",914,"MeA_20160214_scaffold_5766","OLKM01005767.1","maker","gene",358,12398,".","-",".","ID=MEAE_00091715","MEAE_00091715","Alias=maker-MeA_20160214_scaffold_5766-snap-gene-0.11","Similar to ASPRV1: Retroviral-like aspartic protease 1 (Homo sapiens)"
"3272","ENA|OLKM01005767|OLKM01005767.1 1137","OLKM01005767.1",1138,"MeA_20160214_scaffold_5766","OLKM01005767.1","maker","gene",358,12398,".","-",".","ID=MEAE_00091715","MEAE_00091715","Alias=maker-MeA_20160214_scaffold_5766-snap-gene-0.11","Similar to ASPRV1: Retroviral-like aspartic protease 1 (Homo sapiens)"
"3273","ENA|OLKM01005767|OLKM01005767.1 1281","OLKM01005767.1",1282,"MeA_20160214_scaffold_5766","OLKM01005767.1","maker","gene",358,12398,".","-",".","ID=MEAE_00091715","MEAE_00091715","Alias=maker-MeA_20160214_scaffold_5766-snap-gene-0.11","Similar to ASPRV1: Retroviral-like aspartic protease 1 (Homo sapiens)"
"3274","ENA|OLKM01005767|OLKM01005767.1 2947","OLKM01005767.1",2948,"MeA_20160214_scaffold_5766","OLKM01005767.1","maker","gene",358,12398,".","-",".","ID=MEAE_00091715","MEAE_00091715","Alias=maker-MeA_20160214_scaffold_5766-snap-gene-0.11","Similar to ASPRV1: Retroviral-like aspartic protease 1 (Homo sapiens)"
"3275","ENA|OLKM01005767|OLKM01005767.1 3123","OLKM01005767.1",3124,"MeA_20160214_scaffold_5766","OLKM01005767.1","maker","gene",358,12398,".","-",".","ID=MEAE_00091715","MEAE_00091715","Alias=maker-MeA_20160214_scaffold_5766-snap-gene-0.11","Similar to ASPRV1: Retroviral-like aspartic protease 1 (Homo sapiens)"
"3276","ENA|OLKM01005767|OLKM01005767.1 3441","OLKM01005767.1",3442,"MeA_20160214_scaffold_5766","OLKM01005767.1","maker","gene",358,12398,".","-",".","ID=MEAE_00091715","MEAE_00091715","Alias=maker-MeA_20160214_scaffold_5766-snap-gene-0.11","Similar to ASPRV1: Retroviral-like aspartic protease 1 (Homo sapiens)"
"3277","ENA|OLKM01005767|OLKM01005767.1 4020","OLKM01005767.1",4021,"MeA_20160214_scaffold_5766","OLKM01005767.1","maker","gene",358,12398,".","-",".","ID=MEAE_00091715","MEAE_00091715","Alias=maker-MeA_20160214_scaffold_5766-snap-gene-0.11","Similar to ASPRV1: Retroviral-like aspartic protease 1 (Homo sapiens)"
"3278","ENA|OLKM01005767|OLKM01005767.1 4411","OLKM01005767.1",4412,"MeA_20160214_scaffold_5766","OLKM01005767.1","maker","gene",358,12398,".","-",".","ID=MEAE_00091715","MEAE_00091715","Alias=maker-MeA_20160214_scaffold_5766-snap-gene-0.11","Similar to ASPRV1: Retroviral-like aspartic protease 1 (Homo sapiens)"
"3282","ENA|OLKM01005777|OLKM01005777.1 6625","OLKM01005777.1",6626,"MeA_20160214_scaffold_5776","OLKM01005777.1","maker","gene",5079,10971,".","-",".","ID=MEAE_00091733","MEAE_00091733","Alias=maker-MeA_20160214_scaffold_5776-augustus-gene-0.7","Similar to Stonustoxin subunit beta (Synanceia horrida)"
"3283","ENA|OLKM01005777|OLKM01005777.1 6856","OLKM01005777.1",6857,"MeA_20160214_scaffold_5776","OLKM01005777.1","maker","gene",5079,10971,".","-",".","ID=MEAE_00091733","MEAE_00091733","Alias=maker-MeA_20160214_scaffold_5776-augustus-gene-0.7","Similar to Stonustoxin subunit beta (Synanceia horrida)"
"3298","ENA|OLKM01005819|OLKM01005819.1 3154","OLKM01005819.1",3155,"MeA_20160214_scaffold_5818","OLKM01005819.1","maker","gene",2984,3775,".","-",".","ID=MEAE_00091821","MEAE_00091821","Alias=snap_masked-MeA_20160214_scaffold_5818-processed-gene-0.3","Protein of unknown function"
"3299","ENA|OLKM01005819|OLKM01005819.1 3181","OLKM01005819.1",3182,"MeA_20160214_scaffold_5818","OLKM01005819.1","maker","gene",2984,3775,".","-",".","ID=MEAE_00091821","MEAE_00091821","Alias=snap_masked-MeA_20160214_scaffold_5818-processed-gene-0.3","Protein of unknown function"
"3318","ENA|OLKM01005867|OLKM01005867.1 8101","OLKM01005867.1",8102,"MeA_20160214_scaffold_5866","OLKM01005867.1","maker","gene",7293,8917,".","+",".","ID=MEAE_00091931","MEAE_00091931","Alias=snap_masked-MeA_20160214_scaffold_5866-processed-gene-0.4","Protein of unknown function"
"3318.2","ENA|OLKM01005867|OLKM01005867.1 8101","OLKM01005867.1",8102,"MeA_20160214_scaffold_5866","OLKM01005867.1","maker","gene",7265,9242,".","-",".","ID=MEAE_00091930","MEAE_00091930","Alias=snap_masked-MeA_20160214_scaffold_5866-processed-gene-0.6","Protein of unknown function"
"3319","ENA|OLKM01005867|OLKM01005867.1 8559","OLKM01005867.1",8560,"MeA_20160214_scaffold_5866","OLKM01005867.1","maker","gene",7293,8917,".","+",".","ID=MEAE_00091931","MEAE_00091931","Alias=snap_masked-MeA_20160214_scaffold_5866-processed-gene-0.4","Protein of unknown function"
"3319.2","ENA|OLKM01005867|OLKM01005867.1 8559","OLKM01005867.1",8560,"MeA_20160214_scaffold_5866","OLKM01005867.1","maker","gene",7265,9242,".","-",".","ID=MEAE_00091930","MEAE_00091930","Alias=snap_masked-MeA_20160214_scaffold_5866-processed-gene-0.6","Protein of unknown function"
"3324","ENA|OLKM01005874|OLKM01005874.1 2568","OLKM01005874.1",2569,"MeA_20160214_scaffold_5873","OLKM01005874.1","maker","gene",2407,3440,".","+",".","ID=MEAE_00091951","MEAE_00091951","Alias=maker-MeA_20160214_scaffold_5873-snap-gene-0.6","Similar to pol: Pol polyprotein (Radiation murine leukemia virus)"
"3337","ENA|OLKM01005884|OLKM01005884.1 6867","OLKM01005884.1",6868,"MeA_20160214_scaffold_5883","OLKM01005884.1","maker","gene",5452,9271,".","-",".","ID=MEAE_00091967","MEAE_00091967","Alias=snap_masked-MeA_20160214_scaffold_5883-processed-gene-0.5","Protein of unknown function"
"3338","ENA|OLKM01005884|OLKM01005884.1 6885","OLKM01005884.1",6886,"MeA_20160214_scaffold_5883","OLKM01005884.1","maker","gene",5452,9271,".","-",".","ID=MEAE_00091967","MEAE_00091967","Alias=snap_masked-MeA_20160214_scaffold_5883-processed-gene-0.5","Protein of unknown function"
"3341","ENA|OLKM01005886|OLKM01005886.1 9673","OLKM01005886.1",9674,"MeA_20160214_scaffold_5885","OLKM01005886.1","maker","gene",8675,13691,".","+",".","ID=MEAE_00091975","MEAE_00091975","Alias=snap_masked-MeA_20160214_scaffold_5885-processed-gene-0.5","Similar to BTN1A1: Butyrophilin subfamily 1 member A1 (Bos taurus)"
"3341.4","ENA|OLKM01005886|OLKM01005886.1 9673","OLKM01005886.1",9674,"MeA_20160214_scaffold_5885","OLKM01005886.1","maker","gene",8836,13631,".","-",".","ID=MEAE_00091976","MEAE_00091976","Alias=snap_masked-MeA_20160214_scaffold_5885-processed-gene-0.6","Protein of unknown function"
"3342","ENA|OLKM01005886|OLKM01005886.1 9879","OLKM01005886.1",9880,"MeA_20160214_scaffold_5885","OLKM01005886.1","maker","gene",8675,13691,".","+",".","ID=MEAE_00091975","MEAE_00091975","Alias=snap_masked-MeA_20160214_scaffold_5885-processed-gene-0.5","Similar to BTN1A1: Butyrophilin subfamily 1 member A1 (Bos taurus)"
"3342.2","ENA|OLKM01005886|OLKM01005886.1 9879","OLKM01005886.1",9880,"MeA_20160214_scaffold_5885","OLKM01005886.1","maker","gene",8836,13631,".","-",".","ID=MEAE_00091976","MEAE_00091976","Alias=snap_masked-MeA_20160214_scaffold_5885-processed-gene-0.6","Protein of unknown function"
"3343","ENA|OLKM01005886|OLKM01005886.1 11276","OLKM01005886.1",11277,"MeA_20160214_scaffold_5885","OLKM01005886.1","maker","gene",8675,13691,".","+",".","ID=MEAE_00091975","MEAE_00091975","Alias=snap_masked-MeA_20160214_scaffold_5885-processed-gene-0.5","Similar to BTN1A1: Butyrophilin subfamily 1 member A1 (Bos taurus)"
"3343.2","ENA|OLKM01005886|OLKM01005886.1 11276","OLKM01005886.1",11277,"MeA_20160214_scaffold_5885","OLKM01005886.1","maker","gene",8836,13631,".","-",".","ID=MEAE_00091976","MEAE_00091976","Alias=snap_masked-MeA_20160214_scaffold_5885-processed-gene-0.6","Protein of unknown function"
"3344","ENA|OLKM01005886|OLKM01005886.1 12822","OLKM01005886.1",12823,"MeA_20160214_scaffold_5885","OLKM01005886.1","maker","gene",8675,13691,".","+",".","ID=MEAE_00091975","MEAE_00091975","Alias=snap_masked-MeA_20160214_scaffold_5885-processed-gene-0.5","Similar to BTN1A1: Butyrophilin subfamily 1 member A1 (Bos taurus)"
"3344.2","ENA|OLKM01005886|OLKM01005886.1 12822","OLKM01005886.1",12823,"MeA_20160214_scaffold_5885","OLKM01005886.1","maker","gene",8836,13631,".","-",".","ID=MEAE_00091976","MEAE_00091976","Alias=snap_masked-MeA_20160214_scaffold_5885-processed-gene-0.6","Protein of unknown function"
"3355","ENA|OLKM01005927|OLKM01005927.1 7168","OLKM01005927.1",7169,"MeA_20160214_scaffold_5926","OLKM01005927.1","maker","gene",6960,7583,".","+",".","ID=MEAE_00092069","MEAE_00092069","Alias=augustus_masked-MeA_20160214_scaffold_5926-processed-gene-0.2","Protein of unknown function"
"3356","ENA|OLKM01005937|OLKM01005937.1 11291","OLKM01005937.1",11292,"MeA_20160214_scaffold_5936","OLKM01005937.1","maker","gene",7884,11556,".","+",".","ID=MEAE_00092093","MEAE_00092093","Alias=snap_masked-MeA_20160214_scaffold_5936-processed-gene-0.2","Protein of unknown function"
"3356.4","ENA|OLKM01005937|OLKM01005937.1 11291","OLKM01005937.1",11292,"MeA_20160214_scaffold_5936","OLKM01005937.1","maker","gene",11108,15071,".","-",".","ID=MEAE_00092094","MEAE_00092094","Alias=snap_masked-MeA_20160214_scaffold_5936-processed-gene-0.3","Protein of unknown function"
"3359","ENA|OLKM01005939|OLKM01005939.1 8889","OLKM01005939.1",8890,"MeA_20160214_scaffold_5938","OLKM01005939.1","maker","gene",7136,10759,".","+",".","ID=MEAE_00092097","MEAE_00092097","Alias=snap_masked-MeA_20160214_scaffold_5938-processed-gene-0.3","Protein of unknown function"
"3360","ENA|OLKM01005939|OLKM01005939.1 10032","OLKM01005939.1",10033,"MeA_20160214_scaffold_5938","OLKM01005939.1","maker","gene",7136,10759,".","+",".","ID=MEAE_00092097","MEAE_00092097","Alias=snap_masked-MeA_20160214_scaffold_5938-processed-gene-0.3","Protein of unknown function"
"3361","ENA|OLKM01005939|OLKM01005939.1 10630","OLKM01005939.1",10631,"MeA_20160214_scaffold_5938","OLKM01005939.1","maker","gene",7136,10759,".","+",".","ID=MEAE_00092097","MEAE_00092097","Alias=snap_masked-MeA_20160214_scaffold_5938-processed-gene-0.3","Protein of unknown function"
"3364","ENA|OLKM01005940|OLKM01005940.1 3240","OLKM01005940.1",3241,"MeA_20160214_scaffold_5939","OLKM01005940.1","maker","gene",1036,3401,".","-",".","ID=MEAE_00092100","MEAE_00092100","Alias=maker-MeA_20160214_scaffold_5939-augustus-gene-0.5","Protein of unknown function"
"3366","ENA|OLKM01005946|OLKM01005946.1 4239","OLKM01005946.1",4240,"MeA_20160214_scaffold_5945","OLKM01005946.1","maker","gene",3508,4976,".","+",".","ID=MEAE_00092115","MEAE_00092115","Alias=maker-MeA_20160214_scaffold_5945-augustus-gene-0.12","Protein of unknown function"
"3367","ENA|OLKM01005946|OLKM01005946.1 4461","OLKM01005946.1",4462,"MeA_20160214_scaffold_5945","OLKM01005946.1","maker","gene",3508,4976,".","+",".","ID=MEAE_00092115","MEAE_00092115","Alias=maker-MeA_20160214_scaffold_5945-augustus-gene-0.12","Protein of unknown function"
"3368","ENA|OLKM01005946|OLKM01005946.1 4649","OLKM01005946.1",4650,"MeA_20160214_scaffold_5945","OLKM01005946.1","maker","gene",3508,4976,".","+",".","ID=MEAE_00092115","MEAE_00092115","Alias=maker-MeA_20160214_scaffold_5945-augustus-gene-0.12","Protein of unknown function"
"3382","ENA|OLKM01005965|OLKM01005965.1 4124","OLKM01005965.1",4125,"MeA_20160214_scaffold_5964","OLKM01005965.1","maker","gene",418,5542,".","+",".","ID=MEAE_00092140","MEAE_00092140","Alias=augustus_masked-MeA_20160214_scaffold_5964-processed-gene-0.2","Protein of unknown function"
"3384","ENA|OLKM01005968|OLKM01005968.1 3103","OLKM01005968.1",3104,"MeA_20160214_scaffold_5967","OLKM01005968.1","maker","gene",92,5048,".","+",".","ID=MEAE_00092145","MEAE_00092145","Alias=maker-MeA_20160214_scaffold_5967-snap-gene-0.4","Protein of unknown function"
"3385","ENA|OLKM01005968|OLKM01005968.1 3122","OLKM01005968.1",3123,"MeA_20160214_scaffold_5967","OLKM01005968.1","maker","gene",92,5048,".","+",".","ID=MEAE_00092145","MEAE_00092145","Alias=maker-MeA_20160214_scaffold_5967-snap-gene-0.4","Protein of unknown function"
"3386","ENA|OLKM01005968|OLKM01005968.1 3520","OLKM01005968.1",3521,"MeA_20160214_scaffold_5967","OLKM01005968.1","maker","gene",92,5048,".","+",".","ID=MEAE_00092145","MEAE_00092145","Alias=maker-MeA_20160214_scaffold_5967-snap-gene-0.4","Protein of unknown function"
"3387","ENA|OLKM01005974|OLKM01005974.1 4957","OLKM01005974.1",4958,"MeA_20160214_scaffold_5973","OLKM01005974.1","maker","gene",1522,5004,".","+",".","ID=MEAE_00092152","MEAE_00092152","Alias=maker-MeA_20160214_scaffold_5973-snap-gene-0.3","Protein of unknown function"
"3388","ENA|OLKM01005974|OLKM01005974.1 6025","OLKM01005974.1",6026,"MeA_20160214_scaffold_5973","OLKM01005974.1","maker","gene",5928,9525,".","+",".","ID=MEAE_00092153","MEAE_00092153","Alias=maker-MeA_20160214_scaffold_5973-snap-gene-0.2","Protein of unknown function"
"3393","ENA|OLKM01005989|OLKM01005989.1 8106","OLKM01005989.1",8107,"MeA_20160214_scaffold_5988","OLKM01005989.1","maker","gene",5846,13494,".","-",".","ID=MEAE_00092189","MEAE_00092189","Alias=maker-MeA_20160214_scaffold_5988-snap-gene-0.3","Protein of unknown function"
"3394","ENA|OLKM01005989|OLKM01005989.1 8113","OLKM01005989.1",8114,"MeA_20160214_scaffold_5988","OLKM01005989.1","maker","gene",5846,13494,".","-",".","ID=MEAE_00092189","MEAE_00092189","Alias=maker-MeA_20160214_scaffold_5988-snap-gene-0.3","Protein of unknown function"
"3395","ENA|OLKM01005989|OLKM01005989.1 10119","OLKM01005989.1",10120,"MeA_20160214_scaffold_5988","OLKM01005989.1","maker","gene",5846,13494,".","-",".","ID=MEAE_00092189","MEAE_00092189","Alias=maker-MeA_20160214_scaffold_5988-snap-gene-0.3","Protein of unknown function"
"3409","ENA|OLKM01006007|OLKM01006007.1 4273","OLKM01006007.1",4274,"MeA_20160214_scaffold_6006","OLKM01006007.1","maker","gene",1,7340,".","+",".","ID=MEAE_00092223","MEAE_00092223","Alias=maker-MeA_20160214_scaffold_6006-snap-gene-0.4","Protein of unknown function"
"3410","ENA|OLKM01006007|OLKM01006007.1 4353","OLKM01006007.1",4354,"MeA_20160214_scaffold_6006","OLKM01006007.1","maker","gene",1,7340,".","+",".","ID=MEAE_00092223","MEAE_00092223","Alias=maker-MeA_20160214_scaffold_6006-snap-gene-0.4","Protein of unknown function"
"3411","ENA|OLKM01006007|OLKM01006007.1 4402","OLKM01006007.1",4403,"MeA_20160214_scaffold_6006","OLKM01006007.1","maker","gene",1,7340,".","+",".","ID=MEAE_00092223","MEAE_00092223","Alias=maker-MeA_20160214_scaffold_6006-snap-gene-0.4","Protein of unknown function"
"3412","ENA|OLKM01006007|OLKM01006007.1 4508","OLKM01006007.1",4509,"MeA_20160214_scaffold_6006","OLKM01006007.1","maker","gene",1,7340,".","+",".","ID=MEAE_00092223","MEAE_00092223","Alias=maker-MeA_20160214_scaffold_6006-snap-gene-0.4","Protein of unknown function"
"3416","ENA|OLKM01006016|OLKM01006016.1 1834","OLKM01006016.1",1835,"MeA_20160214_scaffold_6015","OLKM01006016.1","maker","gene",568,3696,".","+",".","ID=MEAE_00092233","MEAE_00092233","Alias=snap_masked-MeA_20160214_scaffold_6015-processed-gene-0.3","Protein of unknown function"
"3418","ENA|OLKM01006016|OLKM01006016.1 6644","OLKM01006016.1",6645,"MeA_20160214_scaffold_6015","OLKM01006016.1","maker","gene",5959,9192,".","+",".","ID=MEAE_00092234","MEAE_00092234","Alias=snap_masked-MeA_20160214_scaffold_6015-processed-gene-0.4","Protein of unknown function"
"3419","ENA|OLKM01006016|OLKM01006016.1 7116","OLKM01006016.1",7117,"MeA_20160214_scaffold_6015","OLKM01006016.1","maker","gene",5959,9192,".","+",".","ID=MEAE_00092234","MEAE_00092234","Alias=snap_masked-MeA_20160214_scaffold_6015-processed-gene-0.4","Protein of unknown function"
"3420","ENA|OLKM01006016|OLKM01006016.1 9134","OLKM01006016.1",9135,"MeA_20160214_scaffold_6015","OLKM01006016.1","maker","gene",5959,9192,".","+",".","ID=MEAE_00092234","MEAE_00092234","Alias=snap_masked-MeA_20160214_scaffold_6015-processed-gene-0.4","Protein of unknown function"
"3426","ENA|OLKM01006045|OLKM01006045.1 8930","OLKM01006045.1",8931,"MeA_20160214_scaffold_6044","OLKM01006045.1","maker","gene",1736,11104,".","-",".","ID=MEAE_00092313","MEAE_00092313","Alias=maker-MeA_20160214_scaffold_6044-snap-gene-0.6","Protein of unknown function"
"3427","ENA|OLKM01006045|OLKM01006045.1 9562","OLKM01006045.1",9563,"MeA_20160214_scaffold_6044","OLKM01006045.1","maker","gene",1736,11104,".","-",".","ID=MEAE_00092313","MEAE_00092313","Alias=maker-MeA_20160214_scaffold_6044-snap-gene-0.6","Protein of unknown function"
"3428","ENA|OLKM01006045|OLKM01006045.1 9976","OLKM01006045.1",9977,"MeA_20160214_scaffold_6044","OLKM01006045.1","maker","gene",1736,11104,".","-",".","ID=MEAE_00092313","MEAE_00092313","Alias=maker-MeA_20160214_scaffold_6044-snap-gene-0.6","Protein of unknown function"
"3429","ENA|OLKM01006050|OLKM01006050.1 14606","OLKM01006050.1",14607,"MeA_20160214_scaffold_6049","OLKM01006050.1","maker","gene",14000,14895,".","+",".","ID=MEAE_00092325","MEAE_00092325","Alias=snap_masked-MeA_20160214_scaffold_6049-processed-gene-0.3","Protein of unknown function"
"3431","ENA|OLKM01006057|OLKM01006057.1 556","OLKM01006057.1",557,"MeA_20160214_scaffold_6056","OLKM01006057.1","maker","gene",7,1454,".","-",".","ID=MEAE_00092339","MEAE_00092339","Alias=maker-MeA_20160214_scaffold_6056-augustus-gene-0.10","Similar to Ig kappa chain V region 3547 (Oryctolagus cuniculus)"
"3439","ENA|OLKM01006066|OLKM01006066.1 9688","OLKM01006066.1",9689,"MeA_20160214_scaffold_6065","OLKM01006066.1","maker","gene",9162,11055,".","-",".","ID=MEAE_00092355","MEAE_00092355","Alias=maker-MeA_20160214_scaffold_6065-snap-gene-0.6","Similar to PCDHGA1: Protocadherin gamma-A1 (Homo sapiens)"
"3440","ENA|OLKM01006066|OLKM01006066.1 9701","OLKM01006066.1",9702,"MeA_20160214_scaffold_6065","OLKM01006066.1","maker","gene",9162,11055,".","-",".","ID=MEAE_00092355","MEAE_00092355","Alias=maker-MeA_20160214_scaffold_6065-snap-gene-0.6","Similar to PCDHGA1: Protocadherin gamma-A1 (Homo sapiens)"
"3441","ENA|OLKM01006066|OLKM01006066.1 9710","OLKM01006066.1",9711,"MeA_20160214_scaffold_6065","OLKM01006066.1","maker","gene",9162,11055,".","-",".","ID=MEAE_00092355","MEAE_00092355","Alias=maker-MeA_20160214_scaffold_6065-snap-gene-0.6","Similar to PCDHGA1: Protocadherin gamma-A1 (Homo sapiens)"
"3449","ENA|OLKM01006098|OLKM01006098.1 10307","OLKM01006098.1",10308,"MeA_20160214_scaffold_6097","OLKM01006098.1","maker","gene",9794,11226,".","-",".","ID=MEAE_00092428","MEAE_00092428","Alias=maker-MeA_20160214_scaffold_6097-snap-gene-0.9","Protein of unknown function"
"3450","ENA|OLKM01006098|OLKM01006098.1 10398","OLKM01006098.1",10399,"MeA_20160214_scaffold_6097","OLKM01006098.1","maker","gene",9794,11226,".","-",".","ID=MEAE_00092428","MEAE_00092428","Alias=maker-MeA_20160214_scaffold_6097-snap-gene-0.9","Protein of unknown function"
"3451","ENA|OLKM01006100|OLKM01006100.1 8311","OLKM01006100.1",8312,"MeA_20160214_scaffold_6099","OLKM01006100.1","maker","gene",7697,8601,".","-",".","ID=MEAE_00092439","MEAE_00092439","Alias=augustus_masked-MeA_20160214_scaffold_6099-processed-gene-0.6","Protein of unknown function"
"3452","ENA|OLKM01006100|OLKM01006100.1 8946","OLKM01006100.1",8947,"MeA_20160214_scaffold_6099","OLKM01006100.1","maker","gene",8525,9462,".","+",".","ID=MEAE_00092440","MEAE_00092440","Alias=snap_masked-MeA_20160214_scaffold_6099-processed-gene-0.8","Protein of unknown function"
"3455","ENA|OLKM01006113|OLKM01006113.1 8683","OLKM01006113.1",8684,"MeA_20160214_scaffold_6112","OLKM01006113.1","maker","gene",8212,8786,".","+",".","ID=MEAE_00092470","MEAE_00092470","Alias=genemark-MeA_20160214_scaffold_6112-processed-gene-0.0","Protein of unknown function"
"3457","ENA|OLKM01006123|OLKM01006123.1 11632","OLKM01006123.1",11633,"MeA_20160214_scaffold_6122","OLKM01006123.1","maker","gene",10743,12848,".","+",".","ID=MEAE_00092495","MEAE_00092495","Alias=snap_masked-MeA_20160214_scaffold_6122-processed-gene-0.4","Protein of unknown function"
"3459","ENA|OLKM01006138|OLKM01006138.1 1388","OLKM01006138.1",1389,"MeA_20160214_scaffold_6137","OLKM01006138.1","maker","gene",182,4018,".","+",".","ID=MEAE_00092522","MEAE_00092522","Alias=maker-MeA_20160214_scaffold_6137-snap-gene-0.11","Protein of unknown function"
"3460","ENA|OLKM01006138|OLKM01006138.1 1390","OLKM01006138.1",1391,"MeA_20160214_scaffold_6137","OLKM01006138.1","maker","gene",182,4018,".","+",".","ID=MEAE_00092522","MEAE_00092522","Alias=maker-MeA_20160214_scaffold_6137-snap-gene-0.11","Protein of unknown function"
"3461","ENA|OLKM01006138|OLKM01006138.1 1398","OLKM01006138.1",1399,"MeA_20160214_scaffold_6137","OLKM01006138.1","maker","gene",182,4018,".","+",".","ID=MEAE_00092522","MEAE_00092522","Alias=maker-MeA_20160214_scaffold_6137-snap-gene-0.11","Protein of unknown function"
"3462","ENA|OLKM01006138|OLKM01006138.1 2882","OLKM01006138.1",2883,"MeA_20160214_scaffold_6137","OLKM01006138.1","maker","gene",182,4018,".","+",".","ID=MEAE_00092522","MEAE_00092522","Alias=maker-MeA_20160214_scaffold_6137-snap-gene-0.11","Protein of unknown function"
"3463","ENA|OLKM01006138|OLKM01006138.1 3279","OLKM01006138.1",3280,"MeA_20160214_scaffold_6137","OLKM01006138.1","maker","gene",182,4018,".","+",".","ID=MEAE_00092522","MEAE_00092522","Alias=maker-MeA_20160214_scaffold_6137-snap-gene-0.11","Protein of unknown function"
"3464","ENA|OLKM01006138|OLKM01006138.1 5653","OLKM01006138.1",5654,"MeA_20160214_scaffold_6137","OLKM01006138.1","maker","gene",3864,9139,".","-",".","ID=MEAE_00092523","MEAE_00092523","Alias=snap_masked-MeA_20160214_scaffold_6137-processed-gene-0.9","Protein of unknown function"
"3465","ENA|OLKM01006138|OLKM01006138.1 5961","OLKM01006138.1",5962,"MeA_20160214_scaffold_6137","OLKM01006138.1","maker","gene",3864,9139,".","-",".","ID=MEAE_00092523","MEAE_00092523","Alias=snap_masked-MeA_20160214_scaffold_6137-processed-gene-0.9","Protein of unknown function"
"3466","ENA|OLKM01006138|OLKM01006138.1 8067","OLKM01006138.1",8068,"MeA_20160214_scaffold_6137","OLKM01006138.1","maker","gene",3864,9139,".","-",".","ID=MEAE_00092523","MEAE_00092523","Alias=snap_masked-MeA_20160214_scaffold_6137-processed-gene-0.9","Protein of unknown function"
"3479","ENA|OLKM01006158|OLKM01006158.1 8167","OLKM01006158.1",8168,"MeA_20160214_scaffold_6157","OLKM01006158.1","maker","gene",6501,12579,".","-",".","ID=MEAE_00092569","MEAE_00092569","Alias=maker-MeA_20160214_scaffold_6157-snap-gene-0.12","Similar to ZBED4: Zinc finger BED domain-containing protein 4 (Homo sapiens)"
"3480","ENA|OLKM01006158|OLKM01006158.1 9186","OLKM01006158.1",9187,"MeA_20160214_scaffold_6157","OLKM01006158.1","maker","gene",6501,12579,".","-",".","ID=MEAE_00092569","MEAE_00092569","Alias=maker-MeA_20160214_scaffold_6157-snap-gene-0.12","Similar to ZBED4: Zinc finger BED domain-containing protein 4 (Homo sapiens)"
"3481","ENA|OLKM01006158|OLKM01006158.1 9900","OLKM01006158.1",9901,"MeA_20160214_scaffold_6157","OLKM01006158.1","maker","gene",6501,12579,".","-",".","ID=MEAE_00092569","MEAE_00092569","Alias=maker-MeA_20160214_scaffold_6157-snap-gene-0.12","Similar to ZBED4: Zinc finger BED domain-containing protein 4 (Homo sapiens)"
"3483","ENA|OLKM01006164|OLKM01006164.1 3127","OLKM01006164.1",3128,"MeA_20160214_scaffold_6163","OLKM01006164.1","maker","gene",663,5963,".","-",".","ID=MEAE_00092580","MEAE_00092580","Alias=genemark-MeA_20160214_scaffold_6163-processed-gene-0.1","Protein of unknown function"
"3484","ENA|OLKM01006164|OLKM01006164.1 5399","OLKM01006164.1",5400,"MeA_20160214_scaffold_6163","OLKM01006164.1","maker","gene",663,5963,".","-",".","ID=MEAE_00092580","MEAE_00092580","Alias=genemark-MeA_20160214_scaffold_6163-processed-gene-0.1","Protein of unknown function"
"3485","ENA|OLKM01006164|OLKM01006164.1 5745","OLKM01006164.1",5746,"MeA_20160214_scaffold_6163","OLKM01006164.1","maker","gene",663,5963,".","-",".","ID=MEAE_00092580","MEAE_00092580","Alias=genemark-MeA_20160214_scaffold_6163-processed-gene-0.1","Protein of unknown function"
"3486","ENA|OLKM01006164|OLKM01006164.1 5915","OLKM01006164.1",5916,"MeA_20160214_scaffold_6163","OLKM01006164.1","maker","gene",663,5963,".","-",".","ID=MEAE_00092580","MEAE_00092580","Alias=genemark-MeA_20160214_scaffold_6163-processed-gene-0.1","Protein of unknown function"
"3488","ENA|OLKM01006164|OLKM01006164.1 8042","OLKM01006164.1",8043,"MeA_20160214_scaffold_6163","OLKM01006164.1","maker","gene",7274,14345,".","+",".","ID=MEAE_00092581","MEAE_00092581","Alias=genemark-MeA_20160214_scaffold_6163-processed-gene-0.0","Protein of unknown function"
"3489","ENA|OLKM01006164|OLKM01006164.1 8334","OLKM01006164.1",8335,"MeA_20160214_scaffold_6163","OLKM01006164.1","maker","gene",7274,14345,".","+",".","ID=MEAE_00092581","MEAE_00092581","Alias=genemark-MeA_20160214_scaffold_6163-processed-gene-0.0","Protein of unknown function"
"3489.4","ENA|OLKM01006164|OLKM01006164.1 8334","OLKM01006164.1",8335,"MeA_20160214_scaffold_6163","OLKM01006164.1","maker","gene",8298,12501,".","-",".","ID=MEAE_00092582","MEAE_00092582","Alias=maker-MeA_20160214_scaffold_6163-augustus-gene-0.8","Protein of unknown function"
"3490","ENA|OLKM01006164|OLKM01006164.1 8393","OLKM01006164.1",8394,"MeA_20160214_scaffold_6163","OLKM01006164.1","maker","gene",7274,14345,".","+",".","ID=MEAE_00092581","MEAE_00092581","Alias=genemark-MeA_20160214_scaffold_6163-processed-gene-0.0","Protein of unknown function"
"3490.4","ENA|OLKM01006164|OLKM01006164.1 8393","OLKM01006164.1",8394,"MeA_20160214_scaffold_6163","OLKM01006164.1","maker","gene",8298,12501,".","-",".","ID=MEAE_00092582","MEAE_00092582","Alias=maker-MeA_20160214_scaffold_6163-augustus-gene-0.8","Protein of unknown function"
"3491","ENA|OLKM01006164|OLKM01006164.1 8577","OLKM01006164.1",8578,"MeA_20160214_scaffold_6163","OLKM01006164.1","maker","gene",7274,14345,".","+",".","ID=MEAE_00092581","MEAE_00092581","Alias=genemark-MeA_20160214_scaffold_6163-processed-gene-0.0","Protein of unknown function"
"3491.4","ENA|OLKM01006164|OLKM01006164.1 8577","OLKM01006164.1",8578,"MeA_20160214_scaffold_6163","OLKM01006164.1","maker","gene",8298,12501,".","-",".","ID=MEAE_00092582","MEAE_00092582","Alias=maker-MeA_20160214_scaffold_6163-augustus-gene-0.8","Protein of unknown function"
"3492","ENA|OLKM01006164|OLKM01006164.1 8811","OLKM01006164.1",8812,"MeA_20160214_scaffold_6163","OLKM01006164.1","maker","gene",7274,14345,".","+",".","ID=MEAE_00092581","MEAE_00092581","Alias=genemark-MeA_20160214_scaffold_6163-processed-gene-0.0","Protein of unknown function"
"3492.2","ENA|OLKM01006164|OLKM01006164.1 8811","OLKM01006164.1",8812,"MeA_20160214_scaffold_6163","OLKM01006164.1","maker","gene",8298,12501,".","-",".","ID=MEAE_00092582","MEAE_00092582","Alias=maker-MeA_20160214_scaffold_6163-augustus-gene-0.8","Protein of unknown function"
"3496","ENA|OLKM01006173|OLKM01006173.1 8331","OLKM01006173.1",8332,"MeA_20160214_scaffold_6172","OLKM01006173.1","maker","gene",791,9026,".","+",".","ID=MEAE_00092603","MEAE_00092603","Alias=maker-MeA_20160214_scaffold_6172-augustus-gene-0.12","Protein of unknown function"
"3503","ENA|OLKM01006186|OLKM01006186.1 1427","OLKM01006186.1",1428,"MeA_20160214_scaffold_6185","OLKM01006186.1","maker","gene",451,9658,".","-",".","ID=MEAE_00092643","MEAE_00092643","Alias=maker-MeA_20160214_scaffold_6185-snap-gene-0.10","Protein of unknown function"
"3504","ENA|OLKM01006186|OLKM01006186.1 2605","OLKM01006186.1",2606,"MeA_20160214_scaffold_6185","OLKM01006186.1","maker","gene",451,9658,".","-",".","ID=MEAE_00092643","MEAE_00092643","Alias=maker-MeA_20160214_scaffold_6185-snap-gene-0.10","Protein of unknown function"
"3505","ENA|OLKM01006186|OLKM01006186.1 2647","OLKM01006186.1",2648,"MeA_20160214_scaffold_6185","OLKM01006186.1","maker","gene",451,9658,".","-",".","ID=MEAE_00092643","MEAE_00092643","Alias=maker-MeA_20160214_scaffold_6185-snap-gene-0.10","Protein of unknown function"
"3506","ENA|OLKM01006186|OLKM01006186.1 2708","OLKM01006186.1",2709,"MeA_20160214_scaffold_6185","OLKM01006186.1","maker","gene",451,9658,".","-",".","ID=MEAE_00092643","MEAE_00092643","Alias=maker-MeA_20160214_scaffold_6185-snap-gene-0.10","Protein of unknown function"
"3507","ENA|OLKM01006189|OLKM01006189.1 1357","OLKM01006189.1",1358,"MeA_20160214_scaffold_6188","OLKM01006189.1","maker","gene",1159,3992,".","+",".","ID=MEAE_00092658","MEAE_00092658","Alias=maker-MeA_20160214_scaffold_6188-snap-gene-0.8","Protein of unknown function"
"3507.4","ENA|OLKM01006189|OLKM01006189.1 1357","OLKM01006189.1",1358,"MeA_20160214_scaffold_6188","OLKM01006189.1","maker","gene",372,3053,".","-",".","ID=MEAE_00092657","MEAE_00092657","Alias=snap_masked-MeA_20160214_scaffold_6188-processed-gene-0.5","Protein of unknown function"
"3509","ENA|OLKM01006189|OLKM01006189.1 8887","OLKM01006189.1",8888,"MeA_20160214_scaffold_6188","OLKM01006189.1","maker","gene",8579,11883,".","+",".","ID=MEAE_00092659","MEAE_00092659","Alias=snap_masked-MeA_20160214_scaffold_6188-processed-gene-0.4","Protein of unknown function"
"3510","ENA|OLKM01006189|OLKM01006189.1 8913","OLKM01006189.1",8914,"MeA_20160214_scaffold_6188","OLKM01006189.1","maker","gene",8579,11883,".","+",".","ID=MEAE_00092659","MEAE_00092659","Alias=snap_masked-MeA_20160214_scaffold_6188-processed-gene-0.4","Protein of unknown function"
"3515","ENA|OLKM01006197|OLKM01006197.1 10217","OLKM01006197.1",10218,"MeA_20160214_scaffold_6196","OLKM01006197.1","maker","gene",3272,10607,".","+",".","ID=MEAE_00092676","MEAE_00092676","Alias=snap_masked-MeA_20160214_scaffold_6196-processed-gene-0.3","Protein of unknown function"
"3515.4","ENA|OLKM01006197|OLKM01006197.1 10217","OLKM01006197.1",10218,"MeA_20160214_scaffold_6196","OLKM01006197.1","maker","gene",6686,11061,".","-",".","ID=MEAE_00092677","MEAE_00092677","Alias=snap_masked-MeA_20160214_scaffold_6196-processed-gene-0.4","Protein of unknown function"
"3516","ENA|OLKM01006206|OLKM01006206.1 4339","OLKM01006206.1",4340,"MeA_20160214_scaffold_6205","OLKM01006206.1","maker","gene",41,6542,".","+",".","ID=MEAE_00092700","MEAE_00092700","Alias=snap_masked-MeA_20160214_scaffold_6205-processed-gene-0.4","Protein of unknown function"
"3517","ENA|OLKM01006206|OLKM01006206.1 4394","OLKM01006206.1",4395,"MeA_20160214_scaffold_6205","OLKM01006206.1","maker","gene",41,6542,".","+",".","ID=MEAE_00092700","MEAE_00092700","Alias=snap_masked-MeA_20160214_scaffold_6205-processed-gene-0.4","Protein of unknown function"
"3529","ENA|OLKM01006227|OLKM01006227.1 4549","OLKM01006227.1",4550,"MeA_20160214_scaffold_6226","OLKM01006227.1","maker","gene",4547,7027,".","+",".","ID=MEAE_00092743","MEAE_00092743","Alias=maker-MeA_20160214_scaffold_6226-augustus-gene-0.10","Protein of unknown function"
"3531","ENA|OLKM01006232|OLKM01006232.1 899","OLKM01006232.1",900,"MeA_20160214_scaffold_6231","OLKM01006232.1","maker","gene",119,2541,".","+",".","ID=MEAE_00092756","MEAE_00092756","Alias=maker-MeA_20160214_scaffold_6231-snap-gene-0.11","Protein of unknown function"
"3532","ENA|OLKM01006232|OLKM01006232.1 1132","OLKM01006232.1",1133,"MeA_20160214_scaffold_6231","OLKM01006232.1","maker","gene",119,2541,".","+",".","ID=MEAE_00092756","MEAE_00092756","Alias=maker-MeA_20160214_scaffold_6231-snap-gene-0.11","Protein of unknown function"
"3533","ENA|OLKM01006232|OLKM01006232.1 1263","OLKM01006232.1",1264,"MeA_20160214_scaffold_6231","OLKM01006232.1","maker","gene",119,2541,".","+",".","ID=MEAE_00092756","MEAE_00092756","Alias=maker-MeA_20160214_scaffold_6231-snap-gene-0.11","Protein of unknown function"
"3534","ENA|OLKM01006232|OLKM01006232.1 5292","OLKM01006232.1",5293,"MeA_20160214_scaffold_6231","OLKM01006232.1","maker","gene",5143,10028,".","+",".","ID=MEAE_00092758","MEAE_00092758","Alias=snap_masked-MeA_20160214_scaffold_6231-processed-gene-0.8","Protein of unknown function"
"3534.4","ENA|OLKM01006232|OLKM01006232.1 5292","OLKM01006232.1",5293,"MeA_20160214_scaffold_6231","OLKM01006232.1","maker","gene",1715,13002,".","-",".","ID=MEAE_00092757","MEAE_00092757","Alias=snap_masked-MeA_20160214_scaffold_6231-processed-gene-0.9","Protein of unknown function"
"3535","ENA|OLKM01006232|OLKM01006232.1 5308","OLKM01006232.1",5309,"MeA_20160214_scaffold_6231","OLKM01006232.1","maker","gene",5143,10028,".","+",".","ID=MEAE_00092758","MEAE_00092758","Alias=snap_masked-MeA_20160214_scaffold_6231-processed-gene-0.8","Protein of unknown function"
"3535.4","ENA|OLKM01006232|OLKM01006232.1 5308","OLKM01006232.1",5309,"MeA_20160214_scaffold_6231","OLKM01006232.1","maker","gene",1715,13002,".","-",".","ID=MEAE_00092757","MEAE_00092757","Alias=snap_masked-MeA_20160214_scaffold_6231-processed-gene-0.9","Protein of unknown function"
"3536","ENA|OLKM01006232|OLKM01006232.1 5314","OLKM01006232.1",5315,"MeA_20160214_scaffold_6231","OLKM01006232.1","maker","gene",5143,10028,".","+",".","ID=MEAE_00092758","MEAE_00092758","Alias=snap_masked-MeA_20160214_scaffold_6231-processed-gene-0.8","Protein of unknown function"
"3536.4","ENA|OLKM01006232|OLKM01006232.1 5314","OLKM01006232.1",5315,"MeA_20160214_scaffold_6231","OLKM01006232.1","maker","gene",1715,13002,".","-",".","ID=MEAE_00092757","MEAE_00092757","Alias=snap_masked-MeA_20160214_scaffold_6231-processed-gene-0.9","Protein of unknown function"
"3537","ENA|OLKM01006232|OLKM01006232.1 5528","OLKM01006232.1",5529,"MeA_20160214_scaffold_6231","OLKM01006232.1","maker","gene",5143,10028,".","+",".","ID=MEAE_00092758","MEAE_00092758","Alias=snap_masked-MeA_20160214_scaffold_6231-processed-gene-0.8","Protein of unknown function"
"3537.2","ENA|OLKM01006232|OLKM01006232.1 5528","OLKM01006232.1",5529,"MeA_20160214_scaffold_6231","OLKM01006232.1","maker","gene",1715,13002,".","-",".","ID=MEAE_00092757","MEAE_00092757","Alias=snap_masked-MeA_20160214_scaffold_6231-processed-gene-0.9","Protein of unknown function"
"3541","ENA|OLKM01006254|OLKM01006254.1 7076","OLKM01006254.1",7077,"MeA_20160214_scaffold_6253","OLKM01006254.1","maker","gene",1372,9782,".","+",".","ID=MEAE_00092807","MEAE_00092807","Alias=snap_masked-MeA_20160214_scaffold_6253-processed-gene-0.4","Protein of unknown function"
"3541.2","ENA|OLKM01006254|OLKM01006254.1 7076","OLKM01006254.1",7077,"MeA_20160214_scaffold_6253","OLKM01006254.1","maker","gene",6984,9721,".","-",".","ID=MEAE_00092808","MEAE_00092808","Alias=augustus_masked-MeA_20160214_scaffold_6253-processed-gene-0.3","Protein of unknown function"
"3548","ENA|OLKM01006267|OLKM01006267.1 4786","OLKM01006267.1",4787,"MeA_20160214_scaffold_6266","OLKM01006267.1","maker","gene",4787,7742,".","-",".","ID=MEAE_00092839","MEAE_00092839","Alias=augustus_masked-MeA_20160214_scaffold_6266-processed-gene-0.3","Protein of unknown function"
"3549","ENA|OLKM01006267|OLKM01006267.1 4903","OLKM01006267.1",4904,"MeA_20160214_scaffold_6266","OLKM01006267.1","maker","gene",4787,7742,".","-",".","ID=MEAE_00092839","MEAE_00092839","Alias=augustus_masked-MeA_20160214_scaffold_6266-processed-gene-0.3","Protein of unknown function"
"3550","ENA|OLKM01006287|OLKM01006287.1 1316","OLKM01006287.1",1317,"MeA_20160214_scaffold_6286","OLKM01006287.1","maker","gene",1,2327,".","+",".","ID=MEAE_00092887","MEAE_00092887","Alias=maker-MeA_20160214_scaffold_6286-augustus-gene-0.11","Similar to ZMYM1: Zinc finger MYM-type protein 1 (Homo sapiens)"
"3551","ENA|OLKM01006287|OLKM01006287.1 1413","OLKM01006287.1",1414,"MeA_20160214_scaffold_6286","OLKM01006287.1","maker","gene",1,2327,".","+",".","ID=MEAE_00092887","MEAE_00092887","Alias=maker-MeA_20160214_scaffold_6286-augustus-gene-0.11","Similar to ZMYM1: Zinc finger MYM-type protein 1 (Homo sapiens)"
"3555","ENA|OLKM01006299|OLKM01006299.1 4930","OLKM01006299.1",4931,"MeA_20160214_scaffold_6298","OLKM01006299.1","maker","gene",2651,13024,".","-",".","ID=MEAE_00092916","MEAE_00092916","Alias=snap_masked-MeA_20160214_scaffold_6298-processed-gene-0.3","Protein of unknown function"
"3556","ENA|OLKM01006299|OLKM01006299.1 5788","OLKM01006299.1",5789,"MeA_20160214_scaffold_6298","OLKM01006299.1","maker","gene",2651,13024,".","-",".","ID=MEAE_00092916","MEAE_00092916","Alias=snap_masked-MeA_20160214_scaffold_6298-processed-gene-0.3","Protein of unknown function"
"3560","ENA|OLKM01006321|OLKM01006321.1 4635","OLKM01006321.1",4636,"MeA_20160214_scaffold_6320","OLKM01006321.1","maker","gene",1297,9007,".","+",".","ID=MEAE_00092959","MEAE_00092959","Alias=maker-MeA_20160214_scaffold_6320-snap-gene-0.10","Similar to NLRC3: Protein NLRC3 (Homo sapiens)"
"3561","ENA|OLKM01006321|OLKM01006321.1 6919","OLKM01006321.1",6920,"MeA_20160214_scaffold_6320","OLKM01006321.1","maker","gene",1297,9007,".","+",".","ID=MEAE_00092959","MEAE_00092959","Alias=maker-MeA_20160214_scaffold_6320-snap-gene-0.10","Similar to NLRC3: Protein NLRC3 (Homo sapiens)"
"3562","ENA|OLKM01006321|OLKM01006321.1 6929","OLKM01006321.1",6930,"MeA_20160214_scaffold_6320","OLKM01006321.1","maker","gene",1297,9007,".","+",".","ID=MEAE_00092959","MEAE_00092959","Alias=maker-MeA_20160214_scaffold_6320-snap-gene-0.10","Similar to NLRC3: Protein NLRC3 (Homo sapiens)"
"3563","ENA|OLKM01006321|OLKM01006321.1 7470","OLKM01006321.1",7471,"MeA_20160214_scaffold_6320","OLKM01006321.1","maker","gene",1297,9007,".","+",".","ID=MEAE_00092959","MEAE_00092959","Alias=maker-MeA_20160214_scaffold_6320-snap-gene-0.10","Similar to NLRC3: Protein NLRC3 (Homo sapiens)"
"3568","ENA|OLKM01006330|OLKM01006330.1 10556","OLKM01006330.1",10557,"MeA_20160214_scaffold_6329","OLKM01006330.1","maker","gene",8780,12461,".","-",".","ID=MEAE_00092975","MEAE_00092975","Alias=snap_masked-MeA_20160214_scaffold_6329-processed-gene-0.3","Protein of unknown function"
"3578","ENA|OLKM01006347|OLKM01006347.1 6855","OLKM01006347.1",6856,"MeA_20160214_scaffold_6346","OLKM01006347.1","maker","gene",6706,6945,".","-",".","ID=MEAE_00092997","MEAE_00092997","Alias=augustus_masked-MeA_20160214_scaffold_6346-processed-gene-0.2","Protein of unknown function"
"3579","ENA|OLKM01006347|OLKM01006347.1 6906","OLKM01006347.1",6907,"MeA_20160214_scaffold_6346","OLKM01006347.1","maker","gene",6706,6945,".","-",".","ID=MEAE_00092997","MEAE_00092997","Alias=augustus_masked-MeA_20160214_scaffold_6346-processed-gene-0.2","Protein of unknown function"
"3580","ENA|OLKM01006347|OLKM01006347.1 8428","OLKM01006347.1",8429,"MeA_20160214_scaffold_6346","OLKM01006347.1","maker","gene",8110,11187,".","-",".","ID=MEAE_00092998","MEAE_00092998","Alias=augustus_masked-MeA_20160214_scaffold_6346-processed-gene-0.3","Protein of unknown function"
"3581","ENA|OLKM01006350|OLKM01006350.1 3317","OLKM01006350.1",3318,"MeA_20160214_scaffold_6349","OLKM01006350.1","maker","gene",2904,11678,".","-",".","ID=MEAE_00093001","MEAE_00093001","Alias=maker-MeA_20160214_scaffold_6349-snap-gene-0.7","Similar to Neoverrucotoxin subunit beta (Synanceia verrucosa)"
"3582","ENA|OLKM01006350|OLKM01006350.1 7737","OLKM01006350.1",7738,"MeA_20160214_scaffold_6349","OLKM01006350.1","maker","gene",2904,11678,".","-",".","ID=MEAE_00093001","MEAE_00093001","Alias=maker-MeA_20160214_scaffold_6349-snap-gene-0.7","Similar to Neoverrucotoxin subunit beta (Synanceia verrucosa)"
"3593","ENA|OLKM01006374|OLKM01006374.1 10431","OLKM01006374.1",10432,"MeA_20160214_scaffold_6373","OLKM01006374.1","maker","gene",9621,13992,".","+",".","ID=MEAE_00093062","MEAE_00093062","Alias=augustus_masked-MeA_20160214_scaffold_6373-processed-gene-0.9","Protein of unknown function"
"3593.2","ENA|OLKM01006374|OLKM01006374.1 10431","OLKM01006374.1",10432,"MeA_20160214_scaffold_6373","OLKM01006374.1","maker","gene",3164,13121,".","-",".","ID=MEAE_00093059","MEAE_00093059","Alias=snap_masked-MeA_20160214_scaffold_6373-processed-gene-0.13","Protein of unknown function"
"3594","ENA|OLKM01006374|OLKM01006374.1 10794","OLKM01006374.1",10795,"MeA_20160214_scaffold_6373","OLKM01006374.1","maker","gene",9621,13992,".","+",".","ID=MEAE_00093062","MEAE_00093062","Alias=augustus_masked-MeA_20160214_scaffold_6373-processed-gene-0.9","Protein of unknown function"
"3594.2","ENA|OLKM01006374|OLKM01006374.1 10794","OLKM01006374.1",10795,"MeA_20160214_scaffold_6373","OLKM01006374.1","maker","gene",3164,13121,".","-",".","ID=MEAE_00093059","MEAE_00093059","Alias=snap_masked-MeA_20160214_scaffold_6373-processed-gene-0.13","Protein of unknown function"
"3595","ENA|OLKM01006374|OLKM01006374.1 10798","OLKM01006374.1",10799,"MeA_20160214_scaffold_6373","OLKM01006374.1","maker","gene",9621,13992,".","+",".","ID=MEAE_00093062","MEAE_00093062","Alias=augustus_masked-MeA_20160214_scaffold_6373-processed-gene-0.9","Protein of unknown function"
"3595.2","ENA|OLKM01006374|OLKM01006374.1 10798","OLKM01006374.1",10799,"MeA_20160214_scaffold_6373","OLKM01006374.1","maker","gene",3164,13121,".","-",".","ID=MEAE_00093059","MEAE_00093059","Alias=snap_masked-MeA_20160214_scaffold_6373-processed-gene-0.13","Protein of unknown function"
"3596","ENA|OLKM01006383|OLKM01006383.1 1860","OLKM01006383.1",1861,"MeA_20160214_scaffold_6382","OLKM01006383.1","maker","gene",1552,2828,".","+",".","ID=MEAE_00093080","MEAE_00093080","Alias=maker-MeA_20160214_scaffold_6382-augustus-gene-0.11","Similar to ZNF862: Zinc finger protein 862 (Homo sapiens)"
"3597","ENA|OLKM01006384|OLKM01006384.1 1268","OLKM01006384.1",1269,"MeA_20160214_scaffold_6383","OLKM01006384.1","maker","gene",72,14131,".","+",".","ID=MEAE_00093084","MEAE_00093084","Alias=augustus_masked-MeA_20160214_scaffold_6383-processed-gene-0.4","Protein of unknown function"
"3598","ENA|OLKM01006384|OLKM01006384.1 1449","OLKM01006384.1",1450,"MeA_20160214_scaffold_6383","OLKM01006384.1","maker","gene",72,14131,".","+",".","ID=MEAE_00093084","MEAE_00093084","Alias=augustus_masked-MeA_20160214_scaffold_6383-processed-gene-0.4","Protein of unknown function"
"3599","ENA|OLKM01006384|OLKM01006384.1 1457","OLKM01006384.1",1458,"MeA_20160214_scaffold_6383","OLKM01006384.1","maker","gene",72,14131,".","+",".","ID=MEAE_00093084","MEAE_00093084","Alias=augustus_masked-MeA_20160214_scaffold_6383-processed-gene-0.4","Protein of unknown function"
"3600","ENA|OLKM01006384|OLKM01006384.1 1538","OLKM01006384.1",1539,"MeA_20160214_scaffold_6383","OLKM01006384.1","maker","gene",72,14131,".","+",".","ID=MEAE_00093084","MEAE_00093084","Alias=augustus_masked-MeA_20160214_scaffold_6383-processed-gene-0.4","Protein of unknown function"
"3601","ENA|OLKM01006384|OLKM01006384.1 2120","OLKM01006384.1",2121,"MeA_20160214_scaffold_6383","OLKM01006384.1","maker","gene",72,14131,".","+",".","ID=MEAE_00093084","MEAE_00093084","Alias=augustus_masked-MeA_20160214_scaffold_6383-processed-gene-0.4","Protein of unknown function"
"3602","ENA|OLKM01006384|OLKM01006384.1 2169","OLKM01006384.1",2170,"MeA_20160214_scaffold_6383","OLKM01006384.1","maker","gene",72,14131,".","+",".","ID=MEAE_00093084","MEAE_00093084","Alias=augustus_masked-MeA_20160214_scaffold_6383-processed-gene-0.4","Protein of unknown function"
"3603","ENA|OLKM01006384|OLKM01006384.1 3577","OLKM01006384.1",3578,"MeA_20160214_scaffold_6383","OLKM01006384.1","maker","gene",72,14131,".","+",".","ID=MEAE_00093084","MEAE_00093084","Alias=augustus_masked-MeA_20160214_scaffold_6383-processed-gene-0.4","Protein of unknown function"
"3604","ENA|OLKM01006384|OLKM01006384.1 3632","OLKM01006384.1",3633,"MeA_20160214_scaffold_6383","OLKM01006384.1","maker","gene",72,14131,".","+",".","ID=MEAE_00093084","MEAE_00093084","Alias=augustus_masked-MeA_20160214_scaffold_6383-processed-gene-0.4","Protein of unknown function"
"3615","ENA|OLKM01006415|OLKM01006415.1 3836","OLKM01006415.1",3837,"MeA_20160214_scaffold_6414","OLKM01006415.1","maker","gene",1429,3859,".","-",".","ID=MEAE_00093137","MEAE_00093137","Alias=augustus_masked-MeA_20160214_scaffold_6414-processed-gene-0.3","Protein of unknown function"
"3619","ENA|OLKM01006419|OLKM01006419.1 3213","OLKM01006419.1",3214,"MeA_20160214_scaffold_6418","OLKM01006419.1","maker","gene",1069,4758,".","-",".","ID=MEAE_00093143","MEAE_00093143","Alias=augustus_masked-MeA_20160214_scaffold_6418-processed-gene-0.4","Protein of unknown function"
"3620","ENA|OLKM01006419|OLKM01006419.1 4245","OLKM01006419.1",4246,"MeA_20160214_scaffold_6418","OLKM01006419.1","maker","gene",1069,4758,".","-",".","ID=MEAE_00093143","MEAE_00093143","Alias=augustus_masked-MeA_20160214_scaffold_6418-processed-gene-0.4","Protein of unknown function"
"3621","ENA|OLKM01006419|OLKM01006419.1 4256","OLKM01006419.1",4257,"MeA_20160214_scaffold_6418","OLKM01006419.1","maker","gene",1069,4758,".","-",".","ID=MEAE_00093143","MEAE_00093143","Alias=augustus_masked-MeA_20160214_scaffold_6418-processed-gene-0.4","Protein of unknown function"
"3622","ENA|OLKM01006422|OLKM01006422.1 4862","OLKM01006422.1",4863,"MeA_20160214_scaffold_6421","OLKM01006422.1","maker","gene",2811,9240,".","+",".","ID=MEAE_00093151","MEAE_00093151","Alias=augustus_masked-MeA_20160214_scaffold_6421-processed-gene-0.6","Protein of unknown function"
"3624","ENA|OLKM01006429|OLKM01006429.1 10781","OLKM01006429.1",10782,"MeA_20160214_scaffold_6428","OLKM01006429.1","maker","gene",2242,14232,".","-",".","ID=MEAE_00093170","MEAE_00093170","Alias=maker-MeA_20160214_scaffold_6428-augustus-gene-0.9","Similar to NLRC3: Protein NLRC3 (Homo sapiens)"
"3625","ENA|OLKM01006429|OLKM01006429.1 12355","OLKM01006429.1",12356,"MeA_20160214_scaffold_6428","OLKM01006429.1","maker","gene",2242,14232,".","-",".","ID=MEAE_00093170","MEAE_00093170","Alias=maker-MeA_20160214_scaffold_6428-augustus-gene-0.9","Similar to NLRC3: Protein NLRC3 (Homo sapiens)"
"3635","ENA|OLKM01006440|OLKM01006440.1 8178","OLKM01006440.1",8179,"MeA_20160214_scaffold_6439","OLKM01006440.1","maker","gene",7928,10674,".","-",".","ID=MEAE_00093192","MEAE_00093192","Alias=snap_masked-MeA_20160214_scaffold_6439-processed-gene-0.6","Protein of unknown function"
"3636","ENA|OLKM01006440|OLKM01006440.1 8522","OLKM01006440.1",8523,"MeA_20160214_scaffold_6439","OLKM01006440.1","maker","gene",7928,10674,".","-",".","ID=MEAE_00093192","MEAE_00093192","Alias=snap_masked-MeA_20160214_scaffold_6439-processed-gene-0.6","Protein of unknown function"
"3637","ENA|OLKM01006440|OLKM01006440.1 8561","OLKM01006440.1",8562,"MeA_20160214_scaffold_6439","OLKM01006440.1","maker","gene",7928,10674,".","-",".","ID=MEAE_00093192","MEAE_00093192","Alias=snap_masked-MeA_20160214_scaffold_6439-processed-gene-0.6","Protein of unknown function"
"3638","ENA|OLKM01006440|OLKM01006440.1 8565","OLKM01006440.1",8566,"MeA_20160214_scaffold_6439","OLKM01006440.1","maker","gene",7928,10674,".","-",".","ID=MEAE_00093192","MEAE_00093192","Alias=snap_masked-MeA_20160214_scaffold_6439-processed-gene-0.6","Protein of unknown function"
"3639","ENA|OLKM01006440|OLKM01006440.1 8604","OLKM01006440.1",8605,"MeA_20160214_scaffold_6439","OLKM01006440.1","maker","gene",7928,10674,".","-",".","ID=MEAE_00093192","MEAE_00093192","Alias=snap_masked-MeA_20160214_scaffold_6439-processed-gene-0.6","Protein of unknown function"
"3640","ENA|OLKM01006440|OLKM01006440.1 9054","OLKM01006440.1",9055,"MeA_20160214_scaffold_6439","OLKM01006440.1","maker","gene",8990,12471,".","+",".","ID=MEAE_00093193","MEAE_00093193","Alias=augustus_masked-MeA_20160214_scaffold_6439-processed-gene-0.3","Protein of unknown function"
"3640.4","ENA|OLKM01006440|OLKM01006440.1 9054","OLKM01006440.1",9055,"MeA_20160214_scaffold_6439","OLKM01006440.1","maker","gene",7928,10674,".","-",".","ID=MEAE_00093192","MEAE_00093192","Alias=snap_masked-MeA_20160214_scaffold_6439-processed-gene-0.6","Protein of unknown function"
"3641","ENA|OLKM01006440|OLKM01006440.1 9349","OLKM01006440.1",9350,"MeA_20160214_scaffold_6439","OLKM01006440.1","maker","gene",8990,12471,".","+",".","ID=MEAE_00093193","MEAE_00093193","Alias=augustus_masked-MeA_20160214_scaffold_6439-processed-gene-0.3","Protein of unknown function"
"3641.2","ENA|OLKM01006440|OLKM01006440.1 9349","OLKM01006440.1",9350,"MeA_20160214_scaffold_6439","OLKM01006440.1","maker","gene",7928,10674,".","-",".","ID=MEAE_00093192","MEAE_00093192","Alias=snap_masked-MeA_20160214_scaffold_6439-processed-gene-0.6","Protein of unknown function"
"3642","ENA|OLKM01006440|OLKM01006440.1 9351","OLKM01006440.1",9352,"MeA_20160214_scaffold_6439","OLKM01006440.1","maker","gene",8990,12471,".","+",".","ID=MEAE_00093193","MEAE_00093193","Alias=augustus_masked-MeA_20160214_scaffold_6439-processed-gene-0.3","Protein of unknown function"
"3642.2","ENA|OLKM01006440|OLKM01006440.1 9351","OLKM01006440.1",9352,"MeA_20160214_scaffold_6439","OLKM01006440.1","maker","gene",7928,10674,".","-",".","ID=MEAE_00093192","MEAE_00093192","Alias=snap_masked-MeA_20160214_scaffold_6439-processed-gene-0.6","Protein of unknown function"
"3643","ENA|OLKM01006440|OLKM01006440.1 9480","OLKM01006440.1",9481,"MeA_20160214_scaffold_6439","OLKM01006440.1","maker","gene",8990,12471,".","+",".","ID=MEAE_00093193","MEAE_00093193","Alias=augustus_masked-MeA_20160214_scaffold_6439-processed-gene-0.3","Protein of unknown function"
"3643.2","ENA|OLKM01006440|OLKM01006440.1 9480","OLKM01006440.1",9481,"MeA_20160214_scaffold_6439","OLKM01006440.1","maker","gene",7928,10674,".","-",".","ID=MEAE_00093192","MEAE_00093192","Alias=snap_masked-MeA_20160214_scaffold_6439-processed-gene-0.6","Protein of unknown function"
"3644","ENA|OLKM01006440|OLKM01006440.1 9882","OLKM01006440.1",9883,"MeA_20160214_scaffold_6439","OLKM01006440.1","maker","gene",8990,12471,".","+",".","ID=MEAE_00093193","MEAE_00093193","Alias=augustus_masked-MeA_20160214_scaffold_6439-processed-gene-0.3","Protein of unknown function"
"3644.2","ENA|OLKM01006440|OLKM01006440.1 9882","OLKM01006440.1",9883,"MeA_20160214_scaffold_6439","OLKM01006440.1","maker","gene",7928,10674,".","-",".","ID=MEAE_00093192","MEAE_00093192","Alias=snap_masked-MeA_20160214_scaffold_6439-processed-gene-0.6","Protein of unknown function"
"3645","ENA|OLKM01006440|OLKM01006440.1 10088","OLKM01006440.1",10089,"MeA_20160214_scaffold_6439","OLKM01006440.1","maker","gene",8990,12471,".","+",".","ID=MEAE_00093193","MEAE_00093193","Alias=augustus_masked-MeA_20160214_scaffold_6439-processed-gene-0.3","Protein of unknown function"
"3645.2","ENA|OLKM01006440|OLKM01006440.1 10088","OLKM01006440.1",10089,"MeA_20160214_scaffold_6439","OLKM01006440.1","maker","gene",7928,10674,".","-",".","ID=MEAE_00093192","MEAE_00093192","Alias=snap_masked-MeA_20160214_scaffold_6439-processed-gene-0.6","Protein of unknown function"
"3646","ENA|OLKM01006440|OLKM01006440.1 10170","OLKM01006440.1",10171,"MeA_20160214_scaffold_6439","OLKM01006440.1","maker","gene",8990,12471,".","+",".","ID=MEAE_00093193","MEAE_00093193","Alias=augustus_masked-MeA_20160214_scaffold_6439-processed-gene-0.3","Protein of unknown function"
"3646.2","ENA|OLKM01006440|OLKM01006440.1 10170","OLKM01006440.1",10171,"MeA_20160214_scaffold_6439","OLKM01006440.1","maker","gene",7928,10674,".","-",".","ID=MEAE_00093192","MEAE_00093192","Alias=snap_masked-MeA_20160214_scaffold_6439-processed-gene-0.6","Protein of unknown function"
"3647","ENA|OLKM01006440|OLKM01006440.1 10182","OLKM01006440.1",10183,"MeA_20160214_scaffold_6439","OLKM01006440.1","maker","gene",8990,12471,".","+",".","ID=MEAE_00093193","MEAE_00093193","Alias=augustus_masked-MeA_20160214_scaffold_6439-processed-gene-0.3","Protein of unknown function"
"3647.2","ENA|OLKM01006440|OLKM01006440.1 10182","OLKM01006440.1",10183,"MeA_20160214_scaffold_6439","OLKM01006440.1","maker","gene",7928,10674,".","-",".","ID=MEAE_00093192","MEAE_00093192","Alias=snap_masked-MeA_20160214_scaffold_6439-processed-gene-0.6","Protein of unknown function"
"3648","ENA|OLKM01006440|OLKM01006440.1 10233","OLKM01006440.1",10234,"MeA_20160214_scaffold_6439","OLKM01006440.1","maker","gene",8990,12471,".","+",".","ID=MEAE_00093193","MEAE_00093193","Alias=augustus_masked-MeA_20160214_scaffold_6439-processed-gene-0.3","Protein of unknown function"
"3648.2","ENA|OLKM01006440|OLKM01006440.1 10233","OLKM01006440.1",10234,"MeA_20160214_scaffold_6439","OLKM01006440.1","maker","gene",7928,10674,".","-",".","ID=MEAE_00093192","MEAE_00093192","Alias=snap_masked-MeA_20160214_scaffold_6439-processed-gene-0.6","Protein of unknown function"
"3649","ENA|OLKM01006440|OLKM01006440.1 10285","OLKM01006440.1",10286,"MeA_20160214_scaffold_6439","OLKM01006440.1","maker","gene",8990,12471,".","+",".","ID=MEAE_00093193","MEAE_00093193","Alias=augustus_masked-MeA_20160214_scaffold_6439-processed-gene-0.3","Protein of unknown function"
"3649.2","ENA|OLKM01006440|OLKM01006440.1 10285","OLKM01006440.1",10286,"MeA_20160214_scaffold_6439","OLKM01006440.1","maker","gene",7928,10674,".","-",".","ID=MEAE_00093192","MEAE_00093192","Alias=snap_masked-MeA_20160214_scaffold_6439-processed-gene-0.6","Protein of unknown function"
"3650","ENA|OLKM01006440|OLKM01006440.1 10414","OLKM01006440.1",10415,"MeA_20160214_scaffold_6439","OLKM01006440.1","maker","gene",8990,12471,".","+",".","ID=MEAE_00093193","MEAE_00093193","Alias=augustus_masked-MeA_20160214_scaffold_6439-processed-gene-0.3","Protein of unknown function"
"3650.2","ENA|OLKM01006440|OLKM01006440.1 10414","OLKM01006440.1",10415,"MeA_20160214_scaffold_6439","OLKM01006440.1","maker","gene",7928,10674,".","-",".","ID=MEAE_00093192","MEAE_00093192","Alias=snap_masked-MeA_20160214_scaffold_6439-processed-gene-0.6","Protein of unknown function"
"3651","ENA|OLKM01006440|OLKM01006440.1 10493","OLKM01006440.1",10494,"MeA_20160214_scaffold_6439","OLKM01006440.1","maker","gene",8990,12471,".","+",".","ID=MEAE_00093193","MEAE_00093193","Alias=augustus_masked-MeA_20160214_scaffold_6439-processed-gene-0.3","Protein of unknown function"
"3651.2","ENA|OLKM01006440|OLKM01006440.1 10493","OLKM01006440.1",10494,"MeA_20160214_scaffold_6439","OLKM01006440.1","maker","gene",7928,10674,".","-",".","ID=MEAE_00093192","MEAE_00093192","Alias=snap_masked-MeA_20160214_scaffold_6439-processed-gene-0.6","Protein of unknown function"
"3652","ENA|OLKM01006440|OLKM01006440.1 10507","OLKM01006440.1",10508,"MeA_20160214_scaffold_6439","OLKM01006440.1","maker","gene",8990,12471,".","+",".","ID=MEAE_00093193","MEAE_00093193","Alias=augustus_masked-MeA_20160214_scaffold_6439-processed-gene-0.3","Protein of unknown function"
"3652.2","ENA|OLKM01006440|OLKM01006440.1 10507","OLKM01006440.1",10508,"MeA_20160214_scaffold_6439","OLKM01006440.1","maker","gene",7928,10674,".","-",".","ID=MEAE_00093192","MEAE_00093192","Alias=snap_masked-MeA_20160214_scaffold_6439-processed-gene-0.6","Protein of unknown function"
"3653","ENA|OLKM01006440|OLKM01006440.1 10665","OLKM01006440.1",10666,"MeA_20160214_scaffold_6439","OLKM01006440.1","maker","gene",8990,12471,".","+",".","ID=MEAE_00093193","MEAE_00093193","Alias=augustus_masked-MeA_20160214_scaffold_6439-processed-gene-0.3","Protein of unknown function"
"3653.4","ENA|OLKM01006440|OLKM01006440.1 10665","OLKM01006440.1",10666,"MeA_20160214_scaffold_6439","OLKM01006440.1","maker","gene",7928,10674,".","-",".","ID=MEAE_00093192","MEAE_00093192","Alias=snap_masked-MeA_20160214_scaffold_6439-processed-gene-0.6","Protein of unknown function"
"3654","ENA|OLKM01006447|OLKM01006447.1 4003","OLKM01006447.1",4004,"MeA_20160214_scaffold_6446","OLKM01006447.1","maker","gene",557,10128,".","-",".","ID=MEAE_00093207","MEAE_00093207","Alias=maker-MeA_20160214_scaffold_6446-snap-gene-0.7","Protein of unknown function"
"3654.2","ENA|OLKM01006447|OLKM01006447.1 4003","OLKM01006447.1",4004,"MeA_20160214_scaffold_6446","OLKM01006447.1","maker","gene",2848,10138,".","+",".","ID=MEAE_00093208","MEAE_00093208","Alias=snap_masked-MeA_20160214_scaffold_6446-processed-gene-0.4","Protein of unknown function"
"3657","ENA|OLKM01006450|OLKM01006450.1 481","OLKM01006450.1",482,"MeA_20160214_scaffold_6449","OLKM01006450.1","maker","gene",384,4556,".","+",".","ID=MEAE_00093211","MEAE_00093211","Alias=snap_masked-MeA_20160214_scaffold_6449-processed-gene-0.6","Protein of unknown function"
"3658","ENA|OLKM01006450|OLKM01006450.1 515","OLKM01006450.1",516,"MeA_20160214_scaffold_6449","OLKM01006450.1","maker","gene",384,4556,".","+",".","ID=MEAE_00093211","MEAE_00093211","Alias=snap_masked-MeA_20160214_scaffold_6449-processed-gene-0.6","Protein of unknown function"
"3659","ENA|OLKM01006450|OLKM01006450.1 1352","OLKM01006450.1",1353,"MeA_20160214_scaffold_6449","OLKM01006450.1","maker","gene",384,4556,".","+",".","ID=MEAE_00093211","MEAE_00093211","Alias=snap_masked-MeA_20160214_scaffold_6449-processed-gene-0.6","Protein of unknown function"
"3660","ENA|OLKM01006462|OLKM01006462.1 2582","OLKM01006462.1",2583,"MeA_20160214_scaffold_6461","OLKM01006462.1","maker","gene",1974,4050,".","-",".","ID=MEAE_00093234","MEAE_00093234","Alias=genemark-MeA_20160214_scaffold_6461-processed-gene-0.1","Protein of unknown function"
"3661","ENA|OLKM01006462|OLKM01006462.1 3055","OLKM01006462.1",3056,"MeA_20160214_scaffold_6461","OLKM01006462.1","maker","gene",1974,4050,".","-",".","ID=MEAE_00093234","MEAE_00093234","Alias=genemark-MeA_20160214_scaffold_6461-processed-gene-0.1","Protein of unknown function"
"3662","ENA|OLKM01006462|OLKM01006462.1 3829","OLKM01006462.1",3830,"MeA_20160214_scaffold_6461","OLKM01006462.1","maker","gene",1974,4050,".","-",".","ID=MEAE_00093234","MEAE_00093234","Alias=genemark-MeA_20160214_scaffold_6461-processed-gene-0.1","Protein of unknown function"
"3663","ENA|OLKM01006462|OLKM01006462.1 6187","OLKM01006462.1",6188,"MeA_20160214_scaffold_6461","OLKM01006462.1","maker","gene",4888,8776,".","+",".","ID=MEAE_00093235","MEAE_00093235","Alias=maker-MeA_20160214_scaffold_6461-snap-gene-0.7","Protein of unknown function"
"3677","ENA|OLKM01006484|OLKM01006484.1 1477","OLKM01006484.1",1478,"MeA_20160214_scaffold_6483","OLKM01006484.1","maker","gene",663,10113,".","-",".","ID=MEAE_00093292","MEAE_00093292","Alias=maker-MeA_20160214_scaffold_6483-augustus-gene-0.7","Protein of unknown function"
"3678","ENA|OLKM01006484|OLKM01006484.1 1485","OLKM01006484.1",1486,"MeA_20160214_scaffold_6483","OLKM01006484.1","maker","gene",663,10113,".","-",".","ID=MEAE_00093292","MEAE_00093292","Alias=maker-MeA_20160214_scaffold_6483-augustus-gene-0.7","Protein of unknown function"
"3679","ENA|OLKM01006484|OLKM01006484.1 1546","OLKM01006484.1",1547,"MeA_20160214_scaffold_6483","OLKM01006484.1","maker","gene",663,10113,".","-",".","ID=MEAE_00093292","MEAE_00093292","Alias=maker-MeA_20160214_scaffold_6483-augustus-gene-0.7","Protein of unknown function"
"3680","ENA|OLKM01006484|OLKM01006484.1 1621","OLKM01006484.1",1622,"MeA_20160214_scaffold_6483","OLKM01006484.1","maker","gene",663,10113,".","-",".","ID=MEAE_00093292","MEAE_00093292","Alias=maker-MeA_20160214_scaffold_6483-augustus-gene-0.7","Protein of unknown function"
"3681","ENA|OLKM01006484|OLKM01006484.1 1681","OLKM01006484.1",1682,"MeA_20160214_scaffold_6483","OLKM01006484.1","maker","gene",663,10113,".","-",".","ID=MEAE_00093292","MEAE_00093292","Alias=maker-MeA_20160214_scaffold_6483-augustus-gene-0.7","Protein of unknown function"
"3682","ENA|OLKM01006484|OLKM01006484.1 1683","OLKM01006484.1",1684,"MeA_20160214_scaffold_6483","OLKM01006484.1","maker","gene",663,10113,".","-",".","ID=MEAE_00093292","MEAE_00093292","Alias=maker-MeA_20160214_scaffold_6483-augustus-gene-0.7","Protein of unknown function"
"3683","ENA|OLKM01006484|OLKM01006484.1 1900","OLKM01006484.1",1901,"MeA_20160214_scaffold_6483","OLKM01006484.1","maker","gene",663,10113,".","-",".","ID=MEAE_00093292","MEAE_00093292","Alias=maker-MeA_20160214_scaffold_6483-augustus-gene-0.7","Protein of unknown function"
"3684","ENA|OLKM01006484|OLKM01006484.1 1993","OLKM01006484.1",1994,"MeA_20160214_scaffold_6483","OLKM01006484.1","maker","gene",663,10113,".","-",".","ID=MEAE_00093292","MEAE_00093292","Alias=maker-MeA_20160214_scaffold_6483-augustus-gene-0.7","Protein of unknown function"
"3685","ENA|OLKM01006484|OLKM01006484.1 2003","OLKM01006484.1",2004,"MeA_20160214_scaffold_6483","OLKM01006484.1","maker","gene",663,10113,".","-",".","ID=MEAE_00093292","MEAE_00093292","Alias=maker-MeA_20160214_scaffold_6483-augustus-gene-0.7","Protein of unknown function"
"3686","ENA|OLKM01006484|OLKM01006484.1 2092","OLKM01006484.1",2093,"MeA_20160214_scaffold_6483","OLKM01006484.1","maker","gene",663,10113,".","-",".","ID=MEAE_00093292","MEAE_00093292","Alias=maker-MeA_20160214_scaffold_6483-augustus-gene-0.7","Protein of unknown function"
"3687","ENA|OLKM01006484|OLKM01006484.1 3002","OLKM01006484.1",3003,"MeA_20160214_scaffold_6483","OLKM01006484.1","maker","gene",663,10113,".","-",".","ID=MEAE_00093292","MEAE_00093292","Alias=maker-MeA_20160214_scaffold_6483-augustus-gene-0.7","Protein of unknown function"
"3688","ENA|OLKM01006484|OLKM01006484.1 3199","OLKM01006484.1",3200,"MeA_20160214_scaffold_6483","OLKM01006484.1","maker","gene",663,10113,".","-",".","ID=MEAE_00093292","MEAE_00093292","Alias=maker-MeA_20160214_scaffold_6483-augustus-gene-0.7","Protein of unknown function"
"3689","ENA|OLKM01006484|OLKM01006484.1 3265","OLKM01006484.1",3266,"MeA_20160214_scaffold_6483","OLKM01006484.1","maker","gene",663,10113,".","-",".","ID=MEAE_00093292","MEAE_00093292","Alias=maker-MeA_20160214_scaffold_6483-augustus-gene-0.7","Protein of unknown function"
"3690","ENA|OLKM01006484|OLKM01006484.1 3572","OLKM01006484.1",3573,"MeA_20160214_scaffold_6483","OLKM01006484.1","maker","gene",663,10113,".","-",".","ID=MEAE_00093292","MEAE_00093292","Alias=maker-MeA_20160214_scaffold_6483-augustus-gene-0.7","Protein of unknown function"
"3691","ENA|OLKM01006484|OLKM01006484.1 3605","OLKM01006484.1",3606,"MeA_20160214_scaffold_6483","OLKM01006484.1","maker","gene",663,10113,".","-",".","ID=MEAE_00093292","MEAE_00093292","Alias=maker-MeA_20160214_scaffold_6483-augustus-gene-0.7","Protein of unknown function"
"3692","ENA|OLKM01006484|OLKM01006484.1 3660","OLKM01006484.1",3661,"MeA_20160214_scaffold_6483","OLKM01006484.1","maker","gene",663,10113,".","-",".","ID=MEAE_00093292","MEAE_00093292","Alias=maker-MeA_20160214_scaffold_6483-augustus-gene-0.7","Protein of unknown function"
"3693","ENA|OLKM01006484|OLKM01006484.1 3689","OLKM01006484.1",3690,"MeA_20160214_scaffold_6483","OLKM01006484.1","maker","gene",663,10113,".","-",".","ID=MEAE_00093292","MEAE_00093292","Alias=maker-MeA_20160214_scaffold_6483-augustus-gene-0.7","Protein of unknown function"
"3694","ENA|OLKM01006484|OLKM01006484.1 4036","OLKM01006484.1",4037,"MeA_20160214_scaffold_6483","OLKM01006484.1","maker","gene",663,10113,".","-",".","ID=MEAE_00093292","MEAE_00093292","Alias=maker-MeA_20160214_scaffold_6483-augustus-gene-0.7","Protein of unknown function"
"3695","ENA|OLKM01006484|OLKM01006484.1 8990","OLKM01006484.1",8991,"MeA_20160214_scaffold_6483","OLKM01006484.1","maker","gene",663,10113,".","-",".","ID=MEAE_00093292","MEAE_00093292","Alias=maker-MeA_20160214_scaffold_6483-augustus-gene-0.7","Protein of unknown function"
"3695.2","ENA|OLKM01006484|OLKM01006484.1 8990","OLKM01006484.1",8991,"MeA_20160214_scaffold_6483","OLKM01006484.1","maker","gene",4246,13835,".","+",".","ID=MEAE_00093293","MEAE_00093293","Alias=snap_masked-MeA_20160214_scaffold_6483-processed-gene-0.4","Similar to Ttn: Titin (Mus musculus)"
"3696","ENA|OLKM01006493|OLKM01006493.1 1192","OLKM01006493.1",1193,"MeA_20160214_scaffold_6492","OLKM01006493.1","maker","gene",646,2953,".","+",".","ID=MEAE_00093303","MEAE_00093303","Alias=snap_masked-MeA_20160214_scaffold_6492-processed-gene-0.3","Protein of unknown function"
"3697","ENA|OLKM01006493|OLKM01006493.1 1568","OLKM01006493.1",1569,"MeA_20160214_scaffold_6492","OLKM01006493.1","maker","gene",646,2953,".","+",".","ID=MEAE_00093303","MEAE_00093303","Alias=snap_masked-MeA_20160214_scaffold_6492-processed-gene-0.3","Protein of unknown function"
"3698","ENA|OLKM01006493|OLKM01006493.1 2592","OLKM01006493.1",2593,"MeA_20160214_scaffold_6492","OLKM01006493.1","maker","gene",646,2953,".","+",".","ID=MEAE_00093303","MEAE_00093303","Alias=snap_masked-MeA_20160214_scaffold_6492-processed-gene-0.3","Protein of unknown function"
"3700","ENA|OLKM01006525|OLKM01006525.1 8365","OLKM01006525.1",8366,"MeA_20160214_scaffold_6524","OLKM01006525.1","maker","gene",1590,8786,".","-",".","ID=MEAE_00093375","MEAE_00093375","Alias=maker-MeA_20160214_scaffold_6524-snap-gene-0.5","Similar to Deaf1: Deformed epidermal autoregulatory factor 1 (Drosophila melanogaster)"
"3701","ENA|OLKM01006525|OLKM01006525.1 8448","OLKM01006525.1",8449,"MeA_20160214_scaffold_6524","OLKM01006525.1","maker","gene",1590,8786,".","-",".","ID=MEAE_00093375","MEAE_00093375","Alias=maker-MeA_20160214_scaffold_6524-snap-gene-0.5","Similar to Deaf1: Deformed epidermal autoregulatory factor 1 (Drosophila melanogaster)"
"3706","ENA|OLKM01006539|OLKM01006539.1 1464","OLKM01006539.1",1465,"MeA_20160214_scaffold_6538","OLKM01006539.1","maker","gene",1384,6821,".","-",".","ID=MEAE_00093395","MEAE_00093395","Alias=snap_masked-MeA_20160214_scaffold_6538-processed-gene-0.5","Protein of unknown function"
"3716","ENA|OLKM01006540|OLKM01006540.1 9325","OLKM01006540.1",9326,"MeA_20160214_scaffold_6539","OLKM01006540.1","maker","gene",1703,13116,".","-",".","ID=MEAE_00093396","MEAE_00093396","Alias=snap_masked-MeA_20160214_scaffold_6539-processed-gene-0.7","Protein of unknown function"
"3718","ENA|OLKM01006547|OLKM01006547.1 3033","OLKM01006547.1",3034,"MeA_20160214_scaffold_6546","OLKM01006547.1","maker","gene",3029,5589,".","+",".","ID=MEAE_00093410","MEAE_00093410","Alias=maker-MeA_20160214_scaffold_6546-augustus-gene-0.5","Protein of unknown function"
"3719","ENA|OLKM01006547|OLKM01006547.1 3143","OLKM01006547.1",3144,"MeA_20160214_scaffold_6546","OLKM01006547.1","maker","gene",3029,5589,".","+",".","ID=MEAE_00093410","MEAE_00093410","Alias=maker-MeA_20160214_scaffold_6546-augustus-gene-0.5","Protein of unknown function"
"3720","ENA|OLKM01006547|OLKM01006547.1 3193","OLKM01006547.1",3194,"MeA_20160214_scaffold_6546","OLKM01006547.1","maker","gene",3029,5589,".","+",".","ID=MEAE_00093410","MEAE_00093410","Alias=maker-MeA_20160214_scaffold_6546-augustus-gene-0.5","Protein of unknown function"
"3721","ENA|OLKM01006547|OLKM01006547.1 3205","OLKM01006547.1",3206,"MeA_20160214_scaffold_6546","OLKM01006547.1","maker","gene",3029,5589,".","+",".","ID=MEAE_00093410","MEAE_00093410","Alias=maker-MeA_20160214_scaffold_6546-augustus-gene-0.5","Protein of unknown function"
"3722","ENA|OLKM01006547|OLKM01006547.1 3276","OLKM01006547.1",3277,"MeA_20160214_scaffold_6546","OLKM01006547.1","maker","gene",3029,5589,".","+",".","ID=MEAE_00093410","MEAE_00093410","Alias=maker-MeA_20160214_scaffold_6546-augustus-gene-0.5","Protein of unknown function"
"3723","ENA|OLKM01006547|OLKM01006547.1 4530","OLKM01006547.1",4531,"MeA_20160214_scaffold_6546","OLKM01006547.1","maker","gene",3029,5589,".","+",".","ID=MEAE_00093410","MEAE_00093410","Alias=maker-MeA_20160214_scaffold_6546-augustus-gene-0.5","Protein of unknown function"
"3727","ENA|OLKM01006555|OLKM01006555.1 79","OLKM01006555.1",80,"MeA_20160214_scaffold_6554","OLKM01006555.1","maker","gene",2,244,".","-",".","ID=MEAE_00093425","MEAE_00093425","Alias=augustus_masked-MeA_20160214_scaffold_6554-processed-gene-0.2","Protein of unknown function"
"3729","ENA|OLKM01006559|OLKM01006559.1 1897","OLKM01006559.1",1898,"MeA_20160214_scaffold_6558","OLKM01006559.1","maker","gene",1095,5954,".","+",".","ID=MEAE_00093431","MEAE_00093431","Alias=maker-MeA_20160214_scaffold_6558-snap-gene-0.9","Similar to Vwa5a: von Willebrand factor A domain-containing protein 5A (Mus musculus)"
"3730","ENA|OLKM01006559|OLKM01006559.1 5890","OLKM01006559.1",5891,"MeA_20160214_scaffold_6558","OLKM01006559.1","maker","gene",1095,5954,".","+",".","ID=MEAE_00093431","MEAE_00093431","Alias=maker-MeA_20160214_scaffold_6558-snap-gene-0.9","Similar to Vwa5a: von Willebrand factor A domain-containing protein 5A (Mus musculus)"
"3732","ENA|OLKM01006576|OLKM01006576.1 1161","OLKM01006576.1",1162,"MeA_20160214_scaffold_6575","OLKM01006576.1","maker","gene",679,3227,".","+",".","ID=MEAE_00093470","MEAE_00093470","Alias=maker-MeA_20160214_scaffold_6575-augustus-gene-0.5","Protein of unknown function"
"3739","ENA|OLKM01006586|OLKM01006586.1 12596","OLKM01006586.1",12597,"MeA_20160214_scaffold_6585","OLKM01006586.1","maker","gene",11508,13616,".","-",".","ID=MEAE_00093496","MEAE_00093496","Alias=maker-MeA_20160214_scaffold_6585-snap-gene-0.5","Protein of unknown function"
"3740","ENA|OLKM01006597|OLKM01006597.1 9940","OLKM01006597.1",9941,"MeA_20160214_scaffold_6596","OLKM01006597.1","maker","gene",9004,10245,".","-",".","ID=MEAE_00093516","MEAE_00093516","Alias=maker-MeA_20160214_scaffold_6596-snap-gene-0.6","Protein of unknown function"
"3740.4","ENA|OLKM01006597|OLKM01006597.1 9940","OLKM01006597.1",9941,"MeA_20160214_scaffold_6596","OLKM01006597.1","maker","gene",9563,13570,".","+",".","ID=MEAE_00093517","MEAE_00093517","Alias=snap_masked-MeA_20160214_scaffold_6596-processed-gene-0.4","Protein of unknown function"
"3745","ENA|OLKM01006617|OLKM01006617.1 9825","OLKM01006617.1",9826,"MeA_20160214_scaffold_6616","OLKM01006617.1","maker","gene",9711,12286,".","-",".","ID=MEAE_00093565","MEAE_00093565","Alias=augustus_masked-MeA_20160214_scaffold_6616-processed-gene-0.4","Protein of unknown function"
"3751","ENA|OLKM01006635|OLKM01006635.1 1090","OLKM01006635.1",1091,"MeA_20160214_scaffold_6634","OLKM01006635.1","maker","gene",886,8500,".","+",".","ID=MEAE_00093601","MEAE_00093601","Alias=snap_masked-MeA_20160214_scaffold_6634-processed-gene-0.3","Similar to ZBED9: SCAN domain-containing protein 3 (Homo sapiens)"
"3752","ENA|OLKM01006635|OLKM01006635.1 6694","OLKM01006635.1",6695,"MeA_20160214_scaffold_6634","OLKM01006635.1","maker","gene",886,8500,".","+",".","ID=MEAE_00093601","MEAE_00093601","Alias=snap_masked-MeA_20160214_scaffold_6634-processed-gene-0.3","Similar to ZBED9: SCAN domain-containing protein 3 (Homo sapiens)"
"3752.2","ENA|OLKM01006635|OLKM01006635.1 6694","OLKM01006635.1",6695,"MeA_20160214_scaffold_6634","OLKM01006635.1","maker","gene",4266,8829,".","-",".","ID=MEAE_00093602","MEAE_00093602","Alias=snap_masked-MeA_20160214_scaffold_6634-processed-gene-0.4","Protein of unknown function"
"3755","ENA|OLKM01006649|OLKM01006649.1 2248","OLKM01006649.1",2249,"MeA_20160214_scaffold_6648","OLKM01006649.1","maker","gene",195,2432,".","+",".","ID=MEAE_00093630","MEAE_00093630","Alias=maker-MeA_20160214_scaffold_6648-snap-gene-0.11","Protein of unknown function"
"3756","ENA|OLKM01006649|OLKM01006649.1 2280","OLKM01006649.1",2281,"MeA_20160214_scaffold_6648","OLKM01006649.1","maker","gene",195,2432,".","+",".","ID=MEAE_00093630","MEAE_00093630","Alias=maker-MeA_20160214_scaffold_6648-snap-gene-0.11","Protein of unknown function"
"3757","ENA|OLKM01006658|OLKM01006658.1 2648","OLKM01006658.1",2649,"MeA_20160214_scaffold_6657","OLKM01006658.1","maker","gene",140,5796,".","+",".","ID=MEAE_00093644","MEAE_00093644","Alias=maker-MeA_20160214_scaffold_6657-snap-gene-0.10","Similar to NLRC3: Protein NLRC3 (Homo sapiens)"
"3757.4","ENA|OLKM01006658|OLKM01006658.1 2648","OLKM01006658.1",2649,"MeA_20160214_scaffold_6657","OLKM01006658.1","maker","gene",491,5717,".","-",".","ID=MEAE_00093645","MEAE_00093645","Alias=maker-MeA_20160214_scaffold_6657-snap-gene-0.11","Protein of unknown function"
"3758","ENA|OLKM01006658|OLKM01006658.1 3055","OLKM01006658.1",3056,"MeA_20160214_scaffold_6657","OLKM01006658.1","maker","gene",140,5796,".","+",".","ID=MEAE_00093644","MEAE_00093644","Alias=maker-MeA_20160214_scaffold_6657-snap-gene-0.10","Similar to NLRC3: Protein NLRC3 (Homo sapiens)"
"3758.2","ENA|OLKM01006658|OLKM01006658.1 3055","OLKM01006658.1",3056,"MeA_20160214_scaffold_6657","OLKM01006658.1","maker","gene",491,5717,".","-",".","ID=MEAE_00093645","MEAE_00093645","Alias=maker-MeA_20160214_scaffold_6657-snap-gene-0.11","Protein of unknown function"
"3767","ENA|OLKM01006675|OLKM01006675.1 3060","OLKM01006675.1",3061,"MeA_20160214_scaffold_6674","OLKM01006675.1","maker","gene",3026,3538,".","+",".","ID=MEAE_00093686","MEAE_00093686","Alias=maker-MeA_20160214_scaffold_6674-snap-gene-0.4","Similar to PCDHB16: Protocadherin beta-16 (Homo sapiens)"
"3773","ENA|OLKM01006685|OLKM01006685.1 187","OLKM01006685.1",188,"MeA_20160214_scaffold_6684","OLKM01006685.1","maker","gene",78,993,".","+",".","ID=MEAE_00093705","MEAE_00093705","Alias=augustus_masked-MeA_20160214_scaffold_6684-processed-gene-0.2","Protein of unknown function"
"3774","ENA|OLKM01006685|OLKM01006685.1 350","OLKM01006685.1",351,"MeA_20160214_scaffold_6684","OLKM01006685.1","maker","gene",78,993,".","+",".","ID=MEAE_00093705","MEAE_00093705","Alias=augustus_masked-MeA_20160214_scaffold_6684-processed-gene-0.2","Protein of unknown function"
"3780","ENA|OLKM01006686|OLKM01006686.1 2740","OLKM01006686.1",2741,"MeA_20160214_scaffold_6685","OLKM01006686.1","maker","gene",2148,10473,".","+",".","ID=MEAE_00093707","MEAE_00093707","Alias=snap_masked-MeA_20160214_scaffold_6685-processed-gene-0.6","Protein of unknown function"
"3811","ENA|OLKM01006719|OLKM01006719.1 3871","OLKM01006719.1",3872,"MeA_20160214_scaffold_6718","OLKM01006719.1","maker","gene",2858,4730,".","+",".","ID=MEAE_00093760","MEAE_00093760","Alias=snap_masked-MeA_20160214_scaffold_6718-processed-gene-0.6","Protein of unknown function"
"3816","ENA|OLKM01006732|OLKM01006732.1 1790","OLKM01006732.1",1791,"MeA_20160214_scaffold_6731","OLKM01006732.1","maker","gene",10,3374,".","-",".","ID=MEAE_00093788","MEAE_00093788","Alias=snap_masked-MeA_20160214_scaffold_6731-processed-gene-0.7","Protein of unknown function"
"3818","ENA|OLKM01006744|OLKM01006744.1 1449","OLKM01006744.1",1450,"MeA_20160214_scaffold_6743","OLKM01006744.1","maker","gene",925,1656,".","+",".","ID=MEAE_00093802","MEAE_00093802","Alias=maker-MeA_20160214_scaffold_6743-snap-gene-0.9","Protein of unknown function"
"3818.4","ENA|OLKM01006744|OLKM01006744.1 1449","OLKM01006744.1",1450,"MeA_20160214_scaffold_6743","OLKM01006744.1","maker","gene",1362,2626,".","-",".","ID=MEAE_00093803","MEAE_00093803","Alias=snap_masked-MeA_20160214_scaffold_6743-processed-gene-0.5","Protein of unknown function"
"3819","ENA|OLKM01006744|OLKM01006744.1 1956","OLKM01006744.1",1957,"MeA_20160214_scaffold_6743","OLKM01006744.1","maker","gene",1362,2626,".","-",".","ID=MEAE_00093803","MEAE_00093803","Alias=snap_masked-MeA_20160214_scaffold_6743-processed-gene-0.5","Protein of unknown function"
"3820","ENA|OLKM01006744|OLKM01006744.1 2204","OLKM01006744.1",2205,"MeA_20160214_scaffold_6743","OLKM01006744.1","maker","gene",1362,2626,".","-",".","ID=MEAE_00093803","MEAE_00093803","Alias=snap_masked-MeA_20160214_scaffold_6743-processed-gene-0.5","Protein of unknown function"
"3825","ENA|OLKM01006744|OLKM01006744.1 9222","OLKM01006744.1",9223,"MeA_20160214_scaffold_6743","OLKM01006744.1","maker","gene",8821,10377,".","-",".","ID=MEAE_00093805","MEAE_00093805","Alias=snap_masked-MeA_20160214_scaffold_6743-processed-gene-0.6","Protein of unknown function"
"3826","ENA|OLKM01006744|OLKM01006744.1 9295","OLKM01006744.1",9296,"MeA_20160214_scaffold_6743","OLKM01006744.1","maker","gene",8821,10377,".","-",".","ID=MEAE_00093805","MEAE_00093805","Alias=snap_masked-MeA_20160214_scaffold_6743-processed-gene-0.6","Protein of unknown function"
"3827","ENA|OLKM01006744|OLKM01006744.1 9353","OLKM01006744.1",9354,"MeA_20160214_scaffold_6743","OLKM01006744.1","maker","gene",8821,10377,".","-",".","ID=MEAE_00093805","MEAE_00093805","Alias=snap_masked-MeA_20160214_scaffold_6743-processed-gene-0.6","Protein of unknown function"
"3828","ENA|OLKM01006744|OLKM01006744.1 9671","OLKM01006744.1",9672,"MeA_20160214_scaffold_6743","OLKM01006744.1","maker","gene",8821,10377,".","-",".","ID=MEAE_00093805","MEAE_00093805","Alias=snap_masked-MeA_20160214_scaffold_6743-processed-gene-0.6","Protein of unknown function"
"3829","ENA|OLKM01006744|OLKM01006744.1 9809","OLKM01006744.1",9810,"MeA_20160214_scaffold_6743","OLKM01006744.1","maker","gene",8821,10377,".","-",".","ID=MEAE_00093805","MEAE_00093805","Alias=snap_masked-MeA_20160214_scaffold_6743-processed-gene-0.6","Protein of unknown function"
"3830","ENA|OLKM01006744|OLKM01006744.1 10208","OLKM01006744.1",10209,"MeA_20160214_scaffold_6743","OLKM01006744.1","maker","gene",8821,10377,".","-",".","ID=MEAE_00093805","MEAE_00093805","Alias=snap_masked-MeA_20160214_scaffold_6743-processed-gene-0.6","Protein of unknown function"
"3832","ENA|OLKM01006746|OLKM01006746.1 6869","OLKM01006746.1",6870,"MeA_20160214_scaffold_6745","OLKM01006746.1","maker","gene",6847,8801,".","-",".","ID=MEAE_00093812","MEAE_00093812","Alias=snap_masked-MeA_20160214_scaffold_6745-processed-gene-0.3","Similar to T: Transposable element Hobo transposase (Drosophila melanogaster)"
"3837","ENA|OLKM01006762|OLKM01006762.1 4318","OLKM01006762.1",4319,"MeA_20160214_scaffold_6761","OLKM01006762.1","maker","gene",4041,4799,".","-",".","ID=MEAE_00093840","MEAE_00093840","Alias=snap_masked-MeA_20160214_scaffold_6761-processed-gene-0.3","Similar to ZMYM1: Zinc finger MYM-type protein 1 (Homo sapiens)"
"3844","ENA|OLKM01006769|OLKM01006769.1 1298","OLKM01006769.1",1299,"MeA_20160214_scaffold_6768","OLKM01006769.1","maker","gene",153,8172,".","-",".","ID=MEAE_00093858","MEAE_00093858","Alias=snap_masked-MeA_20160214_scaffold_6768-processed-gene-0.3","Protein of unknown function"
"3845","ENA|OLKM01006769|OLKM01006769.1 1338","OLKM01006769.1",1339,"MeA_20160214_scaffold_6768","OLKM01006769.1","maker","gene",153,8172,".","-",".","ID=MEAE_00093858","MEAE_00093858","Alias=snap_masked-MeA_20160214_scaffold_6768-processed-gene-0.3","Protein of unknown function"
"3846","ENA|OLKM01006775|OLKM01006775.1 1122","OLKM01006775.1",1123,"MeA_20160214_scaffold_6774","OLKM01006775.1","maker","gene",142,2327,".","-",".","ID=MEAE_00093867","MEAE_00093867","Alias=maker-MeA_20160214_scaffold_6774-snap-gene-0.6","Protein of unknown function"
"3855","ENA|OLKM01006784|OLKM01006784.1 2429","OLKM01006784.1",2430,"MeA_20160214_scaffold_6783","OLKM01006784.1","maker","gene",2426,2883,".","+",".","ID=MEAE_00093896","MEAE_00093896","Alias=maker-MeA_20160214_scaffold_6783-snap-gene-0.11","Similar to Gcnt1: Beta-1%2C3-galactosyl-O-glycosyl-glycoprotein beta-1%2C6-N-acetylglucosaminyltransferase (Mus musculus)"
"3856","ENA|OLKM01006784|OLKM01006784.1 2813","OLKM01006784.1",2814,"MeA_20160214_scaffold_6783","OLKM01006784.1","maker","gene",2426,2883,".","+",".","ID=MEAE_00093896","MEAE_00093896","Alias=maker-MeA_20160214_scaffold_6783-snap-gene-0.11","Similar to Gcnt1: Beta-1%2C3-galactosyl-O-glycosyl-glycoprotein beta-1%2C6-N-acetylglucosaminyltransferase (Mus musculus)"
"3857","ENA|OLKM01006784|OLKM01006784.1 8474","OLKM01006784.1",8475,"MeA_20160214_scaffold_6783","OLKM01006784.1","maker","gene",7244,11338,".","+",".","ID=MEAE_00093897","MEAE_00093897","Alias=maker-MeA_20160214_scaffold_6783-augustus-gene-0.9","Similar to GCNT1: Beta-1%2C3-galactosyl-O-glycosyl-glycoprotein beta-1%2C6-N-acetylglucosaminyltransferase (Homo sapiens)"
"3861","ENA|OLKM01006793|OLKM01006793.1 12773","OLKM01006793.1",12774,"MeA_20160214_scaffold_6792","OLKM01006793.1","maker","gene",12303,12967,".","+",".","ID=MEAE_00093917","MEAE_00093917","Alias=snap_masked-MeA_20160214_scaffold_6792-processed-gene-0.2","Protein of unknown function"
"3871","ENA|OLKM01006820|OLKM01006820.1 1876","OLKM01006820.1",1877,"MeA_20160214_scaffold_6819","OLKM01006820.1","maker","gene",834,3495,".","-",".","ID=MEAE_00093970","MEAE_00093970","Alias=maker-MeA_20160214_scaffold_6819-snap-gene-0.11","Protein of unknown function"
"3875","ENA|OLKM01006822|OLKM01006822.1 2335","OLKM01006822.1",2336,"MeA_20160214_scaffold_6821","OLKM01006822.1","maker","gene",1887,2696,".","-",".","ID=MEAE_00093976","MEAE_00093976","Alias=augustus_masked-MeA_20160214_scaffold_6821-processed-gene-0.3","Protein of unknown function"
"3876","ENA|OLKM01006823|OLKM01006823.1 1295","OLKM01006823.1",1296,"MeA_20160214_scaffold_6822","OLKM01006823.1","maker","gene",98,2722,".","+",".","ID=MEAE_00093980","MEAE_00093980","Alias=snap_masked-MeA_20160214_scaffold_6822-processed-gene-0.7","Protein of unknown function"
"3876.2","ENA|OLKM01006823|OLKM01006823.1 1295","OLKM01006823.1",1296,"MeA_20160214_scaffold_6822","OLKM01006823.1","maker","gene",1,2549,".","-",".","ID=MEAE_00093979","MEAE_00093979","Alias=augustus_masked-MeA_20160214_scaffold_6822-processed-gene-0.6","Protein of unknown function"
"3877","ENA|OLKM01006823|OLKM01006823.1 2444","OLKM01006823.1",2445,"MeA_20160214_scaffold_6822","OLKM01006823.1","maker","gene",98,2722,".","+",".","ID=MEAE_00093980","MEAE_00093980","Alias=snap_masked-MeA_20160214_scaffold_6822-processed-gene-0.7","Protein of unknown function"
"3877.2","ENA|OLKM01006823|OLKM01006823.1 2444","OLKM01006823.1",2445,"MeA_20160214_scaffold_6822","OLKM01006823.1","maker","gene",1,2549,".","-",".","ID=MEAE_00093979","MEAE_00093979","Alias=augustus_masked-MeA_20160214_scaffold_6822-processed-gene-0.6","Protein of unknown function"
"3878","ENA|OLKM01006823|OLKM01006823.1 2549","OLKM01006823.1",2550,"MeA_20160214_scaffold_6822","OLKM01006823.1","maker","gene",98,2722,".","+",".","ID=MEAE_00093980","MEAE_00093980","Alias=snap_masked-MeA_20160214_scaffold_6822-processed-gene-0.7","Protein of unknown function"
"3884","ENA|OLKM01006840|OLKM01006840.1 2996","OLKM01006840.1",2997,"MeA_20160214_scaffold_6839","OLKM01006840.1","maker","gene",2,3104,".","-",".","ID=MEAE_00094011","MEAE_00094011","Alias=snap_masked-MeA_20160214_scaffold_6839-processed-gene-0.8","Protein of unknown function"
"3892","ENA|OLKM01006865|OLKM01006865.1 256","OLKM01006865.1",257,"MeA_20160214_scaffold_6864","OLKM01006865.1","maker","gene",150,2944,".","-",".","ID=MEAE_00094069","MEAE_00094069","Alias=augustus_masked-MeA_20160214_scaffold_6864-processed-gene-0.3","Protein of unknown function"
"3893","ENA|OLKM01006865|OLKM01006865.1 287","OLKM01006865.1",288,"MeA_20160214_scaffold_6864","OLKM01006865.1","maker","gene",150,2944,".","-",".","ID=MEAE_00094069","MEAE_00094069","Alias=augustus_masked-MeA_20160214_scaffold_6864-processed-gene-0.3","Protein of unknown function"
"3894","ENA|OLKM01006865|OLKM01006865.1 326","OLKM01006865.1",327,"MeA_20160214_scaffold_6864","OLKM01006865.1","maker","gene",150,2944,".","-",".","ID=MEAE_00094069","MEAE_00094069","Alias=augustus_masked-MeA_20160214_scaffold_6864-processed-gene-0.3","Protein of unknown function"
"3895","ENA|OLKM01006865|OLKM01006865.1 354","OLKM01006865.1",355,"MeA_20160214_scaffold_6864","OLKM01006865.1","maker","gene",150,2944,".","-",".","ID=MEAE_00094069","MEAE_00094069","Alias=augustus_masked-MeA_20160214_scaffold_6864-processed-gene-0.3","Protein of unknown function"
"3896","ENA|OLKM01006865|OLKM01006865.1 492","OLKM01006865.1",493,"MeA_20160214_scaffold_6864","OLKM01006865.1","maker","gene",150,2944,".","-",".","ID=MEAE_00094069","MEAE_00094069","Alias=augustus_masked-MeA_20160214_scaffold_6864-processed-gene-0.3","Protein of unknown function"
"3897","ENA|OLKM01006865|OLKM01006865.1 736","OLKM01006865.1",737,"MeA_20160214_scaffold_6864","OLKM01006865.1","maker","gene",150,2944,".","-",".","ID=MEAE_00094069","MEAE_00094069","Alias=augustus_masked-MeA_20160214_scaffold_6864-processed-gene-0.3","Protein of unknown function"
"3898","ENA|OLKM01006865|OLKM01006865.1 840","OLKM01006865.1",841,"MeA_20160214_scaffold_6864","OLKM01006865.1","maker","gene",150,2944,".","-",".","ID=MEAE_00094069","MEAE_00094069","Alias=augustus_masked-MeA_20160214_scaffold_6864-processed-gene-0.3","Protein of unknown function"
"3899","ENA|OLKM01006865|OLKM01006865.1 870","OLKM01006865.1",871,"MeA_20160214_scaffold_6864","OLKM01006865.1","maker","gene",150,2944,".","-",".","ID=MEAE_00094069","MEAE_00094069","Alias=augustus_masked-MeA_20160214_scaffold_6864-processed-gene-0.3","Protein of unknown function"
"3900","ENA|OLKM01006865|OLKM01006865.1 1105","OLKM01006865.1",1106,"MeA_20160214_scaffold_6864","OLKM01006865.1","maker","gene",150,2944,".","-",".","ID=MEAE_00094069","MEAE_00094069","Alias=augustus_masked-MeA_20160214_scaffold_6864-processed-gene-0.3","Protein of unknown function"
"3901","ENA|OLKM01006865|OLKM01006865.1 1529","OLKM01006865.1",1530,"MeA_20160214_scaffold_6864","OLKM01006865.1","maker","gene",150,2944,".","-",".","ID=MEAE_00094069","MEAE_00094069","Alias=augustus_masked-MeA_20160214_scaffold_6864-processed-gene-0.3","Protein of unknown function"
"3902","ENA|OLKM01006865|OLKM01006865.1 1595","OLKM01006865.1",1596,"MeA_20160214_scaffold_6864","OLKM01006865.1","maker","gene",150,2944,".","-",".","ID=MEAE_00094069","MEAE_00094069","Alias=augustus_masked-MeA_20160214_scaffold_6864-processed-gene-0.3","Protein of unknown function"
"3903","ENA|OLKM01006865|OLKM01006865.1 1798","OLKM01006865.1",1799,"MeA_20160214_scaffold_6864","OLKM01006865.1","maker","gene",150,2944,".","-",".","ID=MEAE_00094069","MEAE_00094069","Alias=augustus_masked-MeA_20160214_scaffold_6864-processed-gene-0.3","Protein of unknown function"
"3904","ENA|OLKM01006865|OLKM01006865.1 1842","OLKM01006865.1",1843,"MeA_20160214_scaffold_6864","OLKM01006865.1","maker","gene",150,2944,".","-",".","ID=MEAE_00094069","MEAE_00094069","Alias=augustus_masked-MeA_20160214_scaffold_6864-processed-gene-0.3","Protein of unknown function"
"3905","ENA|OLKM01006865|OLKM01006865.1 1866","OLKM01006865.1",1867,"MeA_20160214_scaffold_6864","OLKM01006865.1","maker","gene",150,2944,".","-",".","ID=MEAE_00094069","MEAE_00094069","Alias=augustus_masked-MeA_20160214_scaffold_6864-processed-gene-0.3","Protein of unknown function"
"3906","ENA|OLKM01006865|OLKM01006865.1 2160","OLKM01006865.1",2161,"MeA_20160214_scaffold_6864","OLKM01006865.1","maker","gene",150,2944,".","-",".","ID=MEAE_00094069","MEAE_00094069","Alias=augustus_masked-MeA_20160214_scaffold_6864-processed-gene-0.3","Protein of unknown function"
"3907","ENA|OLKM01006865|OLKM01006865.1 2217","OLKM01006865.1",2218,"MeA_20160214_scaffold_6864","OLKM01006865.1","maker","gene",150,2944,".","-",".","ID=MEAE_00094069","MEAE_00094069","Alias=augustus_masked-MeA_20160214_scaffold_6864-processed-gene-0.3","Protein of unknown function"
"3908","ENA|OLKM01006865|OLKM01006865.1 2270","OLKM01006865.1",2271,"MeA_20160214_scaffold_6864","OLKM01006865.1","maker","gene",150,2944,".","-",".","ID=MEAE_00094069","MEAE_00094069","Alias=augustus_masked-MeA_20160214_scaffold_6864-processed-gene-0.3","Protein of unknown function"
"3909","ENA|OLKM01006865|OLKM01006865.1 2673","OLKM01006865.1",2674,"MeA_20160214_scaffold_6864","OLKM01006865.1","maker","gene",150,2944,".","-",".","ID=MEAE_00094069","MEAE_00094069","Alias=augustus_masked-MeA_20160214_scaffold_6864-processed-gene-0.3","Protein of unknown function"
"3910","ENA|OLKM01006865|OLKM01006865.1 2750","OLKM01006865.1",2751,"MeA_20160214_scaffold_6864","OLKM01006865.1","maker","gene",150,2944,".","-",".","ID=MEAE_00094069","MEAE_00094069","Alias=augustus_masked-MeA_20160214_scaffold_6864-processed-gene-0.3","Protein of unknown function"
"3914","ENA|OLKM01006873|OLKM01006873.1 902","OLKM01006873.1",903,"MeA_20160214_scaffold_6872","OLKM01006873.1","maker","gene",733,915,".","+",".","ID=MEAE_00094088","MEAE_00094088","Alias=snap_masked-MeA_20160214_scaffold_6872-processed-gene-0.3","Protein of unknown function"
"3919","ENA|OLKM01006877|OLKM01006877.1 1379","OLKM01006877.1",1380,"MeA_20160214_scaffold_6876","OLKM01006877.1","maker","gene",759,3853,".","+",".","ID=MEAE_00094094","MEAE_00094094","Alias=maker-MeA_20160214_scaffold_6876-augustus-gene-0.8","Protein of unknown function"
"3919.4","ENA|OLKM01006877|OLKM01006877.1 1379","OLKM01006877.1",1380,"MeA_20160214_scaffold_6876","OLKM01006877.1","maker","gene",1325,2383,".","-",".","ID=MEAE_00094095","MEAE_00094095","Alias=snap_masked-MeA_20160214_scaffold_6876-processed-gene-0.6","Protein of unknown function"
"3920","ENA|OLKM01006877|OLKM01006877.1 1399","OLKM01006877.1",1400,"MeA_20160214_scaffold_6876","OLKM01006877.1","maker","gene",759,3853,".","+",".","ID=MEAE_00094094","MEAE_00094094","Alias=maker-MeA_20160214_scaffold_6876-augustus-gene-0.8","Protein of unknown function"
"3920.4","ENA|OLKM01006877|OLKM01006877.1 1399","OLKM01006877.1",1400,"MeA_20160214_scaffold_6876","OLKM01006877.1","maker","gene",1325,2383,".","-",".","ID=MEAE_00094095","MEAE_00094095","Alias=snap_masked-MeA_20160214_scaffold_6876-processed-gene-0.6","Protein of unknown function"
"3921","ENA|OLKM01006877|OLKM01006877.1 1441","OLKM01006877.1",1442,"MeA_20160214_scaffold_6876","OLKM01006877.1","maker","gene",759,3853,".","+",".","ID=MEAE_00094094","MEAE_00094094","Alias=maker-MeA_20160214_scaffold_6876-augustus-gene-0.8","Protein of unknown function"
"3921.4","ENA|OLKM01006877|OLKM01006877.1 1441","OLKM01006877.1",1442,"MeA_20160214_scaffold_6876","OLKM01006877.1","maker","gene",1325,2383,".","-",".","ID=MEAE_00094095","MEAE_00094095","Alias=snap_masked-MeA_20160214_scaffold_6876-processed-gene-0.6","Protein of unknown function"
"3922","ENA|OLKM01006877|OLKM01006877.1 1483","OLKM01006877.1",1484,"MeA_20160214_scaffold_6876","OLKM01006877.1","maker","gene",759,3853,".","+",".","ID=MEAE_00094094","MEAE_00094094","Alias=maker-MeA_20160214_scaffold_6876-augustus-gene-0.8","Protein of unknown function"
"3922.2","ENA|OLKM01006877|OLKM01006877.1 1483","OLKM01006877.1",1484,"MeA_20160214_scaffold_6876","OLKM01006877.1","maker","gene",1325,2383,".","-",".","ID=MEAE_00094095","MEAE_00094095","Alias=snap_masked-MeA_20160214_scaffold_6876-processed-gene-0.6","Protein of unknown function"
"3923","ENA|OLKM01006877|OLKM01006877.1 1511","OLKM01006877.1",1512,"MeA_20160214_scaffold_6876","OLKM01006877.1","maker","gene",759,3853,".","+",".","ID=MEAE_00094094","MEAE_00094094","Alias=maker-MeA_20160214_scaffold_6876-augustus-gene-0.8","Protein of unknown function"
"3923.2","ENA|OLKM01006877|OLKM01006877.1 1511","OLKM01006877.1",1512,"MeA_20160214_scaffold_6876","OLKM01006877.1","maker","gene",1325,2383,".","-",".","ID=MEAE_00094095","MEAE_00094095","Alias=snap_masked-MeA_20160214_scaffold_6876-processed-gene-0.6","Protein of unknown function"
"3924","ENA|OLKM01006877|OLKM01006877.1 1604","OLKM01006877.1",1605,"MeA_20160214_scaffold_6876","OLKM01006877.1","maker","gene",759,3853,".","+",".","ID=MEAE_00094094","MEAE_00094094","Alias=maker-MeA_20160214_scaffold_6876-augustus-gene-0.8","Protein of unknown function"
"3924.2","ENA|OLKM01006877|OLKM01006877.1 1604","OLKM01006877.1",1605,"MeA_20160214_scaffold_6876","OLKM01006877.1","maker","gene",1325,2383,".","-",".","ID=MEAE_00094095","MEAE_00094095","Alias=snap_masked-MeA_20160214_scaffold_6876-processed-gene-0.6","Protein of unknown function"
"3925","ENA|OLKM01006877|OLKM01006877.1 1779","OLKM01006877.1",1780,"MeA_20160214_scaffold_6876","OLKM01006877.1","maker","gene",759,3853,".","+",".","ID=MEAE_00094094","MEAE_00094094","Alias=maker-MeA_20160214_scaffold_6876-augustus-gene-0.8","Protein of unknown function"
"3925.2","ENA|OLKM01006877|OLKM01006877.1 1779","OLKM01006877.1",1780,"MeA_20160214_scaffold_6876","OLKM01006877.1","maker","gene",1325,2383,".","-",".","ID=MEAE_00094095","MEAE_00094095","Alias=snap_masked-MeA_20160214_scaffold_6876-processed-gene-0.6","Protein of unknown function"
"3926","ENA|OLKM01006877|OLKM01006877.1 3111","OLKM01006877.1",3112,"MeA_20160214_scaffold_6876","OLKM01006877.1","maker","gene",759,3853,".","+",".","ID=MEAE_00094094","MEAE_00094094","Alias=maker-MeA_20160214_scaffold_6876-augustus-gene-0.8","Protein of unknown function"
"3927","ENA|OLKM01006877|OLKM01006877.1 3219","OLKM01006877.1",3220,"MeA_20160214_scaffold_6876","OLKM01006877.1","maker","gene",759,3853,".","+",".","ID=MEAE_00094094","MEAE_00094094","Alias=maker-MeA_20160214_scaffold_6876-augustus-gene-0.8","Protein of unknown function"
"3928","ENA|OLKM01006880|OLKM01006880.1 198","OLKM01006880.1",199,"MeA_20160214_scaffold_6879","OLKM01006880.1","maker","gene",46,4331,".","+",".","ID=MEAE_00094099","MEAE_00094099","Alias=augustus_masked-MeA_20160214_scaffold_6879-processed-gene-0.4","Protein of unknown function"
"3929","ENA|OLKM01006880|OLKM01006880.1 210","OLKM01006880.1",211,"MeA_20160214_scaffold_6879","OLKM01006880.1","maker","gene",46,4331,".","+",".","ID=MEAE_00094099","MEAE_00094099","Alias=augustus_masked-MeA_20160214_scaffold_6879-processed-gene-0.4","Protein of unknown function"
"3930","ENA|OLKM01006880|OLKM01006880.1 261","OLKM01006880.1",262,"MeA_20160214_scaffold_6879","OLKM01006880.1","maker","gene",46,4331,".","+",".","ID=MEAE_00094099","MEAE_00094099","Alias=augustus_masked-MeA_20160214_scaffold_6879-processed-gene-0.4","Protein of unknown function"
"3931","ENA|OLKM01006880|OLKM01006880.1 263","OLKM01006880.1",264,"MeA_20160214_scaffold_6879","OLKM01006880.1","maker","gene",46,4331,".","+",".","ID=MEAE_00094099","MEAE_00094099","Alias=augustus_masked-MeA_20160214_scaffold_6879-processed-gene-0.4","Protein of unknown function"
"3932","ENA|OLKM01006880|OLKM01006880.1 464","OLKM01006880.1",465,"MeA_20160214_scaffold_6879","OLKM01006880.1","maker","gene",46,4331,".","+",".","ID=MEAE_00094099","MEAE_00094099","Alias=augustus_masked-MeA_20160214_scaffold_6879-processed-gene-0.4","Protein of unknown function"
"3933","ENA|OLKM01006880|OLKM01006880.1 517","OLKM01006880.1",518,"MeA_20160214_scaffold_6879","OLKM01006880.1","maker","gene",46,4331,".","+",".","ID=MEAE_00094099","MEAE_00094099","Alias=augustus_masked-MeA_20160214_scaffold_6879-processed-gene-0.4","Protein of unknown function"
"3934","ENA|OLKM01006880|OLKM01006880.1 543","OLKM01006880.1",544,"MeA_20160214_scaffold_6879","OLKM01006880.1","maker","gene",46,4331,".","+",".","ID=MEAE_00094099","MEAE_00094099","Alias=augustus_masked-MeA_20160214_scaffold_6879-processed-gene-0.4","Protein of unknown function"
"3935","ENA|OLKM01006880|OLKM01006880.1 574","OLKM01006880.1",575,"MeA_20160214_scaffold_6879","OLKM01006880.1","maker","gene",46,4331,".","+",".","ID=MEAE_00094099","MEAE_00094099","Alias=augustus_masked-MeA_20160214_scaffold_6879-processed-gene-0.4","Protein of unknown function"
"3936","ENA|OLKM01006880|OLKM01006880.1 585","OLKM01006880.1",586,"MeA_20160214_scaffold_6879","OLKM01006880.1","maker","gene",46,4331,".","+",".","ID=MEAE_00094099","MEAE_00094099","Alias=augustus_masked-MeA_20160214_scaffold_6879-processed-gene-0.4","Protein of unknown function"
"3937","ENA|OLKM01006880|OLKM01006880.1 599","OLKM01006880.1",600,"MeA_20160214_scaffold_6879","OLKM01006880.1","maker","gene",46,4331,".","+",".","ID=MEAE_00094099","MEAE_00094099","Alias=augustus_masked-MeA_20160214_scaffold_6879-processed-gene-0.4","Protein of unknown function"
"3938","ENA|OLKM01006880|OLKM01006880.1 796","OLKM01006880.1",797,"MeA_20160214_scaffold_6879","OLKM01006880.1","maker","gene",46,4331,".","+",".","ID=MEAE_00094099","MEAE_00094099","Alias=augustus_masked-MeA_20160214_scaffold_6879-processed-gene-0.4","Protein of unknown function"
"3939","ENA|OLKM01006880|OLKM01006880.1 8036","OLKM01006880.1",8037,"MeA_20160214_scaffold_6879","OLKM01006880.1","maker","gene",4925,12630,".","+",".","ID=MEAE_00094102","MEAE_00094102","Alias=snap_masked-MeA_20160214_scaffold_6879-processed-gene-0.8","Protein of unknown function"
"3949","ENA|OLKM01006886|OLKM01006886.1 11437","OLKM01006886.1",11438,"MeA_20160214_scaffold_6885","OLKM01006886.1","maker","gene",6854,11970,".","-",".","ID=MEAE_00094113","MEAE_00094113","Alias=snap_masked-MeA_20160214_scaffold_6885-processed-gene-0.2","Protein of unknown function"
"3950","ENA|OLKM01006890|OLKM01006890.1 5670","OLKM01006890.1",5671,"MeA_20160214_scaffold_6889","OLKM01006890.1","maker","gene",2500,6070,".","-",".","ID=MEAE_00094117","MEAE_00094117","Alias=augustus_masked-MeA_20160214_scaffold_6889-processed-gene-0.2","Similar to GRID1: Glutamate receptor ionotropic%2C delta-1 (Homo sapiens)"
"3955","ENA|OLKM01006892|OLKM01006892.1 7062","OLKM01006892.1",7063,"MeA_20160214_scaffold_6891","OLKM01006892.1","maker","gene",5272,12074,".","-",".","ID=MEAE_00094126","MEAE_00094126","Alias=maker-MeA_20160214_scaffold_6891-snap-gene-0.8","Similar to NLRC3: Protein NLRC3 (Homo sapiens)"
"3955.4","ENA|OLKM01006892|OLKM01006892.1 7062","OLKM01006892.1",7063,"MeA_20160214_scaffold_6891","OLKM01006892.1","maker","gene",6938,11889,".","+",".","ID=MEAE_00094127","MEAE_00094127","Alias=snap_masked-MeA_20160214_scaffold_6891-processed-gene-0.5","Protein of unknown function"
"3964","ENA|OLKM01006911|OLKM01006911.1 1383","OLKM01006911.1",1384,"MeA_20160214_scaffold_6910","OLKM01006911.1","maker","gene",1373,1495,".","+",".","ID=MEAE_00094140","MEAE_00094140","Alias=augustus_masked-MeA_20160214_scaffold_6910-processed-gene-0.2","Protein of unknown function"
"3965","ENA|OLKM01006916|OLKM01006916.1 1878","OLKM01006916.1",1879,"MeA_20160214_scaffold_6915","OLKM01006916.1","maker","gene",1276,6093,".","+",".","ID=MEAE_00094158","MEAE_00094158","Alias=maker-MeA_20160214_scaffold_6915-augustus-gene-0.5","Similar to G2E3: G2/M phase-specific E3 ubiquitin-protein ligase (Gallus gallus)"
"3966","ENA|OLKM01006919|OLKM01006919.1 4659","OLKM01006919.1",4660,"MeA_20160214_scaffold_6918","OLKM01006919.1","maker","gene",4199,8733,".","+",".","ID=MEAE_00094169","MEAE_00094169","Alias=snap_masked-MeA_20160214_scaffold_6918-processed-gene-0.10","Protein of unknown function"
"3985","ENA|OLKM01006939|OLKM01006939.1 9012","OLKM01006939.1",9013,"MeA_20160214_scaffold_6938","OLKM01006939.1","maker","gene",7633,10932,".","+",".","ID=MEAE_00094205","MEAE_00094205","Alias=snap_masked-MeA_20160214_scaffold_6938-processed-gene-0.3","Protein of unknown function"
"3994","ENA|OLKM01006952|OLKM01006952.1 4720","OLKM01006952.1",4721,"MeA_20160214_scaffold_6951","OLKM01006952.1","maker","gene",4173,4800,".","-",".","ID=MEAE_00094222","MEAE_00094222","Alias=maker-MeA_20160214_scaffold_6951-augustus-gene-0.4","Protein of unknown function"
"3995","ENA|OLKM01006952|OLKM01006952.1 4768","OLKM01006952.1",4769,"MeA_20160214_scaffold_6951","OLKM01006952.1","maker","gene",4173,4800,".","-",".","ID=MEAE_00094222","MEAE_00094222","Alias=maker-MeA_20160214_scaffold_6951-augustus-gene-0.4","Protein of unknown function"
"3996","ENA|OLKM01006956|OLKM01006956.1 5486","OLKM01006956.1",5487,"MeA_20160214_scaffold_6955","OLKM01006956.1","maker","gene",3628,5877,".","-",".","ID=MEAE_00094228","MEAE_00094228","Alias=genemark-MeA_20160214_scaffold_6955-processed-gene-0.3","Protein of unknown function"
"3998","ENA|OLKM01006970|OLKM01006970.1 7633","OLKM01006970.1",7634,"MeA_20160214_scaffold_6969","OLKM01006970.1","maker","gene",5161,10262,".","-",".","ID=MEAE_00094254","MEAE_00094254","Alias=maker-MeA_20160214_scaffold_6969-snap-gene-0.5","Protein of unknown function"
"4004","ENA|OLKM01006985|OLKM01006985.1 5822","OLKM01006985.1",5823,"MeA_20160214_scaffold_6984","OLKM01006985.1","maker","gene",5609,12754,".","+",".","ID=MEAE_00094277","MEAE_00094277","Alias=augustus_masked-MeA_20160214_scaffold_6984-processed-gene-0.8","Protein of unknown function"
"4004.4","ENA|OLKM01006985|OLKM01006985.1 5822","OLKM01006985.1",5823,"MeA_20160214_scaffold_6984","OLKM01006985.1","maker","gene",5176,5889,".","-",".","ID=MEAE_00094275","MEAE_00094275","Alias=snap_masked-MeA_20160214_scaffold_6984-processed-gene-0.14","Protein of unknown function"
"4021","ENA|OLKM01007026|OLKM01007026.1 10587","OLKM01007026.1",10588,"MeA_20160214_scaffold_7025","OLKM01007026.1","maker","gene",2662,11900,".","-",".","ID=MEAE_00094340","MEAE_00094340","Alias=snap_masked-MeA_20160214_scaffold_7025-processed-gene-0.2","Protein of unknown function"
"4022","ENA|OLKM01007028|OLKM01007028.1 9388","OLKM01007028.1",9389,"MeA_20160214_scaffold_7027","OLKM01007028.1","maker","gene",6760,10423,".","-",".","ID=MEAE_00094343","MEAE_00094343","Alias=augustus_masked-MeA_20160214_scaffold_7027-processed-gene-0.4","Protein of unknown function"
"4023","ENA|OLKM01007028|OLKM01007028.1 9478","OLKM01007028.1",9479,"MeA_20160214_scaffold_7027","OLKM01007028.1","maker","gene",6760,10423,".","-",".","ID=MEAE_00094343","MEAE_00094343","Alias=augustus_masked-MeA_20160214_scaffold_7027-processed-gene-0.4","Protein of unknown function"
"4024","ENA|OLKM01007031|OLKM01007031.1 7260","OLKM01007031.1",7261,"MeA_20160214_scaffold_7030","OLKM01007031.1","maker","gene",1962,11504,".","-",".","ID=MEAE_00094352","MEAE_00094352","Alias=snap_masked-MeA_20160214_scaffold_7030-processed-gene-0.7","Similar to QRICH2: Glutamine-rich protein 2 (Homo sapiens)"
"4025","ENA|OLKM01007031|OLKM01007031.1 8687","OLKM01007031.1",8688,"MeA_20160214_scaffold_7030","OLKM01007031.1","maker","gene",1962,11504,".","-",".","ID=MEAE_00094352","MEAE_00094352","Alias=snap_masked-MeA_20160214_scaffold_7030-processed-gene-0.7","Similar to QRICH2: Glutamine-rich protein 2 (Homo sapiens)"
"4026","ENA|OLKM01007038|OLKM01007038.1 2156","OLKM01007038.1",2157,"MeA_20160214_scaffold_7037","OLKM01007038.1","maker","gene",2040,7914,".","-",".","ID=MEAE_00094367","MEAE_00094367","Alias=augustus_masked-MeA_20160214_scaffold_7037-processed-gene-0.4","Protein of unknown function"
"4027","ENA|OLKM01007038|OLKM01007038.1 2180","OLKM01007038.1",2181,"MeA_20160214_scaffold_7037","OLKM01007038.1","maker","gene",2040,7914,".","-",".","ID=MEAE_00094367","MEAE_00094367","Alias=augustus_masked-MeA_20160214_scaffold_7037-processed-gene-0.4","Protein of unknown function"
"4028","ENA|OLKM01007038|OLKM01007038.1 2191","OLKM01007038.1",2192,"MeA_20160214_scaffold_7037","OLKM01007038.1","maker","gene",2040,7914,".","-",".","ID=MEAE_00094367","MEAE_00094367","Alias=augustus_masked-MeA_20160214_scaffold_7037-processed-gene-0.4","Protein of unknown function"
"4029","ENA|OLKM01007038|OLKM01007038.1 2200","OLKM01007038.1",2201,"MeA_20160214_scaffold_7037","OLKM01007038.1","maker","gene",2040,7914,".","-",".","ID=MEAE_00094367","MEAE_00094367","Alias=augustus_masked-MeA_20160214_scaffold_7037-processed-gene-0.4","Protein of unknown function"
"4030","ENA|OLKM01007038|OLKM01007038.1 2245","OLKM01007038.1",2246,"MeA_20160214_scaffold_7037","OLKM01007038.1","maker","gene",2040,7914,".","-",".","ID=MEAE_00094367","MEAE_00094367","Alias=augustus_masked-MeA_20160214_scaffold_7037-processed-gene-0.4","Protein of unknown function"
"4031","ENA|OLKM01007038|OLKM01007038.1 2247","OLKM01007038.1",2248,"MeA_20160214_scaffold_7037","OLKM01007038.1","maker","gene",2040,7914,".","-",".","ID=MEAE_00094367","MEAE_00094367","Alias=augustus_masked-MeA_20160214_scaffold_7037-processed-gene-0.4","Protein of unknown function"
"4032","ENA|OLKM01007038|OLKM01007038.1 2261","OLKM01007038.1",2262,"MeA_20160214_scaffold_7037","OLKM01007038.1","maker","gene",2040,7914,".","-",".","ID=MEAE_00094367","MEAE_00094367","Alias=augustus_masked-MeA_20160214_scaffold_7037-processed-gene-0.4","Protein of unknown function"
"4033","ENA|OLKM01007038|OLKM01007038.1 2272","OLKM01007038.1",2273,"MeA_20160214_scaffold_7037","OLKM01007038.1","maker","gene",2040,7914,".","-",".","ID=MEAE_00094367","MEAE_00094367","Alias=augustus_masked-MeA_20160214_scaffold_7037-processed-gene-0.4","Protein of unknown function"
"4034","ENA|OLKM01007038|OLKM01007038.1 2295","OLKM01007038.1",2296,"MeA_20160214_scaffold_7037","OLKM01007038.1","maker","gene",2040,7914,".","-",".","ID=MEAE_00094367","MEAE_00094367","Alias=augustus_masked-MeA_20160214_scaffold_7037-processed-gene-0.4","Protein of unknown function"
"4035","ENA|OLKM01007038|OLKM01007038.1 2366","OLKM01007038.1",2367,"MeA_20160214_scaffold_7037","OLKM01007038.1","maker","gene",2040,7914,".","-",".","ID=MEAE_00094367","MEAE_00094367","Alias=augustus_masked-MeA_20160214_scaffold_7037-processed-gene-0.4","Protein of unknown function"
"4036","ENA|OLKM01007038|OLKM01007038.1 2374","OLKM01007038.1",2375,"MeA_20160214_scaffold_7037","OLKM01007038.1","maker","gene",2040,7914,".","-",".","ID=MEAE_00094367","MEAE_00094367","Alias=augustus_masked-MeA_20160214_scaffold_7037-processed-gene-0.4","Protein of unknown function"
"4037","ENA|OLKM01007038|OLKM01007038.1 3182","OLKM01007038.1",3183,"MeA_20160214_scaffold_7037","OLKM01007038.1","maker","gene",2040,7914,".","-",".","ID=MEAE_00094367","MEAE_00094367","Alias=augustus_masked-MeA_20160214_scaffold_7037-processed-gene-0.4","Protein of unknown function"
"4038","ENA|OLKM01007038|OLKM01007038.1 3748","OLKM01007038.1",3749,"MeA_20160214_scaffold_7037","OLKM01007038.1","maker","gene",2040,7914,".","-",".","ID=MEAE_00094367","MEAE_00094367","Alias=augustus_masked-MeA_20160214_scaffold_7037-processed-gene-0.4","Protein of unknown function"
"4039","ENA|OLKM01007038|OLKM01007038.1 4300","OLKM01007038.1",4301,"MeA_20160214_scaffold_7037","OLKM01007038.1","maker","gene",2040,7914,".","-",".","ID=MEAE_00094367","MEAE_00094367","Alias=augustus_masked-MeA_20160214_scaffold_7037-processed-gene-0.4","Protein of unknown function"
"4040","ENA|OLKM01007042|OLKM01007042.1 7533","OLKM01007042.1",7534,"MeA_20160214_scaffold_7041","OLKM01007042.1","maker","gene",5672,12223,".","+",".","ID=MEAE_00094379","MEAE_00094379","Alias=maker-MeA_20160214_scaffold_7041-snap-gene-0.6","Protein of unknown function"
"4040.2","ENA|OLKM01007042|OLKM01007042.1 7533","OLKM01007042.1",7534,"MeA_20160214_scaffold_7041","OLKM01007042.1","maker","gene",5607,12114,".","-",".","ID=MEAE_00094378","MEAE_00094378","Alias=snap_masked-MeA_20160214_scaffold_7041-processed-gene-0.4","Protein of unknown function"
"4044","ENA|OLKM01007055|OLKM01007055.1 6183","OLKM01007055.1",6184,"MeA_20160214_scaffold_7054","OLKM01007055.1","maker","gene",6111,7082,".","-",".","ID=MEAE_00094398","MEAE_00094398","Alias=maker-MeA_20160214_scaffold_7054-augustus-gene-0.4","Similar to Saxo1: Stabilizer of axonemal microtubules 1 (Rattus norvegicus)"
"4045","ENA|OLKM01007055|OLKM01007055.1 6201","OLKM01007055.1",6202,"MeA_20160214_scaffold_7054","OLKM01007055.1","maker","gene",6111,7082,".","-",".","ID=MEAE_00094398","MEAE_00094398","Alias=maker-MeA_20160214_scaffold_7054-augustus-gene-0.4","Similar to Saxo1: Stabilizer of axonemal microtubules 1 (Rattus norvegicus)"
"4048","ENA|OLKM01007065|OLKM01007065.1 5690","OLKM01007065.1",5691,"MeA_20160214_scaffold_7064","OLKM01007065.1","maker","gene",3668,8187,".","+",".","ID=MEAE_00094426","MEAE_00094426","Alias=augustus_masked-MeA_20160214_scaffold_7064-processed-gene-0.4","Protein of unknown function"
"4053","ENA|OLKM01007071|OLKM01007071.1 1357","OLKM01007071.1",1358,"MeA_20160214_scaffold_7070","OLKM01007071.1","maker","gene",232,2766,".","-",".","ID=MEAE_00094434","MEAE_00094434","Alias=maker-MeA_20160214_scaffold_7070-snap-gene-0.3","Protein of unknown function"
"4054","ENA|OLKM01007071|OLKM01007071.1 2052","OLKM01007071.1",2053,"MeA_20160214_scaffold_7070","OLKM01007071.1","maker","gene",232,2766,".","-",".","ID=MEAE_00094434","MEAE_00094434","Alias=maker-MeA_20160214_scaffold_7070-snap-gene-0.3","Protein of unknown function"
"4058","ENA|OLKM01007073|OLKM01007073.1 6992","OLKM01007073.1",6993,"MeA_20160214_scaffold_7072","OLKM01007073.1","maker","gene",3459,9403,".","-",".","ID=MEAE_00094437","MEAE_00094437","Alias=maker-MeA_20160214_scaffold_7072-augustus-gene-0.8","Protein of unknown function"
"4064","ENA|OLKM01007089|OLKM01007089.1 2447","OLKM01007089.1",2448,"MeA_20160214_scaffold_7088","OLKM01007089.1","maker","gene",3,8963,".","-",".","ID=MEAE_00094470","MEAE_00094470","Alias=augustus_masked-MeA_20160214_scaffold_7088-processed-gene-0.1","Protein of unknown function"
"4065","ENA|OLKM01007089|OLKM01007089.1 2450","OLKM01007089.1",2451,"MeA_20160214_scaffold_7088","OLKM01007089.1","maker","gene",3,8963,".","-",".","ID=MEAE_00094470","MEAE_00094470","Alias=augustus_masked-MeA_20160214_scaffold_7088-processed-gene-0.1","Protein of unknown function"
"4068","ENA|OLKM01007100|OLKM01007100.1 8928","OLKM01007100.1",8929,"MeA_20160214_scaffold_7099","OLKM01007100.1","maker","gene",6530,8968,".","-",".","ID=MEAE_00094498","MEAE_00094498","Alias=snap_masked-MeA_20160214_scaffold_7099-processed-gene-0.9","Protein of unknown function"
"4069","ENA|OLKM01007100|OLKM01007100.1 8942","OLKM01007100.1",8943,"MeA_20160214_scaffold_7099","OLKM01007100.1","maker","gene",6530,8968,".","-",".","ID=MEAE_00094498","MEAE_00094498","Alias=snap_masked-MeA_20160214_scaffold_7099-processed-gene-0.9","Protein of unknown function"
"4070","ENA|OLKM01007100|OLKM01007100.1 8944","OLKM01007100.1",8945,"MeA_20160214_scaffold_7099","OLKM01007100.1","maker","gene",6530,8968,".","-",".","ID=MEAE_00094498","MEAE_00094498","Alias=snap_masked-MeA_20160214_scaffold_7099-processed-gene-0.9","Protein of unknown function"
"4071","ENA|OLKM01007104|OLKM01007104.1 1071","OLKM01007104.1",1072,"MeA_20160214_scaffold_7103","OLKM01007104.1","maker","gene",555,10843,".","-",".","ID=MEAE_00094504","MEAE_00094504","Alias=snap_masked-MeA_20160214_scaffold_7103-processed-gene-0.6","Protein of unknown function"
"4072","ENA|OLKM01007104|OLKM01007104.1 9314","OLKM01007104.1",9315,"MeA_20160214_scaffold_7103","OLKM01007104.1","maker","gene",3788,10822,".","+",".","ID=MEAE_00094505","MEAE_00094505","Alias=augustus_masked-MeA_20160214_scaffold_7103-processed-gene-0.4","Similar to Class I histocompatibility antigen%2C F10 alpha chain (Gallus gallus)"
"4072.2","ENA|OLKM01007104|OLKM01007104.1 9314","OLKM01007104.1",9315,"MeA_20160214_scaffold_7103","OLKM01007104.1","maker","gene",555,10843,".","-",".","ID=MEAE_00094504","MEAE_00094504","Alias=snap_masked-MeA_20160214_scaffold_7103-processed-gene-0.6","Protein of unknown function"
"4073","ENA|OLKM01007104|OLKM01007104.1 9394","OLKM01007104.1",9395,"MeA_20160214_scaffold_7103","OLKM01007104.1","maker","gene",3788,10822,".","+",".","ID=MEAE_00094505","MEAE_00094505","Alias=augustus_masked-MeA_20160214_scaffold_7103-processed-gene-0.4","Similar to Class I histocompatibility antigen%2C F10 alpha chain (Gallus gallus)"
"4073.2","ENA|OLKM01007104|OLKM01007104.1 9394","OLKM01007104.1",9395,"MeA_20160214_scaffold_7103","OLKM01007104.1","maker","gene",555,10843,".","-",".","ID=MEAE_00094504","MEAE_00094504","Alias=snap_masked-MeA_20160214_scaffold_7103-processed-gene-0.6","Protein of unknown function"
"4074","ENA|OLKM01007104|OLKM01007104.1 9418","OLKM01007104.1",9419,"MeA_20160214_scaffold_7103","OLKM01007104.1","maker","gene",3788,10822,".","+",".","ID=MEAE_00094505","MEAE_00094505","Alias=augustus_masked-MeA_20160214_scaffold_7103-processed-gene-0.4","Similar to Class I histocompatibility antigen%2C F10 alpha chain (Gallus gallus)"
"4074.2","ENA|OLKM01007104|OLKM01007104.1 9418","OLKM01007104.1",9419,"MeA_20160214_scaffold_7103","OLKM01007104.1","maker","gene",555,10843,".","-",".","ID=MEAE_00094504","MEAE_00094504","Alias=snap_masked-MeA_20160214_scaffold_7103-processed-gene-0.6","Protein of unknown function"
"4096","ENA|OLKM01007134|OLKM01007134.1 3840","OLKM01007134.1",3841,"MeA_20160214_scaffold_7133","OLKM01007134.1","maker","gene",122,7579,".","+",".","ID=MEAE_00094568","MEAE_00094568","Alias=snap_masked-MeA_20160214_scaffold_7133-processed-gene-0.3","Protein of unknown function"
"4104","ENA|OLKM01007164|OLKM01007164.1 1159","OLKM01007164.1",1160,"MeA_20160214_scaffold_7163","OLKM01007164.1","maker","gene",897,2369,".","+",".","ID=MEAE_00094615","MEAE_00094615","Alias=snap_masked-MeA_20160214_scaffold_7163-processed-gene-0.2","Protein of unknown function"
"4107","ENA|OLKM01007164|OLKM01007164.1 10033","OLKM01007164.1",10034,"MeA_20160214_scaffold_7163","OLKM01007164.1","maker","gene",10013,10515,".","+",".","ID=MEAE_00094616","MEAE_00094616","Alias=snap_masked-MeA_20160214_scaffold_7163-processed-gene-0.3","Similar to Calpain-1 catalytic subunit (Gallus gallus)"
"4108","ENA|OLKM01007164|OLKM01007164.1 10503","OLKM01007164.1",10504,"MeA_20160214_scaffold_7163","OLKM01007164.1","maker","gene",10013,10515,".","+",".","ID=MEAE_00094616","MEAE_00094616","Alias=snap_masked-MeA_20160214_scaffold_7163-processed-gene-0.3","Similar to Calpain-1 catalytic subunit (Gallus gallus)"
"4110","ENA|OLKM01007174|OLKM01007174.1 10332","OLKM01007174.1",10333,"MeA_20160214_scaffold_7173","OLKM01007174.1","maker","gene",10231,10446,".","+",".","ID=MEAE_00094640","MEAE_00094640","Alias=augustus_masked-MeA_20160214_scaffold_7173-processed-gene-0.2","Protein of unknown function"
"4117","ENA|OLKM01007188|OLKM01007188.1 8947","OLKM01007188.1",8948,"MeA_20160214_scaffold_7187","OLKM01007188.1","maker","gene",7625,11608,".","-",".","ID=MEAE_00094665","MEAE_00094665","Alias=snap_masked-MeA_20160214_scaffold_7187-processed-gene-0.8","Protein of unknown function"
"4117.4","ENA|OLKM01007188|OLKM01007188.1 8947","OLKM01007188.1",8948,"MeA_20160214_scaffold_7187","OLKM01007188.1","maker","gene",6806,12062,".","+",".","ID=MEAE_00094664","MEAE_00094664","Alias=snap_masked-MeA_20160214_scaffold_7187-processed-gene-0.6","Similar to ZBED9: SCAN domain-containing protein 3 (Homo sapiens)"
"4118","ENA|OLKM01007188|OLKM01007188.1 9097","OLKM01007188.1",9098,"MeA_20160214_scaffold_7187","OLKM01007188.1","maker","gene",7625,11608,".","-",".","ID=MEAE_00094665","MEAE_00094665","Alias=snap_masked-MeA_20160214_scaffold_7187-processed-gene-0.8","Protein of unknown function"
"4118.2","ENA|OLKM01007188|OLKM01007188.1 9097","OLKM01007188.1",9098,"MeA_20160214_scaffold_7187","OLKM01007188.1","maker","gene",6806,12062,".","+",".","ID=MEAE_00094664","MEAE_00094664","Alias=snap_masked-MeA_20160214_scaffold_7187-processed-gene-0.6","Similar to ZBED9: SCAN domain-containing protein 3 (Homo sapiens)"
"4119","ENA|OLKM01007188|OLKM01007188.1 10334","OLKM01007188.1",10335,"MeA_20160214_scaffold_7187","OLKM01007188.1","maker","gene",7625,11608,".","-",".","ID=MEAE_00094665","MEAE_00094665","Alias=snap_masked-MeA_20160214_scaffold_7187-processed-gene-0.8","Protein of unknown function"
"4119.4","ENA|OLKM01007188|OLKM01007188.1 10334","OLKM01007188.1",10335,"MeA_20160214_scaffold_7187","OLKM01007188.1","maker","gene",6806,12062,".","+",".","ID=MEAE_00094664","MEAE_00094664","Alias=snap_masked-MeA_20160214_scaffold_7187-processed-gene-0.6","Similar to ZBED9: SCAN domain-containing protein 3 (Homo sapiens)"
"4120","ENA|OLKM01007188|OLKM01007188.1 10732","OLKM01007188.1",10733,"MeA_20160214_scaffold_7187","OLKM01007188.1","maker","gene",7625,11608,".","-",".","ID=MEAE_00094665","MEAE_00094665","Alias=snap_masked-MeA_20160214_scaffold_7187-processed-gene-0.8","Protein of unknown function"
"4120.2","ENA|OLKM01007188|OLKM01007188.1 10732","OLKM01007188.1",10733,"MeA_20160214_scaffold_7187","OLKM01007188.1","maker","gene",6806,12062,".","+",".","ID=MEAE_00094664","MEAE_00094664","Alias=snap_masked-MeA_20160214_scaffold_7187-processed-gene-0.6","Similar to ZBED9: SCAN domain-containing protein 3 (Homo sapiens)"
"4124","ENA|OLKM01007204|OLKM01007204.1 8051","OLKM01007204.1",8052,"MeA_20160214_scaffold_7203","OLKM01007204.1","maker","gene",7180,10651,".","-",".","ID=MEAE_00094714","MEAE_00094714","Alias=snap_masked-MeA_20160214_scaffold_7203-processed-gene-0.9","Protein of unknown function"
"4131","ENA|OLKM01007240|OLKM01007240.1 6379","OLKM01007240.1",6380,"MeA_20160214_scaffold_7239","OLKM01007240.1","maker","gene",4433,10725,".","+",".","ID=MEAE_00094770","MEAE_00094770","Alias=maker-MeA_20160214_scaffold_7239-snap-gene-0.3","Protein of unknown function"
"4133","ENA|OLKM01007263|OLKM01007263.1 473","OLKM01007263.1",474,"MeA_20160214_scaffold_7262","OLKM01007263.1","maker","gene",101,8291,".","-",".","ID=MEAE_00094814","MEAE_00094814","Alias=genemark-MeA_20160214_scaffold_7262-processed-gene-0.1","Protein of unknown function"
"4134","ENA|OLKM01007263|OLKM01007263.1 820","OLKM01007263.1",821,"MeA_20160214_scaffold_7262","OLKM01007263.1","maker","gene",101,8291,".","-",".","ID=MEAE_00094814","MEAE_00094814","Alias=genemark-MeA_20160214_scaffold_7262-processed-gene-0.1","Protein of unknown function"
"4135","ENA|OLKM01007263|OLKM01007263.1 1214","OLKM01007263.1",1215,"MeA_20160214_scaffold_7262","OLKM01007263.1","maker","gene",101,8291,".","-",".","ID=MEAE_00094814","MEAE_00094814","Alias=genemark-MeA_20160214_scaffold_7262-processed-gene-0.1","Protein of unknown function"
"4135.2","ENA|OLKM01007263|OLKM01007263.1 1214","OLKM01007263.1",1215,"MeA_20160214_scaffold_7262","OLKM01007263.1","maker","gene",1017,1467,".","+",".","ID=MEAE_00094815","MEAE_00094815","Alias=augustus_masked-MeA_20160214_scaffold_7262-processed-gene-0.0","Protein of unknown function"
"4136","ENA|OLKM01007263|OLKM01007263.1 2273","OLKM01007263.1",2274,"MeA_20160214_scaffold_7262","OLKM01007263.1","maker","gene",101,8291,".","-",".","ID=MEAE_00094814","MEAE_00094814","Alias=genemark-MeA_20160214_scaffold_7262-processed-gene-0.1","Protein of unknown function"
"4137","ENA|OLKM01007263|OLKM01007263.1 2286","OLKM01007263.1",2287,"MeA_20160214_scaffold_7262","OLKM01007263.1","maker","gene",101,8291,".","-",".","ID=MEAE_00094814","MEAE_00094814","Alias=genemark-MeA_20160214_scaffold_7262-processed-gene-0.1","Protein of unknown function"
"4138","ENA|OLKM01007263|OLKM01007263.1 2357","OLKM01007263.1",2358,"MeA_20160214_scaffold_7262","OLKM01007263.1","maker","gene",101,8291,".","-",".","ID=MEAE_00094814","MEAE_00094814","Alias=genemark-MeA_20160214_scaffold_7262-processed-gene-0.1","Protein of unknown function"
"4139","ENA|OLKM01007267|OLKM01007267.1 1295","OLKM01007267.1",1296,"MeA_20160214_scaffold_7266","OLKM01007267.1","maker","gene",155,12053,".","-",".","ID=MEAE_00094818","MEAE_00094818","Alias=snap_masked-MeA_20160214_scaffold_7266-processed-gene-0.3","Protein of unknown function"
"4140","ENA|OLKM01007267|OLKM01007267.1 2328","OLKM01007267.1",2329,"MeA_20160214_scaffold_7266","OLKM01007267.1","maker","gene",155,12053,".","-",".","ID=MEAE_00094818","MEAE_00094818","Alias=snap_masked-MeA_20160214_scaffold_7266-processed-gene-0.3","Protein of unknown function"
"4141","ENA|OLKM01007267|OLKM01007267.1 2847","OLKM01007267.1",2848,"MeA_20160214_scaffold_7266","OLKM01007267.1","maker","gene",155,12053,".","-",".","ID=MEAE_00094818","MEAE_00094818","Alias=snap_masked-MeA_20160214_scaffold_7266-processed-gene-0.3","Protein of unknown function"
"4142","ENA|OLKM01007267|OLKM01007267.1 3290","OLKM01007267.1",3291,"MeA_20160214_scaffold_7266","OLKM01007267.1","maker","gene",155,12053,".","-",".","ID=MEAE_00094818","MEAE_00094818","Alias=snap_masked-MeA_20160214_scaffold_7266-processed-gene-0.3","Protein of unknown function"
"4143","ENA|OLKM01007267|OLKM01007267.1 4966","OLKM01007267.1",4967,"MeA_20160214_scaffold_7266","OLKM01007267.1","maker","gene",155,12053,".","-",".","ID=MEAE_00094818","MEAE_00094818","Alias=snap_masked-MeA_20160214_scaffold_7266-processed-gene-0.3","Protein of unknown function"
"4144","ENA|OLKM01007267|OLKM01007267.1 5045","OLKM01007267.1",5046,"MeA_20160214_scaffold_7266","OLKM01007267.1","maker","gene",155,12053,".","-",".","ID=MEAE_00094818","MEAE_00094818","Alias=snap_masked-MeA_20160214_scaffold_7266-processed-gene-0.3","Protein of unknown function"
"4145","ENA|OLKM01007267|OLKM01007267.1 8463","OLKM01007267.1",8464,"MeA_20160214_scaffold_7266","OLKM01007267.1","maker","gene",155,12053,".","-",".","ID=MEAE_00094818","MEAE_00094818","Alias=snap_masked-MeA_20160214_scaffold_7266-processed-gene-0.3","Protein of unknown function"
"4168","ENA|OLKM01007279|OLKM01007279.1 4298","OLKM01007279.1",4299,"MeA_20160214_scaffold_7278","OLKM01007279.1","maker","gene",3556,9965,".","-",".","ID=MEAE_00094847","MEAE_00094847","Alias=maker-MeA_20160214_scaffold_7278-snap-gene-0.16","Protein of unknown function"
"4177","ENA|OLKM01007291|OLKM01007291.1 1738","OLKM01007291.1",1739,"MeA_20160214_scaffold_7290","OLKM01007291.1","maker","gene",591,1874,".","+",".","ID=MEAE_00094872","MEAE_00094872","Alias=augustus_masked-MeA_20160214_scaffold_7290-processed-gene-0.4","Protein of unknown function"
"4178","ENA|OLKM01007291|OLKM01007291.1 1777","OLKM01007291.1",1778,"MeA_20160214_scaffold_7290","OLKM01007291.1","maker","gene",591,1874,".","+",".","ID=MEAE_00094872","MEAE_00094872","Alias=augustus_masked-MeA_20160214_scaffold_7290-processed-gene-0.4","Protein of unknown function"
"4179","ENA|OLKM01007292|OLKM01007292.1 2231","OLKM01007292.1",2232,"MeA_20160214_scaffold_7291","OLKM01007292.1","maker","gene",1310,6978,".","-",".","ID=MEAE_00094875","MEAE_00094875","Alias=maker-MeA_20160214_scaffold_7291-snap-gene-0.9","Protein of unknown function"
"4180","ENA|OLKM01007292|OLKM01007292.1 5914","OLKM01007292.1",5915,"MeA_20160214_scaffold_7291","OLKM01007292.1","maker","gene",1310,6978,".","-",".","ID=MEAE_00094875","MEAE_00094875","Alias=maker-MeA_20160214_scaffold_7291-snap-gene-0.9","Protein of unknown function"
"4185","ENA|OLKM01007309|OLKM01007309.1 9974","OLKM01007309.1",9975,"MeA_20160214_scaffold_7308","OLKM01007309.1","maker","gene",8254,11792,".","+",".","ID=MEAE_00094907","MEAE_00094907","Alias=snap_masked-MeA_20160214_scaffold_7308-processed-gene-0.5","Protein of unknown function"
"4186","ENA|OLKM01007309|OLKM01007309.1 10035","OLKM01007309.1",10036,"MeA_20160214_scaffold_7308","OLKM01007309.1","maker","gene",8254,11792,".","+",".","ID=MEAE_00094907","MEAE_00094907","Alias=snap_masked-MeA_20160214_scaffold_7308-processed-gene-0.5","Protein of unknown function"
"4187","ENA|OLKM01007313|OLKM01007313.1 4002","OLKM01007313.1",4003,"MeA_20160214_scaffold_7312","OLKM01007313.1","maker","gene",807,6025,".","-",".","ID=MEAE_00094918","MEAE_00094918","Alias=maker-MeA_20160214_scaffold_7312-snap-gene-0.8","Protein of unknown function"
"4192","ENA|OLKM01007323|OLKM01007323.1 3420","OLKM01007323.1",3421,"MeA_20160214_scaffold_7322","OLKM01007323.1","maker","gene",31,3977,".","+",".","ID=MEAE_00094939","MEAE_00094939","Alias=maker-MeA_20160214_scaffold_7322-snap-gene-0.4","Protein of unknown function"
"4193","ENA|OLKM01007325|OLKM01007325.1 8362","OLKM01007325.1",8363,"MeA_20160214_scaffold_7324","OLKM01007325.1","maker","gene",8229,8426,".","-",".","ID=MEAE_00094941","MEAE_00094941","Alias=snap_masked-MeA_20160214_scaffold_7324-processed-gene-0.3","Protein of unknown function"
"4211","ENA|OLKM01007349|OLKM01007349.1 3810","OLKM01007349.1",3811,"MeA_20160214_scaffold_7348","OLKM01007349.1","maker","gene",2499,4651,".","+",".","ID=MEAE_00094978","MEAE_00094978","Alias=snap_masked-MeA_20160214_scaffold_7348-processed-gene-0.7","Protein of unknown function"
"4211.2","ENA|OLKM01007349|OLKM01007349.1 3810","OLKM01007349.1",3811,"MeA_20160214_scaffold_7348","OLKM01007349.1","maker","gene",2288,8147,".","-",".","ID=MEAE_00094977","MEAE_00094977","Alias=augustus_masked-MeA_20160214_scaffold_7348-processed-gene-0.5","Protein of unknown function"
"4213","ENA|OLKM01007372|OLKM01007372.1 7340","OLKM01007372.1",7341,"MeA_20160214_scaffold_7371","OLKM01007372.1","maker","gene",4611,10045,".","-",".","ID=MEAE_00095016","MEAE_00095016","Alias=snap_masked-MeA_20160214_scaffold_7371-processed-gene-0.7","Protein of unknown function"
"4214","ENA|OLKM01007372|OLKM01007372.1 7392","OLKM01007372.1",7393,"MeA_20160214_scaffold_7371","OLKM01007372.1","maker","gene",4611,10045,".","-",".","ID=MEAE_00095016","MEAE_00095016","Alias=snap_masked-MeA_20160214_scaffold_7371-processed-gene-0.7","Protein of unknown function"
"4219","ENA|OLKM01007391|OLKM01007391.1 4551","OLKM01007391.1",4552,"MeA_20160214_scaffold_7390","OLKM01007391.1","maker","gene",3631,10519,".","-",".","ID=MEAE_00095045","MEAE_00095045","Alias=maker-MeA_20160214_scaffold_7390-augustus-gene-0.5","Similar to NLRC3: Protein NLRC3 (Homo sapiens)"
"4222","ENA|OLKM01007398|OLKM01007398.1 7583","OLKM01007398.1",7584,"MeA_20160214_scaffold_7397","OLKM01007398.1","maker","gene",5238,9891,".","+",".","ID=MEAE_00095058","MEAE_00095058","Alias=snap_masked-MeA_20160214_scaffold_7397-processed-gene-0.5","Protein of unknown function"
"4223","ENA|OLKM01007402|OLKM01007402.1 1579","OLKM01007402.1",1580,"MeA_20160214_scaffold_7401","OLKM01007402.1","maker","gene",727,7352,".","+",".","ID=MEAE_00095067","MEAE_00095067","Alias=maker-MeA_20160214_scaffold_7401-snap-gene-0.6","Similar to MR1: Major histocompatibility complex class I-related gene protein (Bos taurus)"
"4223.4","ENA|OLKM01007402|OLKM01007402.1 1579","OLKM01007402.1",1580,"MeA_20160214_scaffold_7401","OLKM01007402.1","maker","gene",813,3008,".","-",".","ID=MEAE_00095068","MEAE_00095068","Alias=snap_masked-MeA_20160214_scaffold_7401-processed-gene-0.4","Protein of unknown function"
"4224","ENA|OLKM01007402|OLKM01007402.1 1669","OLKM01007402.1",1670,"MeA_20160214_scaffold_7401","OLKM01007402.1","maker","gene",727,7352,".","+",".","ID=MEAE_00095067","MEAE_00095067","Alias=maker-MeA_20160214_scaffold_7401-snap-gene-0.6","Similar to MR1: Major histocompatibility complex class I-related gene protein (Bos taurus)"
"4224.4","ENA|OLKM01007402|OLKM01007402.1 1669","OLKM01007402.1",1670,"MeA_20160214_scaffold_7401","OLKM01007402.1","maker","gene",813,3008,".","-",".","ID=MEAE_00095068","MEAE_00095068","Alias=snap_masked-MeA_20160214_scaffold_7401-processed-gene-0.4","Protein of unknown function"
"4225","ENA|OLKM01007402|OLKM01007402.1 1723","OLKM01007402.1",1724,"MeA_20160214_scaffold_7401","OLKM01007402.1","maker","gene",727,7352,".","+",".","ID=MEAE_00095067","MEAE_00095067","Alias=maker-MeA_20160214_scaffold_7401-snap-gene-0.6","Similar to MR1: Major histocompatibility complex class I-related gene protein (Bos taurus)"
"4225.4","ENA|OLKM01007402|OLKM01007402.1 1723","OLKM01007402.1",1724,"MeA_20160214_scaffold_7401","OLKM01007402.1","maker","gene",813,3008,".","-",".","ID=MEAE_00095068","MEAE_00095068","Alias=snap_masked-MeA_20160214_scaffold_7401-processed-gene-0.4","Protein of unknown function"
"4226","ENA|OLKM01007402|OLKM01007402.1 2035","OLKM01007402.1",2036,"MeA_20160214_scaffold_7401","OLKM01007402.1","maker","gene",727,7352,".","+",".","ID=MEAE_00095067","MEAE_00095067","Alias=maker-MeA_20160214_scaffold_7401-snap-gene-0.6","Similar to MR1: Major histocompatibility complex class I-related gene protein (Bos taurus)"
"4226.2","ENA|OLKM01007402|OLKM01007402.1 2035","OLKM01007402.1",2036,"MeA_20160214_scaffold_7401","OLKM01007402.1","maker","gene",813,3008,".","-",".","ID=MEAE_00095068","MEAE_00095068","Alias=snap_masked-MeA_20160214_scaffold_7401-processed-gene-0.4","Protein of unknown function"
"4227","ENA|OLKM01007402|OLKM01007402.1 2152","OLKM01007402.1",2153,"MeA_20160214_scaffold_7401","OLKM01007402.1","maker","gene",727,7352,".","+",".","ID=MEAE_00095067","MEAE_00095067","Alias=maker-MeA_20160214_scaffold_7401-snap-gene-0.6","Similar to MR1: Major histocompatibility complex class I-related gene protein (Bos taurus)"
"4227.4","ENA|OLKM01007402|OLKM01007402.1 2152","OLKM01007402.1",2153,"MeA_20160214_scaffold_7401","OLKM01007402.1","maker","gene",813,3008,".","-",".","ID=MEAE_00095068","MEAE_00095068","Alias=snap_masked-MeA_20160214_scaffold_7401-processed-gene-0.4","Protein of unknown function"
"4228","ENA|OLKM01007402|OLKM01007402.1 5332","OLKM01007402.1",5333,"MeA_20160214_scaffold_7401","OLKM01007402.1","maker","gene",727,7352,".","+",".","ID=MEAE_00095067","MEAE_00095067","Alias=maker-MeA_20160214_scaffold_7401-snap-gene-0.6","Similar to MR1: Major histocompatibility complex class I-related gene protein (Bos taurus)"
"4231","ENA|OLKM01007403|OLKM01007403.1 2011","OLKM01007403.1",2012,"MeA_20160214_scaffold_7402","OLKM01007403.1","maker","gene",1909,6967,".","+",".","ID=MEAE_00095069","MEAE_00095069","Alias=maker-MeA_20160214_scaffold_7402-snap-gene-0.5","Protein of unknown function"
"4231.4","ENA|OLKM01007403|OLKM01007403.1 2011","OLKM01007403.1",2012,"MeA_20160214_scaffold_7402","OLKM01007403.1","maker","gene",1913,6936,".","-",".","ID=MEAE_00095070","MEAE_00095070","Alias=augustus_masked-MeA_20160214_scaffold_7402-processed-gene-0.3","Protein of unknown function"
"4239","ENA|OLKM01007426|OLKM01007426.1 10425","OLKM01007426.1",10426,"MeA_20160214_scaffold_7425","OLKM01007426.1","maker","gene",10297,10713,".","-",".","ID=MEAE_00095107","MEAE_00095107","Alias=snap_masked-MeA_20160214_scaffold_7425-processed-gene-0.6","Protein of unknown function"
"4247","ENA|OLKM01007437|OLKM01007437.1 1962","OLKM01007437.1",1963,"MeA_20160214_scaffold_7436","OLKM01007437.1","maker","gene",29,2312,".","+",".","ID=MEAE_00095132","MEAE_00095132","Alias=maker-MeA_20160214_scaffold_7436-snap-gene-0.4","Similar to G2e3: G2/M phase-specific E3 ubiquitin-protein ligase (Mus musculus)"
"4260","ENA|OLKM01007451|OLKM01007451.1 5805","OLKM01007451.1",5806,"MeA_20160214_scaffold_7450","OLKM01007451.1","maker","gene",5349,8066,".","-",".","ID=MEAE_00095158","MEAE_00095158","Alias=maker-MeA_20160214_scaffold_7450-snap-gene-0.11","Protein of unknown function"
"4262","ENA|OLKM01007456|OLKM01007456.1 2562","OLKM01007456.1",2563,"MeA_20160214_scaffold_7455","OLKM01007456.1","maker","gene",1474,9476,".","-",".","ID=MEAE_00095164","MEAE_00095164","Alias=maker-MeA_20160214_scaffold_7455-snap-gene-0.7","Protein of unknown function"
"4263","ENA|OLKM01007458|OLKM01007458.1 623","OLKM01007458.1",624,"MeA_20160214_scaffold_7457","OLKM01007458.1","maker","gene",135,3220,".","-",".","ID=MEAE_00095168","MEAE_00095168","Alias=snap_masked-MeA_20160214_scaffold_7457-processed-gene-0.7","Protein of unknown function"
"4264","ENA|OLKM01007458|OLKM01007458.1 640","OLKM01007458.1",641,"MeA_20160214_scaffold_7457","OLKM01007458.1","maker","gene",135,3220,".","-",".","ID=MEAE_00095168","MEAE_00095168","Alias=snap_masked-MeA_20160214_scaffold_7457-processed-gene-0.7","Protein of unknown function"
"4265","ENA|OLKM01007458|OLKM01007458.1 667","OLKM01007458.1",668,"MeA_20160214_scaffold_7457","OLKM01007458.1","maker","gene",135,3220,".","-",".","ID=MEAE_00095168","MEAE_00095168","Alias=snap_masked-MeA_20160214_scaffold_7457-processed-gene-0.7","Protein of unknown function"
"4266","ENA|OLKM01007458|OLKM01007458.1 673","OLKM01007458.1",674,"MeA_20160214_scaffold_7457","OLKM01007458.1","maker","gene",135,3220,".","-",".","ID=MEAE_00095168","MEAE_00095168","Alias=snap_masked-MeA_20160214_scaffold_7457-processed-gene-0.7","Protein of unknown function"
"4267","ENA|OLKM01007458|OLKM01007458.1 957","OLKM01007458.1",958,"MeA_20160214_scaffold_7457","OLKM01007458.1","maker","gene",135,3220,".","-",".","ID=MEAE_00095168","MEAE_00095168","Alias=snap_masked-MeA_20160214_scaffold_7457-processed-gene-0.7","Protein of unknown function"
"4268","ENA|OLKM01007458|OLKM01007458.1 1064","OLKM01007458.1",1065,"MeA_20160214_scaffold_7457","OLKM01007458.1","maker","gene",135,3220,".","-",".","ID=MEAE_00095168","MEAE_00095168","Alias=snap_masked-MeA_20160214_scaffold_7457-processed-gene-0.7","Protein of unknown function"
"4269","ENA|OLKM01007458|OLKM01007458.1 1228","OLKM01007458.1",1229,"MeA_20160214_scaffold_7457","OLKM01007458.1","maker","gene",135,3220,".","-",".","ID=MEAE_00095168","MEAE_00095168","Alias=snap_masked-MeA_20160214_scaffold_7457-processed-gene-0.7","Protein of unknown function"
"4270","ENA|OLKM01007458|OLKM01007458.1 1393","OLKM01007458.1",1394,"MeA_20160214_scaffold_7457","OLKM01007458.1","maker","gene",135,3220,".","-",".","ID=MEAE_00095168","MEAE_00095168","Alias=snap_masked-MeA_20160214_scaffold_7457-processed-gene-0.7","Protein of unknown function"
"4271","ENA|OLKM01007458|OLKM01007458.1 1894","OLKM01007458.1",1895,"MeA_20160214_scaffold_7457","OLKM01007458.1","maker","gene",135,3220,".","-",".","ID=MEAE_00095168","MEAE_00095168","Alias=snap_masked-MeA_20160214_scaffold_7457-processed-gene-0.7","Protein of unknown function"
"4272","ENA|OLKM01007458|OLKM01007458.1 2109","OLKM01007458.1",2110,"MeA_20160214_scaffold_7457","OLKM01007458.1","maker","gene",135,3220,".","-",".","ID=MEAE_00095168","MEAE_00095168","Alias=snap_masked-MeA_20160214_scaffold_7457-processed-gene-0.7","Protein of unknown function"
"4273","ENA|OLKM01007458|OLKM01007458.1 2304","OLKM01007458.1",2305,"MeA_20160214_scaffold_7457","OLKM01007458.1","maker","gene",135,3220,".","-",".","ID=MEAE_00095168","MEAE_00095168","Alias=snap_masked-MeA_20160214_scaffold_7457-processed-gene-0.7","Protein of unknown function"
"4274","ENA|OLKM01007458|OLKM01007458.1 2725","OLKM01007458.1",2726,"MeA_20160214_scaffold_7457","OLKM01007458.1","maker","gene",135,3220,".","-",".","ID=MEAE_00095168","MEAE_00095168","Alias=snap_masked-MeA_20160214_scaffold_7457-processed-gene-0.7","Protein of unknown function"
"4275","ENA|OLKM01007458|OLKM01007458.1 2875","OLKM01007458.1",2876,"MeA_20160214_scaffold_7457","OLKM01007458.1","maker","gene",135,3220,".","-",".","ID=MEAE_00095168","MEAE_00095168","Alias=snap_masked-MeA_20160214_scaffold_7457-processed-gene-0.7","Protein of unknown function"
"4276","ENA|OLKM01007458|OLKM01007458.1 2894","OLKM01007458.1",2895,"MeA_20160214_scaffold_7457","OLKM01007458.1","maker","gene",135,3220,".","-",".","ID=MEAE_00095168","MEAE_00095168","Alias=snap_masked-MeA_20160214_scaffold_7457-processed-gene-0.7","Protein of unknown function"
"4277","ENA|OLKM01007458|OLKM01007458.1 2952","OLKM01007458.1",2953,"MeA_20160214_scaffold_7457","OLKM01007458.1","maker","gene",135,3220,".","-",".","ID=MEAE_00095168","MEAE_00095168","Alias=snap_masked-MeA_20160214_scaffold_7457-processed-gene-0.7","Protein of unknown function"
"4278","ENA|OLKM01007458|OLKM01007458.1 3787","OLKM01007458.1",3788,"MeA_20160214_scaffold_7457","OLKM01007458.1","maker","gene",3108,8849,".","+",".","ID=MEAE_00095169","MEAE_00095169","Alias=genemark-MeA_20160214_scaffold_7457-processed-gene-0.0","Protein of unknown function"
"4279","ENA|OLKM01007458|OLKM01007458.1 5989","OLKM01007458.1",5990,"MeA_20160214_scaffold_7457","OLKM01007458.1","maker","gene",3108,8849,".","+",".","ID=MEAE_00095169","MEAE_00095169","Alias=genemark-MeA_20160214_scaffold_7457-processed-gene-0.0","Protein of unknown function"
"4280","ENA|OLKM01007458|OLKM01007458.1 6462","OLKM01007458.1",6463,"MeA_20160214_scaffold_7457","OLKM01007458.1","maker","gene",3108,8849,".","+",".","ID=MEAE_00095169","MEAE_00095169","Alias=genemark-MeA_20160214_scaffold_7457-processed-gene-0.0","Protein of unknown function"
"4280.4","ENA|OLKM01007458|OLKM01007458.1 6462","OLKM01007458.1",6463,"MeA_20160214_scaffold_7457","OLKM01007458.1","maker","gene",6050,9862,".","-",".","ID=MEAE_00095170","MEAE_00095170","Alias=maker-MeA_20160214_scaffold_7457-augustus-gene-0.9","Protein of unknown function"
"4281","ENA|OLKM01007458|OLKM01007458.1 6497","OLKM01007458.1",6498,"MeA_20160214_scaffold_7457","OLKM01007458.1","maker","gene",3108,8849,".","+",".","ID=MEAE_00095169","MEAE_00095169","Alias=genemark-MeA_20160214_scaffold_7457-processed-gene-0.0","Protein of unknown function"
"4281.2","ENA|OLKM01007458|OLKM01007458.1 6497","OLKM01007458.1",6498,"MeA_20160214_scaffold_7457","OLKM01007458.1","maker","gene",6050,9862,".","-",".","ID=MEAE_00095170","MEAE_00095170","Alias=maker-MeA_20160214_scaffold_7457-augustus-gene-0.9","Protein of unknown function"
"4282","ENA|OLKM01007459|OLKM01007459.1 2297","OLKM01007459.1",2298,"MeA_20160214_scaffold_7458","OLKM01007459.1","maker","gene",2265,3873,".","-",".","ID=MEAE_00095172","MEAE_00095172","Alias=maker-MeA_20160214_scaffold_7458-augustus-gene-0.4","Protein of unknown function"
"4282.4","ENA|OLKM01007459|OLKM01007459.1 2297","OLKM01007459.1",2298,"MeA_20160214_scaffold_7458","OLKM01007459.1","maker","gene",2173,3755,".","+",".","ID=MEAE_00095171","MEAE_00095171","Alias=augustus_masked-MeA_20160214_scaffold_7458-processed-gene-0.2","Protein of unknown function"
"4283","ENA|OLKM01007468|OLKM01007468.1 1033","OLKM01007468.1",1034,"MeA_20160214_scaffold_7467","OLKM01007468.1","maker","gene",34,9694,".","-",".","ID=MEAE_00095192","MEAE_00095192","Alias=maker-MeA_20160214_scaffold_7467-augustus-gene-0.7","Protein of unknown function"
"4284","ENA|OLKM01007468|OLKM01007468.1 1580","OLKM01007468.1",1581,"MeA_20160214_scaffold_7467","OLKM01007468.1","maker","gene",34,9694,".","-",".","ID=MEAE_00095192","MEAE_00095192","Alias=maker-MeA_20160214_scaffold_7467-augustus-gene-0.7","Protein of unknown function"
"4285","ENA|OLKM01007468|OLKM01007468.1 1643","OLKM01007468.1",1644,"MeA_20160214_scaffold_7467","OLKM01007468.1","maker","gene",34,9694,".","-",".","ID=MEAE_00095192","MEAE_00095192","Alias=maker-MeA_20160214_scaffold_7467-augustus-gene-0.7","Protein of unknown function"
"4286","ENA|OLKM01007468|OLKM01007468.1 1673","OLKM01007468.1",1674,"MeA_20160214_scaffold_7467","OLKM01007468.1","maker","gene",34,9694,".","-",".","ID=MEAE_00095192","MEAE_00095192","Alias=maker-MeA_20160214_scaffold_7467-augustus-gene-0.7","Protein of unknown function"
"4287","ENA|OLKM01007468|OLKM01007468.1 1683","OLKM01007468.1",1684,"MeA_20160214_scaffold_7467","OLKM01007468.1","maker","gene",34,9694,".","-",".","ID=MEAE_00095192","MEAE_00095192","Alias=maker-MeA_20160214_scaffold_7467-augustus-gene-0.7","Protein of unknown function"
"4288","ENA|OLKM01007468|OLKM01007468.1 2588","OLKM01007468.1",2589,"MeA_20160214_scaffold_7467","OLKM01007468.1","maker","gene",34,9694,".","-",".","ID=MEAE_00095192","MEAE_00095192","Alias=maker-MeA_20160214_scaffold_7467-augustus-gene-0.7","Protein of unknown function"
"4289","ENA|OLKM01007468|OLKM01007468.1 2700","OLKM01007468.1",2701,"MeA_20160214_scaffold_7467","OLKM01007468.1","maker","gene",34,9694,".","-",".","ID=MEAE_00095192","MEAE_00095192","Alias=maker-MeA_20160214_scaffold_7467-augustus-gene-0.7","Protein of unknown function"
"4290","ENA|OLKM01007468|OLKM01007468.1 3582","OLKM01007468.1",3583,"MeA_20160214_scaffold_7467","OLKM01007468.1","maker","gene",34,9694,".","-",".","ID=MEAE_00095192","MEAE_00095192","Alias=maker-MeA_20160214_scaffold_7467-augustus-gene-0.7","Protein of unknown function"
"4304","ENA|OLKM01007478|OLKM01007478.1 4721","OLKM01007478.1",4722,"MeA_20160214_scaffold_7477","OLKM01007478.1","maker","gene",1011,10500,".","-",".","ID=MEAE_00095216","MEAE_00095216","Alias=maker-MeA_20160214_scaffold_7477-snap-gene-0.11","Protein of unknown function"
"4304.2","ENA|OLKM01007478|OLKM01007478.1 4721","OLKM01007478.1",4722,"MeA_20160214_scaffold_7477","OLKM01007478.1","maker","gene",531,4980,".","+",".","ID=MEAE_00095215","MEAE_00095215","Alias=snap_masked-MeA_20160214_scaffold_7477-processed-gene-0.5","Protein of unknown function"
"4305","ENA|OLKM01007478|OLKM01007478.1 4814","OLKM01007478.1",4815,"MeA_20160214_scaffold_7477","OLKM01007478.1","maker","gene",1011,10500,".","-",".","ID=MEAE_00095216","MEAE_00095216","Alias=maker-MeA_20160214_scaffold_7477-snap-gene-0.11","Protein of unknown function"
"4305.2","ENA|OLKM01007478|OLKM01007478.1 4814","OLKM01007478.1",4815,"MeA_20160214_scaffold_7477","OLKM01007478.1","maker","gene",531,4980,".","+",".","ID=MEAE_00095215","MEAE_00095215","Alias=snap_masked-MeA_20160214_scaffold_7477-processed-gene-0.5","Protein of unknown function"
"4306","ENA|OLKM01007482|OLKM01007482.1 6083","OLKM01007482.1",6084,"MeA_20160214_scaffold_7481","OLKM01007482.1","maker","gene",1322,11665,".","+",".","ID=MEAE_00095229","MEAE_00095229","Alias=snap_masked-MeA_20160214_scaffold_7481-processed-gene-0.5","Protein of unknown function"
"4322","ENA|OLKM01007587|OLKM01007587.1 59","OLKM01007587.1",60,"MeA_20160214_scaffold_7586","OLKM01007587.1","maker","gene",1,231,".","-",".","ID=MEAE_00095397","MEAE_00095397","Alias=augustus_masked-MeA_20160214_scaffold_7586-processed-gene-0.3","Protein of unknown function"
"4325","ENA|OLKM01007587|OLKM01007587.1 685","OLKM01007587.1",686,"MeA_20160214_scaffold_7586","OLKM01007587.1","maker","gene",414,2633,".","+",".","ID=MEAE_00095399","MEAE_00095399","Alias=snap_masked-MeA_20160214_scaffold_7586-processed-gene-0.7","Protein of unknown function"
"4326","ENA|OLKM01007587|OLKM01007587.1 791","OLKM01007587.1",792,"MeA_20160214_scaffold_7586","OLKM01007587.1","maker","gene",414,2633,".","+",".","ID=MEAE_00095399","MEAE_00095399","Alias=snap_masked-MeA_20160214_scaffold_7586-processed-gene-0.7","Protein of unknown function"
"4327","ENA|OLKM01007587|OLKM01007587.1 1333","OLKM01007587.1",1334,"MeA_20160214_scaffold_7586","OLKM01007587.1","maker","gene",414,2633,".","+",".","ID=MEAE_00095399","MEAE_00095399","Alias=snap_masked-MeA_20160214_scaffold_7586-processed-gene-0.7","Protein of unknown function"
"4328","ENA|OLKM01007587|OLKM01007587.1 1394","OLKM01007587.1",1395,"MeA_20160214_scaffold_7586","OLKM01007587.1","maker","gene",414,2633,".","+",".","ID=MEAE_00095399","MEAE_00095399","Alias=snap_masked-MeA_20160214_scaffold_7586-processed-gene-0.7","Protein of unknown function"
"4329","ENA|OLKM01007587|OLKM01007587.1 1404","OLKM01007587.1",1405,"MeA_20160214_scaffold_7586","OLKM01007587.1","maker","gene",414,2633,".","+",".","ID=MEAE_00095399","MEAE_00095399","Alias=snap_masked-MeA_20160214_scaffold_7586-processed-gene-0.7","Protein of unknown function"
"4330","ENA|OLKM01007587|OLKM01007587.1 1598","OLKM01007587.1",1599,"MeA_20160214_scaffold_7586","OLKM01007587.1","maker","gene",414,2633,".","+",".","ID=MEAE_00095399","MEAE_00095399","Alias=snap_masked-MeA_20160214_scaffold_7586-processed-gene-0.7","Protein of unknown function"
"4330.2","ENA|OLKM01007587|OLKM01007587.1 1598","OLKM01007587.1",1599,"MeA_20160214_scaffold_7586","OLKM01007587.1","maker","gene",1593,4742,".","-",".","ID=MEAE_00095400","MEAE_00095400","Alias=augustus_masked-MeA_20160214_scaffold_7586-processed-gene-0.5","Similar to pol: Pol polyprotein (Fragment) (Feline leukemia virus)"
"4331","ENA|OLKM01007587|OLKM01007587.1 1706","OLKM01007587.1",1707,"MeA_20160214_scaffold_7586","OLKM01007587.1","maker","gene",414,2633,".","+",".","ID=MEAE_00095399","MEAE_00095399","Alias=snap_masked-MeA_20160214_scaffold_7586-processed-gene-0.7","Protein of unknown function"
"4331.2","ENA|OLKM01007587|OLKM01007587.1 1706","OLKM01007587.1",1707,"MeA_20160214_scaffold_7586","OLKM01007587.1","maker","gene",1593,4742,".","-",".","ID=MEAE_00095400","MEAE_00095400","Alias=augustus_masked-MeA_20160214_scaffold_7586-processed-gene-0.5","Similar to pol: Pol polyprotein (Fragment) (Feline leukemia virus)"
"4332","ENA|OLKM01007587|OLKM01007587.1 3743","OLKM01007587.1",3744,"MeA_20160214_scaffold_7586","OLKM01007587.1","maker","gene",2683,4129,".","+",".","ID=MEAE_00095401","MEAE_00095401","Alias=snap_masked-MeA_20160214_scaffold_7586-processed-gene-0.8","Protein of unknown function"
"4332.4","ENA|OLKM01007587|OLKM01007587.1 3743","OLKM01007587.1",3744,"MeA_20160214_scaffold_7586","OLKM01007587.1","maker","gene",1593,4742,".","-",".","ID=MEAE_00095400","MEAE_00095400","Alias=augustus_masked-MeA_20160214_scaffold_7586-processed-gene-0.5","Similar to pol: Pol polyprotein (Fragment) (Feline leukemia virus)"
"4335","ENA|OLKM01007592|OLKM01007592.1 4388","OLKM01007592.1",4389,"MeA_20160214_scaffold_7591","OLKM01007592.1","maker","gene",1171,10029,".","-",".","ID=MEAE_00095410","MEAE_00095410","Alias=maker-MeA_20160214_scaffold_7591-augustus-gene-0.4","Similar to NLRP12: NACHT%2C LRR and PYD domains-containing protein 12 (Homo sapiens)"
"4336","ENA|OLKM01007597|OLKM01007597.1 5460","OLKM01007597.1",5461,"MeA_20160214_scaffold_7596","OLKM01007597.1","maker","gene",2134,6725,".","-",".","ID=MEAE_00095417","MEAE_00095417","Alias=snap_masked-MeA_20160214_scaffold_7596-processed-gene-0.3","Protein of unknown function"
"4337","ENA|OLKM01007597|OLKM01007597.1 5475","OLKM01007597.1",5476,"MeA_20160214_scaffold_7596","OLKM01007597.1","maker","gene",2134,6725,".","-",".","ID=MEAE_00095417","MEAE_00095417","Alias=snap_masked-MeA_20160214_scaffold_7596-processed-gene-0.3","Protein of unknown function"
"4345","ENA|OLKM01007643|OLKM01007643.1 3473","OLKM01007643.1",3474,"MeA_20160214_scaffold_7642","OLKM01007643.1","maker","gene",2536,7546,".","+",".","ID=MEAE_00095487","MEAE_00095487","Alias=maker-MeA_20160214_scaffold_7642-snap-gene-0.6","Similar to Ig kappa chain V-III region PC 2154 (Mus musculus)"
"4345.2","ENA|OLKM01007643|OLKM01007643.1 3473","OLKM01007643.1",3474,"MeA_20160214_scaffold_7642","OLKM01007643.1","maker","gene",721,3656,".","-",".","ID=MEAE_00095486","MEAE_00095486","Alias=maker-MeA_20160214_scaffold_7642-augustus-gene-0.5","Similar to Ig kappa chain C region (Mus musculus)"
"4346","ENA|OLKM01007643|OLKM01007643.1 3489","OLKM01007643.1",3490,"MeA_20160214_scaffold_7642","OLKM01007643.1","maker","gene",2536,7546,".","+",".","ID=MEAE_00095487","MEAE_00095487","Alias=maker-MeA_20160214_scaffold_7642-snap-gene-0.6","Similar to Ig kappa chain V-III region PC 2154 (Mus musculus)"
"4346.2","ENA|OLKM01007643|OLKM01007643.1 3489","OLKM01007643.1",3490,"MeA_20160214_scaffold_7642","OLKM01007643.1","maker","gene",721,3656,".","-",".","ID=MEAE_00095486","MEAE_00095486","Alias=maker-MeA_20160214_scaffold_7642-augustus-gene-0.5","Similar to Ig kappa chain C region (Mus musculus)"
"4347","ENA|OLKM01007644|OLKM01007644.1 1015","OLKM01007644.1",1016,"MeA_20160214_scaffold_7643","OLKM01007644.1","maker","gene",874,5709,".","-",".","ID=MEAE_00095489","MEAE_00095489","Alias=snap_masked-MeA_20160214_scaffold_7643-processed-gene-0.3","Protein of unknown function"
"4348","ENA|OLKM01007644|OLKM01007644.1 1027","OLKM01007644.1",1028,"MeA_20160214_scaffold_7643","OLKM01007644.1","maker","gene",874,5709,".","-",".","ID=MEAE_00095489","MEAE_00095489","Alias=snap_masked-MeA_20160214_scaffold_7643-processed-gene-0.3","Protein of unknown function"
"4349","ENA|OLKM01007644|OLKM01007644.1 1081","OLKM01007644.1",1082,"MeA_20160214_scaffold_7643","OLKM01007644.1","maker","gene",874,5709,".","-",".","ID=MEAE_00095489","MEAE_00095489","Alias=snap_masked-MeA_20160214_scaffold_7643-processed-gene-0.3","Protein of unknown function"
"4350","ENA|OLKM01007644|OLKM01007644.1 1840","OLKM01007644.1",1841,"MeA_20160214_scaffold_7643","OLKM01007644.1","maker","gene",874,5709,".","-",".","ID=MEAE_00095489","MEAE_00095489","Alias=snap_masked-MeA_20160214_scaffold_7643-processed-gene-0.3","Protein of unknown function"
"4351","ENA|OLKM01007644|OLKM01007644.1 2929","OLKM01007644.1",2930,"MeA_20160214_scaffold_7643","OLKM01007644.1","maker","gene",874,5709,".","-",".","ID=MEAE_00095489","MEAE_00095489","Alias=snap_masked-MeA_20160214_scaffold_7643-processed-gene-0.3","Protein of unknown function"
"4352","ENA|OLKM01007644|OLKM01007644.1 3489","OLKM01007644.1",3490,"MeA_20160214_scaffold_7643","OLKM01007644.1","maker","gene",874,5709,".","-",".","ID=MEAE_00095489","MEAE_00095489","Alias=snap_masked-MeA_20160214_scaffold_7643-processed-gene-0.3","Protein of unknown function"
"4353","ENA|OLKM01007644|OLKM01007644.1 4749","OLKM01007644.1",4750,"MeA_20160214_scaffold_7643","OLKM01007644.1","maker","gene",874,5709,".","-",".","ID=MEAE_00095489","MEAE_00095489","Alias=snap_masked-MeA_20160214_scaffold_7643-processed-gene-0.3","Protein of unknown function"
"4354","ENA|OLKM01007644|OLKM01007644.1 4901","OLKM01007644.1",4902,"MeA_20160214_scaffold_7643","OLKM01007644.1","maker","gene",874,5709,".","-",".","ID=MEAE_00095489","MEAE_00095489","Alias=snap_masked-MeA_20160214_scaffold_7643-processed-gene-0.3","Protein of unknown function"
"4355","ENA|OLKM01007644|OLKM01007644.1 5567","OLKM01007644.1",5568,"MeA_20160214_scaffold_7643","OLKM01007644.1","maker","gene",5297,6321,".","+",".","ID=MEAE_00095490","MEAE_00095490","Alias=augustus_masked-MeA_20160214_scaffold_7643-processed-gene-0.2","Protein of unknown function"
"4355.2","ENA|OLKM01007644|OLKM01007644.1 5567","OLKM01007644.1",5568,"MeA_20160214_scaffold_7643","OLKM01007644.1","maker","gene",874,5709,".","-",".","ID=MEAE_00095489","MEAE_00095489","Alias=snap_masked-MeA_20160214_scaffold_7643-processed-gene-0.3","Protein of unknown function"
"4361","ENA|OLKM01007661|OLKM01007661.1 1798","OLKM01007661.1",1799,"MeA_20160214_scaffold_7660","OLKM01007661.1","maker","gene",944,5787,".","+",".","ID=MEAE_00095517","MEAE_00095517","Alias=snap_masked-MeA_20160214_scaffold_7660-processed-gene-0.3","Protein of unknown function"
"4362","ENA|OLKM01007661|OLKM01007661.1 1821","OLKM01007661.1",1822,"MeA_20160214_scaffold_7660","OLKM01007661.1","maker","gene",944,5787,".","+",".","ID=MEAE_00095517","MEAE_00095517","Alias=snap_masked-MeA_20160214_scaffold_7660-processed-gene-0.3","Protein of unknown function"
"4364","ENA|OLKM01007666|OLKM01007666.1 3854","OLKM01007666.1",3855,"MeA_20160214_scaffold_7665","OLKM01007666.1","maker","gene",191,8092,".","+",".","ID=MEAE_00095525","MEAE_00095525","Alias=snap_masked-MeA_20160214_scaffold_7665-processed-gene-0.2","Protein of unknown function"
"4364.2","ENA|OLKM01007666|OLKM01007666.1 3854","OLKM01007666.1",3855,"MeA_20160214_scaffold_7665","OLKM01007666.1","maker","gene",349,4236,".","-",".","ID=MEAE_00095526","MEAE_00095526","Alias=augustus_masked-MeA_20160214_scaffold_7665-processed-gene-0.1","Protein of unknown function"
"4366","ENA|OLKM01007684|OLKM01007684.1 3930","OLKM01007684.1",3931,"MeA_20160214_scaffold_7683","OLKM01007684.1","maker","gene",597,5953,".","+",".","ID=MEAE_00095553","MEAE_00095553","Alias=snap_masked-MeA_20160214_scaffold_7683-processed-gene-0.3","Protein of unknown function"
"4367","ENA|OLKM01007684|OLKM01007684.1 3975","OLKM01007684.1",3976,"MeA_20160214_scaffold_7683","OLKM01007684.1","maker","gene",597,5953,".","+",".","ID=MEAE_00095553","MEAE_00095553","Alias=snap_masked-MeA_20160214_scaffold_7683-processed-gene-0.3","Protein of unknown function"
"4368","ENA|OLKM01007684|OLKM01007684.1 4114","OLKM01007684.1",4115,"MeA_20160214_scaffold_7683","OLKM01007684.1","maker","gene",597,5953,".","+",".","ID=MEAE_00095553","MEAE_00095553","Alias=snap_masked-MeA_20160214_scaffold_7683-processed-gene-0.3","Protein of unknown function"
"4369","ENA|OLKM01007687|OLKM01007687.1 6767","OLKM01007687.1",6768,"MeA_20160214_scaffold_7686","OLKM01007687.1","maker","gene",6321,10896,".","+",".","ID=MEAE_00095560","MEAE_00095560","Alias=maker-MeA_20160214_scaffold_7686-augustus-gene-0.4","Protein of unknown function"
"4380","ENA|OLKM01007696|OLKM01007696.1 608","OLKM01007696.1",609,"MeA_20160214_scaffold_7695","OLKM01007696.1","maker","gene",398,848,".","+",".","ID=MEAE_00095573","MEAE_00095573","Alias=maker-MeA_20160214_scaffold_7695-augustus-gene-0.2","Protein of unknown function"
"4399","ENA|OLKM01007711|OLKM01007711.1 1413","OLKM01007711.1",1414,"MeA_20160214_scaffold_7710","OLKM01007711.1","maker","gene",1401,2774,".","+",".","ID=MEAE_00095603","MEAE_00095603","Alias=snap_masked-MeA_20160214_scaffold_7710-processed-gene-0.6","Protein of unknown function"
"4411","ENA|OLKM01007772|OLKM01007772.1 3788","OLKM01007772.1",3789,"MeA_20160214_scaffold_7771","OLKM01007772.1","maker","gene",3679,4098,".","+",".","ID=MEAE_00095710","MEAE_00095710","Alias=snap_masked-MeA_20160214_scaffold_7771-processed-gene-0.5","Protein of unknown function"
"4412","ENA|OLKM01007774|OLKM01007774.1 629","OLKM01007774.1",630,"MeA_20160214_scaffold_7773","OLKM01007774.1","maker","gene",436,2412,".","+",".","ID=MEAE_00095712","MEAE_00095712","Alias=augustus_masked-MeA_20160214_scaffold_7773-processed-gene-0.1","Protein of unknown function"
"4413","ENA|OLKM01007774|OLKM01007774.1 1183","OLKM01007774.1",1184,"MeA_20160214_scaffold_7773","OLKM01007774.1","maker","gene",436,2412,".","+",".","ID=MEAE_00095712","MEAE_00095712","Alias=augustus_masked-MeA_20160214_scaffold_7773-processed-gene-0.1","Protein of unknown function"
"4413.4","ENA|OLKM01007774|OLKM01007774.1 1183","OLKM01007774.1",1184,"MeA_20160214_scaffold_7773","OLKM01007774.1","maker","gene",942,2468,".","-",".","ID=MEAE_00095713","MEAE_00095713","Alias=snap_masked-MeA_20160214_scaffold_7773-processed-gene-0.3","Protein of unknown function"
"4414","ENA|OLKM01007774|OLKM01007774.1 1557","OLKM01007774.1",1558,"MeA_20160214_scaffold_7773","OLKM01007774.1","maker","gene",436,2412,".","+",".","ID=MEAE_00095712","MEAE_00095712","Alias=augustus_masked-MeA_20160214_scaffold_7773-processed-gene-0.1","Protein of unknown function"
"4414.2","ENA|OLKM01007774|OLKM01007774.1 1557","OLKM01007774.1",1558,"MeA_20160214_scaffold_7773","OLKM01007774.1","maker","gene",942,2468,".","-",".","ID=MEAE_00095713","MEAE_00095713","Alias=snap_masked-MeA_20160214_scaffold_7773-processed-gene-0.3","Protein of unknown function"
"4415","ENA|OLKM01007774|OLKM01007774.1 1571","OLKM01007774.1",1572,"MeA_20160214_scaffold_7773","OLKM01007774.1","maker","gene",436,2412,".","+",".","ID=MEAE_00095712","MEAE_00095712","Alias=augustus_masked-MeA_20160214_scaffold_7773-processed-gene-0.1","Protein of unknown function"
"4415.2","ENA|OLKM01007774|OLKM01007774.1 1571","OLKM01007774.1",1572,"MeA_20160214_scaffold_7773","OLKM01007774.1","maker","gene",942,2468,".","-",".","ID=MEAE_00095713","MEAE_00095713","Alias=snap_masked-MeA_20160214_scaffold_7773-processed-gene-0.3","Protein of unknown function"
"4416","ENA|OLKM01007774|OLKM01007774.1 1864","OLKM01007774.1",1865,"MeA_20160214_scaffold_7773","OLKM01007774.1","maker","gene",436,2412,".","+",".","ID=MEAE_00095712","MEAE_00095712","Alias=augustus_masked-MeA_20160214_scaffold_7773-processed-gene-0.1","Protein of unknown function"
"4416.2","ENA|OLKM01007774|OLKM01007774.1 1864","OLKM01007774.1",1865,"MeA_20160214_scaffold_7773","OLKM01007774.1","maker","gene",942,2468,".","-",".","ID=MEAE_00095713","MEAE_00095713","Alias=snap_masked-MeA_20160214_scaffold_7773-processed-gene-0.3","Protein of unknown function"
"4417","ENA|OLKM01007774|OLKM01007774.1 1943","OLKM01007774.1",1944,"MeA_20160214_scaffold_7773","OLKM01007774.1","maker","gene",436,2412,".","+",".","ID=MEAE_00095712","MEAE_00095712","Alias=augustus_masked-MeA_20160214_scaffold_7773-processed-gene-0.1","Protein of unknown function"
"4417.2","ENA|OLKM01007774|OLKM01007774.1 1943","OLKM01007774.1",1944,"MeA_20160214_scaffold_7773","OLKM01007774.1","maker","gene",942,2468,".","-",".","ID=MEAE_00095713","MEAE_00095713","Alias=snap_masked-MeA_20160214_scaffold_7773-processed-gene-0.3","Protein of unknown function"
"4423","ENA|OLKM01007784|OLKM01007784.1 1135","OLKM01007784.1",1136,"MeA_20160214_scaffold_7783","OLKM01007784.1","maker","gene",277,1514,".","+",".","ID=MEAE_00095723","MEAE_00095723","Alias=augustus_masked-MeA_20160214_scaffold_7783-processed-gene-0.6","Protein of unknown function"
"4424","ENA|OLKM01007784|OLKM01007784.1 1735","OLKM01007784.1",1736,"MeA_20160214_scaffold_7783","OLKM01007784.1","maker","gene",1610,1918,".","+",".","ID=MEAE_00095724","MEAE_00095724","Alias=augustus_masked-MeA_20160214_scaffold_7783-processed-gene-0.7","Protein of unknown function"
"4427","ENA|OLKM01007784|OLKM01007784.1 5101","OLKM01007784.1",5102,"MeA_20160214_scaffold_7783","OLKM01007784.1","maker","gene",4760,5278,".","+",".","ID=MEAE_00095726","MEAE_00095726","Alias=snap_masked-MeA_20160214_scaffold_7783-processed-gene-0.13","Similar to pol: Pol polyprotein (Friend murine leukemia virus (isolate FB29))"
"4428","ENA|OLKM01007784|OLKM01007784.1 5518","OLKM01007784.1",5519,"MeA_20160214_scaffold_7783","OLKM01007784.1","maker","gene",5490,7284,".","-",".","ID=MEAE_00095727","MEAE_00095727","Alias=snap_masked-MeA_20160214_scaffold_7783-processed-gene-0.15","Protein of unknown function"
"4429","ENA|OLKM01007786|OLKM01007786.1 6394","OLKM01007786.1",6395,"MeA_20160214_scaffold_7785","OLKM01007786.1","maker","gene",5828,10750,".","+",".","ID=MEAE_00095734","MEAE_00095734","Alias=snap_masked-MeA_20160214_scaffold_7785-processed-gene-0.2","Protein of unknown function"
"4429.2","ENA|OLKM01007786|OLKM01007786.1 6394","OLKM01007786.1",6395,"MeA_20160214_scaffold_7785","OLKM01007786.1","maker","gene",6062,10600,".","-",".","ID=MEAE_00095735","MEAE_00095735","Alias=snap_masked-MeA_20160214_scaffold_7785-processed-gene-0.4","Protein of unknown function"
"4430","ENA|OLKM01007786|OLKM01007786.1 6408","OLKM01007786.1",6409,"MeA_20160214_scaffold_7785","OLKM01007786.1","maker","gene",5828,10750,".","+",".","ID=MEAE_00095734","MEAE_00095734","Alias=snap_masked-MeA_20160214_scaffold_7785-processed-gene-0.2","Protein of unknown function"
"4430.2","ENA|OLKM01007786|OLKM01007786.1 6408","OLKM01007786.1",6409,"MeA_20160214_scaffold_7785","OLKM01007786.1","maker","gene",6062,10600,".","-",".","ID=MEAE_00095735","MEAE_00095735","Alias=snap_masked-MeA_20160214_scaffold_7785-processed-gene-0.4","Protein of unknown function"
"4431","ENA|OLKM01007786|OLKM01007786.1 8840","OLKM01007786.1",8841,"MeA_20160214_scaffold_7785","OLKM01007786.1","maker","gene",5828,10750,".","+",".","ID=MEAE_00095734","MEAE_00095734","Alias=snap_masked-MeA_20160214_scaffold_7785-processed-gene-0.2","Protein of unknown function"
"4431.2","ENA|OLKM01007786|OLKM01007786.1 8840","OLKM01007786.1",8841,"MeA_20160214_scaffold_7785","OLKM01007786.1","maker","gene",6062,10600,".","-",".","ID=MEAE_00095735","MEAE_00095735","Alias=snap_masked-MeA_20160214_scaffold_7785-processed-gene-0.4","Protein of unknown function"
"4434","ENA|OLKM01007788|OLKM01007788.1 1032","OLKM01007788.1",1033,"MeA_20160214_scaffold_7787","OLKM01007788.1","maker","gene",78,2297,".","-",".","ID=MEAE_00095736","MEAE_00095736","Alias=snap_masked-MeA_20160214_scaffold_7787-processed-gene-0.5","Protein of unknown function"
"4435","ENA|OLKM01007788|OLKM01007788.1 1155","OLKM01007788.1",1156,"MeA_20160214_scaffold_7787","OLKM01007788.1","maker","gene",78,2297,".","-",".","ID=MEAE_00095736","MEAE_00095736","Alias=snap_masked-MeA_20160214_scaffold_7787-processed-gene-0.5","Protein of unknown function"
"4436","ENA|OLKM01007788|OLKM01007788.1 1235","OLKM01007788.1",1236,"MeA_20160214_scaffold_7787","OLKM01007788.1","maker","gene",78,2297,".","-",".","ID=MEAE_00095736","MEAE_00095736","Alias=snap_masked-MeA_20160214_scaffold_7787-processed-gene-0.5","Protein of unknown function"
"4448","ENA|OLKM01007808|OLKM01007808.1 4607","OLKM01007808.1",4608,"MeA_20160214_scaffold_7807","OLKM01007808.1","maker","gene",1145,4699,".","-",".","ID=MEAE_00095774","MEAE_00095774","Alias=augustus_masked-MeA_20160214_scaffold_7807-processed-gene-0.1","Protein of unknown function"
"4449","ENA|OLKM01007808|OLKM01007808.1 4636","OLKM01007808.1",4637,"MeA_20160214_scaffold_7807","OLKM01007808.1","maker","gene",1145,4699,".","-",".","ID=MEAE_00095774","MEAE_00095774","Alias=augustus_masked-MeA_20160214_scaffold_7807-processed-gene-0.1","Protein of unknown function"
"4450","ENA|OLKM01007808|OLKM01007808.1 4963","OLKM01007808.1",4964,"MeA_20160214_scaffold_7807","OLKM01007808.1","maker","gene",4666,8993,".","+",".","ID=MEAE_00095779","MEAE_00095779","Alias=maker-MeA_20160214_scaffold_7807-augustus-gene-0.10","Protein of unknown function"
"4451","ENA|OLKM01007808|OLKM01007808.1 6949","OLKM01007808.1",6950,"MeA_20160214_scaffold_7807","OLKM01007808.1","maker","gene",4666,8993,".","+",".","ID=MEAE_00095779","MEAE_00095779","Alias=maker-MeA_20160214_scaffold_7807-augustus-gene-0.10","Protein of unknown function"
"4452","ENA|OLKM01007808|OLKM01007808.1 8574","OLKM01007808.1",8575,"MeA_20160214_scaffold_7807","OLKM01007808.1","maker","gene",4666,8993,".","+",".","ID=MEAE_00095779","MEAE_00095779","Alias=maker-MeA_20160214_scaffold_7807-augustus-gene-0.10","Protein of unknown function"
"4453","ENA|OLKM01007809|OLKM01007809.1 4592","OLKM01007809.1",4593,"MeA_20160214_scaffold_7808","OLKM01007809.1","maker","gene",3471,8245,".","-",".","ID=MEAE_00095780","MEAE_00095780","Alias=maker-MeA_20160214_scaffold_7808-snap-gene-0.5","Protein of unknown function"
"4454","ENA|OLKM01007809|OLKM01007809.1 4825","OLKM01007809.1",4826,"MeA_20160214_scaffold_7808","OLKM01007809.1","maker","gene",3471,8245,".","-",".","ID=MEAE_00095780","MEAE_00095780","Alias=maker-MeA_20160214_scaffold_7808-snap-gene-0.5","Protein of unknown function"
"4458","ENA|OLKM01007843|OLKM01007843.1 5724","OLKM01007843.1",5725,"MeA_20160214_scaffold_7842","OLKM01007843.1","maker","gene",5460,7788,".","+",".","ID=MEAE_00095841","MEAE_00095841","Alias=maker-MeA_20160214_scaffold_7842-snap-gene-0.5","Similar to Os05g0583200: Zinc finger BED domain-containing protein RICESLEEPER 3 (Oryza sativa subsp. japonica)"
"4470","ENA|OLKM01007892|OLKM01007892.1 1874","OLKM01007892.1",1875,"MeA_20160214_scaffold_7891","OLKM01007892.1","maker","gene",1595,7970,".","-",".","ID=MEAE_00095915","MEAE_00095915","Alias=augustus_masked-MeA_20160214_scaffold_7891-processed-gene-0.5","Protein of unknown function"
"4471","ENA|OLKM01007892|OLKM01007892.1 1884","OLKM01007892.1",1885,"MeA_20160214_scaffold_7891","OLKM01007892.1","maker","gene",1595,7970,".","-",".","ID=MEAE_00095915","MEAE_00095915","Alias=augustus_masked-MeA_20160214_scaffold_7891-processed-gene-0.5","Protein of unknown function"
"4472","ENA|OLKM01007900|OLKM01007900.1 6081","OLKM01007900.1",6082,"MeA_20160214_scaffold_7899","OLKM01007900.1","maker","gene",5159,8714,".","+",".","ID=MEAE_00095928","MEAE_00095928","Alias=snap_masked-MeA_20160214_scaffold_7899-processed-gene-0.3","Protein of unknown function"
"4472.2","ENA|OLKM01007900|OLKM01007900.1 6081","OLKM01007900.1",6082,"MeA_20160214_scaffold_7899","OLKM01007900.1","maker","gene",3742,9074,".","-",".","ID=MEAE_00095927","MEAE_00095927","Alias=snap_masked-MeA_20160214_scaffold_7899-processed-gene-0.4","Protein of unknown function"
"4473","ENA|OLKM01007902|OLKM01007902.1 3897","OLKM01007902.1",3898,"MeA_20160214_scaffold_7901","OLKM01007902.1","maker","gene",1973,9479,".","+",".","ID=MEAE_00095933","MEAE_00095933","Alias=snap_masked-MeA_20160214_scaffold_7901-processed-gene-0.6","Protein of unknown function"
"4473.4","ENA|OLKM01007902|OLKM01007902.1 3897","OLKM01007902.1",3898,"MeA_20160214_scaffold_7901","OLKM01007902.1","maker","gene",1586,7048,".","-",".","ID=MEAE_00095932","MEAE_00095932","Alias=snap_masked-MeA_20160214_scaffold_7901-processed-gene-0.7","Protein of unknown function"
"4484","ENA|OLKM01007932|OLKM01007932.1 3906","OLKM01007932.1",3907,"MeA_20160214_scaffold_7931","OLKM01007932.1","maker","gene",821,7378,".","-",".","ID=MEAE_00095970","MEAE_00095970","Alias=augustus_masked-MeA_20160214_scaffold_7931-processed-gene-0.1","Protein of unknown function"
"4485","ENA|OLKM01007932|OLKM01007932.1 8488","OLKM01007932.1",8489,"MeA_20160214_scaffold_7931","OLKM01007932.1","maker","gene",7320,9078,".","+",".","ID=MEAE_00095972","MEAE_00095972","Alias=snap_masked-MeA_20160214_scaffold_7931-processed-gene-0.2","Protein of unknown function"
"4489","ENA|OLKM01007943|OLKM01007943.1 1230","OLKM01007943.1",1231,"MeA_20160214_scaffold_7942","OLKM01007943.1","maker","gene",1116,1559,".","-",".","ID=MEAE_00095987","MEAE_00095987","Alias=snap_masked-MeA_20160214_scaffold_7942-processed-gene-0.2","Protein of unknown function"
"4490","ENA|OLKM01007943|OLKM01007943.1 1293","OLKM01007943.1",1294,"MeA_20160214_scaffold_7942","OLKM01007943.1","maker","gene",1116,1559,".","-",".","ID=MEAE_00095987","MEAE_00095987","Alias=snap_masked-MeA_20160214_scaffold_7942-processed-gene-0.2","Protein of unknown function"
"4496","ENA|OLKM01007958|OLKM01007958.1 4578","OLKM01007958.1",4579,"MeA_20160214_scaffold_7957","OLKM01007958.1","maker","gene",3582,4849,".","+",".","ID=MEAE_00096013","MEAE_00096013","Alias=maker-MeA_20160214_scaffold_7957-augustus-gene-0.7","Protein of unknown function"
"4497","ENA|OLKM01007958|OLKM01007958.1 4593","OLKM01007958.1",4594,"MeA_20160214_scaffold_7957","OLKM01007958.1","maker","gene",3582,4849,".","+",".","ID=MEAE_00096013","MEAE_00096013","Alias=maker-MeA_20160214_scaffold_7957-augustus-gene-0.7","Protein of unknown function"
"4498","ENA|OLKM01007958|OLKM01007958.1 4639","OLKM01007958.1",4640,"MeA_20160214_scaffold_7957","OLKM01007958.1","maker","gene",3582,4849,".","+",".","ID=MEAE_00096013","MEAE_00096013","Alias=maker-MeA_20160214_scaffold_7957-augustus-gene-0.7","Protein of unknown function"
"4499","ENA|OLKM01007958|OLKM01007958.1 4658","OLKM01007958.1",4659,"MeA_20160214_scaffold_7957","OLKM01007958.1","maker","gene",3582,4849,".","+",".","ID=MEAE_00096013","MEAE_00096013","Alias=maker-MeA_20160214_scaffold_7957-augustus-gene-0.7","Protein of unknown function"
"4500","ENA|OLKM01007958|OLKM01007958.1 4699","OLKM01007958.1",4700,"MeA_20160214_scaffold_7957","OLKM01007958.1","maker","gene",3582,4849,".","+",".","ID=MEAE_00096013","MEAE_00096013","Alias=maker-MeA_20160214_scaffold_7957-augustus-gene-0.7","Protein of unknown function"
"4501","ENA|OLKM01007958|OLKM01007958.1 4710","OLKM01007958.1",4711,"MeA_20160214_scaffold_7957","OLKM01007958.1","maker","gene",3582,4849,".","+",".","ID=MEAE_00096013","MEAE_00096013","Alias=maker-MeA_20160214_scaffold_7957-augustus-gene-0.7","Protein of unknown function"
"4502","ENA|OLKM01007958|OLKM01007958.1 4773","OLKM01007958.1",4774,"MeA_20160214_scaffold_7957","OLKM01007958.1","maker","gene",3582,4849,".","+",".","ID=MEAE_00096013","MEAE_00096013","Alias=maker-MeA_20160214_scaffold_7957-augustus-gene-0.7","Protein of unknown function"
"4503","ENA|OLKM01007960|OLKM01007960.1 6607","OLKM01007960.1",6608,"MeA_20160214_scaffold_7959","OLKM01007960.1","maker","gene",24,9065,".","-",".","ID=MEAE_00096017","MEAE_00096017","Alias=snap_masked-MeA_20160214_scaffold_7959-processed-gene-0.6","Protein of unknown function"
"4504","ENA|OLKM01007960|OLKM01007960.1 6854","OLKM01007960.1",6855,"MeA_20160214_scaffold_7959","OLKM01007960.1","maker","gene",24,9065,".","-",".","ID=MEAE_00096017","MEAE_00096017","Alias=snap_masked-MeA_20160214_scaffold_7959-processed-gene-0.6","Protein of unknown function"
"4505","ENA|OLKM01007960|OLKM01007960.1 7405","OLKM01007960.1",7406,"MeA_20160214_scaffold_7959","OLKM01007960.1","maker","gene",24,9065,".","-",".","ID=MEAE_00096017","MEAE_00096017","Alias=snap_masked-MeA_20160214_scaffold_7959-processed-gene-0.6","Protein of unknown function"
"4506","ENA|OLKM01007964|OLKM01007964.1 3252","OLKM01007964.1",3253,"MeA_20160214_scaffold_7963","OLKM01007964.1","maker","gene",390,5601,".","-",".","ID=MEAE_00096025","MEAE_00096025","Alias=maker-MeA_20160214_scaffold_7963-snap-gene-0.4","Protein of unknown function"
"4507","ENA|OLKM01007967|OLKM01007967.1 942","OLKM01007967.1",943,"MeA_20160214_scaffold_7966","OLKM01007967.1","maker","gene",13,3170,".","+",".","ID=MEAE_00096031","MEAE_00096031","Alias=augustus_masked-MeA_20160214_scaffold_7966-processed-gene-0.3","Protein of unknown function"
"4519","ENA|OLKM01007980|OLKM01007980.1 1642","OLKM01007980.1",1643,"MeA_20160214_scaffold_7979","OLKM01007980.1","maker","gene",7,1777,".","-",".","ID=MEAE_00096046","MEAE_00096046","Alias=snap_masked-MeA_20160214_scaffold_7979-processed-gene-0.2","Protein of unknown function"
"4520","ENA|OLKM01007980|OLKM01007980.1 1741","OLKM01007980.1",1742,"MeA_20160214_scaffold_7979","OLKM01007980.1","maker","gene",7,1777,".","-",".","ID=MEAE_00096046","MEAE_00096046","Alias=snap_masked-MeA_20160214_scaffold_7979-processed-gene-0.2","Protein of unknown function"
"4524","ENA|OLKM01007990|OLKM01007990.1 3815","OLKM01007990.1",3816,"MeA_20160214_scaffold_7989","OLKM01007990.1","maker","gene",2799,8114,".","+",".","ID=MEAE_00096061","MEAE_00096061","Alias=maker-MeA_20160214_scaffold_7989-snap-gene-0.7","Protein of unknown function"
"4524.2","ENA|OLKM01007990|OLKM01007990.1 3815","OLKM01007990.1",3816,"MeA_20160214_scaffold_7989","OLKM01007990.1","maker","gene",3185,5391,".","-",".","ID=MEAE_00096062","MEAE_00096062","Alias=maker-MeA_20160214_scaffold_7989-augustus-gene-0.5","Protein of unknown function"
"4525","ENA|OLKM01007990|OLKM01007990.1 4183","OLKM01007990.1",4184,"MeA_20160214_scaffold_7989","OLKM01007990.1","maker","gene",2799,8114,".","+",".","ID=MEAE_00096061","MEAE_00096061","Alias=maker-MeA_20160214_scaffold_7989-snap-gene-0.7","Protein of unknown function"
"4525.2","ENA|OLKM01007990|OLKM01007990.1 4183","OLKM01007990.1",4184,"MeA_20160214_scaffold_7989","OLKM01007990.1","maker","gene",3185,5391,".","-",".","ID=MEAE_00096062","MEAE_00096062","Alias=maker-MeA_20160214_scaffold_7989-augustus-gene-0.5","Protein of unknown function"
"4526","ENA|OLKM01007990|OLKM01007990.1 4821","OLKM01007990.1",4822,"MeA_20160214_scaffold_7989","OLKM01007990.1","maker","gene",2799,8114,".","+",".","ID=MEAE_00096061","MEAE_00096061","Alias=maker-MeA_20160214_scaffold_7989-snap-gene-0.7","Protein of unknown function"
"4526.2","ENA|OLKM01007990|OLKM01007990.1 4821","OLKM01007990.1",4822,"MeA_20160214_scaffold_7989","OLKM01007990.1","maker","gene",3185,5391,".","-",".","ID=MEAE_00096062","MEAE_00096062","Alias=maker-MeA_20160214_scaffold_7989-augustus-gene-0.5","Protein of unknown function"
"4527","ENA|OLKM01007990|OLKM01007990.1 7086","OLKM01007990.1",7087,"MeA_20160214_scaffold_7989","OLKM01007990.1","maker","gene",2799,8114,".","+",".","ID=MEAE_00096061","MEAE_00096061","Alias=maker-MeA_20160214_scaffold_7989-snap-gene-0.7","Protein of unknown function"
"4527.4","ENA|OLKM01007990|OLKM01007990.1 7086","OLKM01007990.1",7087,"MeA_20160214_scaffold_7989","OLKM01007990.1","maker","gene",6432,8099,".","-",".","ID=MEAE_00096063","MEAE_00096063","Alias=maker-MeA_20160214_scaffold_7989-augustus-gene-0.6","Similar to Ccdc106: Coiled-coil domain-containing protein 106 (Mus musculus)"
"4535","ENA|OLKM01008033|OLKM01008033.1 698","OLKM01008033.1",699,"MeA_20160214_scaffold_8032","OLKM01008033.1","maker","gene",541,1532,".","-",".","ID=MEAE_00096110","MEAE_00096110","Alias=augustus_masked-MeA_20160214_scaffold_8032-processed-gene-0.1","Protein of unknown function"
"4543","ENA|OLKM01008046|OLKM01008046.1 594","OLKM01008046.1",595,"MeA_20160214_scaffold_8045","OLKM01008046.1","maker","gene",1,2459,".","-",".","ID=MEAE_00096134","MEAE_00096134","Alias=maker-MeA_20160214_scaffold_8045-augustus-gene-0.10","Protein of unknown function"
"4544","ENA|OLKM01008046|OLKM01008046.1 604","OLKM01008046.1",605,"MeA_20160214_scaffold_8045","OLKM01008046.1","maker","gene",1,2459,".","-",".","ID=MEAE_00096134","MEAE_00096134","Alias=maker-MeA_20160214_scaffold_8045-augustus-gene-0.10","Protein of unknown function"
"4545","ENA|OLKM01008046|OLKM01008046.1 2121","OLKM01008046.1",2122,"MeA_20160214_scaffold_8045","OLKM01008046.1","maker","gene",1,2459,".","-",".","ID=MEAE_00096134","MEAE_00096134","Alias=maker-MeA_20160214_scaffold_8045-augustus-gene-0.10","Protein of unknown function"
"4546","ENA|OLKM01008046|OLKM01008046.1 2234","OLKM01008046.1",2235,"MeA_20160214_scaffold_8045","OLKM01008046.1","maker","gene",1,2459,".","-",".","ID=MEAE_00096134","MEAE_00096134","Alias=maker-MeA_20160214_scaffold_8045-augustus-gene-0.10","Protein of unknown function"
"4547","ENA|OLKM01008046|OLKM01008046.1 2351","OLKM01008046.1",2352,"MeA_20160214_scaffold_8045","OLKM01008046.1","maker","gene",1,2459,".","-",".","ID=MEAE_00096134","MEAE_00096134","Alias=maker-MeA_20160214_scaffold_8045-augustus-gene-0.10","Protein of unknown function"
"4548","ENA|OLKM01008046|OLKM01008046.1 2448","OLKM01008046.1",2449,"MeA_20160214_scaffold_8045","OLKM01008046.1","maker","gene",1,2459,".","-",".","ID=MEAE_00096134","MEAE_00096134","Alias=maker-MeA_20160214_scaffold_8045-augustus-gene-0.10","Protein of unknown function"
"4552","ENA|OLKM01008046|OLKM01008046.1 4175","OLKM01008046.1",4176,"MeA_20160214_scaffold_8045","OLKM01008046.1","maker","gene",3916,4194,".","+",".","ID=MEAE_00096135","MEAE_00096135","Alias=snap_masked-MeA_20160214_scaffold_8045-processed-gene-0.4","Protein of unknown function"
"4553","ENA|OLKM01008046|OLKM01008046.1 7814","OLKM01008046.1",7815,"MeA_20160214_scaffold_8045","OLKM01008046.1","maker","gene",7702,7965,".","+",".","ID=MEAE_00096138","MEAE_00096138","Alias=snap_masked-MeA_20160214_scaffold_8045-processed-gene-0.7","Protein of unknown function"
"4554","ENA|OLKM01008046|OLKM01008046.1 7923","OLKM01008046.1",7924,"MeA_20160214_scaffold_8045","OLKM01008046.1","maker","gene",7702,7965,".","+",".","ID=MEAE_00096138","MEAE_00096138","Alias=snap_masked-MeA_20160214_scaffold_8045-processed-gene-0.7","Protein of unknown function"
"4557","ENA|OLKM01008046|OLKM01008046.1 8298","OLKM01008046.1",8299,"MeA_20160214_scaffold_8045","OLKM01008046.1","maker","gene",8286,8606,".","-",".","ID=MEAE_00096139","MEAE_00096139","Alias=snap_masked-MeA_20160214_scaffold_8045-processed-gene-0.9","Protein of unknown function"
"4560","ENA|OLKM01008052|OLKM01008052.1 7249","OLKM01008052.1",7250,"MeA_20160214_scaffold_8051","OLKM01008052.1","maker","gene",3176,8825,".","+",".","ID=MEAE_00096144","MEAE_00096144","Alias=maker-MeA_20160214_scaffold_8051-snap-gene-0.3","Similar to CLEC4E: C-type lectin domain family 4 member E (Homo sapiens)"
"4561","ENA|OLKM01008052|OLKM01008052.1 7354","OLKM01008052.1",7355,"MeA_20160214_scaffold_8051","OLKM01008052.1","maker","gene",3176,8825,".","+",".","ID=MEAE_00096144","MEAE_00096144","Alias=maker-MeA_20160214_scaffold_8051-snap-gene-0.3","Similar to CLEC4E: C-type lectin domain family 4 member E (Homo sapiens)"
"4562","ENA|OLKM01008052|OLKM01008052.1 7391","OLKM01008052.1",7392,"MeA_20160214_scaffold_8051","OLKM01008052.1","maker","gene",3176,8825,".","+",".","ID=MEAE_00096144","MEAE_00096144","Alias=maker-MeA_20160214_scaffold_8051-snap-gene-0.3","Similar to CLEC4E: C-type lectin domain family 4 member E (Homo sapiens)"
"4566","ENA|OLKM01008071|OLKM01008071.1 1362","OLKM01008071.1",1363,"MeA_20160214_scaffold_8070","OLKM01008071.1","maker","gene",855,2699,".","-",".","ID=MEAE_00096183","MEAE_00096183","Alias=augustus_masked-MeA_20160214_scaffold_8070-processed-gene-0.5","Protein of unknown function"
"4567","ENA|OLKM01008071|OLKM01008071.1 1533","OLKM01008071.1",1534,"MeA_20160214_scaffold_8070","OLKM01008071.1","maker","gene",855,2699,".","-",".","ID=MEAE_00096183","MEAE_00096183","Alias=augustus_masked-MeA_20160214_scaffold_8070-processed-gene-0.5","Protein of unknown function"
"4575","ENA|OLKM01008079|OLKM01008079.1 7038","OLKM01008079.1",7039,"MeA_20160214_scaffold_8078","OLKM01008079.1","maker","gene",6395,8376,".","-",".","ID=MEAE_00096199","MEAE_00096199","Alias=augustus_masked-MeA_20160214_scaffold_8078-processed-gene-0.4","Similar to Foxm1: Forkhead box protein M1 (Mus musculus)"
"4585","ENA|OLKM01008104|OLKM01008104.1 3261","OLKM01008104.1",3262,"MeA_20160214_scaffold_8103","OLKM01008104.1","maker","gene",3107,6974,".","-",".","ID=MEAE_00096238","MEAE_00096238","Alias=maker-MeA_20160214_scaffold_8103-augustus-gene-0.4","Protein of unknown function"
"4586","ENA|OLKM01008104|OLKM01008104.1 3279","OLKM01008104.1",3280,"MeA_20160214_scaffold_8103","OLKM01008104.1","maker","gene",3107,6974,".","-",".","ID=MEAE_00096238","MEAE_00096238","Alias=maker-MeA_20160214_scaffold_8103-augustus-gene-0.4","Protein of unknown function"
"4587","ENA|OLKM01008104|OLKM01008104.1 3321","OLKM01008104.1",3322,"MeA_20160214_scaffold_8103","OLKM01008104.1","maker","gene",3107,6974,".","-",".","ID=MEAE_00096238","MEAE_00096238","Alias=maker-MeA_20160214_scaffold_8103-augustus-gene-0.4","Protein of unknown function"
"4588","ENA|OLKM01008104|OLKM01008104.1 5708","OLKM01008104.1",5709,"MeA_20160214_scaffold_8103","OLKM01008104.1","maker","gene",3107,6974,".","-",".","ID=MEAE_00096238","MEAE_00096238","Alias=maker-MeA_20160214_scaffold_8103-augustus-gene-0.4","Protein of unknown function"
"4593","ENA|OLKM01008105|OLKM01008105.1 3461","OLKM01008105.1",3462,"MeA_20160214_scaffold_8104","OLKM01008105.1","maker","gene",1588,3467,".","+",".","ID=MEAE_00096240","MEAE_00096240","Alias=snap_masked-MeA_20160214_scaffold_8104-processed-gene-0.4","Protein of unknown function"
"4595","ENA|OLKM01008106|OLKM01008106.1 6996","OLKM01008106.1",6997,"MeA_20160214_scaffold_8105","OLKM01008106.1","maker","gene",6943,7147,".","+",".","ID=MEAE_00096245","MEAE_00096245","Alias=snap_masked-MeA_20160214_scaffold_8105-processed-gene-0.8","Protein of unknown function"
"4595.4","ENA|OLKM01008106|OLKM01008106.1 6996","OLKM01008106.1",6997,"MeA_20160214_scaffold_8105","OLKM01008106.1","maker","gene",6206,8144,".","-",".","ID=MEAE_00096244","MEAE_00096244","Alias=augustus_masked-MeA_20160214_scaffold_8105-processed-gene-0.6","Protein of unknown function"
"4596","ENA|OLKM01008106|OLKM01008106.1 7140","OLKM01008106.1",7141,"MeA_20160214_scaffold_8105","OLKM01008106.1","maker","gene",6943,7147,".","+",".","ID=MEAE_00096245","MEAE_00096245","Alias=snap_masked-MeA_20160214_scaffold_8105-processed-gene-0.8","Protein of unknown function"
"4596.4","ENA|OLKM01008106|OLKM01008106.1 7140","OLKM01008106.1",7141,"MeA_20160214_scaffold_8105","OLKM01008106.1","maker","gene",6206,8144,".","-",".","ID=MEAE_00096244","MEAE_00096244","Alias=augustus_masked-MeA_20160214_scaffold_8105-processed-gene-0.6","Protein of unknown function"
"4597","ENA|OLKM01008106|OLKM01008106.1 7466","OLKM01008106.1",7467,"MeA_20160214_scaffold_8105","OLKM01008106.1","maker","gene",6206,8144,".","-",".","ID=MEAE_00096244","MEAE_00096244","Alias=augustus_masked-MeA_20160214_scaffold_8105-processed-gene-0.6","Protein of unknown function"
"4598","ENA|OLKM01008106|OLKM01008106.1 7653","OLKM01008106.1",7654,"MeA_20160214_scaffold_8105","OLKM01008106.1","maker","gene",6206,8144,".","-",".","ID=MEAE_00096244","MEAE_00096244","Alias=augustus_masked-MeA_20160214_scaffold_8105-processed-gene-0.6","Protein of unknown function"
"4599","ENA|OLKM01008106|OLKM01008106.1 7773","OLKM01008106.1",7774,"MeA_20160214_scaffold_8105","OLKM01008106.1","maker","gene",6206,8144,".","-",".","ID=MEAE_00096244","MEAE_00096244","Alias=augustus_masked-MeA_20160214_scaffold_8105-processed-gene-0.6","Protein of unknown function"
"4602","ENA|OLKM01008159|OLKM01008159.1 5241","OLKM01008159.1",5242,"MeA_20160214_scaffold_8158","OLKM01008159.1","maker","gene",4208,6778,".","+",".","ID=MEAE_00096339","MEAE_00096339","Alias=snap_masked-MeA_20160214_scaffold_8158-processed-gene-0.3","Similar to Tmprss6: Transmembrane protease serine 6 (Mus musculus)"
"4602.4","ENA|OLKM01008159|OLKM01008159.1 5241","OLKM01008159.1",5242,"MeA_20160214_scaffold_8158","OLKM01008159.1","maker","gene",1609,6699,".","-",".","ID=MEAE_00096338","MEAE_00096338","Alias=snap_masked-MeA_20160214_scaffold_8158-processed-gene-0.4","Protein of unknown function"
"4619","ENA|OLKM01008299|OLKM01008299.1 2244","OLKM01008299.1",2245,"MeA_20160214_scaffold_8298","OLKM01008299.1","maker","gene",2084,3514,".","-",".","ID=MEAE_00096500","MEAE_00096500","Alias=snap_masked-MeA_20160214_scaffold_8298-processed-gene-0.2","Protein of unknown function"
"4620","ENA|OLKM01008299|OLKM01008299.1 2415","OLKM01008299.1",2416,"MeA_20160214_scaffold_8298","OLKM01008299.1","maker","gene",2084,3514,".","-",".","ID=MEAE_00096500","MEAE_00096500","Alias=snap_masked-MeA_20160214_scaffold_8298-processed-gene-0.2","Protein of unknown function"
"4621","ENA|OLKM01008299|OLKM01008299.1 2596","OLKM01008299.1",2597,"MeA_20160214_scaffold_8298","OLKM01008299.1","maker","gene",2084,3514,".","-",".","ID=MEAE_00096500","MEAE_00096500","Alias=snap_masked-MeA_20160214_scaffold_8298-processed-gene-0.2","Protein of unknown function"
"4622","ENA|OLKM01008299|OLKM01008299.1 3165","OLKM01008299.1",3166,"MeA_20160214_scaffold_8298","OLKM01008299.1","maker","gene",2084,3514,".","-",".","ID=MEAE_00096500","MEAE_00096500","Alias=snap_masked-MeA_20160214_scaffold_8298-processed-gene-0.2","Protein of unknown function"
"4623","ENA|OLKM01008299|OLKM01008299.1 3193","OLKM01008299.1",3194,"MeA_20160214_scaffold_8298","OLKM01008299.1","maker","gene",2084,3514,".","-",".","ID=MEAE_00096500","MEAE_00096500","Alias=snap_masked-MeA_20160214_scaffold_8298-processed-gene-0.2","Protein of unknown function"
"4624","ENA|OLKM01008312|OLKM01008312.1 3239","OLKM01008312.1",3240,"MeA_20160214_scaffold_8311","OLKM01008312.1","maker","gene",318,3488,".","-",".","ID=MEAE_00096511","MEAE_00096511","Alias=maker-MeA_20160214_scaffold_8311-augustus-gene-0.3","Protein of unknown function"
